player_id,fpl_full_name,fpl_team,understat_id,understat_name,understat_score,needs_review_understat,review_reason_understat,fbref_id,fbref_name,fbref_score,needs_review_fbref,review_reason_fbref,needs_review
1,David Raya Martín,Arsenal,9676,David Raya,90.0,False,,David Raya,David Raya,90.0,False,,False
2,Kepa Arrizabalaga Revuelta,Arsenal,5061,Kepa,90.0,False,,Kepa Arrizabalaga,Kepa Arrizabalaga,90.0,False,,False
3,Karl Hein,Arsenal,5061,Kepa,60.00000000000001,True,low name-match confidence,Mikel Merino,Mikel Merino,57.14285714285714,True,low name-match confidence,True
4,Tommy Setford,Arsenal,11132,Ethan Nwaneri,44.44444444444444,True,low name-match confidence,Ethan Nwaneri,Ethan Nwaneri,44.44444444444444,True,low name-match confidence,True
5,Gabriel dos Santos Magalhães,Arsenal,5613,Gabriel,90.0,False,,Gabriel Magalhães,Gabriel Magalhães,85.5,False,,False
6,William Saliba,Arsenal,6888,William Saliba,100.0,False,,William Saliba,William Saliba,100.0,False,,False
7,Riccardo Calafiori,Arsenal,8129,Riccardo Calafiori,100.0,False,,Riccardo Calafiori,Riccardo Calafiori,100.0,False,,False
8,Jurriën Timber,Arsenal,11707,Jurriën Timber,100.0,False,,Jurriën Timber,Jurriën Timber,100.0,False,,False
9,Jakub Kiwior,Arsenal,8129,Riccardo Calafiori,40.0,True,low name-match confidence,Riccardo Calafiori,Riccardo Calafiori,40.0,True,low name-match confidence,True
10,Myles Lewis-Skelly,Arsenal,12272,Myles Lewis-Skelly,100.0,False,,Myles Lewis-Skelly,Myles Lewis-Skelly,100.0,False,,False
11,Benjamin White,Arsenal,7298,Ben White,100.0,False,,Ben White,Ben White,100.0,False,,False
13,Brayden Clarke,Arsenal,5061,Kepa,60.00000000000001,True,low name-match confidence,Declan Rice,Declan Rice,56.00000000000001,True,low name-match confidence,True
14,Maldini Kacurri,Arsenal,5061,Kepa,57.0,True,low name-match confidence,Gabriel Martinelli,Gabriel Martinelli,51.81818181818182,True,low name-match confidence,True
15,Josh Nichols,Arsenal,10024,Cristhian Mosquera,37.5,True,low name-match confidence,Cristhian Mosquera,Cristhian Mosquera,37.5,True,low name-match confidence,True
16,Bukayo Saka,Arsenal,7322,Bukayo Saka,100.0,False,,Bukayo Saka,Bukayo Saka,100.0,False,,False
17,Martin Ødegaard,Arsenal,2517,Martin Odegaard,96.55172413793103,False,,Martin Ødegaard,Martin Ødegaard,100.0,False,,False
18,Noni Madueke,Arsenal,11357,Noni Madueke,100.0,False,,Noni Madueke,Noni Madueke,100.0,False,,False
19,Gabriel Martinelli Silva,Arsenal,7752,Gabriel Martinelli,95.0,False,,Gabriel Martinelli,Gabriel Martinelli,95.0,False,,False
20,Leandro Trossard,Arsenal,7698,Leandro Trossard,100.0,False,,Leandro Trossard,Leandro Trossard,100.0,False,,False
21,Declan Rice,Arsenal,5553,Declan Rice,100.0,False,,Declan Rice,Declan Rice,100.0,False,,False
22,Mikel Merino Zazón,Arsenal,5304,Mikel Merino,90.0,False,,Mikel Merino,Mikel Merino,90.0,False,,False
23,Fábio Ferreira Vieira,Arsenal,5613,Gabriel,51.42857142857142,True,low name-match confidence,David Raya,David Raya,50.0,True,low name-match confidence,True
24,Christian Nørgaard,Arsenal,7083,Christian Nørgaard,100.0,False,,Christian Nørgaard,Christian Nørgaard,100.0,False,,False
25,Ethan Nwaneri,Arsenal,11132,Ethan Nwaneri,100.0,False,,Ethan Nwaneri,Ethan Nwaneri,100.0,False,,False
26,Martín Zubimendi Ibáñez,Arsenal,7526,Martín Zubimendi,95.0,False,,Martín Zubimendi,Martín Zubimendi,95.0,False,,False
28,Ismeal Kabia,Arsenal,5613,Gabriel,49.090909090909086,True,low name-match confidence,William Saliba,William Saliba,46.15384615384615,True,low name-match confidence,True
29,Albert Sambi Lokonga,Arsenal,5613,Gabriel,51.42857142857142,True,low name-match confidence,Kai Havertz,Kai Havertz,48.857142857142854,True,low name-match confidence,True
30,Kai Havertz,Arsenal,5220,Kai Havertz,100.0,False,,Kai Havertz,Kai Havertz,100.0,False,,False
31,Gabriel Fernando de Jesus,Arsenal,5613,Gabriel,90.0,False,,Gabriel Jesus,Gabriel Jesus,85.5,False,,False
266,Eberechi Eze,Arsenal,8706,Eberechi Eze,100.0,False,,Eberechi Eze,Eberechi Eze,100.0,False,,False
662,Cristhian Mosquera,Arsenal,10024,Cristhian Mosquera,100.0,False,,Cristhian Mosquera,Cristhian Mosquera,100.0,False,,False
666,Viktor Gyökeres,Arsenal,7254,Viktor Gyokeres,100.0,False,,Viktor Gyökeres,Viktor Gyökeres,100.0,False,,False
700,Max Dowman,Arsenal,13872,Max Dowman,100.0,False,,Max Dowman,Max Dowman,100.0,False,,False
711,Andre Harriman-Annous,Arsenal,5553,Declan Rice,45.0,True,low name-match confidence,Declan Rice,Declan Rice,45.0,True,low name-match confidence,True
725,Piero Hincapié,Arsenal,9911,Piero Hincapié,100.0,False,,Piero Hincapié,Piero Hincapié,100.0,False,,False
759,Marli Salmon,Arsenal,7526,Martín Zubimendi,50.0,True,low name-match confidence,Martín Zubimendi,Martín Zubimendi,50.0,True,low name-match confidence,True
32,Emiliano Martínez Romero,Aston Villa,4401,Emiliano Martinez,95.0,False,,Emiliano Martínez,Emiliano Martínez,95.0,False,,False
33,Marco Bizot,Aston Villa,9614,Marco Bizot,100.0,False,,Marco Bizot,Marco Bizot,100.0,False,,False
34,Joe Gauci,Aston Villa,7723,John McGinn,52.17391304347826,True,low name-match confidence,John McGinn,John McGinn,52.17391304347826,True,low name-match confidence,True
35,Filip Marschall,Aston Villa,9614,Marco Bizot,43.84615384615385,True,low name-match confidence,Marco Bizot,Marco Bizot,43.84615384615385,True,low name-match confidence,True
36,Matty Cash,Aston Villa,8864,Matthew Cash,100.0,False,,Matty Cash,Matty Cash,100.0,False,,False
37,Lucas Digne,Aston Villa,1823,Lucas Digne,100.0,False,,Lucas Digne,Lucas Digne,100.0,False,,False
38,Ezri Konsa Ngoyo,Aston Villa,7726,Ezri Konsa Ngoyo,100.0,False,,Ezri Konsa,Ezri Konsa,90.0,False,,False
39,Ian Maatsen,Aston Villa,11807,Ian Maatsen,100.0,False,,Ian Maatsen,Ian Maatsen,100.0,False,,False
40,Tyrone Mings,Aston Villa,1024,Tyrone Mings,100.0,False,,Tyrone Mings,Tyrone Mings,100.0,False,,False
41,Pau Torres,Aston Villa,6221,Pau Torres,100.0,False,,Pau Torres,Pau Torres,100.0,False,,False
42,Andrés García,Aston Villa,13392,Andrés García,100.0,False,,Andrés García,Andrés García,100.0,False,,False
43,Álex Moreno Lopera,Aston Villa,12412,Morgan Rogers,55.38461538461539,True,low name-match confidence,Morgan Rogers,Morgan Rogers,55.38461538461539,True,low name-match confidence,True
44,Lamare Bogarde,Aston Villa,10025,Lamare Bogarde,100.0,False,,Lamare Bogarde,Lamare Bogarde,100.0,False,,False
45,Lino da Cruz Sousa,Aston Villa,4401,Emiliano Martinez,45.714285714285715,True,low name-match confidence,Ezri Konsa,Ezri Konsa,52.94117647058824,True,low name-match confidence,True
46,Yasin Özcan,Aston Villa,11807,Ian Maatsen,51.81818181818182,True,low name-match confidence,Ian Maatsen,Ian Maatsen,51.81818181818182,True,low name-match confidence,True
47,Morgan Rogers,Aston Villa,12412,Morgan Rogers,100.0,False,,Morgan Rogers,Morgan Rogers,100.0,False,,False
48,Youri Tielemans,Aston Villa,5956,Youri Tielemans,100.0,False,,Youri Tielemans,Youri Tielemans,100.0,False,,False
49,Leon Bailey,Aston Villa,5221,Leon Bailey,100.0,False,,Leon Bailey,Leon Bailey,100.0,False,,False
50,Emiliano Buendía Stati,Aston Villa,2203,Emiliano Buendía,95.0,False,,Emi Buendía,Emi Buendía,85.5,False,,False
51,Samuel Iling-Junior,Aston Villa,2203,Emiliano Buendía,47.05882352941176,True,low name-match confidence,Emiliano Martínez,Emiliano Martínez,43.42857142857143,True,low name-match confidence,True
53,Donyell Malen,Aston Villa,9749,Donyell Malen,100.0,False,,Donyell Malen,Donyell Malen,100.0,False,,False
54,John McGinn,Aston Villa,7723,John McGinn,100.0,False,,John McGinn,John McGinn,100.0,False,,False
55,Ross Barkley,Aston Villa,592,Ross Barkley,100.0,False,,Ross Barkley,Ross Barkley,100.0,False,,False
56,Enzo Barrenechea,Aston Villa,2203,Emiliano Buendía,50.0,True,low name-match confidence,Emiliano Martínez,Emiliano Martínez,48.484848484848484,True,low name-match confidence,True
57,Lewis Dobbin,Aston Villa,1823,Lucas Digne,52.17391304347826,True,low name-match confidence,Lucas Digne,Lucas Digne,52.17391304347826,True,low name-match confidence,True
58,Boubacar Kamara,Aston Villa,5789,Boubacar Kamara,100.0,False,,Boubacar Kamara,Boubacar Kamara,100.0,False,,False
59,Amadou Onana,Aston Villa,9667,Amadou Onana,100.0,False,,Amadou Onana,Amadou Onana,100.0,False,,False
60,Ben Broggio,Aston Villa,2203,Emiliano Buendía,47.5,True,low name-match confidence,Jamaldeen Jimoh,Jamaldeen Jimoh,45.16129032258065,True,low name-match confidence,True
61,Leander Dendoncker,Aston Villa,9749,Donyell Malen,49.03225806451612,True,low name-match confidence,Donyell Malen,Donyell Malen,49.03225806451612,True,low name-match confidence,True
62,Jamaldeen Jimoh-Aloba,Aston Villa,13310,Jamaldeen Jimoh,85.71428571428572,False,,Jamaldeen Jimoh,Jamaldeen Jimoh,85.71428571428572,False,,False
63,Kadan Young,Aston Villa,5956,Youri Tielemans,43.84615384615385,True,low name-match confidence,Youri Tielemans,Youri Tielemans,43.84615384615385,True,low name-match confidence,True
64,Ollie Watkins,Aston Villa,8865,Ollie Watkins,100.0,False,,Ollie Watkins,Ollie Watkins,100.0,False,,False
65,Zépiqueno Redmond,Aston Villa,2203,Emiliano Buendía,48.484848484848484,True,low name-match confidence,Emi Buendía,Emi Buendía,47.36842105263159,True,low name-match confidence,True
389,Harvey Elliott,Aston Villa,7546,Harvey Elliott,100.0,False,,Harvey Elliott,Harvey Elliott,100.0,False,,False
456,Jadon Sancho,Aston Villa,6345,Jadon Sancho,100.0,False,,Jadon Sancho,Jadon Sancho,100.0,False,,False
688,James Wright,Aston Villa,13310,Jamaldeen Jimoh,51.85185185185186,True,low name-match confidence,Jamaldeen Jimoh,Jamaldeen Jimoh,51.85185185185186,True,low name-match confidence,True
699,Douglas Luiz Soares de Paulo,Aston Villa,6122,Douglas Luiz,90.0,False,,Douglas Luiz,Douglas Luiz,90.0,False,,False
701,Triston Rowe,Aston Villa,12412,Morgan Rogers,48.0,True,low name-match confidence,Morgan Rogers,Morgan Rogers,48.0,True,low name-match confidence,True
702,Bradley Burrowes,Aston Villa,13870,Bradley Burrowes,100.0,False,,Bradley Burrowes,Bradley Burrowes,100.0,False,,False
703,Sam Proctor,Aston Villa,6221,Pau Torres,50.0,True,low name-match confidence,Pau Torres,Pau Torres,50.0,True,low name-match confidence,True
710,Travis Patterson,Aston Villa,6221,Pau Torres,50.294117647058826,True,low name-match confidence,Pau Torres,Pau Torres,50.294117647058826,True,low name-match confidence,True
719,Victor Lindelöf,Aston Villa,6080,Victor Lindelöf,100.0,False,,Victor Lindelöf,Victor Lindelöf,100.0,False,,False
754,George Hemmings,Aston Villa,14193,George Hemmings,100.0,False,,George Hemmings,George Hemmings,100.0,False,,False
757,Ronnie Hollingshead,Aston Villa,1024,Tyrone Mings,58.06451612903225,True,low name-match confidence,Tyrone Mings,Tyrone Mings,58.06451612903225,True,low name-match confidence,True
768,Leon Routh,Aston Villa,5221,Leon Bailey,54.285714285714285,True,low name-match confidence,Leon Bailey,Leon Bailey,54.285714285714285,True,low name-match confidence,True
781,TJ Carroll,Aston Villa,8865,Ollie Watkins,41.30434782608695,True,low name-match confidence,Ollie Watkins,Ollie Watkins,41.30434782608695,True,low name-match confidence,True
792,Alysson Edward Franco da Rocha dos Santos,Aston Villa,14446,Alysson Edward,90.0,False,,Alysson Edward,Alysson Edward,90.0,False,,False
808,Tammy Abraham,Aston Villa,702,Tammy Abraham,100.0,False,,Tammy Abraham,Tammy Abraham,100.0,False,,False
183,Max Weiß,Burnley,13731,Max Weiss,87.5,False,,Max Weiß,Max Weiß,100.0,False,,False
184,Etienne Green,Burnley,9487,Maxime Estève,43.84615384615385,True,low name-match confidence,Maxime Estève,Maxime Estève,43.84615384615385,True,low name-match confidence,True
185,Václav Hladký,Burnley,638,Kyle Walker,39.58333333333333,True,low name-match confidence,Lucas,Lucas,42.75,True,low name-match confidence,True
186,Connor Roberts,Burnley,8969,Florentino Luís,41.379310344827594,True,low name-match confidence,Florentino Luís,Florentino Luís,41.379310344827594,True,low name-match confidence,True
187,Kyle Walker,Burnley,638,Kyle Walker,100.0,False,,Kyle Walker,Kyle Walker,100.0,False,,False
188,Hannes Delcroix,Burnley,9558,Hannibal Mejbri,53.333333333333336,True,low name-match confidence,Hannibal Mejbri,Hannibal Mejbri,53.333333333333336,True,low name-match confidence,True
189,Owen Dodgson,Burnley,13726,Oliver Sonne,50.0,True,low name-match confidence,Oliver Sonne,Oliver Sonne,50.0,True,low name-match confidence,True
190,Hjalmar Ekdal,Burnley,11704,Hjalmar Ekdal,100.0,False,,Hjalmar Ekdal,Hjalmar Ekdal,100.0,False,,False
191,Maxime Estève,Burnley,9487,Maxime Estève,100.0,False,,Maxime Estève,Maxime Estève,100.0,False,,False
192,Quilindschy Hartman,Burnley,13727,Quilindschy Hartman,100.0,False,,Quilindschy Hartman,Quilindschy Hartman,100.0,False,,False
193,Bashir Humphreys,Burnley,11243,Bashir Humphreys,100.0,False,,Bashir Humphreys,Bashir Humphreys,100.0,False,,False
194,Jordan Beyer,Burnley,14281,Jaydon Banel,50.0,True,low name-match confidence,Armando Broja,Armando Broja,48.0,True,low name-match confidence,True
195,Lucas Pires Silva,Burnley,11824,Lucas Pires,90.0,False,,Lucas,Lucas,90.0,False,,False
196,Shurandy Sambo,Burnley,8384,Armando Broja,51.85185185185186,True,low name-match confidence,Armando Broja,Armando Broja,51.85185185185186,True,low name-match confidence,True
197,Oliver Sonne,Burnley,13726,Oliver Sonne,100.0,False,,Oliver Sonne,Oliver Sonne,100.0,False,,False
198,Axel Tuanzebe,Burnley,934,Axel Tuanzebe,100.0,False,,Axel Tuanzebe,Axel Tuanzebe,100.0,False,,False
199,Joe Worrall,Burnley,10756,Joe Worrall,100.0,False,,Joe Worrall,Joe Worrall,100.0,False,,False
200,Jaidon Anthony,Burnley,10746,Jaidon Anthony,100.0,False,,Jaidon Anthony,Jaidon Anthony,100.0,False,,False
201,Manuel Benson Hedilazio,Burnley,12094,Mike Trésor,55.38461538461539,True,low name-match confidence,Mike Trésor,Mike Trésor,55.38461538461539,True,low name-match confidence,True
202,Jacob Bruun Larsen,Burnley,5355,Jacob Bruun Larsen,100.0,False,,Jacob Bruun Larsen,Jacob Bruun Larsen,100.0,False,,False
203,Enock Agyei,Burnley,11701,Zeki Amdouni,43.47826086956522,True,low name-match confidence,Max Weiß,Max Weiß,45.0,True,low name-match confidence,True
204,Darko Churlinov,Burnley,1018,Josh Cullen,46.15384615384615,True,low name-match confidence,Josh Cullen,Josh Cullen,46.15384615384615,True,low name-match confidence,True
205,Josh Cullen,Burnley,1018,Josh Cullen,100.0,False,,Josh Cullen,Josh Cullen,100.0,False,,False
206,Marcus Edwards,Burnley,13730,Marcus Edwards,100.0,False,,Marcus Edwards,Marcus Edwards,100.0,False,,False
207,Hannibal Mejbri,Burnley,9558,Hannibal Mejbri,100.0,False,,Hannibal Mejbri,Hannibal Mejbri,100.0,False,,False
208,Luca Koleosho,Burnley,11824,Lucas Pires,58.33333333333333,True,low name-match confidence,Lucas,Lucas,80.0,True,low name-match confidence,True
209,Josh Laurent,Burnley,13728,Josh Laurent,100.0,False,,Josh Laurent,Josh Laurent,100.0,False,,False
210,Loum Tchaouna,Burnley,9977,Loum Tchaouna,100.0,False,,Loum Tchaouna,Loum Tchaouna,100.0,False,,False
211,Aaron Ramsey,Burnley,14281,Jaydon Banel,50.0,True,low name-match confidence,Jaydon Amauri Banel,Jaydon Amauri Banel,51.42857142857142,True,low name-match confidence,True
212,Oluwaseun Adewumi,Burnley,11824,Lucas Pires,50.0,True,low name-match confidence,Lucas,Lucas,72.0,True,low name-match confidence,True
213,Jaydon Banel,Burnley,14281,Jaydon Banel,100.0,False,,Jaydon Amauri Banel,Jaydon Amauri Banel,85.5,False,,False
214,Mike Trésor Ndayishimiye,Burnley,12094,Mike Trésor,90.0,False,,Mike Trésor,Mike Trésor,90.0,False,,False
215,Zian Flemming,Burnley,13729,Zian Flemming,100.0,False,,Zian Flemming,Zian Flemming,100.0,False,,False
216,Zeki Amdouni,Burnley,11701,Zeki Amdouni,100.0,False,,Zeki Amdouni,Zeki Amdouni,100.0,False,,False
217,Lyle Foster,Burnley,7498,Lyle Foster,100.0,False,,Lyle Foster,Lyle Foster,100.0,False,,False
218,Ashley Barnes,Burnley,4422,Ashley Barnes,100.0,False,,Ashley Barnes,Ashley Barnes,100.0,False,,False
219,Michael Obafemi,Burnley,12094,Mike Trésor,63.33333333333332,True,low name-match confidence,Mike Trésor,Mike Trésor,63.33333333333332,True,low name-match confidence,True
470,Martin Dúbravka,Burnley,6532,Martin Dubravka,100.0,False,,Martin Dúbravka,Martin Dúbravka,100.0,False,,False
614,James Ward-Prowse,Burnley,843,James Ward-Prowse,100.0,False,,James Ward-Prowse,James Ward-Prowse,100.0,False,,False
676,Lesley Ugochukwu,Burnley,9451,Chimuanya Ugochukwu,100.0,False,,Lesley Ugochukwu,Lesley Ugochukwu,100.0,False,,False
680,Armando Broja,Burnley,8384,Armando Broja,100.0,False,,Armando Broja,Armando Broja,100.0,False,,False
722,Florentino Ibrain Morris Luís,Burnley,8969,Florentino Luís,85.5,False,,Florentino Luís,Florentino Luís,85.5,False,,False
776,Oliver Pimlott,Burnley,13726,Oliver Sonne,63.33333333333332,True,low name-match confidence,Oliver Sonne,Oliver Sonne,63.33333333333332,True,low name-match confidence,True
784,George Brierley,Burnley,12094,Mike Trésor,45.86206896551724,True,low name-match confidence,Mike Trésor,Mike Trésor,45.86206896551724,True,low name-match confidence,True
820,Kian McMahon-Brown,Burnley,13729,Zian Flemming,46.666666666666664,True,low name-match confidence,Zian Flemming,Zian Flemming,46.666666666666664,True,low name-match confidence,True
66,Norberto Murara Neto,Bournemouth,14395,Rayan,54.0,True,low name-match confidence,Rayan,Rayan,54.0,True,low name-match confidence,True
67,Đorđe Petrović,Bournemouth,12032,Djordje Petrovic,85.71428571428572,False,,Đorđe Petrović,Đorđe Petrović,100.0,False,,False
68,Will Dennis,Bournemouth,12963,Evanilson,51.42857142857142,True,low name-match confidence,Evanilson,Evanilson,51.42857142857142,True,low name-match confidence,True
69,Callan McKenna,Bournemouth,6219,Enes Ünal,55.38461538461539,True,low name-match confidence,Enes Ünal,Enes Ünal,55.38461538461539,True,low name-match confidence,True
70,Alex Paulsen,Bournemouth,14374,Alex Tóth,74.34782608695652,True,low name-match confidence,Alex Tóth,Alex Tóth,74.34782608695652,True,low name-match confidence,True
71,Illia Zabarnyi,Bournemouth,14395,Rayan,54.0,True,low name-match confidence,Rayan,Rayan,54.0,True,low name-match confidence,True
72,Marcos Senesi Barón,Bournemouth,10864,Marcos Senesi,95.0,False,,Marcos Senesi,Marcos Senesi,95.0,False,,False
73,Adam Smith,Bournemouth,825,Adam Smith,100.0,False,,Adam Smith,Adam Smith,100.0,False,,False
74,Adrien Truffert,Bournemouth,8640,Adrien Truffert,100.0,False,,Adrien Truffert,Adrien Truffert,100.0,False,,False
75,Matai Akinmboni,Bournemouth,8211,Amine Adli,47.36842105263159,True,low name-match confidence,Amine Adli,Amine Adli,47.36842105263159,True,low name-match confidence,True
76,Owen Bevan,Bournemouth,12963,Evanilson,59.99999999999999,True,low name-match confidence,Evanilson,Evanilson,59.99999999999999,True,low name-match confidence,True
77,James Hill,Bournemouth,10747,James Hill,100.0,False,,James Hill,James Hill,100.0,False,,False
78,Julián Araujo Zúñiga,Bournemouth,13474,Julio Soler,54.0,True,low name-match confidence,Julio Soler,Julio Soler,54.0,True,low name-match confidence,True
79,Chris Mepham,Bournemouth,10744,Ryan Christie,55.16129032258064,True,low name-match confidence,Ryan Christie,Ryan Christie,55.16129032258064,True,low name-match confidence,True
80,Julio Soler Barreto,Bournemouth,13474,Julio Soler,90.0,False,,Julio Soler,Julio Soler,90.0,False,,False
81,Justin Kluivert,Bournemouth,6963,Justin Kluivert,100.0,False,,Justin Kluivert,Justin Kluivert,100.0,False,,False
84,Marcus Tavernier,Bournemouth,10741,Marcus Tavernier,100.0,False,,Marcus Tavernier,Marcus Tavernier,100.0,False,,False
85,Tyler Adams,Bournemouth,7352,Tyler Adams,100.0,False,,Tyler Adams,Tyler Adams,100.0,False,,False
86,David Brooks,Bournemouth,6820,David Brooks,100.0,False,,David Brooks,David Brooks,100.0,False,,False
87,Ryan Christie,Bournemouth,10744,Ryan Christie,100.0,False,,Ryan Christie,Ryan Christie,100.0,False,,False
88,Lewis Cook,Bournemouth,1789,Lewis Cook,100.0,False,,Lewis Cook,Lewis Cook,100.0,False,,False
89,Philip Billing,Bournemouth,11504,Eli Junior Kroupi,36.774193548387096,True,low name-match confidence,Eli Junior Kroupi,Eli Junior Kroupi,36.774193548387096,True,low name-match confidence,True
90,Alex Scott,Bournemouth,12149,Alex Scott,100.0,False,,Alex Scott,Alex Scott,100.0,False,,False
91,Luis Sinisterra Lucumí,Bournemouth,10744,Ryan Christie,51.300000000000004,True,low name-match confidence,Ryan Christie,Ryan Christie,51.300000000000004,True,low name-match confidence,True
92,Romain Faivre,Bournemouth,8211,Amine Adli,52.17391304347826,True,low name-match confidence,Amine Adli,Amine Adli,52.17391304347826,True,low name-match confidence,True
93,Hamed Traorè,Bournemouth,6986,Hamed Junior Traore,85.5,False,,Hamed Junior Traorè,Hamed Junior Traorè,85.5,False,,False
94,Dominic Sadi,Bournemouth,8211,Amine Adli,63.63636363636363,True,low name-match confidence,Amine Adli,Amine Adli,63.63636363636363,True,low name-match confidence,True
95,Zain Silcott-Duberry,Bournemouth,8211,Amine Adli,52.94117647058824,True,low name-match confidence,Amine Adli,Amine Adli,52.94117647058824,True,low name-match confidence,True
96,Ben Winterburn,Bournemouth,13242,Ben Winterburn,100.0,False,,Ben Winterburn,Ben Winterburn,100.0,False,,False
97,Francisco Evanilson de Lima Barbosa,Bournemouth,12963,Evanilson,90.0,False,,Evanilson,Evanilson,90.0,False,,False
98,Enes Ünal,Bournemouth,6219,Enes Ünal,100.0,False,,Enes Ünal,Enes Ünal,100.0,False,,False
99,Daniel Adu-Adjei,Bournemouth,8211,Amine Adli,56.84210526315789,True,low name-match confidence,Amine Adli,Amine Adli,56.84210526315789,True,low name-match confidence,True
100,Junior Kroupi,Bournemouth,11504,Eli Junior Kroupi,95.0,False,,Eli Junior Kroupi,Eli Junior Kroupi,95.0,False,,False
391,Ben Gannon-Doak,Bournemouth,11231,Ben Doak,100.0,False,,Ben Gannon-Doak,Ben Gannon-Doak,100.0,False,,False
685,Bafodé Diakité,Bournemouth,7268,Bafode Diakite,100.0,False,,Bafodé Diakité,Bafodé Diakité,100.0,False,,False
687,Remy Rees-Dottin,Bournemouth,10744,Ryan Christie,50.0,True,low name-match confidence,Ryan Christie,Ryan Christie,50.0,True,low name-match confidence,True
697,Amine Adli,Bournemouth,8211,Amine Adli,100.0,False,,Amine Adli,Amine Adli,100.0,False,,False
713,Álex Jiménez Sánchez,Bournemouth,12149,Alex Scott,85.5,False,,Álex Jiménez,Álex Jiménez,95.0,False,,False
721,Veljko Milosavljevic,Bournemouth,14027,Veljko Milosavljevic,100.0,False,,Veljko Milosavljević,Veljko Milosavljević,100.0,False,,False
756,Malcom DaCosta,Bournemouth,10864,Marcos Senesi,44.44444444444444,True,low name-match confidence,Marcos Senesi,Marcos Senesi,44.44444444444444,True,low name-match confidence,True
782,Fraser Forster,Bournemouth,10744,Ryan Christie,51.85185185185186,True,low name-match confidence,Ryan Christie,Ryan Christie,51.85185185185186,True,low name-match confidence,True
799,Charlie Stevens,Bournemouth,10864,Marcos Senesi,57.14285714285714,True,low name-match confidence,Marcos Senesi,Marcos Senesi,57.14285714285714,True,low name-match confidence,True
801,Alex Tóth,Bournemouth,14374,Alex Tóth,100.0,False,,Alex Tóth,Alex Tóth,100.0,False,,False
806,Christos Mandas,Bournemouth,10744,Ryan Christie,61.07142857142856,True,low name-match confidence,Ryan Christie,Ryan Christie,61.07142857142856,True,low name-match confidence,True
807,Rayan Vitor Simplício Rocha,Bournemouth,14395,Rayan,90.0,False,,Rayan,Rayan,90.0,False,,False
27,Reiss Nelson,Brentford,6492,Reiss Nelson,100.0,False,,Reiss Nelson,Reiss Nelson,100.0,False,,False
83,Dango Ouattara,Brentford,9662,Dango Ouattara,100.0,False,,Dango Ouattara,Dango Ouattara,100.0,False,,False
101,Caoimhín Kelleher,Brentford,7904,Caoimhin Kelleher,100.0,False,,Caoimhín Kelleher,Caoimhín Kelleher,100.0,False,,False
102,Ellery Balcombe,Brentford,7904,Caoimhin Kelleher,53.4375,True,low name-match confidence,Caoimhín Kelleher,Caoimhín Kelleher,53.4375,True,low name-match confidence,True
103,Matthew Cox,Brentford,9733,Nathan Collins,48.0,True,low name-match confidence,Nathan Collins,Nathan Collins,48.0,True,low name-match confidence,True
104,Julian Eyestone,Brentford,605,Jordan Henderson,58.06451612903225,True,low name-match confidence,Jordan Henderson,Jordan Henderson,58.06451612903225,True,low name-match confidence,True
105,Hákon Rafn Valdimarsson,Brentford,12595,Hákon Valdimarsson,95.0,False,,Hákon Valdimarsson,Hákon Valdimarsson,95.0,False,,False
106,Nathan Collins,Brentford,9733,Nathan Collins,100.0,False,,Nathan Collins,Nathan Collins,100.0,False,,False
107,Keane Lewis-Potter,Brentford,10809,Keane Lewis-Potter,100.0,False,,Keane Lewis-Potter,Keane Lewis-Potter,100.0,False,,False
108,Kristoffer Ajer,Brentford,9677,Kristoffer Ajer,100.0,False,,Kristoffer Ajer,Kristoffer Ajer,100.0,False,,False
109,Rico Henry,Brentford,9679,Rico Henry,100.0,False,,Rico Henry,Rico Henry,100.0,False,,False
110,Michael Kayode,Brentford,11281,Michael Kayode,100.0,False,,Michael Kayode,Michael Kayode,100.0,False,,False
111,Ethan Pinnock,Brentford,9678,Ethan Pinnock,100.0,False,,Ethan Pinnock,Ethan Pinnock,100.0,False,,False
112,Mads Roerslev Rasmussen,Brentford,7166,Mathias Jensen,48.46153846153846,True,low name-match confidence,Mathias Jensen,Mathias Jensen,48.46153846153846,True,low name-match confidence,True
113,Sepp van den Berg,Brentford,10721,Sepp van den Berg,100.0,False,,Sepp van den Berg,Sepp van den Berg,100.0,False,,False
114,Benjamin Arthur,Brentford,7904,Caoimhin Kelleher,43.75,True,low name-match confidence,Caoimhín Kelleher,Caoimhín Kelleher,43.75,True,low name-match confidence,True
115,Benjamin Fredrick,Brentford,9678,Ethan Pinnock,46.666666666666664,True,low name-match confidence,Ethan Pinnock,Ethan Pinnock,46.666666666666664,True,low name-match confidence,True
116,Aaron Hickey,Brentford,8942,Aaron Hickey,100.0,False,,Aaron Hickey,Aaron Hickey,100.0,False,,False
117,Kim Ji-soo,Brentford,9677,Kristoffer Ajer,48.0,True,low name-match confidence,Kristoffer Ajer,Kristoffer Ajer,48.0,True,low name-match confidence,True
118,Jayden Meghoma,Brentford,11281,Michael Kayode,54.285714285714285,True,low name-match confidence,Michael Kayode,Michael Kayode,54.285714285714285,True,low name-match confidence,True
120,Kevin Schade,Brentford,9156,Kevin Schade,100.0,False,,Kevin Schade,Kevin Schade,100.0,False,,False
121,Mikkel Damsgaard,Brentford,8859,Mikkel Damsgaard,100.0,False,,Mikkel Damsgaard,Mikkel Damsgaard,100.0,False,,False
122,Antoni Milambo,Brentford,13780,Antoni Milambo,100.0,False,,Antoni Milambo,Antoni Milambo,100.0,False,,False
123,Fábio Freitas Gouveia Carvalho,Brentford,9501,Fabio Carvalho,85.5,False,,Fabio Carvalho,Fabio Carvalho,85.5,False,,False
124,Jordan Henderson,Brentford,605,Jordan Henderson,100.0,False,,Jordan Henderson,Jordan Henderson,100.0,False,,False
125,Vitaly Janelt,Brentford,9680,Vitaly Janelt,100.0,False,,Vitaly Janelt,Vitaly Janelt,100.0,False,,False
126,Mathias Jensen,Brentford,7166,Mathias Jensen,100.0,False,,Mathias Jensen,Mathias Jensen,100.0,False,,False
127,Gustavo Nunes Fernandes Gomes,Brentford,13222,Thiago,45.0,True,low name-match confidence,Frank Onyeka,Frank Onyeka,45.0,True,low name-match confidence,True
128,Frank Onyeka,Brentford,9681,Frank Onyeka,100.0,False,,Frank Onyeka,Frank Onyeka,100.0,False,,False
129,Yehor Yarmoliuk,Brentford,11772,Yehor Yarmolyuk,93.33333333333333,False,,Yehor Yarmoliuk,Yehor Yarmoliuk,100.0,False,,False
130,Romelle Donovan,Brentford,14217,Romelle Donovan,100.0,False,,Romelle Donovan,Romelle Donovan,100.0,False,,False
131,Yunus Emre Konak,Brentford,9679,Rico Henry,40.23529411764706,True,low name-match confidence,Rico Henry,Rico Henry,40.23529411764706,True,low name-match confidence,True
132,Paris Maghoma,Brentford,13222,Thiago,46.63636363636363,True,low name-match confidence,Antoni Milambo,Antoni Milambo,44.44444444444444,True,low name-match confidence,True
133,Myles Peart-Harris,Brentford,10205,Myles Peart-Harris,100.0,False,,Myles Peart-Harris,Myles Peart-Harris,100.0,False,,False
134,Ryan Trevitt,Brentford,10809,Keane Lewis-Potter,48.275862068965516,True,low name-match confidence,Keane Lewis-Potter,Keane Lewis-Potter,48.275862068965516,True,low name-match confidence,True
136,Igor Thiago Nascimento Rodrigues,Brentford,13222,Thiago,90.0,False,,Igor Thiago,Igor Thiago,90.0,False,,False
137,Iwan Morgan,Brentford,9662,Dango Ouattara,48.0,True,low name-match confidence,Dango Ouattara,Dango Ouattara,48.0,True,low name-match confidence,True
748,Josh Dasilva,Brentford,10405,Josh Dasilva,100.0,False,,Josh Dasilva,Josh Dasilva,100.0,False,,False
797,Kaye Furo,Brentford,14356,Kaye Furo,100.0,False,,Kaye Furo,Kaye Furo,100.0,False,,False
810,Luka Bentt,Brentford,10809,Keane Lewis-Potter,44.44444444444444,True,low name-match confidence,Keane Lewis-Potter,Keane Lewis-Potter,44.44444444444444,True,low name-match confidence,True
819,Ollie Shield,Brentford,14217,Romelle Donovan,44.44444444444444,True,low name-match confidence,Romelle Donovan,Romelle Donovan,44.44444444444444,True,low name-match confidence,True
823,Joshua Stephenson,Brentford,605,Jordan Henderson,60.60606060606061,True,low name-match confidence,Jordan Henderson,Jordan Henderson,60.60606060606061,True,low name-match confidence,True
824,Conor McManus,Brentford,9733,Nathan Collins,42.22222222222222,True,low name-match confidence,Nathan Collins,Nathan Collins,42.22222222222222,True,low name-match confidence,True
826,Riley Owen,Brentford,8942,Aaron Hickey,51.81818181818182,True,low name-match confidence,Aaron Hickey,Aaron Hickey,51.81818181818182,True,low name-match confidence,True
138,Jason Steele,Brighton,11269,Jack Hinshelwood,50.0,True,low name-match confidence,James Milner,James Milner,50.0,True,low name-match confidence,True
139,Bart Verbruggen,Brighton,11711,Bart Verbruggen,100.0,False,,Bart Verbruggen,Bart Verbruggen,100.0,False,,False
140,Tom McGill,Brighton,489,James Milner,45.45454545454546,True,low name-match confidence,James Milner,James Milner,45.45454545454546,True,low name-match confidence,True
141,Carl Rushworth,Brighton,239,Pascal Groß,50.0,True,low name-match confidence,Pascal Groß,Pascal Groß,50.0,True,low name-match confidence,True
142,Kjell Scherpen,Brighton,8780,Joël Veltman,46.15384615384615,True,low name-match confidence,Joël Veltman,Joël Veltman,46.15384615384615,True,low name-match confidence,True
143,Olivier Boscagli,Brighton,3645,Olivier Boscagli,100.0,False,,Olivier Boscagli,Olivier Boscagli,100.0,False,,False
144,Diego Coppola,Brighton,10169,Diego Coppola,100.0,False,,Diego Coppola,Diego Coppola,100.0,False,,False
145,Maxim De Cuyper,Brighton,13711,Maxim De Cuyper,100.0,False,,Maxim De Cuyper,Maxim De Cuyper,100.0,False,,False
146,Lewis Dunk,Brighton,6048,Lewis Dunk,100.0,False,,Lewis Dunk,Lewis Dunk,100.0,False,,False
147,Pervis Estupiñán Tenorio,Brighton,14127,Nehemiah Oriola,48.46153846153846,True,low name-match confidence,Nehemiah Oriola,Nehemiah Oriola,48.46153846153846,True,low name-match confidence,True
148,Ferdi Kadıoğlu,Brighton,13066,Ferdi Kadioglu,96.2962962962963,False,,Ferdi Kadioglu,Ferdi Kadioglu,96.2962962962963,False,,False
149,Igor Julio dos Santos de Paulo,Brighton,13711,Maxim De Cuyper,85.5,False,,Maxim De Cuyper,Maxim De Cuyper,85.5,False,,False
150,Tariq Lamptey,Brighton,14118,Charalampos Kostoulas,49.090909090909086,True,low name-match confidence,Matt O'Riley,Matt O'Riley,50.0,True,low name-match confidence,True
151,Jan Paul van Hecke,Brighton,10807,Jan Paul van Hecke,100.0,False,,Jan Paul van Hecke,Jan Paul van Hecke,100.0,False,,False
152,Joël Veltman,Brighton,8780,Joël Veltman,100.0,False,,Joël Veltman,Joël Veltman,100.0,False,,False
153,Adam Webster,Brighton,501,Danny Welbeck,53.84615384615385,True,low name-match confidence,Danny Welbeck,Danny Welbeck,53.84615384615385,True,low name-match confidence,True
154,Eiran Cashin,Brighton,489,James Milner,47.5,True,low name-match confidence,James Milner,James Milner,47.5,True,low name-match confidence,True
155,Jacob Slater,Brighton,489,James Milner,50.0,True,low name-match confidence,James Milner,James Milner,50.0,True,low name-match confidence,True
156,Charlie Tasker,Brighton,10527,Carlos Baleba,59.25925925925925,True,low name-match confidence,Carlos Baleba,Carlos Baleba,59.25925925925925,True,low name-match confidence,True
157,Mitoma Kaoru,Brighton,10806,Kaoru Mitoma,95.0,False,,Kaoru Mitoma,Kaoru Mitoma,95.0,False,,False
158,Georginio Rutter,Brighton,6937,Georginio Rutter,100.0,False,,Georginio Rutter,Georginio Rutter,100.0,False,,False
159,Solly March,Brighton,6049,Solly March,100.0,False,,Solly March,Solly March,100.0,False,,False
160,Yankuba Minteh,Brighton,12759,Yankuba Minteh,100.0,False,,Yankuba Minteh,Yankuba Minteh,100.0,False,,False
161,Julio Enciso Espínola,Brighton,10169,Diego Coppola,52.94117647058824,True,low name-match confidence,Diego Coppola,Diego Coppola,52.94117647058824,True,low name-match confidence,True
162,Brajan Gruda,Brighton,11310,Brajan Gruda,100.0,False,,Brajan Gruda,Brajan Gruda,100.0,False,,False
163,Jack Hinshelwood,Brighton,11269,Jack Hinshelwood,100.0,False,,Jack Hinshelwood,Jack Hinshelwood,100.0,False,,False
164,Matt O'Riley,Brighton,13206,Matt O&#039;Riley,88.0,False,,Matt O'Riley,Matt O'Riley,100.0,False,,False
165,Abdallah Sima,Brighton,10527,Carlos Baleba,43.84615384615385,True,low name-match confidence,Carlos Baleba,Carlos Baleba,43.84615384615385,True,low name-match confidence,True
166,Yasin Ayari,Brighton,11385,Yasin Ayari,100.0,False,,Yasin Ayari,Yasin Ayari,100.0,False,,False
167,Carlos Baleba,Brighton,10527,Carlos Baleba,100.0,False,,Carlos Baleba,Carlos Baleba,100.0,False,,False
169,Diego Gómez Amarilla,Brighton,13364,Diego Gómez,90.0,False,,Diego Gómez,Diego Gómez,90.0,False,,False
170,James Milner,Brighton,489,James Milner,100.0,False,,James Milner,James Milner,100.0,False,,False
171,Jeremy Sarmiento Morante,Brighton,10806,Kaoru Mitoma,52.5,True,low name-match confidence,Kaoru Mitoma,Kaoru Mitoma,52.5,True,low name-match confidence,True
172,Tom Watson,Brighton,14029,Tom Watson,100.0,False,,Tom Watson,Tom Watson,100.0,False,,False
173,Mats Wieffer,Brighton,12758,Mats Wieffer,100.0,False,,Mats Wieffer,Mats Wieffer,100.0,False,,False
174,Malick Yalcouyé,Brighton,13711,Maxim De Cuyper,53.333333333333336,True,low name-match confidence,Maxim De Cuyper,Maxim De Cuyper,53.333333333333336,True,low name-match confidence,True
175,Joe Knight,Brighton,13399,Joe Knight,100.0,False,,Joe Knight,Joe Knight,100.0,False,,False
176,Adrian Mazilu,Brighton,13066,Ferdi Kadioglu,51.85185185185186,True,low name-match confidence,Ferdi Kadioglu,Ferdi Kadioglu,51.85185185185186,True,low name-match confidence,True
177,Andrew Moran,Brighton,10806,Kaoru Mitoma,50.0,True,low name-match confidence,Kaoru Mitoma,Kaoru Mitoma,50.0,True,low name-match confidence,True
178,Danny Welbeck,Brighton,501,Danny Welbeck,100.0,False,,Danny Welbeck,Danny Welbeck,100.0,False,,False
179,Evan Ferguson,Brighton,11711,Bart Verbruggen,42.85714285714286,True,low name-match confidence,Bart Verbruggen,Bart Verbruggen,42.85714285714286,True,low name-match confidence,True
180,Stefanos Tzimas,Brighton,14028,Stefanos Tzimas,100.0,False,,Stefanos Tzimas,Stefanos Tzimas,100.0,False,,False
181,Charalampos Kostoulas,Brighton,14118,Charalampos Kostoulas,100.0,False,,Charalampos Kostoulas,Charalampos Kostoulas,100.0,False,,False
744,Nehemiah Oriola,Brighton,14127,Nehemiah Oriola,100.0,False,,Nehemiah Oriola,Nehemiah Oriola,100.0,False,,False
761,Freddie Simmonds,Brighton,13066,Ferdi Kadioglu,46.666666666666664,True,low name-match confidence,Ferdi Kadioglu,Ferdi Kadioglu,46.666666666666664,True,low name-match confidence,True
783,Pascal Groß,Brighton,239,Pascal Groß,100.0,False,,Pascal Groß,Pascal Groß,100.0,False,,False
795,Harry Howell,Brighton,13584,Harry Howell,100.0,False,,Harry Howell,Harry Howell,100.0,False,,False
220,Robert Lynch Sánchez,Chelsea,9098,Robert Sánchez,95.0,False,,Robert Sánchez,Robert Sánchez,95.0,False,,False
221,Filip Jörgensen,Chelsea,9272,Filip Jorgensen,100.0,False,,Filip Jørgensen,Filip Jørgensen,96.55172413793103,False,,False
222,Mike Penders,Chelsea,8272,João Pedro,54.0,True,low name-match confidence,João Pedro,João Pedro,54.0,True,low name-match confidence,True
223,Gabriel Słonina,Chelsea,13094,Dário Essugo,46.15384615384615,True,low name-match confidence,Dario Essugo,Dario Essugo,46.15384615384615,True,low name-match confidence,True
224,Marc Cucurella Saseta,Chelsea,7134,Marc Cucurella,90.0,False,,Marc Cucurella,Marc Cucurella,90.0,False,,False
225,Reece James,Chelsea,8067,Reece James,100.0,False,,Reece James,Reece James,100.0,False,,False
226,Trevoh Chalobah,Chelsea,6615,Trevoh Chalobah,100.0,False,,Trevoh Chalobah,Trevoh Chalobah,100.0,False,,False
227,Levi Samuels Colwill,Chelsea,10805,Levi Colwill,85.5,False,,Levi Colwill,Levi Colwill,85.5,False,,False
228,Malo Gusto,Chelsea,9017,Malo Gusto,100.0,False,,Malo Gusto,Malo Gusto,100.0,False,,False
229,Benoît Badiashile Mukinayi,Chelsea,7240,Benoit Badiashile Mukinayi,100.0,False,,Benoît Badiashile,Benoît Badiashile,90.0,False,,False
230,Wesley Fofana,Chelsea,7589,Wesley Fofana,100.0,False,,Wesley Fofana,Wesley Fofana,100.0,False,,False
231,Mamadou Sarr,Chelsea,11253,Mamadou Sarr,100.0,False,,Mamadou Sarr,Mamadou Sarr,100.0,False,,False
232,Tosin Adarabioyo,Chelsea,5590,Tosin Adarabioyo,100.0,False,,Tosin Adarabioyo,Tosin Adarabioyo,100.0,False,,False
233,Josh Acheampong,Chelsea,12535,Josh Acheampong,100.0,False,,Joshua Acheampong,Joshua Acheampong,93.75,False,,False
234,Aarón Anselmino,Chelsea,5590,Tosin Adarabioyo,49.03225806451612,True,low name-match confidence,Tosin Adarabioyo,Tosin Adarabioyo,49.03225806451612,True,low name-match confidence,True
235,Cole Palmer,Chelsea,8497,Cole Palmer,100.0,False,,Cole Palmer,Cole Palmer,100.0,False,,False
236,Pedro Lomba Neto,Chelsea,8272,João Pedro,85.5,False,,João Pedro,João Pedro,85.5,False,,False
237,Enzo Fernández,Chelsea,11356,Enzo Fernández,100.0,False,,Enzo Fernández,Enzo Fernández,100.0,False,,False
238,Estêvão Almeida de Oliveira Gonçalves,Chelsea,13775,Estêvão,90.0,False,,Estêvão Willian,Estêvão Willian,85.5,False,,False
239,Jamie Bynoe-Gittens,Chelsea,10542,Jamie Bynoe-Gittens,100.0,False,,Jamie Gittens,Jamie Gittens,100.0,False,,False
240,Christopher Nkunku,Chelsea,6382,Pedro Neto,45.0,True,low name-match confidence,Pedro Neto,Pedro Neto,45.0,True,low name-match confidence,True
241,Moisés Caicedo Corozo,Chelsea,9453,Moisés Caicedo,90.0,False,,Moisés Caicedo,Moisés Caicedo,90.0,False,,False
244,Roméo Lavia,Chelsea,10004,Romeo Lavia,100.0,False,,Roméo Lavia,Roméo Lavia,100.0,False,,False
245,Mykhailo Mudryk,Chelsea,9017,Malo Gusto,48.0,True,low name-match confidence,Malo Gusto,Malo Gusto,48.0,True,low name-match confidence,True
246,Andrey Nascimento dos Santos,Chelsea,11808,Andrey Santos,85.5,False,,Andrey Santos,Andrey Santos,85.5,False,,False
247,Dário Luís Essugo,Chelsea,13094,Dário Essugo,95.0,False,,Dario Essugo,Dario Essugo,95.0,False,,False
248,Kendry Páez Andrade,Chelsea,11356,Enzo Fernández,48.484848484848484,True,low name-match confidence,Enzo Fernández,Enzo Fernández,48.484848484848484,True,low name-match confidence,True
249,João Pedro Junqueira de Jesus,Chelsea,8272,João Pedro,90.0,False,,João Pedro,João Pedro,90.0,False,,False
250,Liam Delap,Chelsea,8868,Liam Delap,100.0,False,,Liam Delap,Liam Delap,100.0,False,,False
251,Nicolas Jackson,Chelsea,12535,Josh Acheampong,46.666666666666664,True,low name-match confidence,Joshua Acheampong,Joshua Acheampong,43.75,True,low name-match confidence,True
252,Marc Guiu Paz,Chelsea,11633,Marc Guiu,95.0,False,,Marc Guiu,Marc Guiu,95.0,False,,False
453,Alejandro Garnacho Ferreyra,Chelsea,10552,Alejandro Garnacho,90.0,False,,Alejandro Garnacho,Alejandro Garnacho,90.0,False,,False
672,Jorrel Hato,Chelsea,13776,Jorrel Hato,100.0,False,,Jorrel Hato,Jorrel Hato,100.0,False,,False
743,Landon Emenalo,Chelsea,10552,Alejandro Garnacho,56.25,True,low name-match confidence,Alejandro Garnacho,Alejandro Garnacho,56.25,True,low name-match confidence,True
789,Max Merrick,Chelsea,13476,Shumaira Mheuka,46.15384615384615,True,low name-match confidence,Shumaira Mheuka,Shumaira Mheuka,46.15384615384615,True,low name-match confidence,True
803,Teddy Sharman-Lowe,Chelsea,11808,Andrey Santos,46.666666666666664,True,low name-match confidence,Andrey Santos,Andrey Santos,46.666666666666664,True,low name-match confidence,True
829,Jesse Derry,Chelsea,14584,Jesse Derry,100.0,False,,Jesse Derry,Jesse Derry,100.0,False,,False
833,Mathis Eboué,Chelsea,10542,Jamie Bynoe-Gittens,46.95652173913043,True,low name-match confidence,Moisés Caicedo,Moisés Caicedo,46.15384615384615,True,low name-match confidence,True
834,Ryan Kavuma-McQueen,Chelsea,11253,Mamadou Sarr,42.75,True,low name-match confidence,Mamadou Sarr,Mamadou Sarr,42.75,True,low name-match confidence,True
840,Shumaira Mheuka,Chelsea,13476,Shumaira Mheuka,100.0,False,,Shumaira Mheuka,Shumaira Mheuka,100.0,False,,False
253,Dean Henderson,Crystal Palace,7702,Dean Henderson,100.0,False,,Dean Henderson,Dean Henderson,100.0,False,,False
254,Walter Benítez,Crystal Palace,5652,Walter Benítez,100.0,False,,Walter Benítez,Walter Benítez,100.0,False,,False
255,Remi Matthews,Crystal Palace,8214,Tyrick Mitchell,50.0,True,low name-match confidence,Tyrick Mitchell,Tyrick Mitchell,50.0,True,low name-match confidence,True
256,Daniel Muñoz Mejía,Crystal Palace,12408,Daniel Muñoz,90.0,False,,Daniel Muñoz,Daniel Muñoz,90.0,False,,False
257,Maxence Lacroix,Crystal Palace,8853,Maxence Lacroix,100.0,False,,Maxence Lacroix,Maxence Lacroix,100.0,False,,False
258,Tyrick Mitchell,Crystal Palace,8214,Tyrick Mitchell,100.0,False,,Tyrick Mitchell,Tyrick Mitchell,100.0,False,,False
259,Borna Sosa,Crystal Palace,7075,Borna Sosa,100.0,False,,Borna Sosa,Borna Sosa,100.0,False,,False
261,Chris Richards,Crystal Palace,8430,Chris Richards,100.0,False,,Chris Richards,Chris Richards,100.0,False,,False
262,Chadi Riad Dnanou,Crystal Palace,11167,Chadi Riad,90.0,False,,Chadi Riad,Chadi Riad,90.0,False,,False
263,Nathaniel Clyne,Crystal Palace,603,Nathaniel Clyne,100.0,False,,Nathaniel Clyne,Nathaniel Clyne,100.0,False,,False
264,Rob Holding,Crystal Palace,13777,Rio Cardines,52.17391304347826,True,low name-match confidence,Rio Cardines,Rio Cardines,52.17391304347826,True,low name-match confidence,True
265,Caleb Kporha,Crystal Palace,11167,Chadi Riad,45.45454545454546,True,low name-match confidence,Chadi Riad,Chadi Riad,45.45454545454546,True,low name-match confidence,True
267,Ismaïla Sarr,Crystal Palace,5675,Ismaila Sarr,100.0,False,,Ismaila Sarr,Ismaila Sarr,100.0,False,,False
268,Cheick Doucouré,Crystal Palace,11167,Chadi Riad,50.0,True,low name-match confidence,Chadi Riad,Chadi Riad,50.0,True,low name-match confidence,True
269,Romain Esse,Crystal Palace,13387,Romain Esse,100.0,False,,Romain Esse,Romain Esse,100.0,False,,False
270,Will Hughes,Crystal Palace,6104,Will Hughes,100.0,False,,Will Hughes,Will Hughes,100.0,False,,False
271,Daichi Kamada,Crystal Palace,6145,Daichi Kamada,100.0,False,,Daichi Kamada,Daichi Kamada,100.0,False,,False
272,Jefferson Lerma Solís,Crystal Palace,2182,Jefferson Lerma,95.0,False,,Jefferson Lerma,Jefferson Lerma,95.0,False,,False
273,Adam Wharton,Crystal Palace,12409,Adam Wharton,100.0,False,,Adam Wharton,Adam Wharton,100.0,False,,False
274,Asher Agbinone,Crystal Palace,5652,Walter Benítez,50.0,True,low name-match confidence,Walter Benítez,Walter Benítez,50.0,True,low name-match confidence,True
275,Naouirou Ahamada,Crystal Palace,6145,Daichi Kamada,55.172413793103445,True,low name-match confidence,Daichi Kamada,Daichi Kamada,55.172413793103445,True,low name-match confidence,True
276,Justin Devenny,Crystal Palace,13038,Justin Devenny,100.0,False,,Justin Devenny,Justin Devenny,100.0,False,,False
277,Malcolm Ebiowei,Crystal Palace,7603,Marc Guehi,51.300000000000004,True,low name-match confidence,Marc Guéhi,Marc Guéhi,51.300000000000004,True,low name-match confidence,True
278,Jesurun Rak-Sakyi,Crystal Palace,14263,Joél Drakes-Thomas,48.484848484848484,True,low name-match confidence,Joél Drakes-Thomas,Joél Drakes-Thomas,48.484848484848484,True,low name-match confidence,True
279,Matheus França de Oliveira,Crystal Palace,13387,Romain Esse,47.5,True,low name-match confidence,Romain Esse,Romain Esse,47.5,True,low name-match confidence,True
280,David Ozoh,Crystal Palace,12408,Daniel Muñoz,54.54545454545454,True,low name-match confidence,Daniel Muñoz,Daniel Muñoz,54.54545454545454,True,low name-match confidence,True
281,Kaden Rodney,Crystal Palace,11033,Kaden Rodney,100.0,False,,Kaden Rodney,Kaden Rodney,100.0,False,,False
282,Franco Umeh-Chibueze,Crystal Palace,8706,Eberechi Eze,57.27272727272727,True,low name-match confidence,Eberechi Eze,Eberechi Eze,57.27272727272727,True,low name-match confidence,True
283,Jean-Philippe Mateta,Crystal Palace,5735,Jean-Philippe Mateta,100.0,False,,Jean-Philippe Mateta,Jean-Philippe Mateta,100.0,False,,False
284,Eddie Nketiah,Crystal Palace,6482,Eddie Nketiah,100.0,False,,Eddie Nketiah,Eddie Nketiah,100.0,False,,False
285,Odsonne Édouard,Crystal Palace,3697,Odsonne Edouard,100.0,False,,Odsonne Édouard,Odsonne Édouard,100.0,False,,False
286,Zach Marsh,Crystal Palace,8430,Chris Richards,56.25,True,low name-match confidence,Chris Richards,Chris Richards,56.25,True,low name-match confidence,True
580,Brennan Johnson,Crystal Palace,10760,Brennan Johnson,100.0,False,,Brennan Johnson,Brennan Johnson,100.0,False,,False
654,Jørgen Strand Larsen,Crystal Palace,11070,Jørgen Strand Larsen,100.0,False,,Jørgen Strand Larsen,Jørgen Strand Larsen,100.0,False,,False
677,Evann Guessand,Crystal Palace,8006,Evann Guessand,100.0,False,,Evann Guessand,Evann Guessand,100.0,False,,False
690,Rio Cardines,Crystal Palace,13777,Rio Cardines,100.0,False,,Rio Cardines,Rio Cardines,100.0,False,,False
712,Yéremy Pino Santos,Crystal Palace,9024,Yeremi Pino,85.5,False,,Yéremy Pino,Yéremy Pino,90.0,False,,False
723,Jaydee Canvot,Crystal Palace,13091,Jaydee Canvot,100.0,False,,Jaydee Canvot,Jaydee Canvot,100.0,False,,False
732,Christantus Uche,Crystal Palace,12726,Christantus Uche,100.0,False,,Christantus Uche,Christantus Uche,100.0,False,,False
762,Joél Drakes-Thomas,Crystal Palace,14263,Joél Drakes-Thomas,100.0,False,,Joél Drakes-Thomas,Joél Drakes-Thomas,100.0,False,,False
773,Dean Benamar,Crystal Palace,7702,Dean Henderson,61.53846153846154,True,low name-match confidence,Dean Henderson,Dean Henderson,61.53846153846154,True,low name-match confidence,True
780,Ben Casey,Crystal Palace,11070,Jørgen Strand Larsen,48.484848484848484,True,low name-match confidence,Jørgen Strand Larsen,Jørgen Strand Larsen,48.484848484848484,True,low name-match confidence,True
793,George King,Crystal Palace,9024,Yeremi Pino,54.54545454545454,True,low name-match confidence,Yéremy Pino,Yéremy Pino,54.54545454545454,True,low name-match confidence,True
798,Danny Imray,Crystal Palace,12408,Daniel Muñoz,66.66666666666667,True,low name-match confidence,Daniel Muñoz,Daniel Muñoz,66.66666666666667,True,low name-match confidence,True
242,Kiernan Dewsbury-Hall,Everton,9739,Kiernan Dewsbury-Hall,100.0,False,,Kiernan Dewsbury-Hall,Kiernan Dewsbury-Hall,100.0,False,,False
243,Tyrique George,Everton,12573,Tyrique George,100.0,False,,Tyrique George,Tyrique George,100.0,False,,False
287,Jordan Pickford,Everton,741,Jordan Pickford,100.0,False,,Jordan Pickford,Jordan Pickford,100.0,False,,False
288,Mark Travers,Everton,7438,James Garner,47.5,True,low name-match confidence,James Garner,James Garner,47.5,True,low name-match confidence,True
289,Harry Tyrer,Everton,12916,Thierno Barry,48.0,True,low name-match confidence,Thierno Barry,Thierno Barry,48.0,True,low name-match confidence,True
290,Jarrad Branthwaite,Everton,8476,Jarrad Branthwaite,100.0,False,,Jarrad Branthwaite,Jarrad Branthwaite,100.0,False,,False
291,James Tarkowski,Everton,1665,James Tarkowski,100.0,False,,James Tarkowski,James Tarkowski,100.0,False,,False
292,Vitalii Mykolenko,Everton,10291,Vitalii Mykolenko,100.0,False,,Vitaliy Mykolenko,Vitaliy Mykolenko,94.11764705882352,False,,False
293,Jake O'Brien,Everton,12014,Jake O&#039;Brien,88.0,False,,Jake O'Brien,Jake O'Brien,100.0,False,,False
294,Séamus Coleman,Everton,585,Seamus Coleman,100.0,False,,Séamus Coleman,Séamus Coleman,100.0,False,,False
295,Michael Keane,Everton,1653,Michael Keane,100.0,False,,Michael Keane,Michael Keane,100.0,False,,False
296,Nathan Patterson,Everton,10292,Nathan Patterson,100.0,False,,Nathan Patterson,Nathan Patterson,100.0,False,,False
297,Roman Dixon,Everton,9307,Iliman Ndiaye,50.0,True,low name-match confidence,Iliman Ndiaye,Iliman Ndiaye,50.0,True,low name-match confidence,True
298,Reece Welch,Everton,1653,Michael Keane,39.58333333333333,True,low name-match confidence,Michael Keane,Michael Keane,39.58333333333333,True,low name-match confidence,True
299,Iliman Ndiaye,Everton,9307,Iliman Ndiaye,100.0,False,,Iliman Ndiaye,Iliman Ndiaye,100.0,False,,False
300,Dwight McNeil,Everton,6756,Dwight McNeil,100.0,False,,Dwight McNeil,Dwight McNeil,100.0,False,,False
301,Carlos Alcaraz Durán,Everton,11297,Carlos Alcaraz,95.0,False,,Carlos Alcaraz,Carlos Alcaraz,95.0,False,,False
302,Idrissa Gana Gueye,Everton,668,Idrissa Gueye,95.0,False,,Idrissa Gueye,Idrissa Gueye,95.0,False,,False
303,James Garner,Everton,7438,James Garner,100.0,False,,James Garner,James Garner,100.0,False,,False
304,Tim Iroegbunam,Everton,9554,Tim Iroegbunam,100.0,False,,Tim Iroegbunam,Tim Iroegbunam,100.0,False,,False
305,Harrison Armstrong,Everton,12757,Harrison Armstrong,100.0,False,,Harrison Armstrong,Harrison Armstrong,100.0,False,,False
306,Callum Bates,Everton,9983,Beto,48.857142857142854,True,low name-match confidence,Beto,Beto,48.857142857142854,True,low name-match confidence,True
307,Coby Ebere,Everton,9983,Beto,45.0,True,low name-match confidence,Beto,Beto,45.0,True,low name-match confidence,True
308,Isaac Heath,Everton,9983,Beto,45.0,True,low name-match confidence,Beto,Beto,45.0,True,low name-match confidence,True
309,Jenson Metcalfe,Everton,675,Jack Grealish,50.0,True,low name-match confidence,Jack Grealish,Jack Grealish,50.0,True,low name-match confidence,True
310,Thierno Barry,Everton,12916,Thierno Barry,100.0,False,,Thierno Barry,Thierno Barry,100.0,False,,False
311,Norberto Bercique Gomes Betuncal,Everton,9983,Beto,100.0,False,,Beto,Beto,100.0,False,,False
312,Youssef Ramalho Chermiti,Everton,585,Seamus Coleman,42.10526315789473,True,low name-match confidence,Séamus Coleman,Séamus Coleman,42.10526315789473,True,low name-match confidence,True
313,Martin Sherif,Everton,11331,Merlin Röhl,50.0,True,low name-match confidence,Merlin Röhl,Merlin Röhl,50.0,True,low name-match confidence,True
419,Jack Grealish,Everton,675,Jack Grealish,100.0,False,,Jack Grealish,Jack Grealish,100.0,False,,False
630,Tom King,Everton,9983,Beto,60.00000000000001,True,low name-match confidence,Beto,Beto,60.00000000000001,True,low name-match confidence,True
667,Adam Aznou,Everton,7438,James Garner,45.45454545454546,True,low name-match confidence,James Garner,James Garner,45.45454545454546,True,low name-match confidence,True
704,Tyler Onyango,Everton,10586,Tyler Dibling,61.53846153846154,True,low name-match confidence,Tyler Dibling,Tyler Dibling,61.53846153846154,True,low name-match confidence,True
705,Elijah Campbell,Everton,9983,Beto,45.0,True,low name-match confidence,Beto,Beto,45.0,True,low name-match confidence,True
707,Tyler Dibling,Everton,10586,Tyler Dibling,100.0,False,,Tyler Dibling,Tyler Dibling,100.0,False,,False
728,Merlin Röhl,Everton,11331,Merlin Röhl,100.0,False,,Merlin Röhl,Merlin Röhl,100.0,False,,False
779,Braiden Graham,Everton,8476,Jarrad Branthwaite,50.0,True,low name-match confidence,Jarrad Branthwaite,Jarrad Branthwaite,50.0,True,low name-match confidence,True
314,Bernd Leno,Fulham,181,Bernd Leno,100.0,False,,Bernd Leno,Bernd Leno,100.0,False,,False
315,Steven Benda,Fulham,181,Bernd Leno,60.454545454545446,True,low name-match confidence,Bernd Leno,Bernd Leno,60.454545454545446,True,low name-match confidence,True
316,Antonee Robinson,Fulham,8940,Antonee Robinson,100.0,False,,Antonee Robinson,Antonee Robinson,100.0,False,,False
317,Joachim Andersen,Fulham,6314,Joachim Andersen,100.0,False,,Joachim Andersen,Joachim Andersen,100.0,False,,False
318,Calvin Bassey,Fulham,11728,Calvin Bassey,100.0,False,,Calvin Bassey,Calvin Bassey,100.0,False,,False
319,Timothy Castagne,Fulham,6157,Timothy Castagne,100.0,False,,Timothy Castagne,Timothy Castagne,100.0,False,,False
320,Issa Diop,Fulham,3203,Issa Diop,100.0,False,,Issa Diop,Issa Diop,100.0,False,,False
321,Jorge Cuenca Barreno,Fulham,8489,Jorge Cuenca,90.0,False,,Jorge Cuenca,Jorge Cuenca,90.0,False,,False
322,Kenny Tete,Fulham,5973,Kenny Tete,100.0,False,,Kenny Tete,Kenny Tete,100.0,False,,False
323,Samuel Amissah,Fulham,7208,Samuel Chukwueze,57.0,True,low name-match confidence,Samuel Chukwueze,Samuel Chukwueze,57.0,True,low name-match confidence,True
324,Alex Iwobi,Fulham,500,Alex Iwobi,100.0,False,,Alex Iwobi,Alex Iwobi,100.0,False,,False
325,Emile Smith Rowe,Fulham,7230,Emile Smith-Rowe,96.7741935483871,False,,Emile Smith Rowe,Emile Smith Rowe,100.0,False,,False
327,Andreas Hoelgebaum Pereira,Fulham,8285,Sander Berge,52.94117647058824,True,low name-match confidence,Sander Berge,Sander Berge,52.94117647058824,True,low name-match confidence,True
328,Ryan Sessegnon,Fulham,6837,Ryan Sessegnon,100.0,False,,Ryan Sessegnon,Ryan Sessegnon,100.0,False,,False
329,Harry Wilson,Fulham,5596,Harry Wilson,100.0,False,,Harry Wilson,Harry Wilson,100.0,False,,False
330,Sander Berge,Fulham,8285,Sander Berge,100.0,False,,Sander Berge,Sander Berge,100.0,False,,False
331,Tom Cairney,Fulham,6835,Tom Cairney,100.0,False,,Tom Cairney,Tom Cairney,100.0,False,,False
332,Saša Lukić,Fulham,1537,Sasa Lukic,100.0,False,,Saša Lukić,Saša Lukić,100.0,False,,False
333,Martial Godo,Fulham,3203,Issa Diop,47.61904761904761,True,low name-match confidence,Issa Diop,Issa Diop,47.61904761904761,True,low name-match confidence,True
334,Luke Harris,Fulham,910,Harrison Reed,63.333333333333336,True,low name-match confidence,Harrison Reed,Harrison Reed,63.333333333333336,True,low name-match confidence,True
335,Josh King,Fulham,12410,Joshua King,90.0,False,,Joshua King,Joshua King,90.0,False,,False
336,Harrison Reed,Fulham,910,Harrison Reed,100.0,False,,Harrison Reed,Harrison Reed,100.0,False,,False
337,Raúl Jiménez Rodríguez,Fulham,4105,Raúl Jiménez,90.0,False,,Raúl Jiménez,Raúl Jiménez,90.0,False,,False
338,Rodrigo Muniz Carvalho,Fulham,10717,Rodrigo Muniz,90.0,False,,Rodrigo Muniz,Rodrigo Muniz,90.0,False,,False
424,Oscar Bobb,Fulham,11903,Oscar Bobb,100.0,False,,Oscar Bobb,Oscar Bobb,100.0,False,,False
664,Benjamin Lecomte,Fulham,5973,Kenny Tete,53.84615384615385,True,low name-match confidence,Bernd Leno,Bernd Leno,53.84615384615385,True,low name-match confidence,True
727,Samuel Chukwueze,Fulham,7208,Samuel Chukwueze,100.0,False,,Samuel Chukwueze,Samuel Chukwueze,100.0,False,,False
731,Kevin Santos Lopes de Macedo,Fulham,14030,Kevin,90.0,False,,Kevin,Kevin,90.0,False,,False
737,Jonah Kusi-Asare,Fulham,13262,Jonah Kusi-Asare,100.0,False,,Jonah Kusi-Asare,Jonah Kusi-Asare,100.0,False,,False
770,Seth Ridgeon,Fulham,8285,Sander Berge,50.0,True,low name-match confidence,Sander Berge,Sander Berge,50.0,True,low name-match confidence,True
786,Alfie McNally,Fulham,11728,Calvin Bassey,46.15384615384615,True,low name-match confidence,Calvin Bassey,Calvin Bassey,46.15384615384615,True,low name-match confidence,True
168,Facundo Buonanotte,Leeds,11362,Facundo Buonanotte,100.0,False,,Facundo Buonanotte,Facundo Buonanotte,100.0,False,,False
339,Illan Meslier,Leeds,5595,Daniel James,48.0,True,low name-match confidence,Daniel James,Daniel James,48.0,True,low name-match confidence,True
340,Alex Cairns,Leeds,10751,Brenden Aaronson,56.25,True,low name-match confidence,Brenden Aaronson,Brenden Aaronson,56.25,True,low name-match confidence,True
341,Karl Darlow,Leeds,780,Karl Darlow,100.0,False,,Karl Darlow,Karl Darlow,100.0,False,,False
342,Jayden Bogle,Leeds,9205,Jayden Bogle,100.0,False,,Jayden Bogle,Jayden Bogle,100.0,False,,False
343,Pascal Struijk,Leeds,8717,Pascal Struijk,100.0,False,,Pascal Struijk,Pascal Struijk,100.0,False,,False
344,Jaka Bijol,Leeds,6807,Jaka Bijol,100.0,False,,Jaka Bijol,Jaka Bijol,100.0,False,,False
345,Sebastiaan Bornauw,Leeds,7791,Sebastiaan Bornauw,100.0,False,,Sebastiaan Bornauw,Sebastiaan Bornauw,100.0,False,,False
346,Sam Byram,Leeds,902,Sam Byram,100.0,False,,Sam Byram,Sam Byram,100.0,False,,False
347,Gabriel Gudmundsson,Leeds,9944,Gabriel Gudmundsson,100.0,False,,Gabriel Gudmundsson,Gabriel Gudmundsson,100.0,False,,False
348,Joe Rodon,Leeds,6377,Joe Rodon,100.0,False,,Joe Rodon,Joe Rodon,100.0,False,,False
349,Isaac Schmidt,Leeds,9910,Anton Stach,41.666666666666664,True,low name-match confidence,Anton Stach,Anton Stach,41.666666666666664,True,low name-match confidence,True
350,Brenden Aaronson,Leeds,10751,Brenden Aaronson,100.0,False,,Brenden Aaronson,Brenden Aaronson,100.0,False,,False
351,Wilfried Gnonto,Leeds,11155,Wilfried Gnonto,100.0,False,,Wilfried Gnonto,Wilfried Gnonto,100.0,False,,False
352,Jack Harrison,Leeds,8720,Jack Harrison,100.0,False,,Jack Harrison,Jack Harrison,100.0,False,,False
353,Daniel James,Leeds,5595,Daniel James,100.0,False,,Daniel James,Daniel James,100.0,False,,False
354,Ethan Ampadu,Leeds,6369,Ethan Ampadu,100.0,False,,Ethan Ampadu,Ethan Ampadu,100.0,False,,False
355,Sam Greenwood,Leeds,902,Sam Byram,63.33333333333332,True,low name-match confidence,Sam Byram,Sam Byram,63.33333333333332,True,low name-match confidence,True
356,Ilia Gruev,Leeds,8000,Ilia Gruev,100.0,False,,Ilia Gruev,Ilia Gruev,100.0,False,,False
357,Largie Ramazani,Leeds,8000,Ilia Gruev,45.0,True,low name-match confidence,Ilia Gruev,Ilia Gruev,45.0,True,low name-match confidence,True
358,Tanaka Ao,Leeds,13834,Ao Tanaka,95.0,False,,Ao Tanaka,Ao Tanaka,95.0,False,,False
359,Charlie Crew,Leeds,5555,Dominic Calvert-Lewin,54.4090909090909,True,low name-match confidence,Dominic Calvert-Lewin,Dominic Calvert-Lewin,54.4090909090909,True,low name-match confidence,True
360,Joe Gelhardt,Leeds,6377,Joe Rodon,66.66666666666667,True,low name-match confidence,Joe Rodon,Joe Rodon,66.66666666666667,True,low name-match confidence,True
361,Darko Gyabi,Leeds,780,Karl Darlow,51.81818181818182,True,low name-match confidence,Karl Darlow,Karl Darlow,51.81818181818182,True,low name-match confidence,True
362,Joël Piroe,Leeds,13835,Joël Piroe,100.0,False,,Joël Piroe,Joël Piroe,100.0,False,,False
363,Patrick Bamford,Leeds,11966,Noah Okafor,46.15384615384615,True,low name-match confidence,Noah Okafor,Noah Okafor,46.15384615384615,True,low name-match confidence,True
364,Mateo Joseph Fernández-Regatillo,Leeds,6377,Joe Rodon,85.5,False,,Joe Rodon,Joe Rodon,85.5,False,,False
365,Lukas Nmecha,Leeds,6544,Lukas Nmecha,100.0,False,,Lukas Nmecha,Lukas Nmecha,100.0,False,,False
493,Sean Longstaff,Leeds,7078,Sean Longstaff,100.0,False,,Sean Longstaff,Sean Longstaff,100.0,False,,False
660,Anton Stach,Leeds,9910,Anton Stach,100.0,False,,Anton Stach,Anton Stach,100.0,False,,False
665,Lucas Estella Perri,Leeds,12369,Lucas Perri,85.5,False,,Lucas Perri,Lucas Perri,85.5,False,,False
691,Dominic Calvert-Lewin,Leeds,5555,Dominic Calvert-Lewin,100.0,False,,Dominic Calvert-Lewin,Dominic Calvert-Lewin,100.0,False,,False
698,Noah Okafor,Leeds,11966,Noah Okafor,100.0,False,,Noah Okafor,Noah Okafor,100.0,False,,False
706,James Justin,Leeds,7753,James Justin,100.0,False,,James Justin,James Justin,100.0,False,,False
741,Harry Gray,Leeds,780,Karl Darlow,45.45454545454546,True,low name-match confidence,Karl Darlow,Karl Darlow,45.45454545454546,True,low name-match confidence,True
787,Sam Chambers,Leeds,902,Sam Byram,66.66666666666667,True,low name-match confidence,Sam Byram,Sam Byram,66.66666666666667,True,low name-match confidence,True
837,Jayden Lienou,Leeds,9205,Jayden Bogle,72.0,True,low name-match confidence,Jayden Bogle,Jayden Bogle,72.0,True,low name-match confidence,True
838,Rhys Chadwick,Leeds,6544,Lukas Nmecha,40.0,True,low name-match confidence,Lukas Nmecha,Lukas Nmecha,40.0,True,low name-match confidence,True
839,Alfie Cresswell,Leeds,8000,Ilia Gruev,47.36842105263159,True,low name-match confidence,Ilia Gruev,Ilia Gruev,47.36842105263159,True,low name-match confidence,True
366,Alisson Becker,Liverpool,1257,Alisson,90.0,False,,Alisson,Alisson,90.0,False,,False
367,Giorgi Mamardashvili,Liverpool,9693,Giorgi Mamardashvili,100.0,False,,Giorgi Mamardashvili,Giorgi Mamardashvili,100.0,False,,False
368,Ármin Pécsi,Liverpool,9788,Dominik Szoboszlai,45.0,True,low name-match confidence,Alisson,Alisson,45.0,True,low name-match confidence,True
369,Freddie Woodman,Liverpool,852,Freddie Woodman,100.0,False,,Freddie Woodman,Freddie Woodman,100.0,False,,False
370,Jeremie Frimpong,Liverpool,9328,Jeremie Frimpong,100.0,False,,Jeremie Frimpong,Jeremie Frimpong,100.0,False,,False
371,Milos Kerkez,Liverpool,11709,Milos Kerkez,100.0,False,,Milos Kerkez,Milos Kerkez,100.0,False,,False
372,Andrew Robertson,Liverpool,1688,Andrew Robertson,100.0,False,,Andy Robertson,Andy Robertson,100.0,False,,False
373,Virgil van Dijk,Liverpool,833,Virgil van Dijk,100.0,False,,Virgil van Dijk,Virgil van Dijk,100.0,False,,False
374,Ibrahima Konaté,Liverpool,6326,Ibrahima Konaté,100.0,False,,Ibrahima Konaté,Ibrahima Konaté,100.0,False,,False
375,Conor Bradley,Liverpool,10120,Conor Bradley,100.0,False,,Conor Bradley,Conor Bradley,100.0,False,,False
376,Joe Gomez,Liverpool,987,Joseph Gomez,100.0,False,,Joe Gomez,Joe Gomez,100.0,False,,False
377,Konstantinos Tsimikas,Liverpool,1257,Alisson,40.0,True,low name-match confidence,Alisson,Alisson,40.0,True,low name-match confidence,True
378,Amara Nallo,Liverpool,8808,Wataru Endo,54.54545454545454,True,low name-match confidence,Wataru Endo,Wataru Endo,54.54545454545454,True,low name-match confidence,True
379,Rhys Williams,Liverpool,1257,Alisson,45.0,True,low name-match confidence,Alisson,Alisson,45.0,True,low name-match confidence,True
380,Calvin Ramsay,Liverpool,1257,Alisson,55.38461538461539,True,low name-match confidence,Alisson,Alisson,55.38461538461539,True,low name-match confidence,True
381,Mohamed Salah,Liverpool,1250,Mohamed Salah,100.0,False,,Mohamed Salah,Mohamed Salah,100.0,False,,False
382,Florian Wirtz,Liverpool,8397,Florian Wirtz,100.0,False,,Florian Wirtz,Florian Wirtz,100.0,False,,False
383,Luis Díaz Marulanda,Liverpool,1257,Alisson,49.090909090909086,True,low name-match confidence,Alisson,Alisson,49.090909090909086,True,low name-match confidence,True
384,Cody Gakpo,Liverpool,11296,Cody Gakpo,100.0,False,,Cody Gakpo,Cody Gakpo,100.0,False,,False
385,Federico Chiesa,Liverpool,1433,Federico Chiesa,100.0,False,,Federico Chiesa,Federico Chiesa,100.0,False,,False
386,Alexis Mac Allister,Liverpool,8379,Alexis Mac Allister,100.0,False,,Alexis Mac Allister,Alexis Mac Allister,100.0,False,,False
387,Dominik Szoboszlai,Liverpool,9788,Dominik Szoboszlai,100.0,False,,Dominik Szoboszlai,Dominik Szoboszlai,100.0,False,,False
388,Curtis Jones,Liverpool,6665,Curtis Jones,100.0,False,,Curtis Jones,Curtis Jones,100.0,False,,False
390,Ryan Gravenberch,Liverpool,10697,Ryan Gravenberch,100.0,False,,Ryan Gravenberch,Ryan Gravenberch,100.0,False,,False
392,Endo Wataru,Liverpool,8808,Wataru Endo,95.0,False,,Wataru Endo,Wataru Endo,95.0,False,,False
393,Stefan Bajčetić Maquieira,Liverpool,1433,Federico Chiesa,43.44827586206897,True,low name-match confidence,Federico Chiesa,Federico Chiesa,43.44827586206897,True,low name-match confidence,True
394,James McConnell,Liverpool,8379,Alexis Mac Allister,47.05882352941176,True,low name-match confidence,Alexis Mac Allister,Alexis Mac Allister,47.05882352941176,True,low name-match confidence,True
395,Tyler Morton,Liverpool,1688,Andrew Robertson,50.0,True,low name-match confidence,Andy Robertson,Andy Robertson,50.0,True,low name-match confidence,True
396,Trey Nyoni,Liverpool,12203,Treymaurice Nyoni,85.5,False,,Trey Nyoni,Trey Nyoni,100.0,False,,False
397,Darwin Núñez Ribeiro,Liverpool,1688,Andrew Robertson,50.0,True,low name-match confidence,Andy Robertson,Andy Robertson,50.0,True,low name-match confidence,True
398,Jayden Danns,Liverpool,852,Freddie Woodman,44.44444444444444,True,low name-match confidence,Freddie Woodman,Freddie Woodman,44.44444444444444,True,low name-match confidence,True
499,Alexander Isak,Liverpool,5232,Alexander Isak,100.0,False,,Alexander Isak,Alexander Isak,100.0,False,,False
661,Hugo Ekitiké,Liverpool,8995,Hugo Ekitike,100.0,False,,Hugo Ekitike,Hugo Ekitike,100.0,False,,False
686,Rio Ngumoha,Liverpool,13692,Rio Ngumoha,100.0,False,,Rio Ngumoha,Rio Ngumoha,100.0,False,,False
692,Giovanni Leoni,Liverpool,833,Virgil van Dijk,48.275862068965516,True,low name-match confidence,Virgil van Dijk,Virgil van Dijk,48.275862068965516,True,low name-match confidence,True
746,Kieran Morrison,Liverpool,1257,Alisson,65.45454545454547,True,low name-match confidence,Alisson,Alisson,65.45454545454547,True,low name-match confidence,True
760,Wellity Lucky,Liverpool,7546,Harvey Elliott,42.22222222222222,True,low name-match confidence,Harvey Elliott,Harvey Elliott,42.22222222222222,True,low name-match confidence,True
830,Will Wright,Liverpool,8397,Florian Wirtz,51.85185185185186,True,low name-match confidence,Florian Wirtz,Florian Wirtz,51.85185185185186,True,low name-match confidence,True
832,Talla Ndiaye,Liverpool,5232,Alexander Isak,53.84615384615385,True,low name-match confidence,Alexander Isak,Alexander Isak,53.84615384615385,True,low name-match confidence,True
82,Antoine Semenyo,Man City,11363,Antoine Semenyo,100.0,False,,Antoine Semenyo,Antoine Semenyo,100.0,False,,False
182,James Trafford,Man City,9077,James Trafford,100.0,False,,James Trafford,James Trafford,100.0,False,,False
260,Marc Guéhi,Man City,7603,Marc Guehi,100.0,False,,Marc Guéhi,Marc Guéhi,100.0,False,,False
399,Ederson Santana de Moraes,Man City,579,Nathan Aké,59.85,True,low name-match confidence,Nathan Aké,Nathan Aké,59.85,True,low name-match confidence,True
401,Marcus Bettinelli,Man City,7603,Marc Guehi,60.00000000000001,True,low name-match confidence,Marc Guéhi,Marc Guéhi,60.00000000000001,True,low name-match confidence,True
402,Rayan Aït-Nouri,Man City,6674,Rayan Ait Nouri,96.55172413793103,False,,Rayan Aït-Nouri,Rayan Aït-Nouri,100.0,False,,False
403,Joško Gvardiol,Man City,9790,Josko Gvardiol,100.0,False,,Joško Gvardiol,Joško Gvardiol,100.0,False,,False
404,Manuel Akanji,Man City,2254,Mateo Kovacic,53.84615384615385,True,low name-match confidence,Mateo Kovačić,Mateo Kovačić,53.84615384615385,True,low name-match confidence,True
405,Nathan Aké,Man City,579,Nathan Aké,100.0,False,,Nathan Aké,Nathan Aké,100.0,False,,False
406,Abdukodir Khusanov,Man City,11763,Abduqodir Khusanov,94.44444444444444,False,,Abdukodir Khusanov,Abdukodir Khusanov,100.0,False,,False
407,Matheus Nunes,Man City,11000,Matheus Nunes,100.0,False,,Matheus Nunes,Matheus Nunes,100.0,False,,False
408,Rúben dos Santos Gato Alves Dias,Man City,8961,Rúben Dias,85.5,False,,Rúben Dias,Rúben Dias,85.5,False,,False
409,John Stones,Man City,586,John Stones,100.0,False,,John Stones,John Stones,100.0,False,,False
410,Rico Lewis,Man City,10847,Rico Lewis,100.0,False,,Rico Lewis,Rico Lewis,100.0,False,,False
411,Nico O'Reilly,Man City,11592,Nico O&#039;Reilly,88.88888888888889,False,,Nico O'Reilly,Nico O'Reilly,100.0,False,,False
412,Vitor de Oliveira Nunes dos Reis,Man City,11000,Matheus Nunes,85.5,False,,Matheus Nunes,Matheus Nunes,85.5,False,,False
413,Omar Marmoush,Man City,8393,Omar Marmoush,100.0,False,,Omar Marmoush,Omar Marmoush,100.0,False,,False
414,Phil Foden,Man City,6055,Phil Foden,100.0,False,,Phil Foden,Phil Foden,100.0,False,,False
415,Sávio Moreira de Oliveira,Man City,11735,Sávio,90.0,False,,Sávio,Sávio,90.0,False,,False
416,Bernardo Mota Veiga de Carvalho e Silva,Man City,3635,Bernardo Silva,85.5,False,,Bernardo Silva,Bernardo Silva,85.5,False,,False
417,Rayan Cherki,Man City,8094,Mathis Cherki,100.0,False,,Rayan Cherki,Rayan Cherki,100.0,False,,False
418,Jérémy Doku,Man City,8981,Jéremy Doku,100.0,False,,Jeremy Doku,Jeremy Doku,100.0,False,,False
420,İlkay Gündoğan,Man City,3635,Bernardo Silva,47.5,True,low name-match confidence,Bernardo Silva,Bernardo Silva,47.5,True,low name-match confidence,True
421,Rodrigo 'Rodri' Hernandez Cascante,Man City,2496,Rodri,90.0,False,,Rodri,Rodri,90.0,False,,False
422,Mateo Kovačić,Man City,2254,Mateo Kovacic,100.0,False,,Mateo Kovačić,Mateo Kovačić,100.0,False,,False
423,Nico González Iglesias,Man City,9802,Nico González,90.0,False,,Nico O'Reilly,Nico O'Reilly,85.5,False,,False
425,Claudio Echeverri,Man City,2496,Rodri,67.5,True,low name-match confidence,Rodri,Rodri,67.5,True,low name-match confidence,True
427,Tijjani Reijnders,Man City,11965,Tijjani Reijnders,100.0,False,,Tijjani Reijnders,Tijjani Reijnders,100.0,False,,False
428,Sverre Nypan,Man City,11735,Sávio,51.42857142857142,True,low name-match confidence,Sávio,Sávio,51.42857142857142,True,low name-match confidence,True
429,Kalvin Phillips,Man City,11735,Sávio,54.0,True,low name-match confidence,Sávio,Sávio,54.0,True,low name-match confidence,True
430,Erling Haaland,Man City,8260,Erling Haaland,100.0,False,,Erling Haaland,Erling Haaland,100.0,False,,False
736,Gianluigi Donnarumma,Man City,1116,Gianluigi Donnarumma,100.0,False,,Gianluigi Donnarumma,Gianluigi Donnarumma,100.0,False,,False
739,Divine Mukasa,Man City,14055,Divine Mukasa,100.0,False,,Divine Mukasa,Divine Mukasa,100.0,False,,False
740,Stephen Mfuni,Man City,11363,Antoine Semenyo,47.5,True,low name-match confidence,Antoine Semenyo,Antoine Semenyo,47.5,True,low name-match confidence,True
742,Ryan McAidoo,Man City,6674,Rayan Ait Nouri,59.25925925925925,True,low name-match confidence,Rayan Aït-Nouri,Rayan Aït-Nouri,61.53846153846154,True,low name-match confidence,True
763,Charlie Gray,Man City,9077,James Trafford,46.15384615384615,True,low name-match confidence,Rayan Cherki,Rayan Cherki,55.416666666666664,True,low name-match confidence,True
764,Reigan Heskey,Man City,2496,Rodri,45.0,True,low name-match confidence,Rayan Cherki,Rayan Cherki,56.00000000000001,True,low name-match confidence,True
794,Max Alleyne,Man City,13298,Max Alleyne,100.0,False,,Max Alleyne,Max Alleyne,100.0,False,,False
119,Bryan Mbeumo,Man Utd,6552,Bryan Mbeumo,100.0,False,,Bryan Mbeumo,Bryan Mbeumo,100.0,False,,False
431,Altay Bayındır,Man Utd,12054,Altay Bayindir,92.3076923076923,False,,Altay Bayındır,Altay Bayındır,100.0,False,,False
432,André Onana,Man Utd,13080,Ayden Heaven,52.17391304347826,True,low name-match confidence,Ayden Heaven,Ayden Heaven,52.17391304347826,True,low name-match confidence,True
433,Elyh Harrison,Man Utd,13467,Tyler Fredricson,55.172413793103445,True,low name-match confidence,Tyler Fredricson,Tyler Fredricson,55.172413793103445,True,low name-match confidence,True
434,Tom Heaton,Man Utd,14266,Bendito Mantato,54.0,True,low name-match confidence,Bendito Mantato,Bendito Mantato,54.0,True,low name-match confidence,True
435,Dermot Mee,Man Utd,13080,Ayden Heaven,45.45454545454546,True,low name-match confidence,Ayden Heaven,Ayden Heaven,45.45454545454546,True,low name-match confidence,True
436,Matthijs de Ligt,Man Utd,7902,Matthijs de Ligt,100.0,False,,Matthijs de Ligt,Matthijs de Ligt,100.0,False,,False
437,Lisandro Martínez,Man Utd,10802,Lisandro Martínez,100.0,False,,Lisandro Martínez,Lisandro Martínez,100.0,False,,False
438,Noussair Mazraoui,Man Utd,10696,Noussair Mazraoui,100.0,False,,Noussair Mazraoui,Noussair Mazraoui,100.0,False,,False
439,Diego León Blanco,Man Utd,7281,Diogo Dalot,63.0,True,low name-match confidence,Diogo Dalot,Diogo Dalot,63.0,True,low name-match confidence,True
440,Diogo Dalot Teixeira,Man Utd,7281,Diogo Dalot,90.0,False,,Diogo Dalot,Diogo Dalot,90.0,False,,False
441,Patrick Dorgu,Man Utd,11944,Patrick Dorgu,100.0,False,,Patrick Dorgu,Patrick Dorgu,100.0,False,,False
442,Harry Maguire,Man Utd,1687,Harry Maguire,100.0,False,,Harry Maguire,Harry Maguire,100.0,False,,False
443,Luke Shaw,Man Utd,1006,Luke Shaw,100.0,False,,Luke Shaw,Luke Shaw,100.0,False,,False
444,Leny Yoro,Man Utd,10564,Leny Yoro,100.0,False,,Leny Yoro,Leny Yoro,100.0,False,,False
445,Harry Amass,Man Utd,1687,Harry Maguire,69.23076923076923,True,low name-match confidence,Harry Maguire,Harry Maguire,69.23076923076923,True,low name-match confidence,True
446,Tyler Fredricson,Man Utd,13467,Tyler Fredricson,100.0,False,,Tyler Fredricson,Tyler Fredricson,100.0,False,,False
447,Ayden Heaven,Man Utd,13080,Ayden Heaven,100.0,False,,Ayden Heaven,Ayden Heaven,100.0,False,,False
448,Tyrell Malacia,Man Utd,10803,Tyrell Malacia,100.0,False,,Tyrell Malacia,Tyrell Malacia,100.0,False,,False
449,Bruno Borges Fernandes,Man Utd,1228,Bruno Fernandes,95.0,False,,Bruno Fernandes,Bruno Fernandes,95.0,False,,False
450,Matheus Santos Carneiro da Cunha,Man Utd,7080,Matheus Cunha,85.5,False,,Matheus Cunha,Matheus Cunha,85.5,False,,False
451,Marcus Rashford,Man Utd,7080,Matheus Cunha,42.85714285714286,True,low name-match confidence,Manuel Ugarte,Manuel Ugarte,42.85714285714286,True,low name-match confidence,True
452,Amad Diallo,Man Utd,8127,Amad Diallo Traore,90.0,False,,Amad Diallo,Amad Diallo,100.0,False,,False
454,Antony dos Santos,Man Utd,7768,Mason Mount,50.0,True,low name-match confidence,Mason Mount,Mason Mount,50.0,True,low name-match confidence,True
455,Mason Mount,Man Utd,7768,Mason Mount,100.0,False,,Mason Mount,Mason Mount,100.0,False,,False
457,Carlos Henrique Casimiro,Man Utd,2248,Casemiro,100.0,False,,Casemiro,Casemiro,100.0,False,,False
458,Kobbie Mainoo,Man Utd,11174,Kobbie Mainoo,100.0,False,,Kobbie Mainoo,Kobbie Mainoo,100.0,False,,False
459,Manuel Ugarte Ribeiro,Man Utd,11766,Manuel Ugarte,90.0,False,,Manuel Ugarte,Manuel Ugarte,90.0,False,,False
460,Toby Collyer,Man Utd,14272,Tyler Fletcher,46.15384615384615,True,low name-match confidence,Tyler Fletcher,Tyler Fletcher,46.15384615384615,True,low name-match confidence,True
461,Jayce Fitzgerald,Man Utd,14272,Tyler Fletcher,46.666666666666664,True,low name-match confidence,Tyler Fletcher,Tyler Fletcher,46.666666666666664,True,low name-match confidence,True
462,Jack Fletcher,Man Utd,13150,Jack Fletcher,100.0,False,,Jack Fletcher,Jack Fletcher,100.0,False,,False
463,Sékou Koné,Man Utd,7768,Mason Mount,47.61904761904761,True,low name-match confidence,Mason Mount,Mason Mount,47.61904761904761,True,low name-match confidence,True
464,Jack Moorhouse,Man Utd,13150,Jack Fletcher,51.85185185185186,True,low name-match confidence,Jack Fletcher,Jack Fletcher,51.85185185185186,True,low name-match confidence,True
465,Rasmus Højlund,Man Utd,7080,Matheus Cunha,46.15384615384615,True,low name-match confidence,Matheus Cunha,Matheus Cunha,46.15384615384615,True,low name-match confidence,True
466,Joshua Zirkzee,Man Utd,8044,Joshua Zirkzee,100.0,False,,Joshua Zirkzee,Joshua Zirkzee,100.0,False,,False
467,Chido Obi,Man Utd,7281,Diogo Dalot,40.0,True,low name-match confidence,Diogo Dalot,Diogo Dalot,40.0,True,low name-match confidence,True
468,Ethan Wheatley,Man Utd,13080,Ayden Heaven,53.84615384615385,True,low name-match confidence,Ayden Heaven,Ayden Heaven,53.84615384615385,True,low name-match confidence,True
681,Benjamin Sesko,Man Utd,11974,Benjamin Sesko,100.0,False,,Benjamin Šeško,Benjamin Šeško,100.0,False,,False
733,Senne Lammens,Man Utd,14056,Senne Lammens,100.0,False,,Senne Lammens,Senne Lammens,100.0,False,,False
755,Shea Lacey,Man Utd,14198,Shea Lacey,100.0,False,,Shea Lacey,Shea Lacey,100.0,False,,False
769,Bendito Mantato,Man Utd,14266,Bendito Mantato,100.0,False,,Bendito Mantato,Bendito Mantato,100.0,False,,False
771,Tyler Fletcher,Man Utd,14272,Tyler Fletcher,100.0,False,,Tyler Fletcher,Tyler Fletcher,100.0,False,,False
788,Godwill Kukonki,Man Utd,7281,Diogo Dalot,38.46153846153846,True,low name-match confidence,Amad Diallo,Amad Diallo,38.46153846153846,True,low name-match confidence,True
827,Jim Thwaites,Man Utd,7902,Matthijs de Ligt,40.714285714285715,True,low name-match confidence,Matthijs de Ligt,Matthijs de Ligt,40.714285714285715,True,low name-match confidence,True
52,Jacob Ramsey,Newcastle,8941,Jacob Ramsey,100.0,False,,Jacob Ramsey,Jacob Ramsey,100.0,False,,False
135,Yoane Wissa,Newcastle,5786,Yoane Wissa,100.0,False,,Yoane Wissa,Yoane Wissa,100.0,False,,False
469,Nick Pope,Newcastle,5552,Nick Pope,100.0,False,,Nick Pope,Nick Pope,100.0,False,,False
471,Mark Gillespie,Newcastle,766,Jamaal Lascelles,46.666666666666664,True,low name-match confidence,Jamaal Lascelles,Jamaal Lascelles,46.666666666666664,True,low name-match confidence,True
472,Odysseas Vlachodimos,Newcastle,13532,Sean Neave,45.0,True,low name-match confidence,Sean Neave,Sean Neave,45.0,True,low name-match confidence,True
473,Lewis Hall,Newcastle,10216,Lewis Hall,100.0,False,,Lewis Hall,Lewis Hall,100.0,False,,False
474,Fabian Schär,Newcastle,76,Fabian Schär,100.0,False,,Fabian Schär,Fabian Schär,100.0,False,,False
475,Sven Botman,Newcastle,8635,Sven Botman,100.0,False,,Sven Botman,Sven Botman,100.0,False,,False
476,Dan Burn,Newcastle,7382,Dan Burn,100.0,False,,Dan Burn,Dan Burn,100.0,False,,False
477,Tino Livramento,Newcastle,9512,Valentino Livramento,85.71428571428572,False,,Tino Livramento,Tino Livramento,100.0,False,,False
478,Kieran Trippier,Newcastle,652,Kieran Trippier,100.0,False,,Kieran Trippier,Kieran Trippier,100.0,False,,False
479,Emil Krafth,Newcastle,1545,Emil Krafth,100.0,False,,Emil Krafth,Emil Krafth,100.0,False,,False
480,Jamaal Lascelles,Newcastle,766,Jamaal Lascelles,100.0,False,,Jamaal Lascelles,Jamaal Lascelles,100.0,False,,False
481,Alex Murphy,Newcastle,12199,Alex Murphy,100.0,False,,Alex Murphy,Alex Murphy,100.0,False,,False
482,Harrison Ashby,Newcastle,5603,Aaron Ramsdale,50.0,True,low name-match confidence,Aaron Ramsdale,Aaron Ramsdale,50.0,True,low name-match confidence,True
483,Miodrag Pivaš,Newcastle,652,Kieran Trippier,42.85714285714286,True,low name-match confidence,Kieran Trippier,Kieran Trippier,42.85714285714286,True,low name-match confidence,True
484,Matt Targett,Newcastle,9512,Valentino Livramento,42.75,True,low name-match confidence,Malick Thiaw,Malick Thiaw,41.666666666666664,True,low name-match confidence,True
485,Anthony Gordon,Newcastle,8150,Anthony Gordon,100.0,False,,Anthony Gordon,Anthony Gordon,100.0,False,,False
486,Anthony Elanga,Newcastle,9524,Anthony Elanga,100.0,False,,Anthony Elanga,Anthony Elanga,100.0,False,,False
487,Harvey Barnes,Newcastle,6681,Harvey Barnes,100.0,False,,Harvey Barnes,Harvey Barnes,100.0,False,,False
488,Bruno Guimarães Rodriguez Moura,Newcastle,8327,Bruno Guimarães,90.0,False,,Bruno Guimarães,Bruno Guimarães,90.0,False,,False
489,Jacob Murphy,Newcastle,6063,Jacob Murphy,100.0,False,,Jacob Murphy,Jacob Murphy,100.0,False,,False
490,Joelinton Cássio Apolinário de Lira,Newcastle,87,Joelinton,90.0,False,,Joelinton,Joelinton,90.0,False,,False
491,Sandro Tonali,Newcastle,7958,Sandro Tonali,100.0,False,,Sandro Tonali,Sandro Tonali,100.0,False,,False
492,Antoñito Cordero Campillo,Newcastle,8150,Anthony Gordon,60.00000000000001,True,low name-match confidence,Anthony Gordon,Anthony Gordon,60.00000000000001,True,low name-match confidence,True
494,Joe Willock,Newcastle,6630,Joe Willock,100.0,False,,Joe Willock,Joe Willock,100.0,False,,False
495,Isaac Hayden,Newcastle,5603,Aaron Ramsdale,46.15384615384615,True,low name-match confidence,Aaron Ramsdale,Aaron Ramsdale,46.15384615384615,True,low name-match confidence,True
496,Garang Kuol,Newcastle,7382,Dan Burn,42.10526315789473,True,low name-match confidence,Dan Burn,Dan Burn,42.10526315789473,True,low name-match confidence,True
497,Lewis Miley,Newcastle,11386,Lewis Miley,100.0,False,,Lewis Miley,Lewis Miley,100.0,False,,False
498,Joe White,Newcastle,6630,Joe Willock,69.23076923076923,True,low name-match confidence,Joe Willock,Joe Willock,69.23076923076923,True,low name-match confidence,True
500,William Osula,Newcastle,9556,William Osula,100.0,False,,William Osula,William Osula,100.0,False,,False
501,Sean Neave,Newcastle,13532,Sean Neave,100.0,False,,Sean Neave,Sean Neave,100.0,False,,False
674,Aaron Ramsdale,Newcastle,5603,Aaron Ramsdale,100.0,False,,Aaron Ramsdale,Aaron Ramsdale,100.0,False,,False
684,Malick Thiaw,Newcastle,8378,Malick Thiaw,100.0,False,,Malick Thiaw,Malick Thiaw,100.0,False,,False
689,Seung-Soo Park,Newcastle,13532,Sean Neave,43.47826086956522,True,low name-match confidence,Sean Neave,Sean Neave,43.47826086956522,True,low name-match confidence,True
714,Nick Woltemade,Newcastle,8117,Nick Woltemade,100.0,False,,Nick Woltemade,Nick Woltemade,100.0,False,,False
753,John Ruddy,Newcastle,6063,Jacob Murphy,45.45454545454546,True,low name-match confidence,Jacob Murphy,Jacob Murphy,45.45454545454546,True,low name-match confidence,True
765,Leo Shahar,Newcastle,10216,Lewis Hall,50.0,True,low name-match confidence,Lewis Hall,Lewis Hall,50.0,True,low name-match confidence,True
772,Sam Alabi,Newcastle,7958,Sandro Tonali,48.0,True,low name-match confidence,Sandro Tonali,Sandro Tonali,48.0,True,low name-match confidence,True
12,Oleksandr Zinchenko,Nott'm Forest,2958,Oleksandr Zinchenko,100.0,False,,Oleksandr Zinchenko,Oleksandr Zinchenko,100.0,False,,False
400,Stefan Ortega Moreno,Nott'm Forest,8786,Stefan Ortega Moreno,100.0,False,,Stefan Ortega,Stefan Ortega,90.0,False,,False
426,James McAtee,Nott'm Forest,10126,James McAtee,100.0,False,,James Mcatee,James Mcatee,100.0,False,,False
502,Matz Sels,Nott'm Forest,6903,Matz Sels,100.0,False,,Matz Sels,Matz Sels,100.0,False,,False
503,Carlos Miguel dos Santos Pereira,Nott'm Forest,8252,Nicolás Domínguez,55.862068965517246,True,low name-match confidence,Nicolás Domínguez,Nicolás Domínguez,55.862068965517246,True,low name-match confidence,True
504,Matt Turner,Nott'm Forest,13068,Morato,60.00000000000001,True,low name-match confidence,Morato,Morato,60.00000000000001,True,low name-match confidence,True
505,Nikola Milenković,Nott'm Forest,6174,Nikola Milenkovic,100.0,False,,Nikola Milenković,Nikola Milenković,100.0,False,,False
506,Murillo Costa dos Santos,Nott'm Forest,12123,Murillo,90.0,False,,Murillo,Murillo,90.0,False,,False
507,Ola Aina,Nott'm Forest,725,Ola Aina,100.0,False,,Ola Aina,Ola Aina,100.0,False,,False
508,Neco Williams,Nott'm Forest,8204,Neco Williams,100.0,False,,Neco Williams,Neco Williams,100.0,False,,False
509,David Mota Veiga Teixeira do Carmo,Nott'm Forest,13068,Morato,57.0,True,low name-match confidence,Morato,Morato,57.0,True,low name-match confidence,True
510,Jair Paula da Cunha Filho,Nott'm Forest,13779,Jair,90.0,False,,Jair Cunha,Jair Cunha,85.5,False,,False
511,Felipe Rodrigues da Silva,Nott'm Forest,12766,Jota Silva,85.5,False,,Jota Silva,Jota Silva,85.5,False,,False
512,Omar Richards,Nott'm Forest,10348,Omari Hutchinson,55.172413793103445,True,low name-match confidence,Omari Hutchinson,Omari Hutchinson,55.172413793103445,True,low name-match confidence,True
513,Zach Abbott,Nott'm Forest,13306,Zach Abbott,100.0,False,,Zach Abbott,Zach Abbott,100.0,False,,False
514,Willy Boly,Nott'm Forest,8204,Neco Williams,49.565217391304344,True,low name-match confidence,Neco Williams,Neco Williams,49.565217391304344,True,low name-match confidence,True
515,Morgan Gibbs-White,Nott'm Forest,6857,Morgan Gibbs-White,100.0,False,,Morgan Gibbs-White,Morgan Gibbs-White,100.0,False,,False
516,Callum Hudson-Odoi,Nott'm Forest,6456,Callum Hudson-Odoi,100.0,False,,Callum Hudson-Odoi,Callum Hudson-Odoi,100.0,False,,False
517,Elliot Anderson,Nott'm Forest,9154,Elliot Anderson,100.0,False,,Elliot Anderson,Elliot Anderson,100.0,False,,False
518,João Pedro Ferreira da Silva,Nott'm Forest,12766,Jota Silva,85.5,False,,Jota Silva,Jota Silva,85.5,False,,False
519,Nicolás Domínguez,Nott'm Forest,8252,Nicolás Domínguez,100.0,False,,Nicolás Domínguez,Nicolás Domínguez,100.0,False,,False
520,Lewis O'Brien,Nott'm Forest,8786,Stefan Ortega Moreno,49.090909090909086,True,low name-match confidence,Oleksandr Zinchenko,Oleksandr Zinchenko,45.16129032258065,True,low name-match confidence,True
521,Ibrahim Sangaré,Nott'm Forest,5722,Ibrahim Sangare,100.0,False,,Ibrahim Sangaré,Ibrahim Sangaré,100.0,False,,False
522,Ryan Yates,Nott'm Forest,11003,Ryan Yates,100.0,False,,Ryan Yates,Ryan Yates,100.0,False,,False
523,Eric da Silva Moreira,Nott'm Forest,12766,Jota Silva,85.5,False,,Jota Silva,Jota Silva,85.5,False,,False
524,Marko Stamenić,Nott'm Forest,6174,Nikola Milenkovic,51.61290322580645,True,low name-match confidence,Nikola Milenković,Nikola Milenković,51.61290322580645,True,low name-match confidence,True
525,Chris Wood,Nott'm Forest,4456,Chris Wood,100.0,False,,Chris Wood,Chris Wood,100.0,False,,False
526,Igor Jesus Maciel da Cruz,Nott'm Forest,13778,Igor Jesus,90.0,False,,Igor Jesus,Igor Jesus,90.0,False,,False
527,Taiwo Awoniyi,Nott'm Forest,7814,Taiwo Awoniyi,100.0,False,,Taiwo Awoniyi,Taiwo Awoniyi,100.0,False,,False
669,Dan Ndoye,Nott'm Forest,8662,Dan Ndoye,100.0,False,,Dan Ndoye,Dan Ndoye,100.0,False,,False
675,Angus Gunn,Nott'm Forest,5544,Angus Gunn,100.0,False,,Angus Gunn,Angus Gunn,100.0,False,,False
693,Omari Hutchinson,Nott'm Forest,10348,Omari Hutchinson,100.0,False,,Omari Hutchinson,Omari Hutchinson,100.0,False,,False
696,Arnaud Kalimuendo,Nott'm Forest,8056,Arnaud Kalimuendo Muinga,95.0,False,,Arnaud Kalimuendo,Arnaud Kalimuendo,100.0,False,,False
715,John Victor Maciel Furtado,Nott'm Forest,14017,John Victor,90.0,False,,John,John,90.0,False,,False
716,Nicolò Savona,Nott'm Forest,12905,Nicolò Savona,100.0,False,,Nicolò Savona,Nicolò Savona,100.0,False,,False
729,Luis Eduardo Soares da Silva,Nott'm Forest,12766,Jota Silva,85.5,False,,Jota Silva,Jota Silva,85.5,False,,False
734,Dilane Bakwa,Nott'm Forest,8920,Dilane Bakwa,100.0,False,,Dilane Bakwa,Dilane Bakwa,100.0,False,,False
805,Lorenzo Lucca,Nott'm Forest,11936,Lorenzo Lucca,100.0,False,,Lorenzo Lucca,Lorenzo Lucca,100.0,False,,False
814,Luca Netz,Nott'm Forest,8401,Luca Netz,100.0,False,,Luca Netz,Luca Netz,100.0,False,,False
835,Archie Whitehall,Nott'm Forest,13779,Jair,60.00000000000001,True,low name-match confidence,Jair Cunha,Jair Cunha,51.42857142857142,True,low name-match confidence,True
836,Jimmy Sinclair,Nott'm Forest,13779,Jair,77.14285714285715,True,low name-match confidence,James Mcatee,James Mcatee,61.53846153846154,True,low name-match confidence,True
841,Lamin Sillah,Nott'm Forest,725,Ola Aina,55.38461538461539,True,low name-match confidence,Ola Aina,Ola Aina,55.38461538461539,True,low name-match confidence,True
528,Anthony Patterson,Sunderland,14424,Nilson Angulo,44.33333333333333,True,low name-match confidence,Nilson Angulo,Nilson Angulo,44.33333333333333,True,low name-match confidence,True
529,Simon Moore,Sunderland,11710,Simon Adingra,59.375,True,low name-match confidence,Simon Adingra,Simon Adingra,59.375,True,low name-match confidence,True
530,Blondy Nna Noukeu,Sunderland,14424,Nilson Angulo,46.666666666666664,True,low name-match confidence,Nilson Angulo,Nilson Angulo,46.666666666666664,True,low name-match confidence,True
531,Daniel Ballard,Sunderland,13715,Dan Ballard,88.0,False,,Daniel Ballard,Daniel Ballard,100.0,False,,False
532,Trai Hume,Sunderland,13713,Trai Hume,100.0,False,,Trai Hume,Trai Hume,100.0,False,,False
533,Aji Alese,Sunderland,8986,Omar Alderete,54.54545454545454,True,low name-match confidence,Omar Alderete,Omar Alderete,54.54545454545454,True,low name-match confidence,True
534,Joe Anderson,Sunderland,13714,Jenson Seelt,49.25925925925927,True,low name-match confidence,Jenson Seelt,Jenson Seelt,49.25925925925927,True,low name-match confidence,True
535,Dennis Cirkin,Sunderland,8537,Dennis Cirkin,100.0,False,,Dennis Cirkin,Dennis Cirkin,100.0,False,,False
536,Leo Fuhr Hjelde,Sunderland,8651,Enzo Le Fée,46.15384615384615,True,low name-match confidence,Enzo Le Fée,Enzo Le Fée,46.15384615384615,True,low name-match confidence,True
537,Niall Huggins,Sunderland,13720,Dan Neil,53.4375,True,low name-match confidence,Dan Neil,Dan Neil,53.4375,True,low name-match confidence,True
538,Zak Johnson,Sunderland,13714,Jenson Seelt,49.565217391304344,True,low name-match confidence,Jenson Seelt,Jenson Seelt,49.565217391304344,True,low name-match confidence,True
539,Luke O'Nien,Sunderland,14099,Luke O&#039;Nien,86.95652173913044,False,,Luke O'Nien,Luke O'Nien,100.0,False,,False
540,Timothée Pembélé,Sunderland,13713,Trai Hume,47.5,True,low name-match confidence,Trai Hume,Trai Hume,47.5,True,low name-match confidence,True
541,Reinildo Mandava,Sunderland,7432,Reinildo,90.0,False,,Reinildo Mandava,Reinildo Mandava,100.0,False,,False
542,Jenson Seelt,Sunderland,13714,Jenson Seelt,100.0,False,,Jenson Seelt,Jenson Seelt,100.0,False,,False
543,Simon Adingra,Sunderland,11710,Simon Adingra,100.0,False,,Simon Adingra,Simon Adingra,100.0,False,,False
544,Habib Diarra,Sunderland,9767,Habib Diarra,100.0,False,,Habib Diarra,Habib Diarra,100.0,False,,False
545,Patrick Roberts,Sunderland,925,Patrick Roberts,100.0,False,,Patrick Roberts,Patrick Roberts,100.0,False,,False
546,Milan Aleksić,Sunderland,13717,Chemsdine Talbi,50.0,True,low name-match confidence,Chemsdine Talbi,Chemsdine Talbi,50.0,True,low name-match confidence,True
547,Enzo Le Fée,Sunderland,8651,Enzo Le Fée,100.0,False,,Enzo Le Fée,Enzo Le Fée,100.0,False,,False
548,Romaine Mundle,Sunderland,11461,Romaine Mundle,100.0,False,,Romaine Mundle,Romaine Mundle,100.0,False,,False
549,Dan Neil,Sunderland,13720,Dan Neil,100.0,False,,Dan Neil,Dan Neil,100.0,False,,False
550,Ian Poveda-Ocampo,Sunderland,13720,Dan Neil,45.0,True,low name-match confidence,Dan Neil,Dan Neil,45.0,True,low name-match confidence,True
551,Chris Rigg,Sunderland,13719,Chris Rigg,100.0,False,,Chris Rigg,Chris Rigg,100.0,False,,False
552,Noah Sadiki,Sunderland,13716,Noah Sadiki,100.0,False,,Noah Sadiki,Noah Sadiki,100.0,False,,False
553,Chemsdine Talbi,Sunderland,13717,Chemsdine Talbi,100.0,False,,Chemsdine Talbi,Chemsdine Talbi,100.0,False,,False
554,Abdoullah Ba,Sunderland,13715,Dan Ballard,49.565217391304344,True,low name-match confidence,Daniel Ballard,Daniel Ballard,43.84615384615385,True,low name-match confidence,True
555,Alan Browne,Sunderland,9789,Brian Brobbey,58.33333333333333,True,low name-match confidence,Brian Brobbey,Brian Brobbey,58.33333333333333,True,low name-match confidence,True
556,Pierre Ekwah Elimby,Sunderland,13720,Dan Neil,45.0,True,low name-match confidence,Dan Neil,Dan Neil,45.0,True,low name-match confidence,True
557,Harrison Jones,Sunderland,13712,Robin Roefs,56.00000000000001,True,low name-match confidence,Robin Roefs,Robin Roefs,56.00000000000001,True,low name-match confidence,True
558,Jay Matete,Sunderland,8986,Omar Alderete,52.17391304347826,True,low name-match confidence,Omar Alderete,Omar Alderete,52.17391304347826,True,low name-match confidence,True
559,Nectarios Triantis,Sunderland,7432,Reinildo,48.0,True,low name-match confidence,Trai Hume,Trai Hume,47.5,True,low name-match confidence,True
560,Wilson Isidor,Sunderland,7148,Wilson Isidor,100.0,False,,Wilson Isidor,Wilson Isidor,100.0,False,,False
561,Eliezer Mayenda Dossou,Sunderland,13718,Eliezer Mayenda,95.0,False,,Eliezer Mayenda,Eliezer Mayenda,95.0,False,,False
562,Ahmed Abdullahi,Sunderland,13713,Trai Hume,55.38461538461539,True,low name-match confidence,Trai Hume,Trai Hume,55.38461538461539,True,low name-match confidence,True
563,Luís Hemir Silva Semedo,Sunderland,13717,Chemsdine Talbi,49.87499999999999,True,low name-match confidence,Chemsdine Talbi,Chemsdine Talbi,49.87499999999999,True,low name-match confidence,True
564,Nazarii Rusyn,Sunderland,925,Patrick Roberts,42.85714285714286,True,low name-match confidence,Patrick Roberts,Patrick Roberts,42.85714285714286,True,low name-match confidence,True
668,Granit Xhaka,Sunderland,204,Granit Xhaka,100.0,False,,Granit Xhaka,Granit Xhaka,100.0,False,,False
670,Robin Roefs,Sunderland,13712,Robin Roefs,100.0,False,,Robin Roefs,Robin Roefs,100.0,False,,False
678,Arthur Masuaku,Sunderland,1760,Arthur Masuaku,100.0,False,,Arthur Masuaku,Arthur Masuaku,100.0,False,,False
683,Omar Alderete,Sunderland,8986,Omar Alderete,100.0,False,,Omar Alderete,Omar Alderete,100.0,False,,False
694,Nordi Mukiele,Sunderland,5659,Nordi Mukiele,100.0,False,,Nordi Mukiele,Nordi Mukiele,100.0,False,,False
724,Lutsharel Geertruida,Sunderland,13064,Lutsharel Geertruida,100.0,False,,Lutsharel Geertruida,Lutsharel Geertruida,100.0,False,,False
730,Brian Brobbey,Sunderland,9789,Brian Brobbey,100.0,False,,Brian Brobbey,Brian Brobbey,100.0,False,,False
735,Bertrand Traoré,Sunderland,695,Bertrand Traoré,100.0,False,,Bertrand Traoré,Bertrand Traoré,100.0,False,,False
774,Jenson Jones,Sunderland,13714,Jenson Seelt,66.66666666666667,True,low name-match confidence,Jenson Seelt,Jenson Seelt,66.66666666666667,True,low name-match confidence,True
775,Tymur Tutierov,Sunderland,11633,Marc Guiu,50.0,True,low name-match confidence,Marc Guiu,Marc Guiu,50.0,True,low name-match confidence,True
800,Djiamgone Jocelin Ta Bi,Sunderland,14460,Djiamgone Jocelin Ta Bi,100.0,False,,Jocelin Ta Bi,Jocelin Ta Bi,90.0,False,,False
812,Melker Ellborg,Sunderland,14425,Melker Ellborg,100.0,False,,Melker Ellborg,Melker Ellborg,100.0,False,,False
813,Nilson Angulo,Sunderland,14424,Nilson Angulo,100.0,False,,Nilson Angulo,Nilson Angulo,100.0,False,,False
821,Jack Whittaker,Sunderland,14460,Djiamgone Jocelin Ta Bi,42.75,True,low name-match confidence,Jocelin Ta Bi,Jocelin Ta Bi,44.44444444444444,True,low name-match confidence,True
822,Jaydon Jones,Sunderland,13720,Dan Neil,56.25,True,low name-match confidence,Dan Neil,Dan Neil,56.25,True,low name-match confidence,True
565,Guglielmo Vicario,Spurs,8858,Guglielmo Vicario,100.0,False,,Guglielmo Vicario,Guglielmo Vicario,100.0,False,,False
566,Brandon Austin,Spurs,9105,Radu Dragusin,66.66666666666667,True,low name-match confidence,Radu Drăgușin,Radu Drăgușin,66.66666666666667,True,low name-match confidence,True
567,Antonín Kinský,Spurs,13348,Antonín Kinsky,100.0,False,,Antonín Kinský,Antonín Kinský,100.0,False,,False
568,Pedro Porro Sauceda,Spurs,6912,Pedro Porro,90.0,False,,Pedro Porro,Pedro Porro,90.0,False,,False
569,Cristian Romero,Spurs,7218,Cristian Romero,100.0,False,,Cristian Romero,Cristian Romero,100.0,False,,False
570,Kevin Danso,Spurs,5261,Kevin Danso,100.0,False,,Kevin Danso,Kevin Danso,100.0,False,,False
571,Ben Davies,Spurs,660,Ben Davies,100.0,False,,Ben Davies,Ben Davies,100.0,False,,False
572,Radu Drăgușin,Spurs,9105,Radu Dragusin,100.0,False,,Radu Drăgușin,Radu Drăgușin,100.0,False,,False
573,Djed Spence,Spurs,10764,Djed Spence,100.0,False,,Djed Spence,Djed Spence,100.0,False,,False
574,Destiny Udogie,Spurs,8831,Iyenoma Destiny Udogie,90.0,False,,Destiny Udogie,Destiny Udogie,100.0,False,,False
575,Micky van de Ven,Spurs,10050,Micky van de Ven,100.0,False,,Micky van de Ven,Micky van de Ven,100.0,False,,False
576,Ashley Phillips,Spurs,9780,Mathys Tel,42.35294117647059,True,low name-match confidence,Mathys Tel,Mathys Tel,42.35294117647059,True,low name-match confidence,True
577,Takai Kōta,Spurs,5743,Randal Kolo Muani,47.36842105263159,True,low name-match confidence,Randal Kolo Muani,Randal Kolo Muani,47.36842105263159,True,low name-match confidence,True
578,Luka Vušković,Spurs,13224,Callum Olusesi,44.44444444444444,True,low name-match confidence,Callum Olusesi,Callum Olusesi,44.44444444444444,True,low name-match confidence,True
579,Son Heung-min,Spurs,14410,Souza,51.42857142857142,True,low name-match confidence,Souza,Souza,51.42857142857142,True,low name-match confidence,True
581,James Maddison,Spurs,6818,James Maddison,100.0,False,,James Maddison,James Maddison,100.0,False,,False
582,Mohammed Kudus,Spurs,12027,Mohammed Kudus,100.0,False,,Mohammed Kudus,Mohammed Kudus,100.0,False,,False
583,Dejan Kulusevski,Spurs,5261,Kevin Danso,56.29629629629629,True,low name-match confidence,Kevin Danso,Kevin Danso,56.29629629629629,True,low name-match confidence,True
584,Mathys Tel,Spurs,9780,Mathys Tel,100.0,False,,Mathys Tel,Mathys Tel,100.0,False,,False
585,Rodrigo Bentancur,Spurs,6108,Rodrigo Bentancur,100.0,False,,Rodrigo Bentancur,Rodrigo Bentancur,100.0,False,,False
586,Lucas Bergvall,Spurs,12912,Lucas Bergvall,100.0,False,,Lucas Bergvall,Lucas Bergvall,100.0,False,,False
587,Yves Bissouma,Spurs,5609,Yves Bissouma,100.0,False,,Yves Bissouma,Yves Bissouma,100.0,False,,False
588,Wilson Odobert,Spurs,10822,Wilson Odobert,100.0,False,,Wilson Odobert,Wilson Odobert,100.0,False,,False
589,Manor Solomon,Spurs,5743,Randal Kolo Muani,53.333333333333336,True,low name-match confidence,Randal Kolo Muani,Randal Kolo Muani,53.333333333333336,True,low name-match confidence,True
590,Bryan Gil Salvatierra,Spurs,10184,Archie Gray,50.0,True,low name-match confidence,Archie Gray,Archie Gray,50.0,True,low name-match confidence,True
591,Archie Gray,Spurs,10184,Archie Gray,100.0,False,,Archie Gray,Archie Gray,100.0,False,,False
592,Mikey Moore,Spurs,10050,Micky van de Ven,44.44444444444444,True,low name-match confidence,Micky van de Ven,Micky van de Ven,44.44444444444444,True,low name-match confidence,True
593,Pape Matar Sarr,Spurs,9021,Pape Sarr,85.5,False,,Pape Matar Sarr,Pape Matar Sarr,100.0,False,,False
594,Yang Min-hyeok,Spurs,13348,Antonín Kinsky,44.44444444444444,True,low name-match confidence,Antonín Kinský,Antonín Kinský,44.44444444444444,True,low name-match confidence,True
595,Callum Olusesi,Spurs,13224,Callum Olusesi,100.0,False,,Callum Olusesi,Callum Olusesi,100.0,False,,False
596,Dominic Solanke-Mitchell,Spurs,1679,Dominic Solanke,90.0,False,,Dominic Solanke,Dominic Solanke,90.0,False,,False
597,Richarlison de Andrade,Spurs,6026,Richarlison,90.0,False,,Richarlison,Richarlison,90.0,False,,False
598,Will Lankshear,Spurs,1679,Dominic Solanke,50.0,True,low name-match confidence,Dominic Solanke,Dominic Solanke,50.0,True,low name-match confidence,True
599,Dane Scarlett,Spurs,9332,Dane Scarlett,100.0,False,,Dane Scarlett,Dane Scarlett,100.0,False,,False
673,João Maria Lobo Alves Palhares Costa Palhinha Gonçalves,Spurs,10715,João Palhinha,85.5,False,,João Palhinha,João Palhinha,85.5,False,,False
717,Xavi Simons,Spurs,8700,Xavi Simons,100.0,False,,Xavi Simons,Xavi Simons,100.0,False,,False
726,Randal Kolo Muani,Spurs,5743,Randal Kolo Muani,100.0,False,,Randal Kolo Muani,Randal Kolo Muani,100.0,False,,False
745,Jun'ai Byfield,Spurs,14134,Jun&#039;ai Byfield,89.65517241379311,False,,Jun'ai Byfield,Jun'ai Byfield,100.0,False,,False
750,James Rowswell,Spurs,14176,James Rowswell,100.0,False,,James Rowswell,James Rowswell,100.0,False,,False
751,Yusuf Akhamrich,Spurs,14410,Souza,54.0,True,low name-match confidence,Souza,Souza,54.0,True,low name-match confidence,True
790,Lucá Williams-Barnett,Spurs,9332,Dane Scarlett,54.78260869565218,True,low name-match confidence,Dane Scarlett,Dane Scarlett,54.78260869565218,True,low name-match confidence,True
796,Conor Gallagher,Spurs,9040,Conor Gallagher,100.0,False,,Conor Gallagher,Conor Gallagher,100.0,False,,False
804,João Victor de Souza Menezes,Spurs,14410,Souza,90.0,False,,Souza,Souza,90.0,False,,False
811,Rio Kyerematen,Spurs,6108,Rodrigo Bentancur,45.16129032258065,True,low name-match confidence,Rodrigo Bentancur,Rodrigo Bentancur,45.16129032258065,True,low name-match confidence,True
818,James Wilson,Spurs,6818,James Maddison,76.92307692307692,True,low name-match confidence,James Maddison,James Maddison,76.92307692307692,True,low name-match confidence,True
326,Adama Traoré Diarra,West Ham,900,Adama Traoré,90.0,False,,Adama Traoré,Adama Traoré,90.0,False,,False
600,Alphonse Areola,West Ham,2310,Alphonse Areola,100.0,False,,Alphonse Areola,Alphonse Areola,100.0,False,,False
601,Wes Foderingham,West Ham,12948,Mateus Fernandes,51.61290322580645,True,low name-match confidence,Mateus Fernandes,Mateus Fernandes,51.61290322580645,True,low name-match confidence,True
602,Krisztián Hegyi,West Ham,6722,Konstantinos Mavropanos,45.0,True,low name-match confidence,Konstantinos Mavropanos,Konstantinos Mavropanos,45.0,True,low name-match confidence,True
603,El Hadji Malick Diouf,West Ham,13723,El Hadji Malick Diouf,100.0,False,,El Hadji Malick Diouf,El Hadji Malick Diouf,100.0,False,,False
604,Emerson Palmieri dos Santos,West Ham,13247,Ezra Mayers,56.25,True,low name-match confidence,Ezra Mayers,Ezra Mayers,56.25,True,low name-match confidence,True
605,Maximilian Kilman,West Ham,7332,Max Kilman,85.5,False,,Max Kilman,Max Kilman,85.5,False,,False
606,Konstantinos Mavropanos,West Ham,6722,Konstantinos Mavropanos,100.0,False,,Konstantinos Mavropanos,Konstantinos Mavropanos,100.0,False,,False
607,Nayef Aguerd,West Ham,6935,Naif Aguerd,86.95652173913044,False,,Nayef Aguerd,Nayef Aguerd,100.0,False,,False
608,Ollie Scarles,West Ham,12358,Oliver Scarles,88.88888888888889,False,,Oliver Scarles,Oliver Scarles,88.88888888888889,False,,False
609,Jean-Clair Todibo,West Ham,6816,Jean-Clair Todibo,100.0,False,,Jean-Clair Todibo,Jean-Clair Todibo,100.0,False,,False
610,Aaron Wan-Bissaka,West Ham,5584,Aaron Wan-Bissaka,100.0,False,,Aaron Wan-Bissaka,Aaron Wan-Bissaka,100.0,False,,False
611,Kaelan Casey,West Ham,10948,Valentín Castellanos,57.0,True,low name-match confidence,Valentín Castellanos,Valentín Castellanos,57.0,True,low name-match confidence,True
612,Lucas Tolentino Coelho de Lima,West Ham,7365,Lucas Paquetá,85.5,False,,Lucas Paquetá,Lucas Paquetá,85.5,False,,False
613,Tomáš Souček,West Ham,8288,Tomas Soucek,100.0,False,,Tomáš Souček,Tomáš Souček,100.0,False,,False
615,Crysencio Summerville,West Ham,9492,Crysencio Summerville,100.0,False,,Crysencio Summerville,Crysencio Summerville,100.0,False,,False
616,Edson Álvarez Velázquez,West Ham,14290,Pablo,48.857142857142854,True,low name-match confidence,Pablo,Pablo,48.857142857142854,True,low name-match confidence,True
617,Maxwel Cornet,West Ham,12948,Mateus Fernandes,48.275862068965516,True,low name-match confidence,Igor,Igor,48.857142857142854,True,low name-match confidence,True
618,Guido Rodríguez,West Ham,8267,Guido Rodríguez,100.0,False,,Guido Rodríguez,Guido Rodríguez,100.0,False,,False
619,Luis Guilherme Lira dos Santos,West Ham,13026,Luis Guilherme,90.0,False,,Luis Guilherme,Luis Guilherme,90.0,False,,False
620,George Earthy,West Ham,12474,George Earthy,100.0,False,,George Earthy,George Earthy,100.0,False,,False
621,Andy Irving,West Ham,12774,Andy Irving,100.0,False,,Andy Irving,Andy Irving,100.0,False,,False
622,Lewis Orford,West Ham,12948,Mateus Fernandes,42.85714285714286,True,low name-match confidence,Igor,Igor,51.42857142857142,True,low name-match confidence,True
623,Freddie Potts,West Ham,13724,Freddie Potts,100.0,False,,Freddie Potts,Freddie Potts,100.0,False,,False
624,Jarrod Bowen,West Ham,1776,Jarrod Bowen,100.0,False,,Jarrod Bowen,Jarrod Bowen,100.0,False,,False
625,Niclas Füllkrug,West Ham,6098,Niclas Füllkrug,100.0,False,,Niclas Füllkrug,Niclas Füllkrug,100.0,False,,False
626,Callum Marshall,West Ham,12359,Callum Marshall,100.0,False,,Callum Marshall,Callum Marshall,100.0,False,,False
659,Kyle Walker-Peters,West Ham,885,Kyle Walker-Peters,100.0,False,,Kyle Walker-Peters,Kyle Walker-Peters,100.0,False,,False
671,Callum Wilson,West Ham,468,Callum Wilson,100.0,False,,Callum Wilson,Callum Wilson,100.0,False,,False
679,Mads Hermansen,West Ham,12910,Mads Hermansen,100.0,False,,Mads Hermansen,Mads Hermansen,100.0,False,,False
708,Mateus Gonçalo Espanha Fernandes,West Ham,12948,Mateus Fernandes,85.5,False,,Mateus Fernandes,Mateus Fernandes,85.5,False,,False
718,Soungoutou Magassa,West Ham,10770,Soungoutou Magassa,100.0,False,,Soungoutou Magassa,Soungoutou Magassa,100.0,False,,False
738,Lukasz Fabianski,West Ham,7365,Lucas Paquetá,48.275862068965516,True,low name-match confidence,Lucas Paquetá,Lucas Paquetá,48.275862068965516,True,low name-match confidence,True
747,Ezra Mayers,West Ham,13247,Ezra Mayers,100.0,False,,Ezra Mayers,Ezra Mayers,100.0,False,,False
752,Airidas Golambeckis,West Ham,8288,Tomas Soucek,45.0,True,low name-match confidence,Igor,Igor,51.42857142857142,True,low name-match confidence,True
758,Mohamadou Kanté,West Ham,14219,Mohamadou Kanté,100.0,False,,Mohamadou Kanté,Mohamadou Kanté,100.0,False,,False
785,Pablo Felipe Pereira de Jesus,West Ham,14290,Pablo,90.0,False,,Pablo,Pablo,90.0,False,,False
791,Valentín Castellanos,West Ham,10948,Valentín Castellanos,100.0,False,,Valentín Castellanos,Valentín Castellanos,100.0,False,,False
802,Keiber Lamadrid,West Ham,13247,Ezra Mayers,46.15384615384615,True,low name-match confidence,Ezra Mayers,Ezra Mayers,46.15384615384615,True,low name-match confidence,True
815,Axel Disasi,West Ham,6885,Axel Disasi,100.0,False,,Axel Disasi,Axel Disasi,100.0,False,,False
825,Finlay Herrick,West Ham,13026,Luis Guilherme,40.714285714285715,True,low name-match confidence,Nayef Aguerd,Nayef Aguerd,46.15384615384615,True,low name-match confidence,True
627,Sam Johnstone,Wolves,978,Sam Johnstone,100.0,False,,Sam Johnstone,Sam Johnstone,100.0,False,,False
628,José Malheiro de Sá,Wolves,9740,José Sá,85.5,False,,José Sá,José Sá,85.5,False,,False
629,Daniel Bentley,Wolves,11361,Daniel Bentley,100.0,False,,Daniel Bentley,Daniel Bentley,100.0,False,,False
631,Emmanuel Agbadou,Wolves,10856,Emmanuel Agbadou,100.0,False,,Emmanuel Agbadou,Emmanuel Agbadou,100.0,False,,False
632,Matt Doherty,Wolves,6852,Matt Doherty,100.0,False,,Matt Doherty,Matt Doherty,100.0,False,,False
633,Hugo Bueno López,Wolves,10140,Hugo Bueno,90.0,False,,Hugo Bueno,Hugo Bueno,90.0,False,,False
634,Yerson Mosquera Valdelamar,Wolves,9958,Yerson Mosquera,90.0,False,,Yerson Mosquera,Yerson Mosquera,90.0,False,,False
635,Rodrigo Martins Gomes,Wolves,12756,Rodrigo Gomes,85.5,False,,João Gomes,João Gomes,85.5,False,,False
636,Santiago Ignacio Bueno,Wolves,10945,Santiago Bueno,85.5,False,,Hugo Bueno,Hugo Bueno,85.5,False,,False
637,Toti Gomes,Wolves,10293,Toti,90.0,False,,Toti Gomes,Toti Gomes,100.0,False,,False
638,Ki-Jana Hoever,Wolves,8351,Ki-Jana Hoever,100.0,False,,Ki-Jana Hoever,Ki-Jana Hoever,100.0,False,,False
639,Bastien Meupiyou Menadjou,Wolves,13484,Mateus Mané,51.42857142857142,True,low name-match confidence,Mateus Mane,Mateus Mane,51.42857142857142,True,low name-match confidence,True
640,Pedro Cardoso de Lima,Wolves,13156,Pedro Lima,85.5,False,,Pedro Lima,Pedro Lima,85.5,False,,False
641,Alfie Pond,Wolves,13022,André,51.42857142857142,True,low name-match confidence,André,André,51.42857142857142,True,low name-match confidence,True
642,Hwang Hee-chan,Wolves,8845,Hee-Chan Hwang,95.0,False,,Hwang Hee-chan,Hwang Hee-chan,100.0,False,,False
643,André Trindade da Costa Neto,Wolves,13022,André,90.0,False,,André,André,90.0,False,,False
644,Jean-Ricner Bellegarde,Wolves,7762,Jean-Ricner Bellegarde,100.0,False,,Jean-Ricner Bellegarde,Jean-Ricner Bellegarde,100.0,False,,False
645,Fer López González,Wolves,13200,Fernando López,100.0,False,,Fer López,Fer López,90.0,False,,False
646,João Victor Gomes da Silva,Wolves,12756,Rodrigo Gomes,85.5,False,,João Gomes,João Gomes,85.5,False,,False
647,Gonçalo Manuel Ganchinho Guedes,Wolves,10856,Emmanuel Agbadou,56.25,True,low name-match confidence,Emmanuel Agbadou,Emmanuel Agbadou,56.25,True,low name-match confidence,True
648,Marshall Munetsi,Wolves,7908,Marshall Munetsi,100.0,False,,Marshall Munetsi,Marshall Munetsi,100.0,False,,False
649,Boubacar Traoré,Wolves,13022,André,60.00000000000001,True,low name-match confidence,André,André,60.00000000000001,True,low name-match confidence,True
650,Tawanda Chirewa,Wolves,12234,Tawanda Chirewa,100.0,False,,Tawanda Chirewa,Tawanda Chirewa,100.0,False,,False
651,Tom Edozie,Wolves,13220,Tom Edozie,100.0,False,,Tom Edozie,Tom Edozie,100.0,False,,False
652,Enso González Medina,Wolves,10140,Hugo Bueno,60.35294117647058,True,low name-match confidence,Hugo Bueno,Hugo Bueno,60.35294117647058,True,low name-match confidence,True
653,Joe Hodge,Wolves,9740,José Sá,65.45454545454547,True,low name-match confidence,José Sá,José Sá,65.45454545454547,True,low name-match confidence,True
655,Fábio Soares Silva,Wolves,13022,André,57.0,True,low name-match confidence,André,André,57.0,True,low name-match confidence,True
656,Saša Kalajdžić,Wolves,8812,Sasa Kalajdzic,100.0,False,,Saša Kalajdžić,Saša Kalajdžić,100.0,False,,False
657,Leon Chiwome,Wolves,11384,João Gomes,45.45454545454546,True,low name-match confidence,João Gomes,João Gomes,45.45454545454546,True,low name-match confidence,True
658,Nathan Fraser,Wolves,13022,André,54.0,True,low name-match confidence,André,André,54.0,True,low name-match confidence,True
663,Jhon Arias,Wolves,13741,Jhon Arias,100.0,False,,Jhon Arias,Jhon Arias,100.0,False,,False
682,David Møller Wolfe,Wolves,13740,David Møller Wolfe,100.0,False,,David Møller Wolfe,David Møller Wolfe,100.0,False,,False
695,Jackson Tchatchoua,Wolves,12113,Jackson Tchatchoua,100.0,False,,Jackson Tchatchoua,Jackson Tchatchoua,100.0,False,,False
709,Ladislav Krejcí,Wolves,12721,Ladislav Krejcí,100.0,False,,Ladislav Krejčí,Ladislav Krejčí,100.0,False,,False
720,Tolu Arokodare,Wolves,8875,Tolu Arokodare,100.0,False,,Tolu Arokodare,Tolu Arokodare,100.0,False,,False
749,Mateus Mané,Wolves,13484,Mateus Mané,100.0,False,,Mateus Mane,Mateus Mane,100.0,False,,False
766,Saheed Olagunju,Wolves,9740,José Sá,48.857142857142854,True,low name-match confidence,José Sá,José Sá,48.857142857142854,True,low name-match confidence,True
767,Luke Rawlings,Wolves,10945,Santiago Bueno,42.22222222222222,True,low name-match confidence,Santiago Bueno,Santiago Bueno,42.22222222222222,True,low name-match confidence,True
777,Temple Ojinnaka,Wolves,10293,Toti,48.857142857142854,True,low name-match confidence,Pedro Lima,Pedro Lima,45.0,True,low name-match confidence,True
778,Ethan Sutherland,Wolves,13022,André,67.5,True,low name-match confidence,André,André,67.5,True,low name-match confidence,True
809,Jerome Abbey,Wolves,14394,Jerome Abbey,100.0,False,,Jerome Abbey,Jerome Abbey,100.0,False,,False
816,Angel Gomes,Wolves,5598,Angel Gomes,100.0,False,,Angel Gomes,Angel Gomes,100.0,False,,False
817,Adam Armstrong,Wolves,4419,Adam Armstrong,100.0,False,,Adam Armstrong,Adam Armstrong,100.0,False,,False
828,Alfie Brooks,Wolves,5598,Angel Gomes,43.47826086956522,True,low name-match confidence,Angel Gomes,Angel Gomes,43.47826086956522,True,low name-match confidence,True
831,Josh Gracey,Wolves,9740,José Sá,60.00000000000001,True,low name-match confidence,José Sá,José Sá,60.00000000000001,True,low name-match confidence,True
