player_id,gameweek,position
1,1,GK
1,2,GK
1,3,GK
1,4,GK
1,5,GK
1,6,GK
1,7,GK
1,8,GK
1,9,GK
1,10,GK
1,11,GK
1,12,GK
1,13,GK
1,14,GK
1,15,GK
1,16,GK
1,17,GK
1,18,GK
1,19,GK
1,20,GK
1,21,GK
1,22,GK
1,23,GK
1,24,GK
1,25,GK
1,26,GK
1,27,GK
1,28,GK
1,29,GK
1,30,GK
1,32,GK
1,33,GK
1,34,GK
1,35,GK
1,36,GK
1,37,GK
1,38,GK
2,1,GK
2,2,GK
2,3,GK
2,4,GK
2,5,GK
2,6,GK
2,7,GK
2,8,GK
2,9,GK
2,10,GK
2,11,GK
2,12,GK
2,13,GK
2,14,GK
2,15,GK
2,16,GK
2,17,GK
2,18,GK
2,19,GK
2,20,GK
2,21,GK
2,22,GK
2,23,GK
2,24,GK
2,25,GK
2,26,GK
2,27,GK
2,28,GK
2,29,GK
2,30,GK
2,32,GK
2,33,GK
2,34,GK
2,35,GK
2,36,GK
2,37,GK
2,38,GK
3,1,GK
3,2,GK
3,3,GK
3,4,GK
3,5,GK
3,6,GK
3,7,GK
3,8,GK
3,9,GK
3,10,GK
3,11,GK
3,12,GK
3,13,GK
3,14,GK
3,15,GK
3,16,GK
3,17,GK
3,18,GK
3,19,GK
3,20,GK
3,21,GK
3,22,GK
3,23,GK
3,24,GK
3,25,GK
3,26,GK
3,27,GK
3,28,GK
3,29,GK
3,30,GK
3,32,GK
3,33,GK
3,34,GK
3,35,GK
3,36,GK
3,37,GK
3,38,GK
4,1,GK
4,2,GK
4,3,GK
4,4,GK
4,5,GK
4,6,GK
4,7,GK
4,8,GK
4,9,GK
4,10,GK
4,11,GK
4,12,GK
4,13,GK
4,14,GK
4,15,GK
4,16,GK
4,17,GK
4,18,GK
4,19,GK
4,20,GK
4,21,GK
4,22,GK
4,23,GK
4,24,GK
4,25,GK
4,26,GK
4,27,GK
4,28,GK
4,29,GK
4,30,GK
4,32,GK
4,33,GK
4,34,GK
4,35,GK
4,36,GK
4,37,GK
4,38,GK
5,1,DEF
5,2,DEF
5,3,DEF
5,4,DEF
5,5,DEF
5,6,DEF
5,7,DEF
5,8,DEF
5,9,DEF
5,10,DEF
5,11,DEF
5,12,DEF
5,13,DEF
5,14,DEF
5,15,DEF
5,16,DEF
5,17,DEF
5,18,DEF
5,19,DEF
5,20,DEF
5,21,DEF
5,22,DEF
5,23,DEF
5,24,DEF
5,25,DEF
5,26,DEF
5,27,DEF
5,28,DEF
5,29,DEF
5,30,DEF
5,32,DEF
5,33,DEF
5,34,DEF
5,35,DEF
5,36,DEF
5,37,DEF
5,38,DEF
6,1,DEF
6,2,DEF
6,3,DEF
6,4,DEF
6,5,DEF
6,6,DEF
6,7,DEF
6,8,DEF
6,9,DEF
6,10,DEF
6,11,DEF
6,12,DEF
6,13,DEF
6,14,DEF
6,15,DEF
6,16,DEF
6,17,DEF
6,18,DEF
6,19,DEF
6,20,DEF
6,21,DEF
6,22,DEF
6,23,DEF
6,24,DEF
6,25,DEF
6,26,DEF
6,27,DEF
6,28,DEF
6,29,DEF
6,30,DEF
6,32,DEF
6,33,DEF
6,34,DEF
6,35,DEF
6,36,DEF
6,37,DEF
6,38,DEF
7,1,DEF
7,2,DEF
7,3,DEF
7,4,DEF
7,5,DEF
7,6,DEF
7,7,DEF
7,8,DEF
7,9,DEF
7,10,DEF
7,11,DEF
7,12,DEF
7,13,DEF
7,14,DEF
7,15,DEF
7,16,DEF
7,17,DEF
7,18,DEF
7,19,DEF
7,20,DEF
7,21,DEF
7,22,DEF
7,23,DEF
7,24,DEF
7,25,DEF
7,26,DEF
7,27,DEF
7,28,DEF
7,29,DEF
7,30,DEF
7,32,DEF
7,33,DEF
7,34,DEF
7,35,DEF
7,36,DEF
7,37,DEF
7,38,DEF
8,1,DEF
8,2,DEF
8,3,DEF
8,4,DEF
8,5,DEF
8,6,DEF
8,7,DEF
8,8,DEF
8,9,DEF
8,10,DEF
8,11,DEF
8,12,DEF
8,13,DEF
8,14,DEF
8,15,DEF
8,16,DEF
8,17,DEF
8,18,DEF
8,19,DEF
8,20,DEF
8,21,DEF
8,22,DEF
8,23,DEF
8,24,DEF
8,25,DEF
8,26,DEF
8,27,DEF
8,28,DEF
8,29,DEF
8,30,DEF
8,32,DEF
8,33,DEF
8,34,DEF
8,35,DEF
8,36,DEF
8,37,DEF
8,38,DEF
9,1,DEF
9,2,DEF
9,3,DEF
9,4,DEF
9,5,DEF
9,6,DEF
9,7,DEF
9,8,DEF
9,9,DEF
9,10,DEF
9,11,DEF
9,12,DEF
9,13,DEF
9,14,DEF
9,15,DEF
9,16,DEF
9,17,DEF
9,18,DEF
9,19,DEF
9,20,DEF
9,21,DEF
9,22,DEF
9,23,DEF
9,24,DEF
9,25,DEF
9,26,DEF
9,27,DEF
9,28,DEF
9,29,DEF
9,30,DEF
9,32,DEF
9,33,DEF
9,34,DEF
9,35,DEF
9,36,DEF
9,37,DEF
9,38,DEF
10,1,DEF
10,2,DEF
10,3,DEF
10,4,DEF
10,5,DEF
10,6,DEF
10,7,DEF
10,8,DEF
10,9,DEF
10,10,DEF
10,11,DEF
10,12,DEF
10,13,DEF
10,14,DEF
10,15,DEF
10,16,DEF
10,17,DEF
10,18,DEF
10,19,DEF
10,20,DEF
10,21,DEF
10,22,DEF
10,23,DEF
10,24,DEF
10,25,DEF
10,26,DEF
10,27,DEF
10,28,DEF
10,29,DEF
10,30,DEF
10,32,DEF
10,33,DEF
10,34,DEF
10,35,DEF
10,36,DEF
10,37,DEF
10,38,DEF
11,1,DEF
11,2,DEF
11,3,DEF
11,4,DEF
11,5,DEF
11,6,DEF
11,7,DEF
11,8,DEF
11,9,DEF
11,10,DEF
11,11,DEF
11,12,DEF
11,13,DEF
11,14,DEF
11,15,DEF
11,16,DEF
11,17,DEF
11,18,DEF
11,19,DEF
11,20,DEF
11,21,DEF
11,22,DEF
11,23,DEF
11,24,DEF
11,25,DEF
11,26,DEF
11,27,DEF
11,28,DEF
11,29,DEF
11,30,DEF
11,32,DEF
11,33,DEF
11,34,DEF
11,35,DEF
11,36,DEF
11,37,DEF
11,38,DEF
13,1,DEF
13,2,DEF
13,3,DEF
13,4,DEF
13,5,DEF
13,6,DEF
13,7,DEF
13,8,DEF
13,9,DEF
13,10,DEF
13,11,DEF
13,12,DEF
13,13,DEF
13,14,DEF
13,15,DEF
13,16,DEF
13,17,DEF
13,18,DEF
13,19,DEF
13,20,DEF
13,21,DEF
13,22,DEF
13,23,DEF
13,24,DEF
13,25,DEF
13,26,DEF
13,27,DEF
13,28,DEF
13,29,DEF
13,30,DEF
13,32,DEF
13,33,DEF
13,34,DEF
13,35,DEF
13,36,DEF
13,37,DEF
13,38,DEF
14,1,DEF
14,2,DEF
14,3,DEF
14,4,DEF
14,5,DEF
14,6,DEF
14,7,DEF
14,8,DEF
14,9,DEF
14,10,DEF
14,11,DEF
14,12,DEF
14,13,DEF
14,14,DEF
14,15,DEF
14,16,DEF
14,17,DEF
14,18,DEF
14,19,DEF
14,20,DEF
14,21,DEF
14,22,DEF
14,23,DEF
14,24,DEF
14,25,DEF
14,26,DEF
14,27,DEF
14,28,DEF
14,29,DEF
14,30,DEF
14,32,DEF
14,33,DEF
14,34,DEF
14,35,DEF
14,36,DEF
14,37,DEF
14,38,DEF
15,1,DEF
15,2,DEF
15,3,DEF
15,4,DEF
15,5,DEF
15,6,DEF
15,7,DEF
15,8,DEF
15,9,DEF
15,10,DEF
15,11,DEF
15,12,DEF
15,13,DEF
15,14,DEF
15,15,DEF
15,16,DEF
15,17,DEF
15,18,DEF
15,19,DEF
15,20,DEF
15,21,DEF
15,22,DEF
15,23,DEF
15,24,DEF
15,25,DEF
15,26,DEF
15,27,DEF
15,28,DEF
15,29,DEF
15,30,DEF
15,32,DEF
15,33,DEF
15,34,DEF
15,35,DEF
15,36,DEF
15,37,DEF
15,38,DEF
16,1,MID
16,2,MID
16,3,MID
16,4,MID
16,5,MID
16,6,MID
16,7,MID
16,8,MID
16,9,MID
16,10,MID
16,11,MID
16,12,MID
16,13,MID
16,14,MID
16,15,MID
16,16,MID
16,17,MID
16,18,MID
16,19,MID
16,20,MID
16,21,MID
16,22,MID
16,23,MID
16,24,MID
16,25,MID
16,26,MID
16,27,MID
16,28,MID
16,29,MID
16,30,MID
16,32,MID
16,33,MID
16,34,MID
16,35,MID
16,36,MID
16,37,MID
16,38,MID
17,1,MID
17,2,MID
17,3,MID
17,4,MID
17,5,MID
17,6,MID
17,7,MID
17,8,MID
17,9,MID
17,10,MID
17,11,MID
17,12,MID
17,13,MID
17,14,MID
17,15,MID
17,16,MID
17,17,MID
17,18,MID
17,19,MID
17,20,MID
17,21,MID
17,22,MID
17,23,MID
17,24,MID
17,25,MID
17,26,MID
17,27,MID
17,28,MID
17,29,MID
17,30,MID
17,32,MID
17,33,MID
17,34,MID
17,35,MID
17,36,MID
17,37,MID
17,38,MID
18,1,MID
18,2,MID
18,3,MID
18,4,MID
18,5,MID
18,6,MID
18,7,MID
18,8,MID
18,9,MID
18,10,MID
18,11,MID
18,12,MID
18,13,MID
18,14,MID
18,15,MID
18,16,MID
18,17,MID
18,18,MID
18,19,MID
18,20,MID
18,21,MID
18,22,MID
18,23,MID
18,24,MID
18,25,MID
18,26,MID
18,27,MID
18,28,MID
18,29,MID
18,30,MID
18,32,MID
18,33,MID
18,34,MID
18,35,MID
18,36,MID
18,37,MID
18,38,MID
19,1,MID
19,2,MID
19,3,MID
19,4,MID
19,5,MID
19,6,MID
19,7,MID
19,8,MID
19,9,MID
19,10,MID
19,11,MID
19,12,MID
19,13,MID
19,14,MID
19,15,MID
19,16,MID
19,17,MID
19,18,MID
19,19,MID
19,20,MID
19,21,MID
19,22,MID
19,23,MID
19,24,MID
19,25,MID
19,26,MID
19,27,MID
19,28,MID
19,29,MID
19,30,MID
19,32,MID
19,33,MID
19,34,MID
19,35,MID
19,36,MID
19,37,MID
19,38,MID
20,1,MID
20,2,MID
20,3,MID
20,4,MID
20,5,MID
20,6,MID
20,7,MID
20,8,MID
20,9,MID
20,10,MID
20,11,MID
20,12,MID
20,13,MID
20,14,MID
20,15,MID
20,16,MID
20,17,MID
20,18,MID
20,19,MID
20,20,MID
20,21,MID
20,22,MID
20,23,MID
20,24,MID
20,25,MID
20,26,MID
20,27,MID
20,28,MID
20,29,MID
20,30,MID
20,32,MID
20,33,MID
20,34,MID
20,35,MID
20,36,MID
20,37,MID
20,38,MID
21,1,MID
21,2,MID
21,3,MID
21,4,MID
21,5,MID
21,6,MID
21,7,MID
21,8,MID
21,9,MID
21,10,MID
21,11,MID
21,12,MID
21,13,MID
21,14,MID
21,15,MID
21,16,MID
21,17,MID
21,18,MID
21,19,MID
21,20,MID
21,21,MID
21,22,MID
21,23,MID
21,24,MID
21,25,MID
21,26,MID
21,27,MID
21,28,MID
21,29,MID
21,30,MID
21,32,MID
21,33,MID
21,34,MID
21,35,MID
21,36,MID
21,37,MID
21,38,MID
22,1,MID
22,2,MID
22,3,MID
22,4,MID
22,5,MID
22,6,MID
22,7,MID
22,8,MID
22,9,MID
22,10,MID
22,11,MID
22,12,MID
22,13,MID
22,14,MID
22,15,MID
22,16,MID
22,17,MID
22,18,MID
22,19,MID
22,20,MID
22,21,MID
22,22,MID
22,23,MID
22,24,MID
22,25,MID
22,26,MID
22,27,MID
22,28,MID
22,29,MID
22,30,MID
22,32,MID
22,33,MID
22,34,MID
22,35,MID
22,36,MID
22,37,MID
22,38,MID
23,1,MID
23,2,MID
23,3,MID
23,4,MID
23,5,MID
23,6,MID
23,7,MID
23,8,MID
23,9,MID
23,10,MID
23,11,MID
23,12,MID
23,13,MID
23,14,MID
23,15,MID
23,16,MID
23,17,MID
23,18,MID
23,19,MID
23,20,MID
23,21,MID
23,22,MID
23,23,MID
23,24,MID
23,25,MID
23,26,MID
23,27,MID
23,28,MID
23,29,MID
23,30,MID
23,32,MID
23,33,MID
23,34,MID
23,35,MID
23,36,MID
23,37,MID
23,38,MID
24,1,MID
24,2,MID
24,3,MID
24,4,MID
24,5,MID
24,6,MID
24,7,MID
24,8,MID
24,9,MID
24,10,MID
24,11,MID
24,12,MID
24,13,MID
24,14,MID
24,15,MID
24,16,MID
24,17,MID
24,18,MID
24,19,MID
24,20,MID
24,21,MID
24,22,MID
24,23,MID
24,24,MID
24,25,MID
24,26,MID
24,27,MID
24,28,MID
24,29,MID
24,30,MID
24,32,MID
24,33,MID
24,34,MID
24,35,MID
24,36,MID
24,37,MID
24,38,MID
25,1,MID
25,2,MID
25,3,MID
25,4,MID
25,5,MID
25,6,MID
25,7,MID
25,8,MID
25,9,MID
25,10,MID
25,11,MID
25,12,MID
25,13,MID
25,14,MID
25,15,MID
25,16,MID
25,17,MID
25,18,MID
25,19,MID
25,20,MID
25,21,MID
25,22,MID
25,23,MID
25,24,MID
25,25,MID
25,26,MID
25,27,MID
25,28,MID
25,29,MID
25,30,MID
25,32,MID
25,33,MID
25,34,MID
25,35,MID
25,36,MID
25,37,MID
25,38,MID
26,1,MID
26,2,MID
26,3,MID
26,4,MID
26,5,MID
26,6,MID
26,7,MID
26,8,MID
26,9,MID
26,10,MID
26,11,MID
26,12,MID
26,13,MID
26,14,MID
26,15,MID
26,16,MID
26,17,MID
26,18,MID
26,19,MID
26,20,MID
26,21,MID
26,22,MID
26,23,MID
26,24,MID
26,25,MID
26,26,MID
26,27,MID
26,28,MID
26,29,MID
26,30,MID
26,32,MID
26,33,MID
26,34,MID
26,35,MID
26,36,MID
26,37,MID
26,38,MID
28,1,MID
28,2,MID
28,3,MID
28,4,MID
28,5,MID
28,6,MID
28,7,MID
28,8,MID
28,9,MID
28,10,MID
28,11,MID
28,12,MID
28,13,MID
28,14,MID
28,15,MID
28,16,MID
28,17,MID
28,18,MID
28,19,MID
28,20,MID
28,21,MID
28,22,MID
28,23,MID
28,24,MID
28,25,MID
28,26,MID
28,27,MID
28,28,MID
28,29,MID
28,30,MID
28,32,MID
28,33,MID
28,34,MID
28,35,MID
28,36,MID
28,37,MID
28,38,MID
29,1,MID
29,2,MID
29,3,MID
29,4,MID
29,5,MID
29,6,MID
29,7,MID
29,8,MID
29,9,MID
29,10,MID
29,11,MID
29,12,MID
29,13,MID
29,14,MID
29,15,MID
29,16,MID
29,17,MID
29,18,MID
29,19,MID
29,20,MID
29,21,MID
29,22,MID
29,23,MID
29,24,MID
29,25,MID
29,26,MID
29,27,MID
29,28,MID
29,29,MID
29,30,MID
29,32,MID
29,33,MID
29,34,MID
29,35,MID
29,36,MID
29,37,MID
29,38,MID
30,1,FWD
30,2,FWD
30,3,FWD
30,4,FWD
30,5,FWD
30,6,FWD
30,7,FWD
30,8,FWD
30,9,FWD
30,10,FWD
30,11,FWD
30,12,FWD
30,13,FWD
30,14,FWD
30,15,FWD
30,16,FWD
30,17,FWD
30,18,FWD
30,19,FWD
30,20,FWD
30,21,FWD
30,22,FWD
30,23,FWD
30,24,FWD
30,25,FWD
30,26,FWD
30,27,FWD
30,28,FWD
30,29,FWD
30,30,FWD
30,32,FWD
30,33,FWD
30,34,FWD
30,35,FWD
30,36,FWD
30,37,FWD
30,38,FWD
31,1,FWD
31,2,FWD
31,3,FWD
31,4,FWD
31,5,FWD
31,6,FWD
31,7,FWD
31,8,FWD
31,9,FWD
31,10,FWD
31,11,FWD
31,12,FWD
31,13,FWD
31,14,FWD
31,15,FWD
31,16,FWD
31,17,FWD
31,18,FWD
31,19,FWD
31,20,FWD
31,21,FWD
31,22,FWD
31,23,FWD
31,24,FWD
31,25,FWD
31,26,FWD
31,27,FWD
31,28,FWD
31,29,FWD
31,30,FWD
31,32,FWD
31,33,FWD
31,34,FWD
31,35,FWD
31,36,FWD
31,37,FWD
31,38,FWD
266,1,MID
266,2,MID
266,3,MID
266,4,MID
266,5,MID
266,6,MID
266,7,MID
266,8,MID
266,9,MID
266,10,MID
266,11,MID
266,12,MID
266,13,MID
266,14,MID
266,15,MID
266,16,MID
266,17,MID
266,18,MID
266,19,MID
266,20,MID
266,21,MID
266,22,MID
266,23,MID
266,24,MID
266,25,MID
266,26,MID
266,27,MID
266,28,MID
266,29,MID
266,30,MID
266,32,MID
266,33,MID
266,34,MID
266,35,MID
266,36,MID
266,37,MID
266,38,MID
662,1,DEF
662,2,DEF
662,3,DEF
662,4,DEF
662,5,DEF
662,6,DEF
662,7,DEF
662,8,DEF
662,9,DEF
662,10,DEF
662,11,DEF
662,12,DEF
662,13,DEF
662,14,DEF
662,15,DEF
662,16,DEF
662,17,DEF
662,18,DEF
662,19,DEF
662,20,DEF
662,21,DEF
662,22,DEF
662,23,DEF
662,24,DEF
662,25,DEF
662,26,DEF
662,27,DEF
662,28,DEF
662,29,DEF
662,30,DEF
662,32,DEF
662,33,DEF
662,34,DEF
662,35,DEF
662,36,DEF
662,37,DEF
662,38,DEF
666,1,FWD
666,2,FWD
666,3,FWD
666,4,FWD
666,5,FWD
666,6,FWD
666,7,FWD
666,8,FWD
666,9,FWD
666,10,FWD
666,11,FWD
666,12,FWD
666,13,FWD
666,14,FWD
666,15,FWD
666,16,FWD
666,17,FWD
666,18,FWD
666,19,FWD
666,20,FWD
666,21,FWD
666,22,FWD
666,23,FWD
666,24,FWD
666,25,FWD
666,26,FWD
666,27,FWD
666,28,FWD
666,29,FWD
666,30,FWD
666,32,FWD
666,33,FWD
666,34,FWD
666,35,FWD
666,36,FWD
666,37,FWD
666,38,FWD
700,2,MID
700,3,MID
700,4,MID
700,5,MID
700,6,MID
700,7,MID
700,8,MID
700,9,MID
700,10,MID
700,11,MID
700,12,MID
700,13,MID
700,14,MID
700,15,MID
700,16,MID
700,17,MID
700,18,MID
700,19,MID
700,20,MID
700,21,MID
700,22,MID
700,23,MID
700,24,MID
700,25,MID
700,26,MID
700,27,MID
700,28,MID
700,29,MID
700,30,MID
700,32,MID
700,33,MID
700,34,MID
700,35,MID
700,36,MID
700,37,MID
700,38,MID
711,3,MID
711,4,MID
711,5,MID
711,6,MID
711,7,MID
711,8,MID
711,9,MID
711,10,MID
711,11,MID
711,12,MID
711,13,MID
711,14,MID
711,15,MID
711,16,MID
711,17,MID
711,18,MID
711,19,MID
711,20,MID
711,21,MID
711,22,MID
711,23,MID
711,24,MID
711,25,MID
711,26,MID
711,27,MID
711,28,MID
711,29,MID
711,30,MID
711,32,MID
711,33,MID
711,34,MID
711,35,MID
711,36,MID
711,37,MID
711,38,MID
725,4,DEF
725,5,DEF
725,6,DEF
725,7,DEF
725,8,DEF
725,9,DEF
725,10,DEF
725,11,DEF
725,12,DEF
725,13,DEF
725,14,DEF
725,15,DEF
725,16,DEF
725,17,DEF
725,18,DEF
725,19,DEF
725,20,DEF
725,21,DEF
725,22,DEF
725,23,DEF
725,24,DEF
725,25,DEF
725,26,DEF
725,27,DEF
725,28,DEF
725,29,DEF
725,30,DEF
725,32,DEF
725,33,DEF
725,34,DEF
725,35,DEF
725,36,DEF
725,37,DEF
725,38,DEF
759,15,DEF
759,16,DEF
759,17,DEF
759,18,DEF
759,19,DEF
759,20,DEF
759,21,DEF
759,22,DEF
759,23,DEF
759,24,DEF
759,25,DEF
759,26,DEF
759,27,DEF
759,28,DEF
759,29,DEF
759,30,DEF
759,32,DEF
759,33,DEF
759,34,DEF
759,35,DEF
759,36,DEF
759,37,DEF
759,38,DEF
32,1,GK
32,2,GK
32,3,GK
32,4,GK
32,5,GK
32,6,GK
32,7,GK
32,8,GK
32,9,GK
32,10,GK
32,11,GK
32,12,GK
32,13,GK
32,14,GK
32,15,GK
32,16,GK
32,17,GK
32,18,GK
32,19,GK
32,20,GK
32,21,GK
32,22,GK
32,23,GK
32,24,GK
32,25,GK
32,26,GK
32,27,GK
32,28,GK
32,29,GK
32,30,GK
32,31,GK
32,32,GK
32,33,GK
32,34,GK
32,35,GK
32,36,GK
32,37,GK
32,38,GK
33,1,GK
33,2,GK
33,3,GK
33,4,GK
33,5,GK
33,6,GK
33,7,GK
33,8,GK
33,9,GK
33,10,GK
33,11,GK
33,12,GK
33,13,GK
33,14,GK
33,15,GK
33,16,GK
33,17,GK
33,18,GK
33,19,GK
33,20,GK
33,21,GK
33,22,GK
33,23,GK
33,24,GK
33,25,GK
33,26,GK
33,27,GK
33,28,GK
33,29,GK
33,30,GK
33,31,GK
33,32,GK
33,33,GK
33,34,GK
33,35,GK
33,36,GK
33,37,GK
33,38,GK
34,1,GK
34,2,GK
34,3,GK
34,4,GK
34,5,GK
34,6,GK
34,7,GK
34,8,GK
34,9,GK
34,10,GK
34,11,GK
34,12,GK
34,13,GK
34,14,GK
34,15,GK
34,16,GK
34,17,GK
34,18,GK
34,19,GK
34,20,GK
34,21,GK
34,22,GK
34,23,GK
34,24,GK
34,25,GK
34,26,GK
34,27,GK
34,28,GK
34,29,GK
34,30,GK
34,31,GK
34,32,GK
34,33,GK
34,34,GK
34,35,GK
34,36,GK
34,37,GK
34,38,GK
35,1,GK
35,2,GK
35,3,GK
35,4,GK
35,5,GK
35,6,GK
35,7,GK
35,8,GK
35,9,GK
35,10,GK
35,11,GK
35,12,GK
35,13,GK
35,14,GK
35,15,GK
35,16,GK
35,17,GK
35,18,GK
35,19,GK
35,20,GK
35,21,GK
35,22,GK
35,23,GK
35,24,GK
35,25,GK
35,26,GK
35,27,GK
35,28,GK
35,29,GK
35,30,GK
35,31,GK
35,32,GK
35,33,GK
35,34,GK
35,35,GK
35,36,GK
35,37,GK
35,38,GK
36,1,DEF
36,2,DEF
36,3,DEF
36,4,DEF
36,5,DEF
36,6,DEF
36,7,DEF
36,8,DEF
36,9,DEF
36,10,DEF
36,11,DEF
36,12,DEF
36,13,DEF
36,14,DEF
36,15,DEF
36,16,DEF
36,17,DEF
36,18,DEF
36,19,DEF
36,20,DEF
36,21,DEF
36,22,DEF
36,23,DEF
36,24,DEF
36,25,DEF
36,26,DEF
36,27,DEF
36,28,DEF
36,29,DEF
36,30,DEF
36,31,DEF
36,32,DEF
36,33,DEF
36,34,DEF
36,35,DEF
36,36,DEF
36,37,DEF
36,38,DEF
37,1,DEF
37,2,DEF
37,3,DEF
37,4,DEF
37,5,DEF
37,6,DEF
37,7,DEF
37,8,DEF
37,9,DEF
37,10,DEF
37,11,DEF
37,12,DEF
37,13,DEF
37,14,DEF
37,15,DEF
37,16,DEF
37,17,DEF
37,18,DEF
37,19,DEF
37,20,DEF
37,21,DEF
37,22,DEF
37,23,DEF
37,24,DEF
37,25,DEF
37,26,DEF
37,27,DEF
37,28,DEF
37,29,DEF
37,30,DEF
37,31,DEF
37,32,DEF
37,33,DEF
37,34,DEF
37,35,DEF
37,36,DEF
37,37,DEF
37,38,DEF
38,1,DEF
38,2,DEF
38,3,DEF
38,4,DEF
38,5,DEF
38,6,DEF
38,7,DEF
38,8,DEF
38,9,DEF
38,10,DEF
38,11,DEF
38,12,DEF
38,13,DEF
38,14,DEF
38,15,DEF
38,16,DEF
38,17,DEF
38,18,DEF
38,19,DEF
38,20,DEF
38,21,DEF
38,22,DEF
38,23,DEF
38,24,DEF
38,25,DEF
38,26,DEF
38,27,DEF
38,28,DEF
38,29,DEF
38,30,DEF
38,31,DEF
38,32,DEF
38,33,DEF
38,34,DEF
38,35,DEF
38,36,DEF
38,37,DEF
38,38,DEF
39,1,DEF
39,2,DEF
39,3,DEF
39,4,DEF
39,5,DEF
39,6,DEF
39,7,DEF
39,8,DEF
39,9,DEF
39,10,DEF
39,11,DEF
39,12,DEF
39,13,DEF
39,14,DEF
39,15,DEF
39,16,DEF
39,17,DEF
39,18,DEF
39,19,DEF
39,20,DEF
39,21,DEF
39,22,DEF
39,23,DEF
39,24,DEF
39,25,DEF
39,26,DEF
39,27,DEF
39,28,DEF
39,29,DEF
39,30,DEF
39,31,DEF
39,32,DEF
39,33,DEF
39,34,DEF
39,35,DEF
39,36,DEF
39,37,DEF
39,38,DEF
40,1,DEF
40,2,DEF
40,3,DEF
40,4,DEF
40,5,DEF
40,6,DEF
40,7,DEF
40,8,DEF
40,9,DEF
40,10,DEF
40,11,DEF
40,12,DEF
40,13,DEF
40,14,DEF
40,15,DEF
40,16,DEF
40,17,DEF
40,18,DEF
40,19,DEF
40,20,DEF
40,21,DEF
40,22,DEF
40,23,DEF
40,24,DEF
40,25,DEF
40,26,DEF
40,27,DEF
40,28,DEF
40,29,DEF
40,30,DEF
40,31,DEF
40,32,DEF
40,33,DEF
40,34,DEF
40,35,DEF
40,36,DEF
40,37,DEF
40,38,DEF
41,1,DEF
41,2,DEF
41,3,DEF
41,4,DEF
41,5,DEF
41,6,DEF
41,7,DEF
41,8,DEF
41,9,DEF
41,10,DEF
41,11,DEF
41,12,DEF
41,13,DEF
41,14,DEF
41,15,DEF
41,16,DEF
41,17,DEF
41,18,DEF
41,19,DEF
41,20,DEF
41,21,DEF
41,22,DEF
41,23,DEF
41,24,DEF
41,25,DEF
41,26,DEF
41,27,DEF
41,28,DEF
41,29,DEF
41,30,DEF
41,31,DEF
41,32,DEF
41,33,DEF
41,34,DEF
41,35,DEF
41,36,DEF
41,37,DEF
41,38,DEF
42,1,DEF
42,2,DEF
42,3,DEF
42,4,DEF
42,5,DEF
42,6,DEF
42,7,DEF
42,8,DEF
42,9,DEF
42,10,DEF
42,11,DEF
42,12,DEF
42,13,DEF
42,14,DEF
42,15,DEF
42,16,DEF
42,17,DEF
42,18,DEF
42,19,DEF
42,20,DEF
42,21,DEF
42,22,DEF
42,23,DEF
42,24,DEF
42,25,DEF
42,26,DEF
42,27,DEF
42,28,DEF
42,29,DEF
42,30,DEF
42,31,DEF
42,32,DEF
42,33,DEF
42,34,DEF
42,35,DEF
42,36,DEF
42,37,DEF
42,38,DEF
43,1,DEF
43,2,DEF
43,3,DEF
43,4,DEF
43,5,DEF
43,6,DEF
43,7,DEF
43,8,DEF
43,9,DEF
43,10,DEF
43,11,DEF
43,12,DEF
43,13,DEF
43,14,DEF
43,15,DEF
43,16,DEF
43,17,DEF
43,18,DEF
43,19,DEF
43,20,DEF
43,21,DEF
43,22,DEF
43,23,DEF
43,24,DEF
43,25,DEF
43,26,DEF
43,27,DEF
43,28,DEF
43,29,DEF
43,30,DEF
43,31,DEF
43,32,DEF
43,33,DEF
43,34,DEF
43,35,DEF
43,36,DEF
43,37,DEF
43,38,DEF
44,1,DEF
44,2,DEF
44,3,DEF
44,4,DEF
44,5,DEF
44,6,DEF
44,7,DEF
44,8,DEF
44,9,DEF
44,10,DEF
44,11,DEF
44,12,DEF
44,13,DEF
44,14,DEF
44,15,DEF
44,16,DEF
44,17,DEF
44,18,DEF
44,19,DEF
44,20,DEF
44,21,DEF
44,22,DEF
44,23,DEF
44,24,DEF
44,25,DEF
44,26,DEF
44,27,DEF
44,28,DEF
44,29,DEF
44,30,DEF
44,31,DEF
44,32,DEF
44,33,DEF
44,34,DEF
44,35,DEF
44,36,DEF
44,37,DEF
44,38,DEF
45,1,DEF
45,2,DEF
45,3,DEF
45,4,DEF
45,5,DEF
45,6,DEF
45,7,DEF
45,8,DEF
45,9,DEF
45,10,DEF
45,11,DEF
45,12,DEF
45,13,DEF
45,14,DEF
45,15,DEF
45,16,DEF
45,17,DEF
45,18,DEF
45,19,DEF
45,20,DEF
45,21,DEF
45,22,DEF
45,23,DEF
45,24,DEF
45,25,DEF
45,26,DEF
45,27,DEF
45,28,DEF
45,29,DEF
45,30,DEF
45,31,DEF
45,32,DEF
45,33,DEF
45,34,DEF
45,35,DEF
45,36,DEF
45,37,DEF
45,38,DEF
46,1,DEF
46,2,DEF
46,3,DEF
46,4,DEF
46,5,DEF
46,6,DEF
46,7,DEF
46,8,DEF
46,9,DEF
46,10,DEF
46,11,DEF
46,12,DEF
46,13,DEF
46,14,DEF
46,15,DEF
46,16,DEF
46,17,DEF
46,18,DEF
46,19,DEF
46,20,DEF
46,21,DEF
46,22,DEF
46,23,DEF
46,24,DEF
46,25,DEF
46,26,DEF
46,27,DEF
46,28,DEF
46,29,DEF
46,30,DEF
46,31,DEF
46,32,DEF
46,33,DEF
46,34,DEF
46,35,DEF
46,36,DEF
46,37,DEF
46,38,DEF
47,1,MID
47,2,MID
47,3,MID
47,4,MID
47,5,MID
47,6,MID
47,7,MID
47,8,MID
47,9,MID
47,10,MID
47,11,MID
47,12,MID
47,13,MID
47,14,MID
47,15,MID
47,16,MID
47,17,MID
47,18,MID
47,19,MID
47,20,MID
47,21,MID
47,22,MID
47,23,MID
47,24,MID
47,25,MID
47,26,MID
47,27,MID
47,28,MID
47,29,MID
47,30,MID
47,31,MID
47,32,MID
47,33,MID
47,34,MID
47,35,MID
47,36,MID
47,37,MID
47,38,MID
48,1,MID
48,2,MID
48,3,MID
48,4,MID
48,5,MID
48,6,MID
48,7,MID
48,8,MID
48,9,MID
48,10,MID
48,11,MID
48,12,MID
48,13,MID
48,14,MID
48,15,MID
48,16,MID
48,17,MID
48,18,MID
48,19,MID
48,20,MID
48,21,MID
48,22,MID
48,23,MID
48,24,MID
48,25,MID
48,26,MID
48,27,MID
48,28,MID
48,29,MID
48,30,MID
48,31,MID
48,32,MID
48,33,MID
48,34,MID
48,35,MID
48,36,MID
48,37,MID
48,38,MID
49,1,MID
49,2,MID
49,3,MID
49,4,MID
49,5,MID
49,6,MID
49,7,MID
49,8,MID
49,9,MID
49,10,MID
49,11,MID
49,12,MID
49,13,MID
49,14,MID
49,15,MID
49,16,MID
49,17,MID
49,18,MID
49,19,MID
49,20,MID
49,21,MID
49,22,MID
49,23,MID
49,24,MID
49,25,MID
49,26,MID
49,27,MID
49,28,MID
49,29,MID
49,30,MID
49,31,MID
49,32,MID
49,33,MID
49,34,MID
49,35,MID
49,36,MID
49,37,MID
49,38,MID
50,1,MID
50,2,MID
50,3,MID
50,4,MID
50,5,MID
50,6,MID
50,7,MID
50,8,MID
50,9,MID
50,10,MID
50,11,MID
50,12,MID
50,13,MID
50,14,MID
50,15,MID
50,16,MID
50,17,MID
50,18,MID
50,19,MID
50,20,MID
50,21,MID
50,22,MID
50,23,MID
50,24,MID
50,25,MID
50,26,MID
50,27,MID
50,28,MID
50,29,MID
50,30,MID
50,31,MID
50,32,MID
50,33,MID
50,34,MID
50,35,MID
50,36,MID
50,37,MID
50,38,MID
51,1,MID
51,2,MID
51,3,MID
51,4,MID
51,5,MID
51,6,MID
51,7,MID
51,8,MID
51,9,MID
51,10,MID
51,11,MID
51,12,MID
51,13,MID
51,14,MID
51,15,MID
51,16,MID
51,17,MID
51,18,MID
51,19,MID
51,20,MID
51,21,MID
51,22,MID
51,23,MID
51,24,MID
51,25,MID
51,26,MID
51,27,MID
51,28,MID
51,29,MID
51,30,MID
51,31,MID
51,32,MID
51,33,MID
51,34,MID
51,35,MID
51,36,MID
51,37,MID
51,38,MID
53,1,MID
53,2,MID
53,3,MID
53,4,MID
53,5,MID
53,6,MID
53,7,MID
53,8,MID
53,9,MID
53,10,MID
53,11,MID
53,12,MID
53,13,MID
53,14,MID
53,15,MID
53,16,MID
53,17,MID
53,18,MID
53,19,MID
53,20,MID
53,21,MID
53,22,MID
53,23,MID
53,24,MID
53,25,MID
53,26,MID
53,27,MID
53,28,MID
53,29,MID
53,30,MID
53,31,MID
53,32,MID
53,33,MID
53,34,MID
53,35,MID
53,36,MID
53,37,MID
53,38,MID
54,1,MID
54,2,MID
54,3,MID
54,4,MID
54,5,MID
54,6,MID
54,7,MID
54,8,MID
54,9,MID
54,10,MID
54,11,MID
54,12,MID
54,13,MID
54,14,MID
54,15,MID
54,16,MID
54,17,MID
54,18,MID
54,19,MID
54,20,MID
54,21,MID
54,22,MID
54,23,MID
54,24,MID
54,25,MID
54,26,MID
54,27,MID
54,28,MID
54,29,MID
54,30,MID
54,31,MID
54,32,MID
54,33,MID
54,34,MID
54,35,MID
54,36,MID
54,37,MID
54,38,MID
55,1,MID
55,2,MID
55,3,MID
55,4,MID
55,5,MID
55,6,MID
55,7,MID
55,8,MID
55,9,MID
55,10,MID
55,11,MID
55,12,MID
55,13,MID
55,14,MID
55,15,MID
55,16,MID
55,17,MID
55,18,MID
55,19,MID
55,20,MID
55,21,MID
55,22,MID
55,23,MID
55,24,MID
55,25,MID
55,26,MID
55,27,MID
55,28,MID
55,29,MID
55,30,MID
55,31,MID
55,32,MID
55,33,MID
55,34,MID
55,35,MID
55,36,MID
55,37,MID
55,38,MID
56,1,MID
56,2,MID
56,3,MID
56,4,MID
56,5,MID
56,6,MID
56,7,MID
56,8,MID
56,9,MID
56,10,MID
56,11,MID
56,12,MID
56,13,MID
56,14,MID
56,15,MID
56,16,MID
56,17,MID
56,18,MID
56,19,MID
56,20,MID
56,21,MID
56,22,MID
56,23,MID
56,24,MID
56,25,MID
56,26,MID
56,27,MID
56,28,MID
56,29,MID
56,30,MID
56,31,MID
56,32,MID
56,33,MID
56,34,MID
56,35,MID
56,36,MID
56,37,MID
56,38,MID
57,1,MID
57,2,MID
57,3,MID
57,4,MID
57,5,MID
57,6,MID
57,7,MID
57,8,MID
57,9,MID
57,10,MID
57,11,MID
57,12,MID
57,13,MID
57,14,MID
57,15,MID
57,16,MID
57,17,MID
57,18,MID
57,19,MID
57,20,MID
57,21,MID
57,22,MID
57,23,MID
57,24,MID
57,25,MID
57,26,MID
57,27,MID
57,28,MID
57,29,MID
57,30,MID
57,31,MID
57,32,MID
57,33,MID
57,34,MID
57,35,MID
57,36,MID
57,37,MID
57,38,MID
58,1,MID
58,2,MID
58,3,MID
58,4,MID
58,5,MID
58,6,MID
58,7,MID
58,8,MID
58,9,MID
58,10,MID
58,11,MID
58,12,MID
58,13,MID
58,14,MID
58,15,MID
58,16,MID
58,17,MID
58,18,MID
58,19,MID
58,20,MID
58,21,MID
58,22,MID
58,23,MID
58,24,MID
58,25,MID
58,26,MID
58,27,MID
58,28,MID
58,29,MID
58,30,MID
58,31,MID
58,32,MID
58,33,MID
58,34,MID
58,35,MID
58,36,MID
58,37,MID
58,38,MID
59,1,MID
59,2,MID
59,3,MID
59,4,MID
59,5,MID
59,6,MID
59,7,MID
59,8,MID
59,9,MID
59,10,MID
59,11,MID
59,12,MID
59,13,MID
59,14,MID
59,15,MID
59,16,MID
59,17,MID
59,18,MID
59,19,MID
59,20,MID
59,21,MID
59,22,MID
59,23,MID
59,24,MID
59,25,MID
59,26,MID
59,27,MID
59,28,MID
59,29,MID
59,30,MID
59,31,MID
59,32,MID
59,33,MID
59,34,MID
59,35,MID
59,36,MID
59,37,MID
59,38,MID
60,1,MID
60,2,MID
60,3,MID
60,4,MID
60,5,MID
60,6,MID
60,7,MID
60,8,MID
60,9,MID
60,10,MID
60,11,MID
60,12,MID
60,13,MID
60,14,MID
60,15,MID
60,16,MID
60,17,MID
60,18,MID
60,19,MID
60,20,MID
60,21,MID
60,22,MID
60,23,MID
60,24,MID
60,25,MID
60,26,MID
60,27,MID
60,28,MID
60,29,MID
60,30,MID
60,31,MID
60,32,MID
60,33,MID
60,34,MID
60,35,MID
60,36,MID
60,37,MID
60,38,MID
61,1,MID
61,2,MID
61,3,MID
61,4,MID
61,5,MID
61,6,MID
61,7,MID
61,8,MID
61,9,MID
61,10,MID
61,11,MID
61,12,MID
61,13,MID
61,14,MID
61,15,MID
61,16,MID
61,17,MID
61,18,MID
61,19,MID
61,20,MID
61,21,MID
61,22,MID
61,23,MID
61,24,MID
61,25,MID
61,26,MID
61,27,MID
61,28,MID
61,29,MID
61,30,MID
61,31,MID
61,32,MID
61,33,MID
61,34,MID
61,35,MID
61,36,MID
61,37,MID
61,38,MID
62,1,MID
62,2,MID
62,3,MID
62,4,MID
62,5,MID
62,6,MID
62,7,MID
62,8,MID
62,9,MID
62,10,MID
62,11,MID
62,12,MID
62,13,MID
62,14,MID
62,15,MID
62,16,MID
62,17,MID
62,18,MID
62,19,MID
62,20,MID
62,21,MID
62,22,MID
62,23,MID
62,24,MID
62,25,MID
62,26,MID
62,27,MID
62,28,MID
62,29,MID
62,30,MID
62,31,MID
62,32,MID
62,33,MID
62,34,MID
62,35,MID
62,36,MID
62,37,MID
62,38,MID
63,1,MID
63,2,MID
63,3,MID
63,4,MID
63,5,MID
63,6,MID
63,7,MID
63,8,MID
63,9,MID
63,10,MID
63,11,MID
63,12,MID
63,13,MID
63,14,MID
63,15,MID
63,16,MID
63,17,MID
63,18,MID
63,19,MID
63,20,MID
63,21,MID
63,22,MID
63,23,MID
63,24,MID
63,25,MID
63,26,MID
63,27,MID
63,28,MID
63,29,MID
63,30,MID
63,31,MID
63,32,MID
63,33,MID
63,34,MID
63,35,MID
63,36,MID
63,37,MID
63,38,MID
64,1,FWD
64,2,FWD
64,3,FWD
64,4,FWD
64,5,FWD
64,6,FWD
64,7,FWD
64,8,FWD
64,9,FWD
64,10,FWD
64,11,FWD
64,12,FWD
64,13,FWD
64,14,FWD
64,15,FWD
64,16,FWD
64,17,FWD
64,18,FWD
64,19,FWD
64,20,FWD
64,21,FWD
64,22,FWD
64,23,FWD
64,24,FWD
64,25,FWD
64,26,FWD
64,27,FWD
64,28,FWD
64,29,FWD
64,30,FWD
64,31,FWD
64,32,FWD
64,33,FWD
64,34,FWD
64,35,FWD
64,36,FWD
64,37,FWD
64,38,FWD
65,1,FWD
65,2,FWD
65,3,FWD
65,4,FWD
65,5,FWD
65,6,FWD
65,7,FWD
65,8,FWD
65,9,FWD
65,10,FWD
65,11,FWD
65,12,FWD
65,13,FWD
65,14,FWD
65,15,FWD
65,16,FWD
65,17,FWD
65,18,FWD
65,19,FWD
65,20,FWD
65,21,FWD
65,22,FWD
65,23,FWD
65,24,FWD
65,25,FWD
65,26,FWD
65,27,FWD
65,28,FWD
65,29,FWD
65,30,FWD
65,31,FWD
65,32,FWD
65,33,FWD
65,34,FWD
65,35,FWD
65,36,FWD
65,37,FWD
65,38,FWD
389,1,MID
389,2,MID
389,3,MID
389,4,MID
389,5,MID
389,6,MID
389,7,MID
389,8,MID
389,9,MID
389,10,MID
389,11,MID
389,12,MID
389,13,MID
389,14,MID
389,15,MID
389,16,MID
389,17,MID
389,18,MID
389,19,MID
389,20,MID
389,21,MID
389,22,MID
389,23,MID
389,24,MID
389,25,MID
389,26,MID
389,27,MID
389,28,MID
389,29,MID
389,30,MID
389,31,MID
389,32,MID
389,33,MID
389,34,MID
389,35,MID
389,36,MID
389,37,MID
389,38,MID
456,1,MID
456,2,MID
456,3,MID
456,4,MID
456,5,MID
456,6,MID
456,7,MID
456,8,MID
456,9,MID
456,10,MID
456,11,MID
456,12,MID
456,13,MID
456,14,MID
456,15,MID
456,16,MID
456,17,MID
456,18,MID
456,19,MID
456,20,MID
456,21,MID
456,22,MID
456,23,MID
456,24,MID
456,25,MID
456,26,MID
456,27,MID
456,28,MID
456,29,MID
456,30,MID
456,31,MID
456,32,MID
456,33,MID
456,34,MID
456,35,MID
456,36,MID
456,37,MID
456,38,MID
688,1,GK
688,2,GK
688,3,GK
688,4,GK
688,5,GK
688,6,GK
688,7,GK
688,8,GK
688,9,GK
688,10,GK
688,11,GK
688,12,GK
688,13,GK
688,14,GK
688,15,GK
688,16,GK
688,17,GK
688,18,GK
688,19,GK
688,20,GK
688,21,GK
688,22,GK
688,23,GK
688,24,GK
688,25,GK
688,26,GK
688,27,GK
688,28,GK
688,29,GK
688,30,GK
688,31,GK
688,32,GK
688,33,GK
688,34,GK
688,35,GK
688,36,GK
688,37,GK
688,38,GK
699,2,MID
699,3,MID
699,4,MID
699,5,MID
699,6,MID
699,7,MID
699,8,MID
699,9,MID
699,10,MID
699,11,MID
699,12,MID
699,13,MID
699,14,MID
699,15,MID
699,16,MID
699,17,MID
699,18,MID
699,19,MID
699,20,MID
699,21,MID
699,22,MID
699,23,MID
699,24,MID
699,25,MID
699,26,MID
699,27,MID
699,28,MID
699,29,MID
699,30,MID
699,31,MID
699,32,MID
699,33,MID
699,34,MID
699,35,MID
699,36,MID
699,37,MID
699,38,MID
701,2,DEF
701,3,DEF
701,4,DEF
701,5,DEF
701,6,DEF
701,7,DEF
701,8,DEF
701,9,DEF
701,10,DEF
701,11,DEF
701,12,DEF
701,13,DEF
701,14,DEF
701,15,DEF
701,16,DEF
701,17,DEF
701,18,DEF
701,19,DEF
701,20,DEF
701,21,DEF
701,22,DEF
701,23,DEF
701,24,DEF
701,25,DEF
701,26,DEF
701,27,DEF
701,28,DEF
701,29,DEF
701,30,DEF
701,31,DEF
701,32,DEF
701,33,DEF
701,34,DEF
701,35,DEF
701,36,DEF
701,37,DEF
701,38,DEF
702,2,MID
702,3,MID
702,4,MID
702,5,MID
702,6,MID
702,7,MID
702,8,MID
702,9,MID
702,10,MID
702,11,MID
702,12,MID
702,13,MID
702,14,MID
702,15,MID
702,16,MID
702,17,MID
702,18,MID
702,19,MID
702,20,MID
702,21,MID
702,22,MID
702,23,MID
702,24,MID
702,25,MID
702,26,MID
702,27,MID
702,28,MID
702,29,MID
702,30,MID
702,31,MID
702,32,MID
702,33,MID
702,34,MID
702,35,MID
702,36,MID
702,37,MID
702,38,MID
703,2,GK
703,3,GK
703,4,GK
703,5,GK
703,6,GK
703,7,GK
703,8,GK
703,9,GK
703,10,GK
703,11,GK
703,12,GK
703,13,GK
703,14,GK
703,15,GK
703,16,GK
703,17,GK
703,18,GK
703,19,GK
703,20,GK
703,21,GK
703,22,GK
703,23,GK
703,24,GK
703,25,GK
703,26,GK
703,27,GK
703,28,GK
703,29,GK
703,30,GK
703,31,GK
703,32,GK
703,33,GK
703,34,GK
703,35,GK
703,36,GK
703,37,GK
703,38,GK
710,3,DEF
710,4,DEF
710,5,DEF
710,6,DEF
710,7,DEF
710,8,DEF
710,9,DEF
710,10,DEF
710,11,DEF
710,12,DEF
710,13,DEF
710,14,DEF
710,15,DEF
710,16,DEF
710,17,DEF
710,18,DEF
710,19,DEF
710,20,DEF
710,21,DEF
710,22,DEF
710,23,DEF
710,24,DEF
710,25,DEF
710,26,DEF
710,27,DEF
710,28,DEF
710,29,DEF
710,30,DEF
710,31,DEF
710,32,DEF
710,33,DEF
710,34,DEF
710,35,DEF
710,36,DEF
710,37,DEF
710,38,DEF
719,4,DEF
719,5,DEF
719,6,DEF
719,7,DEF
719,8,DEF
719,9,DEF
719,10,DEF
719,11,DEF
719,12,DEF
719,13,DEF
719,14,DEF
719,15,DEF
719,16,DEF
719,17,DEF
719,18,DEF
719,19,DEF
719,20,DEF
719,21,DEF
719,22,DEF
719,23,DEF
719,24,DEF
719,25,DEF
719,26,DEF
719,27,DEF
719,28,DEF
719,29,DEF
719,30,DEF
719,31,DEF
719,32,DEF
719,33,DEF
719,34,DEF
719,35,DEF
719,36,DEF
719,37,DEF
719,38,DEF
754,12,MID
754,13,MID
754,14,MID
754,15,MID
754,16,MID
754,17,MID
754,18,MID
754,19,MID
754,20,MID
754,21,MID
754,22,MID
754,23,MID
754,24,MID
754,25,MID
754,26,MID
754,27,MID
754,28,MID
754,29,MID
754,30,MID
754,31,MID
754,32,MID
754,33,MID
754,34,MID
754,35,MID
754,36,MID
754,37,MID
754,38,MID
757,14,GK
757,15,GK
757,16,GK
757,17,GK
757,18,GK
757,19,GK
757,20,GK
757,21,GK
757,22,GK
757,23,GK
757,24,GK
757,25,GK
757,26,GK
757,27,GK
757,28,GK
757,29,GK
757,30,GK
757,31,GK
757,32,GK
757,33,GK
757,34,GK
757,35,GK
757,36,GK
757,37,GK
757,38,GK
768,17,DEF
768,18,DEF
768,19,DEF
768,20,DEF
768,21,DEF
768,22,DEF
768,23,DEF
768,24,DEF
768,25,DEF
768,26,DEF
768,27,DEF
768,28,DEF
768,29,DEF
768,30,DEF
768,31,DEF
768,32,DEF
768,33,DEF
768,34,DEF
768,35,DEF
768,36,DEF
768,37,DEF
768,38,DEF
781,20,DEF
781,21,DEF
781,22,DEF
781,23,DEF
781,24,DEF
781,25,DEF
781,26,DEF
781,27,DEF
781,28,DEF
781,29,DEF
781,30,DEF
781,31,DEF
781,32,DEF
781,33,DEF
781,34,DEF
781,35,DEF
781,36,DEF
781,37,DEF
781,38,DEF
792,21,MID
792,22,MID
792,23,MID
792,24,MID
792,25,MID
792,26,MID
792,27,MID
792,28,MID
792,29,MID
792,30,MID
792,31,MID
792,32,MID
792,33,MID
792,34,MID
792,35,MID
792,36,MID
792,37,MID
792,38,MID
808,24,FWD
808,25,FWD
808,26,FWD
808,27,FWD
808,28,FWD
808,29,FWD
808,30,FWD
808,31,FWD
808,32,FWD
808,33,FWD
808,34,FWD
808,35,FWD
808,36,FWD
808,37,FWD
808,38,FWD
183,1,GK
183,2,GK
183,3,GK
183,4,GK
183,5,GK
183,6,GK
183,7,GK
183,8,GK
183,9,GK
183,10,GK
183,11,GK
183,12,GK
183,13,GK
183,14,GK
183,15,GK
183,16,GK
183,17,GK
183,18,GK
183,19,GK
183,20,GK
183,21,GK
183,22,GK
183,23,GK
183,24,GK
183,25,GK
183,26,GK
183,27,GK
183,28,GK
183,29,GK
183,30,GK
183,31,GK
183,32,GK
183,33,GK
183,35,GK
183,36,GK
183,37,GK
183,38,GK
184,1,GK
184,2,GK
184,3,GK
184,4,GK
184,5,GK
184,6,GK
184,7,GK
184,8,GK
184,9,GK
184,10,GK
184,11,GK
184,12,GK
184,13,GK
184,14,GK
184,15,GK
184,16,GK
184,17,GK
184,18,GK
184,19,GK
184,20,GK
184,21,GK
184,22,GK
184,23,GK
184,24,GK
184,25,GK
184,26,GK
184,27,GK
184,28,GK
184,29,GK
184,30,GK
184,31,GK
184,32,GK
184,33,GK
184,35,GK
184,36,GK
184,37,GK
184,38,GK
185,1,GK
185,2,GK
185,3,GK
185,4,GK
185,5,GK
185,6,GK
185,7,GK
185,8,GK
185,9,GK
185,10,GK
185,11,GK
185,12,GK
185,13,GK
185,14,GK
185,15,GK
185,16,GK
185,17,GK
185,18,GK
185,19,GK
185,20,GK
185,21,GK
185,22,GK
185,23,GK
185,24,GK
185,25,GK
185,26,GK
185,27,GK
185,28,GK
185,29,GK
185,30,GK
185,31,GK
185,32,GK
185,33,GK
185,35,GK
185,36,GK
185,37,GK
185,38,GK
186,1,DEF
186,2,DEF
186,3,DEF
186,4,DEF
186,5,DEF
186,6,DEF
186,7,DEF
186,8,DEF
186,9,DEF
186,10,DEF
186,11,DEF
186,12,DEF
186,13,DEF
186,14,DEF
186,15,DEF
186,16,DEF
186,17,DEF
186,18,DEF
186,19,DEF
186,20,DEF
186,21,DEF
186,22,DEF
186,23,DEF
186,24,DEF
186,25,DEF
186,26,DEF
186,27,DEF
186,28,DEF
186,29,DEF
186,30,DEF
186,31,DEF
186,32,DEF
186,33,DEF
186,35,DEF
186,36,DEF
186,37,DEF
186,38,DEF
187,1,DEF
187,2,DEF
187,3,DEF
187,4,DEF
187,5,DEF
187,6,DEF
187,7,DEF
187,8,DEF
187,9,DEF
187,10,DEF
187,11,DEF
187,12,DEF
187,13,DEF
187,14,DEF
187,15,DEF
187,16,DEF
187,17,DEF
187,18,DEF
187,19,DEF
187,20,DEF
187,21,DEF
187,22,DEF
187,23,DEF
187,24,DEF
187,25,DEF
187,26,DEF
187,27,DEF
187,28,DEF
187,29,DEF
187,30,DEF
187,31,DEF
187,32,DEF
187,33,DEF
187,35,DEF
187,36,DEF
187,37,DEF
187,38,DEF
188,1,DEF
188,2,DEF
188,3,DEF
188,4,DEF
188,5,DEF
188,6,DEF
188,7,DEF
188,8,DEF
188,9,DEF
188,10,DEF
188,11,DEF
188,12,DEF
188,13,DEF
188,14,DEF
188,15,DEF
188,16,DEF
188,17,DEF
188,18,DEF
188,19,DEF
188,20,DEF
188,21,DEF
188,22,DEF
188,23,DEF
188,24,DEF
188,25,DEF
188,26,DEF
188,27,DEF
188,28,DEF
188,29,DEF
188,30,DEF
188,31,DEF
188,32,DEF
188,33,DEF
188,35,DEF
188,36,DEF
188,37,DEF
188,38,DEF
189,1,DEF
189,2,DEF
189,3,DEF
189,4,DEF
189,5,DEF
189,6,DEF
189,7,DEF
189,8,DEF
189,9,DEF
189,10,DEF
189,11,DEF
189,12,DEF
189,13,DEF
189,14,DEF
189,15,DEF
189,16,DEF
189,17,DEF
189,18,DEF
189,19,DEF
189,20,DEF
189,21,DEF
189,22,DEF
189,23,DEF
189,24,DEF
189,25,DEF
189,26,DEF
189,27,DEF
189,28,DEF
189,29,DEF
189,30,DEF
189,31,DEF
189,32,DEF
189,33,DEF
189,35,DEF
189,36,DEF
189,37,DEF
189,38,DEF
190,1,DEF
190,2,DEF
190,3,DEF
190,4,DEF
190,5,DEF
190,6,DEF
190,7,DEF
190,8,DEF
190,9,DEF
190,10,DEF
190,11,DEF
190,12,DEF
190,13,DEF
190,14,DEF
190,15,DEF
190,16,DEF
190,17,DEF
190,18,DEF
190,19,DEF
190,20,DEF
190,21,DEF
190,22,DEF
190,23,DEF
190,24,DEF
190,25,DEF
190,26,DEF
190,27,DEF
190,28,DEF
190,29,DEF
190,30,DEF
190,31,DEF
190,32,DEF
190,33,DEF
190,35,DEF
190,36,DEF
190,37,DEF
190,38,DEF
191,1,DEF
191,2,DEF
191,3,DEF
191,4,DEF
191,5,DEF
191,6,DEF
191,7,DEF
191,8,DEF
191,9,DEF
191,10,DEF
191,11,DEF
191,12,DEF
191,13,DEF
191,14,DEF
191,15,DEF
191,16,DEF
191,17,DEF
191,18,DEF
191,19,DEF
191,20,DEF
191,21,DEF
191,22,DEF
191,23,DEF
191,24,DEF
191,25,DEF
191,26,DEF
191,27,DEF
191,28,DEF
191,29,DEF
191,30,DEF
191,31,DEF
191,32,DEF
191,33,DEF
191,35,DEF
191,36,DEF
191,37,DEF
191,38,DEF
192,1,DEF
192,2,DEF
192,3,DEF
192,4,DEF
192,5,DEF
192,6,DEF
192,7,DEF
192,8,DEF
192,9,DEF
192,10,DEF
192,11,DEF
192,12,DEF
192,13,DEF
192,14,DEF
192,15,DEF
192,16,DEF
192,17,DEF
192,18,DEF
192,19,DEF
192,20,DEF
192,21,DEF
192,22,DEF
192,23,DEF
192,24,DEF
192,25,DEF
192,26,DEF
192,27,DEF
192,28,DEF
192,29,DEF
192,30,DEF
192,31,DEF
192,32,DEF
192,33,DEF
192,35,DEF
192,36,DEF
192,37,DEF
192,38,DEF
193,1,DEF
193,2,DEF
193,3,DEF
193,4,DEF
193,5,DEF
193,6,DEF
193,7,DEF
193,8,DEF
193,9,DEF
193,10,DEF
193,11,DEF
193,12,DEF
193,13,DEF
193,14,DEF
193,15,DEF
193,16,DEF
193,17,DEF
193,18,DEF
193,19,DEF
193,20,DEF
193,21,DEF
193,22,DEF
193,23,DEF
193,24,DEF
193,25,DEF
193,26,DEF
193,27,DEF
193,28,DEF
193,29,DEF
193,30,DEF
193,31,DEF
193,32,DEF
193,33,DEF
193,35,DEF
193,36,DEF
193,37,DEF
193,38,DEF
194,1,DEF
194,2,DEF
194,3,DEF
194,4,DEF
194,5,DEF
194,6,DEF
194,7,DEF
194,8,DEF
194,9,DEF
194,10,DEF
194,11,DEF
194,12,DEF
194,13,DEF
194,14,DEF
194,15,DEF
194,16,DEF
194,17,DEF
194,18,DEF
194,19,DEF
194,20,DEF
194,21,DEF
194,22,DEF
194,23,DEF
194,24,DEF
194,25,DEF
194,26,DEF
194,27,DEF
194,28,DEF
194,29,DEF
194,30,DEF
194,31,DEF
194,32,DEF
194,33,DEF
194,35,DEF
194,36,DEF
194,37,DEF
194,38,DEF
195,1,DEF
195,2,DEF
195,3,DEF
195,4,DEF
195,5,DEF
195,6,DEF
195,7,DEF
195,8,DEF
195,9,DEF
195,10,DEF
195,11,DEF
195,12,DEF
195,13,DEF
195,14,DEF
195,15,DEF
195,16,DEF
195,17,DEF
195,18,DEF
195,19,DEF
195,20,DEF
195,21,DEF
195,22,DEF
195,23,DEF
195,24,DEF
195,25,DEF
195,26,DEF
195,27,DEF
195,28,DEF
195,29,DEF
195,30,DEF
195,31,DEF
195,32,DEF
195,33,DEF
195,35,DEF
195,36,DEF
195,37,DEF
195,38,DEF
196,1,DEF
196,2,DEF
196,3,DEF
196,4,DEF
196,5,DEF
196,6,DEF
196,7,DEF
196,8,DEF
196,9,DEF
196,10,DEF
196,11,DEF
196,12,DEF
196,13,DEF
196,14,DEF
196,15,DEF
196,16,DEF
196,17,DEF
196,18,DEF
196,19,DEF
196,20,DEF
196,21,DEF
196,22,DEF
196,23,DEF
196,24,DEF
196,25,DEF
196,26,DEF
196,27,DEF
196,28,DEF
196,29,DEF
196,30,DEF
196,31,DEF
196,32,DEF
196,33,DEF
196,35,DEF
196,36,DEF
196,37,DEF
196,38,DEF
197,1,DEF
197,2,DEF
197,3,DEF
197,4,DEF
197,5,DEF
197,6,DEF
197,7,DEF
197,8,DEF
197,9,DEF
197,10,DEF
197,11,DEF
197,12,DEF
197,13,DEF
197,14,DEF
197,15,DEF
197,16,DEF
197,17,DEF
197,18,DEF
197,19,DEF
197,20,DEF
197,21,DEF
197,22,DEF
197,23,DEF
197,24,DEF
197,25,DEF
197,26,DEF
197,27,DEF
197,28,DEF
197,29,DEF
197,30,DEF
197,31,DEF
197,32,DEF
197,33,DEF
197,35,DEF
197,36,DEF
197,37,DEF
197,38,DEF
198,1,DEF
198,2,DEF
198,3,DEF
198,4,DEF
198,5,DEF
198,6,DEF
198,7,DEF
198,8,DEF
198,9,DEF
198,10,DEF
198,11,DEF
198,12,DEF
198,13,DEF
198,14,DEF
198,15,DEF
198,16,DEF
198,17,DEF
198,18,DEF
198,19,DEF
198,20,DEF
198,21,DEF
198,22,DEF
198,23,DEF
198,24,DEF
198,25,DEF
198,26,DEF
198,27,DEF
198,28,DEF
198,29,DEF
198,30,DEF
198,31,DEF
198,32,DEF
198,33,DEF
198,35,DEF
198,36,DEF
198,37,DEF
198,38,DEF
199,1,DEF
199,2,DEF
199,3,DEF
199,4,DEF
199,5,DEF
199,6,DEF
199,7,DEF
199,8,DEF
199,9,DEF
199,10,DEF
199,11,DEF
199,12,DEF
199,13,DEF
199,14,DEF
199,15,DEF
199,16,DEF
199,17,DEF
199,18,DEF
199,19,DEF
199,20,DEF
199,21,DEF
199,22,DEF
199,23,DEF
199,24,DEF
199,25,DEF
199,26,DEF
199,27,DEF
199,28,DEF
199,29,DEF
199,30,DEF
199,31,DEF
199,32,DEF
199,33,DEF
199,35,DEF
199,36,DEF
199,37,DEF
199,38,DEF
200,1,MID
200,2,MID
200,3,MID
200,4,MID
200,5,MID
200,6,MID
200,7,MID
200,8,MID
200,9,MID
200,10,MID
200,11,MID
200,12,MID
200,13,MID
200,14,MID
200,15,MID
200,16,MID
200,17,MID
200,18,MID
200,19,MID
200,20,MID
200,21,MID
200,22,MID
200,23,MID
200,24,MID
200,25,MID
200,26,MID
200,27,MID
200,28,MID
200,29,MID
200,30,MID
200,31,MID
200,32,MID
200,33,MID
200,35,MID
200,36,MID
200,37,MID
200,38,MID
201,1,MID
201,2,MID
201,3,MID
201,4,MID
201,5,MID
201,6,MID
201,7,MID
201,8,MID
201,9,MID
201,10,MID
201,11,MID
201,12,MID
201,13,MID
201,14,MID
201,15,MID
201,16,MID
201,17,MID
201,18,MID
201,19,MID
201,20,MID
201,21,MID
201,22,MID
201,23,MID
201,24,MID
201,25,MID
201,26,MID
201,27,MID
201,28,MID
201,29,MID
201,30,MID
201,31,MID
201,32,MID
201,33,MID
201,35,MID
201,36,MID
201,37,MID
201,38,MID
202,1,MID
202,2,MID
202,3,MID
202,4,MID
202,5,MID
202,6,MID
202,7,MID
202,8,MID
202,9,MID
202,10,MID
202,11,MID
202,12,MID
202,13,MID
202,14,MID
202,15,MID
202,16,MID
202,17,MID
202,18,MID
202,19,MID
202,20,MID
202,21,MID
202,22,MID
202,23,MID
202,24,MID
202,25,MID
202,26,MID
202,27,MID
202,28,MID
202,29,MID
202,30,MID
202,31,MID
202,32,MID
202,33,MID
202,35,MID
202,36,MID
202,37,MID
202,38,MID
203,1,MID
203,2,MID
203,3,MID
203,4,MID
203,5,MID
203,6,MID
203,7,MID
203,8,MID
203,9,MID
203,10,MID
203,11,MID
203,12,MID
203,13,MID
203,14,MID
203,15,MID
203,16,MID
203,17,MID
203,18,MID
203,19,MID
203,20,MID
203,21,MID
203,22,MID
203,23,MID
203,24,MID
203,25,MID
203,26,MID
203,27,MID
203,28,MID
203,29,MID
203,30,MID
203,31,MID
203,32,MID
203,33,MID
203,35,MID
203,36,MID
203,37,MID
203,38,MID
204,1,MID
204,2,MID
204,3,MID
204,4,MID
204,5,MID
204,6,MID
204,7,MID
204,8,MID
204,9,MID
204,10,MID
204,11,MID
204,12,MID
204,13,MID
204,14,MID
204,15,MID
204,16,MID
204,17,MID
204,18,MID
204,19,MID
204,20,MID
204,21,MID
204,22,MID
204,23,MID
204,24,MID
204,25,MID
204,26,MID
204,27,MID
204,28,MID
204,29,MID
204,30,MID
204,31,MID
204,32,MID
204,33,MID
204,35,MID
204,36,MID
204,37,MID
204,38,MID
205,1,MID
205,2,MID
205,3,MID
205,4,MID
205,5,MID
205,6,MID
205,7,MID
205,8,MID
205,9,MID
205,10,MID
205,11,MID
205,12,MID
205,13,MID
205,14,MID
205,15,MID
205,16,MID
205,17,MID
205,18,MID
205,19,MID
205,20,MID
205,21,MID
205,22,MID
205,23,MID
205,24,MID
205,25,MID
205,26,MID
205,27,MID
205,28,MID
205,29,MID
205,30,MID
205,31,MID
205,32,MID
205,33,MID
205,35,MID
205,36,MID
205,37,MID
205,38,MID
206,1,MID
206,2,MID
206,3,MID
206,4,MID
206,5,MID
206,6,MID
206,7,MID
206,8,MID
206,9,MID
206,10,MID
206,11,MID
206,12,MID
206,13,MID
206,14,MID
206,15,MID
206,16,MID
206,17,MID
206,18,MID
206,19,MID
206,20,MID
206,21,MID
206,22,MID
206,23,MID
206,24,MID
206,25,MID
206,26,MID
206,27,MID
206,28,MID
206,29,MID
206,30,MID
206,31,MID
206,32,MID
206,33,MID
206,35,MID
206,36,MID
206,37,MID
206,38,MID
207,1,MID
207,2,MID
207,3,MID
207,4,MID
207,5,MID
207,6,MID
207,7,MID
207,8,MID
207,9,MID
207,10,MID
207,11,MID
207,12,MID
207,13,MID
207,14,MID
207,15,MID
207,16,MID
207,17,MID
207,18,MID
207,19,MID
207,20,MID
207,21,MID
207,22,MID
207,23,MID
207,24,MID
207,25,MID
207,26,MID
207,27,MID
207,28,MID
207,29,MID
207,30,MID
207,31,MID
207,32,MID
207,33,MID
207,35,MID
207,36,MID
207,37,MID
207,38,MID
208,1,MID
208,2,MID
208,3,MID
208,4,MID
208,5,MID
208,6,MID
208,7,MID
208,8,MID
208,9,MID
208,10,MID
208,11,MID
208,12,MID
208,13,MID
208,14,MID
208,15,MID
208,16,MID
208,17,MID
208,18,MID
208,19,MID
208,20,MID
208,21,MID
208,22,MID
208,23,MID
208,24,MID
208,25,MID
208,26,MID
208,27,MID
208,28,MID
208,29,MID
208,30,MID
208,31,MID
208,32,MID
208,33,MID
208,35,MID
208,36,MID
208,37,MID
208,38,MID
209,1,MID
209,2,MID
209,3,MID
209,4,MID
209,5,MID
209,6,MID
209,7,MID
209,8,MID
209,9,MID
209,10,MID
209,11,MID
209,12,MID
209,13,MID
209,14,MID
209,15,MID
209,16,MID
209,17,MID
209,18,MID
209,19,MID
209,20,MID
209,21,MID
209,22,MID
209,23,MID
209,24,MID
209,25,MID
209,26,MID
209,27,MID
209,28,MID
209,29,MID
209,30,MID
209,31,MID
209,32,MID
209,33,MID
209,35,MID
209,36,MID
209,37,MID
209,38,MID
210,1,MID
210,2,MID
210,3,MID
210,4,MID
210,5,MID
210,6,MID
210,7,MID
210,8,MID
210,9,MID
210,10,MID
210,11,MID
210,12,MID
210,13,MID
210,14,MID
210,15,MID
210,16,MID
210,17,MID
210,18,MID
210,19,MID
210,20,MID
210,21,MID
210,22,MID
210,23,MID
210,24,MID
210,25,MID
210,26,MID
210,27,MID
210,28,MID
210,29,MID
210,30,MID
210,31,MID
210,32,MID
210,33,MID
210,35,MID
210,36,MID
210,37,MID
210,38,MID
211,1,MID
211,2,MID
211,3,MID
211,4,MID
211,5,MID
211,6,MID
211,7,MID
211,8,MID
211,9,MID
211,10,MID
211,11,MID
211,12,MID
211,13,MID
211,14,MID
211,15,MID
211,16,MID
211,17,MID
211,18,MID
211,19,MID
211,20,MID
211,21,MID
211,22,MID
211,23,MID
211,24,MID
211,25,MID
211,26,MID
211,27,MID
211,28,MID
211,29,MID
211,30,MID
211,31,MID
211,32,MID
211,33,MID
211,35,MID
211,36,MID
211,37,MID
211,38,MID
212,1,MID
212,2,MID
212,3,MID
212,4,MID
212,5,MID
212,6,MID
212,7,MID
212,8,MID
212,9,MID
212,10,MID
212,11,MID
212,12,MID
212,13,MID
212,14,MID
212,15,MID
212,16,MID
212,17,MID
212,18,MID
212,19,MID
212,20,MID
212,21,MID
212,22,MID
212,23,MID
212,24,MID
212,25,MID
212,26,MID
212,27,MID
212,28,MID
212,29,MID
212,30,MID
212,31,MID
212,32,MID
212,33,MID
212,35,MID
212,36,MID
212,37,MID
212,38,MID
213,1,MID
213,2,MID
213,3,MID
213,4,MID
213,5,MID
213,6,MID
213,7,MID
213,8,MID
213,9,MID
213,10,MID
213,11,MID
213,12,MID
213,13,MID
213,14,MID
213,15,MID
213,16,MID
213,17,MID
213,18,MID
213,19,MID
213,20,MID
213,21,MID
213,22,MID
213,23,MID
213,24,MID
213,25,MID
213,26,MID
213,27,MID
213,28,MID
213,29,MID
213,30,MID
213,31,MID
213,32,MID
213,33,MID
213,35,MID
213,36,MID
213,37,MID
213,38,MID
214,1,MID
214,2,MID
214,3,MID
214,4,MID
214,5,MID
214,6,MID
214,7,MID
214,8,MID
214,9,MID
214,10,MID
214,11,MID
214,12,MID
214,13,MID
214,14,MID
214,15,MID
214,16,MID
214,17,MID
214,18,MID
214,19,MID
214,20,MID
214,21,MID
214,22,MID
214,23,MID
214,24,MID
214,25,MID
214,26,MID
214,27,MID
214,28,MID
214,29,MID
214,30,MID
214,31,MID
214,32,MID
214,33,MID
214,35,MID
214,36,MID
214,37,MID
214,38,MID
215,1,FWD
215,2,FWD
215,3,FWD
215,4,FWD
215,5,FWD
215,6,FWD
215,7,FWD
215,8,FWD
215,9,FWD
215,10,FWD
215,11,FWD
215,12,FWD
215,13,FWD
215,14,FWD
215,15,FWD
215,16,FWD
215,17,FWD
215,18,FWD
215,19,FWD
215,20,FWD
215,21,FWD
215,22,FWD
215,23,FWD
215,24,FWD
215,25,FWD
215,26,FWD
215,27,FWD
215,28,FWD
215,29,FWD
215,30,FWD
215,31,FWD
215,32,FWD
215,33,FWD
215,35,FWD
215,36,FWD
215,37,FWD
215,38,FWD
216,1,FWD
216,2,FWD
216,3,FWD
216,4,FWD
216,5,FWD
216,6,FWD
216,7,FWD
216,8,FWD
216,9,FWD
216,10,FWD
216,11,FWD
216,12,FWD
216,13,FWD
216,14,FWD
216,15,FWD
216,16,FWD
216,17,FWD
216,18,FWD
216,19,FWD
216,20,FWD
216,21,FWD
216,22,FWD
216,23,FWD
216,24,FWD
216,25,FWD
216,26,FWD
216,27,FWD
216,28,FWD
216,29,FWD
216,30,FWD
216,31,FWD
216,32,FWD
216,33,FWD
216,35,FWD
216,36,FWD
216,37,FWD
216,38,FWD
217,1,FWD
217,2,FWD
217,3,FWD
217,4,FWD
217,5,FWD
217,6,FWD
217,7,FWD
217,8,FWD
217,9,FWD
217,10,FWD
217,11,FWD
217,12,FWD
217,13,FWD
217,14,FWD
217,15,FWD
217,16,FWD
217,17,FWD
217,18,FWD
217,19,FWD
217,20,FWD
217,21,FWD
217,22,FWD
217,23,FWD
217,24,FWD
217,25,FWD
217,26,FWD
217,27,FWD
217,28,FWD
217,29,FWD
217,30,FWD
217,31,FWD
217,32,FWD
217,33,FWD
217,35,FWD
217,36,FWD
217,37,FWD
217,38,FWD
218,1,FWD
218,2,FWD
218,3,FWD
218,4,FWD
218,5,FWD
218,6,FWD
218,7,FWD
218,8,FWD
218,9,FWD
218,10,FWD
218,11,FWD
218,12,FWD
218,13,FWD
218,14,FWD
218,15,FWD
218,16,FWD
218,17,FWD
218,18,FWD
218,19,FWD
218,20,FWD
218,21,FWD
218,22,FWD
218,23,FWD
218,24,FWD
218,25,FWD
218,26,FWD
218,27,FWD
218,28,FWD
218,29,FWD
218,30,FWD
218,31,FWD
218,32,FWD
218,33,FWD
218,35,FWD
218,36,FWD
218,37,FWD
218,38,FWD
219,1,FWD
219,2,FWD
219,3,FWD
219,4,FWD
219,5,FWD
219,6,FWD
219,7,FWD
219,8,FWD
219,9,FWD
219,10,FWD
219,11,FWD
219,12,FWD
219,13,FWD
219,14,FWD
219,15,FWD
219,16,FWD
219,17,FWD
219,18,FWD
219,19,FWD
219,20,FWD
219,21,FWD
219,22,FWD
219,23,FWD
219,24,FWD
219,25,FWD
219,26,FWD
219,27,FWD
219,28,FWD
219,29,FWD
219,30,FWD
219,31,FWD
219,32,FWD
219,33,FWD
219,35,FWD
219,36,FWD
219,37,FWD
219,38,FWD
470,1,GK
470,2,GK
470,3,GK
470,4,GK
470,5,GK
470,6,GK
470,7,GK
470,8,GK
470,9,GK
470,10,GK
470,11,GK
470,12,GK
470,13,GK
470,14,GK
470,15,GK
470,16,GK
470,17,GK
470,18,GK
470,19,GK
470,20,GK
470,21,GK
470,22,GK
470,23,GK
470,24,GK
470,25,GK
470,26,GK
470,27,GK
470,28,GK
470,29,GK
470,30,GK
470,31,GK
470,32,GK
470,33,GK
470,35,GK
470,36,GK
470,37,GK
470,38,GK
614,1,MID
614,2,MID
614,3,MID
614,4,MID
614,5,MID
614,6,MID
614,7,MID
614,8,MID
614,9,MID
614,10,MID
614,11,MID
614,12,MID
614,13,MID
614,14,MID
614,15,MID
614,16,MID
614,17,MID
614,18,MID
614,19,MID
614,20,MID
614,21,MID
614,22,MID
614,23,MID
614,24,MID
614,25,MID
614,26,MID
614,27,MID
614,28,MID
614,29,MID
614,30,MID
614,31,MID
614,32,MID
614,33,MID
614,35,MID
614,36,MID
614,37,MID
614,38,MID
676,1,MID
676,2,MID
676,3,MID
676,4,MID
676,5,MID
676,6,MID
676,7,MID
676,8,MID
676,9,MID
676,10,MID
676,11,MID
676,12,MID
676,13,MID
676,14,MID
676,15,MID
676,16,MID
676,17,MID
676,18,MID
676,19,MID
676,20,MID
676,21,MID
676,22,MID
676,23,MID
676,24,MID
676,25,MID
676,26,MID
676,27,MID
676,28,MID
676,29,MID
676,30,MID
676,31,MID
676,32,MID
676,33,MID
676,35,MID
676,36,MID
676,37,MID
676,38,MID
680,1,FWD
680,2,FWD
680,3,FWD
680,4,FWD
680,5,FWD
680,6,FWD
680,7,FWD
680,8,FWD
680,9,FWD
680,10,FWD
680,11,FWD
680,12,FWD
680,13,FWD
680,14,FWD
680,15,FWD
680,16,FWD
680,17,FWD
680,18,FWD
680,19,FWD
680,20,FWD
680,21,FWD
680,22,FWD
680,23,FWD
680,24,FWD
680,25,FWD
680,26,FWD
680,27,FWD
680,28,FWD
680,29,FWD
680,30,FWD
680,31,FWD
680,32,FWD
680,33,FWD
680,35,FWD
680,36,FWD
680,37,FWD
680,38,FWD
722,4,MID
722,5,MID
722,6,MID
722,7,MID
722,8,MID
722,9,MID
722,10,MID
722,11,MID
722,12,MID
722,13,MID
722,14,MID
722,15,MID
722,16,MID
722,17,MID
722,18,MID
722,19,MID
722,20,MID
722,21,MID
722,22,MID
722,23,MID
722,24,MID
722,25,MID
722,26,MID
722,27,MID
722,28,MID
722,29,MID
722,30,MID
722,31,MID
722,32,MID
722,33,MID
722,35,MID
722,36,MID
722,37,MID
722,38,MID
776,19,MID
776,20,MID
776,21,MID
776,22,MID
776,23,MID
776,24,MID
776,25,MID
776,26,MID
776,27,MID
776,28,MID
776,29,MID
776,30,MID
776,31,MID
776,32,MID
776,33,MID
776,35,MID
776,36,MID
776,37,MID
776,38,MID
784,20,MID
784,21,MID
784,22,MID
784,23,MID
784,24,MID
784,25,MID
784,26,MID
784,27,MID
784,28,MID
784,29,MID
784,30,MID
784,31,MID
784,32,MID
784,33,MID
784,35,MID
784,36,MID
784,37,MID
784,38,MID
820,29,MID
820,30,MID
820,31,MID
820,32,MID
820,33,MID
820,35,MID
820,36,MID
820,37,MID
820,38,MID
66,1,GK
66,2,GK
66,3,GK
66,4,GK
66,5,GK
66,6,GK
66,7,GK
66,8,GK
66,9,GK
66,10,GK
66,11,GK
66,12,GK
66,13,GK
66,14,GK
66,15,GK
66,16,GK
66,17,GK
66,18,GK
66,19,GK
66,20,GK
66,21,GK
66,22,GK
66,23,GK
66,24,GK
66,25,GK
66,26,GK
66,27,GK
66,28,GK
66,29,GK
66,30,GK
66,31,GK
66,32,GK
66,33,GK
66,35,GK
66,36,GK
66,37,GK
66,38,GK
67,1,GK
67,2,GK
67,3,GK
67,4,GK
67,5,GK
67,6,GK
67,7,GK
67,8,GK
67,9,GK
67,10,GK
67,11,GK
67,12,GK
67,13,GK
67,14,GK
67,15,GK
67,16,GK
67,17,GK
67,18,GK
67,19,GK
67,20,GK
67,21,GK
67,22,GK
67,23,GK
67,24,GK
67,25,GK
67,26,GK
67,27,GK
67,28,GK
67,29,GK
67,30,GK
67,31,GK
67,32,GK
67,33,GK
67,35,GK
67,36,GK
67,37,GK
67,38,GK
68,1,GK
68,2,GK
68,3,GK
68,4,GK
68,5,GK
68,6,GK
68,7,GK
68,8,GK
68,9,GK
68,10,GK
68,11,GK
68,12,GK
68,13,GK
68,14,GK
68,15,GK
68,16,GK
68,17,GK
68,18,GK
68,19,GK
68,20,GK
68,21,GK
68,22,GK
68,23,GK
68,24,GK
68,25,GK
68,26,GK
68,27,GK
68,28,GK
68,29,GK
68,30,GK
68,31,GK
68,32,GK
68,33,GK
68,35,GK
68,36,GK
68,37,GK
68,38,GK
69,1,GK
69,2,GK
69,3,GK
69,4,GK
69,5,GK
69,6,GK
69,7,GK
69,8,GK
69,9,GK
69,10,GK
69,11,GK
69,12,GK
69,13,GK
69,14,GK
69,15,GK
69,16,GK
69,17,GK
69,18,GK
69,19,GK
69,20,GK
69,21,GK
69,22,GK
69,23,GK
69,24,GK
69,25,GK
69,26,GK
69,27,GK
69,28,GK
69,29,GK
69,30,GK
69,31,GK
69,32,GK
69,33,GK
69,35,GK
69,36,GK
69,37,GK
69,38,GK
70,1,GK
70,2,GK
70,3,GK
70,4,GK
70,5,GK
70,6,GK
70,7,GK
70,8,GK
70,9,GK
70,10,GK
70,11,GK
70,12,GK
70,13,GK
70,14,GK
70,15,GK
70,16,GK
70,17,GK
70,18,GK
70,19,GK
70,20,GK
70,21,GK
70,22,GK
70,23,GK
70,24,GK
70,25,GK
70,26,GK
70,27,GK
70,28,GK
70,29,GK
70,30,GK
70,31,GK
70,32,GK
70,33,GK
70,35,GK
70,36,GK
70,37,GK
70,38,GK
71,1,DEF
71,2,DEF
71,3,DEF
71,4,DEF
71,5,DEF
71,6,DEF
71,7,DEF
71,8,DEF
71,9,DEF
71,10,DEF
71,11,DEF
71,12,DEF
71,13,DEF
71,14,DEF
71,15,DEF
71,16,DEF
71,17,DEF
71,18,DEF
71,19,DEF
71,20,DEF
71,21,DEF
71,22,DEF
71,23,DEF
71,24,DEF
71,25,DEF
71,26,DEF
71,27,DEF
71,28,DEF
71,29,DEF
71,30,DEF
71,31,DEF
71,32,DEF
71,33,DEF
71,35,DEF
71,36,DEF
71,37,DEF
71,38,DEF
72,1,DEF
72,2,DEF
72,3,DEF
72,4,DEF
72,5,DEF
72,6,DEF
72,7,DEF
72,8,DEF
72,9,DEF
72,10,DEF
72,11,DEF
72,12,DEF
72,13,DEF
72,14,DEF
72,15,DEF
72,16,DEF
72,17,DEF
72,18,DEF
72,19,DEF
72,20,DEF
72,21,DEF
72,22,DEF
72,23,DEF
72,24,DEF
72,25,DEF
72,26,DEF
72,27,DEF
72,28,DEF
72,29,DEF
72,30,DEF
72,31,DEF
72,32,DEF
72,33,DEF
72,35,DEF
72,36,DEF
72,37,DEF
72,38,DEF
73,1,DEF
73,2,DEF
73,3,DEF
73,4,DEF
73,5,DEF
73,6,DEF
73,7,DEF
73,8,DEF
73,9,DEF
73,10,DEF
73,11,DEF
73,12,DEF
73,13,DEF
73,14,DEF
73,15,DEF
73,16,DEF
73,17,DEF
73,18,DEF
73,19,DEF
73,20,DEF
73,21,DEF
73,22,DEF
73,23,DEF
73,24,DEF
73,25,DEF
73,26,DEF
73,27,DEF
73,28,DEF
73,29,DEF
73,30,DEF
73,31,DEF
73,32,DEF
73,33,DEF
73,35,DEF
73,36,DEF
73,37,DEF
73,38,DEF
74,1,DEF
74,2,DEF
74,3,DEF
74,4,DEF
74,5,DEF
74,6,DEF
74,7,DEF
74,8,DEF
74,9,DEF
74,10,DEF
74,11,DEF
74,12,DEF
74,13,DEF
74,14,DEF
74,15,DEF
74,16,DEF
74,17,DEF
74,18,DEF
74,19,DEF
74,20,DEF
74,21,DEF
74,22,DEF
74,23,DEF
74,24,DEF
74,25,DEF
74,26,DEF
74,27,DEF
74,28,DEF
74,29,DEF
74,30,DEF
74,31,DEF
74,32,DEF
74,33,DEF
74,35,DEF
74,36,DEF
74,37,DEF
74,38,DEF
75,1,DEF
75,2,DEF
75,3,DEF
75,4,DEF
75,5,DEF
75,6,DEF
75,7,DEF
75,8,DEF
75,9,DEF
75,10,DEF
75,11,DEF
75,12,DEF
75,13,DEF
75,14,DEF
75,15,DEF
75,16,DEF
75,17,DEF
75,18,DEF
75,19,DEF
75,20,DEF
75,21,DEF
75,22,DEF
75,23,DEF
75,24,DEF
75,25,DEF
75,26,DEF
75,27,DEF
75,28,DEF
75,29,DEF
75,30,DEF
75,31,DEF
75,32,DEF
75,33,DEF
75,35,DEF
75,36,DEF
75,37,DEF
75,38,DEF
76,1,DEF
76,2,DEF
76,3,DEF
76,4,DEF
76,5,DEF
76,6,DEF
76,7,DEF
76,8,DEF
76,9,DEF
76,10,DEF
76,11,DEF
76,12,DEF
76,13,DEF
76,14,DEF
76,15,DEF
76,16,DEF
76,17,DEF
76,18,DEF
76,19,DEF
76,20,DEF
76,21,DEF
76,22,DEF
76,23,DEF
76,24,DEF
76,25,DEF
76,26,DEF
76,27,DEF
76,28,DEF
76,29,DEF
76,30,DEF
76,31,DEF
76,32,DEF
76,33,DEF
76,35,DEF
76,36,DEF
76,37,DEF
76,38,DEF
77,1,DEF
77,2,DEF
77,3,DEF
77,4,DEF
77,5,DEF
77,6,DEF
77,7,DEF
77,8,DEF
77,9,DEF
77,10,DEF
77,11,DEF
77,12,DEF
77,13,DEF
77,14,DEF
77,15,DEF
77,16,DEF
77,17,DEF
77,18,DEF
77,19,DEF
77,20,DEF
77,21,DEF
77,22,DEF
77,23,DEF
77,24,DEF
77,25,DEF
77,26,DEF
77,27,DEF
77,28,DEF
77,29,DEF
77,30,DEF
77,31,DEF
77,32,DEF
77,33,DEF
77,35,DEF
77,36,DEF
77,37,DEF
77,38,DEF
78,1,DEF
78,2,DEF
78,3,DEF
78,4,DEF
78,5,DEF
78,6,DEF
78,7,DEF
78,8,DEF
78,9,DEF
78,10,DEF
78,11,DEF
78,12,DEF
78,13,DEF
78,14,DEF
78,15,DEF
78,16,DEF
78,17,DEF
78,18,DEF
78,19,DEF
78,20,DEF
78,21,DEF
78,22,DEF
78,23,DEF
78,24,DEF
78,25,DEF
78,26,DEF
78,27,DEF
78,28,DEF
78,29,DEF
78,30,DEF
78,31,DEF
78,32,DEF
78,33,DEF
78,35,DEF
78,36,DEF
78,37,DEF
78,38,DEF
79,1,DEF
79,2,DEF
79,3,DEF
79,4,DEF
79,5,DEF
79,6,DEF
79,7,DEF
79,8,DEF
79,9,DEF
79,10,DEF
79,11,DEF
79,12,DEF
79,13,DEF
79,14,DEF
79,15,DEF
79,16,DEF
79,17,DEF
79,18,DEF
79,19,DEF
79,20,DEF
79,21,DEF
79,22,DEF
79,23,DEF
79,24,DEF
79,25,DEF
79,26,DEF
79,27,DEF
79,28,DEF
79,29,DEF
79,30,DEF
79,31,DEF
79,32,DEF
79,33,DEF
79,35,DEF
79,36,DEF
79,37,DEF
79,38,DEF
80,1,DEF
80,2,DEF
80,3,DEF
80,4,DEF
80,5,DEF
80,6,DEF
80,7,DEF
80,8,DEF
80,9,DEF
80,10,DEF
80,11,DEF
80,12,DEF
80,13,DEF
80,14,DEF
80,15,DEF
80,16,DEF
80,17,DEF
80,18,DEF
80,19,DEF
80,20,DEF
80,21,DEF
80,22,DEF
80,23,DEF
80,24,DEF
80,25,DEF
80,26,DEF
80,27,DEF
80,28,DEF
80,29,DEF
80,30,DEF
80,31,DEF
80,32,DEF
80,33,DEF
80,35,DEF
80,36,DEF
80,37,DEF
80,38,DEF
81,1,MID
81,2,MID
81,3,MID
81,4,MID
81,5,MID
81,6,MID
81,7,MID
81,8,MID
81,9,MID
81,10,MID
81,11,MID
81,12,MID
81,13,MID
81,14,MID
81,15,MID
81,16,MID
81,17,MID
81,18,MID
81,19,MID
81,20,MID
81,21,MID
81,22,MID
81,23,MID
81,24,MID
81,25,MID
81,26,MID
81,27,MID
81,28,MID
81,29,MID
81,30,MID
81,31,MID
81,32,MID
81,33,MID
81,35,MID
81,36,MID
81,37,MID
81,38,MID
84,1,MID
84,2,MID
84,3,MID
84,4,MID
84,5,MID
84,6,MID
84,7,MID
84,8,MID
84,9,MID
84,10,MID
84,11,MID
84,12,MID
84,13,MID
84,14,MID
84,15,MID
84,16,MID
84,17,MID
84,18,MID
84,19,MID
84,20,MID
84,21,MID
84,22,MID
84,23,MID
84,24,MID
84,25,MID
84,26,MID
84,27,MID
84,28,MID
84,29,MID
84,30,MID
84,31,MID
84,32,MID
84,33,MID
84,35,MID
84,36,MID
84,37,MID
84,38,MID
85,1,MID
85,2,MID
85,3,MID
85,4,MID
85,5,MID
85,6,MID
85,7,MID
85,8,MID
85,9,MID
85,10,MID
85,11,MID
85,12,MID
85,13,MID
85,14,MID
85,15,MID
85,16,MID
85,17,MID
85,18,MID
85,19,MID
85,20,MID
85,21,MID
85,22,MID
85,23,MID
85,24,MID
85,25,MID
85,26,MID
85,27,MID
85,28,MID
85,29,MID
85,30,MID
85,31,MID
85,32,MID
85,33,MID
85,35,MID
85,36,MID
85,37,MID
85,38,MID
86,1,MID
86,2,MID
86,3,MID
86,4,MID
86,5,MID
86,6,MID
86,7,MID
86,8,MID
86,9,MID
86,10,MID
86,11,MID
86,12,MID
86,13,MID
86,14,MID
86,15,MID
86,16,MID
86,17,MID
86,18,MID
86,19,MID
86,20,MID
86,21,MID
86,22,MID
86,23,MID
86,24,MID
86,25,MID
86,26,MID
86,27,MID
86,28,MID
86,29,MID
86,30,MID
86,31,MID
86,32,MID
86,33,MID
86,35,MID
86,36,MID
86,37,MID
86,38,MID
87,1,MID
87,2,MID
87,3,MID
87,4,MID
87,5,MID
87,6,MID
87,7,MID
87,8,MID
87,9,MID
87,10,MID
87,11,MID
87,12,MID
87,13,MID
87,14,MID
87,15,MID
87,16,MID
87,17,MID
87,18,MID
87,19,MID
87,20,MID
87,21,MID
87,22,MID
87,23,MID
87,24,MID
87,25,MID
87,26,MID
87,27,MID
87,28,MID
87,29,MID
87,30,MID
87,31,MID
87,32,MID
87,33,MID
87,35,MID
87,36,MID
87,37,MID
87,38,MID
88,1,MID
88,2,MID
88,3,MID
88,4,MID
88,5,MID
88,6,MID
88,7,MID
88,8,MID
88,9,MID
88,10,MID
88,11,MID
88,12,MID
88,13,MID
88,14,MID
88,15,MID
88,16,MID
88,17,MID
88,18,MID
88,19,MID
88,20,MID
88,21,MID
88,22,MID
88,23,MID
88,24,MID
88,25,MID
88,26,MID
88,27,MID
88,28,MID
88,29,MID
88,30,MID
88,31,MID
88,32,MID
88,33,MID
88,35,MID
88,36,MID
88,37,MID
88,38,MID
89,1,MID
89,2,MID
89,3,MID
89,4,MID
89,5,MID
89,6,MID
89,7,MID
89,8,MID
89,9,MID
89,10,MID
89,11,MID
89,12,MID
89,13,MID
89,14,MID
89,15,MID
89,16,MID
89,17,MID
89,18,MID
89,19,MID
89,20,MID
89,21,MID
89,22,MID
89,23,MID
89,24,MID
89,25,MID
89,26,MID
89,27,MID
89,28,MID
89,29,MID
89,30,MID
89,31,MID
89,32,MID
89,33,MID
89,35,MID
89,36,MID
89,37,MID
89,38,MID
90,1,MID
90,2,MID
90,3,MID
90,4,MID
90,5,MID
90,6,MID
90,7,MID
90,8,MID
90,9,MID
90,10,MID
90,11,MID
90,12,MID
90,13,MID
90,14,MID
90,15,MID
90,16,MID
90,17,MID
90,18,MID
90,19,MID
90,20,MID
90,21,MID
90,22,MID
90,23,MID
90,24,MID
90,25,MID
90,26,MID
90,27,MID
90,28,MID
90,29,MID
90,30,MID
90,31,MID
90,32,MID
90,33,MID
90,35,MID
90,36,MID
90,37,MID
90,38,MID
91,1,MID
91,2,MID
91,3,MID
91,4,MID
91,5,MID
91,6,MID
91,7,MID
91,8,MID
91,9,MID
91,10,MID
91,11,MID
91,12,MID
91,13,MID
91,14,MID
91,15,MID
91,16,MID
91,17,MID
91,18,MID
91,19,MID
91,20,MID
91,21,MID
91,22,MID
91,23,MID
91,24,MID
91,25,MID
91,26,MID
91,27,MID
91,28,MID
91,29,MID
91,30,MID
91,31,MID
91,32,MID
91,33,MID
91,35,MID
91,36,MID
91,37,MID
91,38,MID
92,1,MID
92,2,MID
92,3,MID
92,4,MID
92,5,MID
92,6,MID
92,7,MID
92,8,MID
92,9,MID
92,10,MID
92,11,MID
92,12,MID
92,13,MID
92,14,MID
92,15,MID
92,16,MID
92,17,MID
92,18,MID
92,19,MID
92,20,MID
92,21,MID
92,22,MID
92,23,MID
92,24,MID
92,25,MID
92,26,MID
92,27,MID
92,28,MID
92,29,MID
92,30,MID
92,31,MID
92,32,MID
92,33,MID
92,35,MID
92,36,MID
92,37,MID
92,38,MID
93,1,MID
93,2,MID
93,3,MID
93,4,MID
93,5,MID
93,6,MID
93,7,MID
93,8,MID
93,9,MID
93,10,MID
93,11,MID
93,12,MID
93,13,MID
93,14,MID
93,15,MID
93,16,MID
93,17,MID
93,18,MID
93,19,MID
93,20,MID
93,21,MID
93,22,MID
93,23,MID
93,24,MID
93,25,MID
93,26,MID
93,27,MID
93,28,MID
93,29,MID
93,30,MID
93,31,MID
93,32,MID
93,33,MID
93,35,MID
93,36,MID
93,37,MID
93,38,MID
94,1,MID
94,2,MID
94,3,MID
94,4,MID
94,5,MID
94,6,MID
94,7,MID
94,8,MID
94,9,MID
94,10,MID
94,11,MID
94,12,MID
94,13,MID
94,14,MID
94,15,MID
94,16,MID
94,17,MID
94,18,MID
94,19,MID
94,20,MID
94,21,MID
94,22,MID
94,23,MID
94,24,MID
94,25,MID
94,26,MID
94,27,MID
94,28,MID
94,29,MID
94,30,MID
94,31,MID
94,32,MID
94,33,MID
94,35,MID
94,36,MID
94,37,MID
94,38,MID
95,1,MID
95,2,MID
95,3,MID
95,4,MID
95,5,MID
95,6,MID
95,7,MID
95,8,MID
95,9,MID
95,10,MID
95,11,MID
95,12,MID
95,13,MID
95,14,MID
95,15,MID
95,16,MID
95,17,MID
95,18,MID
95,19,MID
95,20,MID
95,21,MID
95,22,MID
95,23,MID
95,24,MID
95,25,MID
95,26,MID
95,27,MID
95,28,MID
95,29,MID
95,30,MID
95,31,MID
95,32,MID
95,33,MID
95,35,MID
95,36,MID
95,37,MID
95,38,MID
96,1,MID
96,2,MID
96,3,MID
96,4,MID
96,5,MID
96,6,MID
96,7,MID
96,8,MID
96,9,MID
96,10,MID
96,11,MID
96,12,MID
96,13,MID
96,14,MID
96,15,MID
96,16,MID
96,17,MID
96,18,MID
96,19,MID
96,20,MID
96,21,MID
96,22,MID
96,23,MID
96,24,MID
96,25,MID
96,26,MID
96,27,MID
96,28,MID
96,29,MID
96,30,MID
96,31,MID
96,32,MID
96,33,MID
96,35,MID
96,36,MID
96,37,MID
96,38,MID
97,1,FWD
97,2,FWD
97,3,FWD
97,4,FWD
97,5,FWD
97,6,FWD
97,7,FWD
97,8,FWD
97,9,FWD
97,10,FWD
97,11,FWD
97,12,FWD
97,13,FWD
97,14,FWD
97,15,FWD
97,16,FWD
97,17,FWD
97,18,FWD
97,19,FWD
97,20,FWD
97,21,FWD
97,22,FWD
97,23,FWD
97,24,FWD
97,25,FWD
97,26,FWD
97,27,FWD
97,28,FWD
97,29,FWD
97,30,FWD
97,31,FWD
97,32,FWD
97,33,FWD
97,35,FWD
97,36,FWD
97,37,FWD
97,38,FWD
98,1,FWD
98,2,FWD
98,3,FWD
98,4,FWD
98,5,FWD
98,6,FWD
98,7,FWD
98,8,FWD
98,9,FWD
98,10,FWD
98,11,FWD
98,12,FWD
98,13,FWD
98,14,FWD
98,15,FWD
98,16,FWD
98,17,FWD
98,18,FWD
98,19,FWD
98,20,FWD
98,21,FWD
98,22,FWD
98,23,FWD
98,24,FWD
98,25,FWD
98,26,FWD
98,27,FWD
98,28,FWD
98,29,FWD
98,30,FWD
98,31,FWD
98,32,FWD
98,33,FWD
98,35,FWD
98,36,FWD
98,37,FWD
98,38,FWD
99,1,FWD
99,2,FWD
99,3,FWD
99,4,FWD
99,5,FWD
99,6,FWD
99,7,FWD
99,8,FWD
99,9,FWD
99,10,FWD
99,11,FWD
99,12,FWD
99,13,FWD
99,14,FWD
99,15,FWD
99,16,FWD
99,17,FWD
99,18,FWD
99,19,FWD
99,20,FWD
99,21,FWD
99,22,FWD
99,23,FWD
99,24,FWD
99,25,FWD
99,26,FWD
99,27,FWD
99,28,FWD
99,29,FWD
99,30,FWD
99,31,FWD
99,32,FWD
99,33,FWD
99,35,FWD
99,36,FWD
99,37,FWD
99,38,FWD
100,1,FWD
100,2,FWD
100,3,FWD
100,4,FWD
100,5,FWD
100,6,FWD
100,7,FWD
100,8,FWD
100,9,FWD
100,10,FWD
100,11,FWD
100,12,FWD
100,13,FWD
100,14,FWD
100,15,FWD
100,16,FWD
100,17,FWD
100,18,FWD
100,19,FWD
100,20,FWD
100,21,FWD
100,22,FWD
100,23,FWD
100,24,FWD
100,25,FWD
100,26,FWD
100,27,FWD
100,28,FWD
100,29,FWD
100,30,FWD
100,31,FWD
100,32,FWD
100,33,FWD
100,35,FWD
100,36,FWD
100,37,FWD
100,38,FWD
391,1,MID
391,2,MID
391,3,MID
391,4,MID
391,5,MID
391,6,MID
391,7,MID
391,8,MID
391,9,MID
391,10,MID
391,11,MID
391,12,MID
391,13,MID
391,14,MID
391,15,MID
391,16,MID
391,17,MID
391,18,MID
391,19,MID
391,20,MID
391,21,MID
391,22,MID
391,23,MID
391,24,MID
391,25,MID
391,26,MID
391,27,MID
391,28,MID
391,29,MID
391,30,MID
391,31,MID
391,32,MID
391,33,MID
391,35,MID
391,36,MID
391,37,MID
391,38,MID
685,1,DEF
685,2,DEF
685,3,DEF
685,4,DEF
685,5,DEF
685,6,DEF
685,7,DEF
685,8,DEF
685,9,DEF
685,10,DEF
685,11,DEF
685,12,DEF
685,13,DEF
685,14,DEF
685,15,DEF
685,16,DEF
685,17,DEF
685,18,DEF
685,19,DEF
685,20,DEF
685,21,DEF
685,22,DEF
685,23,DEF
685,24,DEF
685,25,DEF
685,26,DEF
685,27,DEF
685,28,DEF
685,29,DEF
685,30,DEF
685,31,DEF
685,32,DEF
685,33,DEF
685,35,DEF
685,36,DEF
685,37,DEF
685,38,DEF
687,1,MID
687,2,MID
687,3,MID
687,4,MID
687,5,MID
687,6,MID
687,7,MID
687,8,MID
687,9,MID
687,10,MID
687,11,MID
687,12,MID
687,13,MID
687,14,MID
687,15,MID
687,16,MID
687,17,MID
687,18,MID
687,19,MID
687,20,MID
687,21,MID
687,22,MID
687,23,MID
687,24,MID
687,25,MID
687,26,MID
687,27,MID
687,28,MID
687,29,MID
687,30,MID
687,31,MID
687,32,MID
687,33,MID
687,35,MID
687,36,MID
687,37,MID
687,38,MID
697,2,MID
697,3,MID
697,4,MID
697,5,MID
697,6,MID
697,7,MID
697,8,MID
697,9,MID
697,10,MID
697,11,MID
697,12,MID
697,13,MID
697,14,MID
697,15,MID
697,16,MID
697,17,MID
697,18,MID
697,19,MID
697,20,MID
697,21,MID
697,22,MID
697,23,MID
697,24,MID
697,25,MID
697,26,MID
697,27,MID
697,28,MID
697,29,MID
697,30,MID
697,31,MID
697,32,MID
697,33,MID
697,35,MID
697,36,MID
697,37,MID
697,38,MID
713,4,DEF
713,5,DEF
713,6,DEF
713,7,DEF
713,8,DEF
713,9,DEF
713,10,DEF
713,11,DEF
713,12,DEF
713,13,DEF
713,14,DEF
713,15,DEF
713,16,DEF
713,17,DEF
713,18,DEF
713,19,DEF
713,20,DEF
713,21,DEF
713,22,DEF
713,23,DEF
713,24,DEF
713,25,DEF
713,26,DEF
713,27,DEF
713,28,DEF
713,29,DEF
713,30,DEF
713,31,DEF
713,32,DEF
713,33,DEF
713,35,DEF
713,36,DEF
713,37,DEF
713,38,DEF
721,4,DEF
721,5,DEF
721,6,DEF
721,7,DEF
721,8,DEF
721,9,DEF
721,10,DEF
721,11,DEF
721,12,DEF
721,13,DEF
721,14,DEF
721,15,DEF
721,16,DEF
721,17,DEF
721,18,DEF
721,19,DEF
721,20,DEF
721,21,DEF
721,22,DEF
721,23,DEF
721,24,DEF
721,25,DEF
721,26,DEF
721,27,DEF
721,28,DEF
721,29,DEF
721,30,DEF
721,31,DEF
721,32,DEF
721,33,DEF
721,35,DEF
721,36,DEF
721,37,DEF
721,38,DEF
756,14,MID
756,15,MID
756,16,MID
756,17,MID
756,18,MID
756,19,MID
756,20,MID
756,21,MID
756,22,MID
756,23,MID
756,24,MID
756,25,MID
756,26,MID
756,27,MID
756,28,MID
756,29,MID
756,30,MID
756,31,MID
756,32,MID
756,33,MID
756,35,MID
756,36,MID
756,37,MID
756,38,MID
782,20,GK
782,21,GK
782,22,GK
782,23,GK
782,24,GK
782,25,GK
782,26,GK
782,27,GK
782,28,GK
782,29,GK
782,30,GK
782,31,GK
782,32,GK
782,33,GK
782,35,GK
782,36,GK
782,37,GK
782,38,GK
799,22,MID
799,23,MID
799,24,MID
799,25,MID
799,26,MID
799,27,MID
799,28,MID
799,29,MID
799,30,MID
799,31,MID
799,32,MID
799,33,MID
799,35,MID
799,36,MID
799,37,MID
799,38,MID
801,23,MID
801,24,MID
801,25,MID
801,26,MID
801,27,MID
801,28,MID
801,29,MID
801,30,MID
801,31,MID
801,32,MID
801,33,MID
801,35,MID
801,36,MID
801,37,MID
801,38,MID
806,24,GK
806,25,GK
806,26,GK
806,27,GK
806,28,GK
806,29,GK
806,30,GK
806,31,GK
806,32,GK
806,33,GK
806,35,GK
806,36,GK
806,37,GK
806,38,GK
807,24,MID
807,25,MID
807,26,MID
807,27,MID
807,28,MID
807,29,MID
807,30,MID
807,31,MID
807,32,MID
807,33,MID
807,35,MID
807,36,MID
807,37,MID
807,38,MID
27,1,MID
27,2,MID
27,3,MID
27,4,MID
27,5,MID
27,6,MID
27,7,MID
27,8,MID
27,9,MID
27,10,MID
27,11,MID
27,12,MID
27,13,MID
27,14,MID
27,15,MID
27,16,MID
27,17,MID
27,18,MID
27,19,MID
27,20,MID
27,21,MID
27,22,MID
27,23,MID
27,24,MID
27,25,MID
27,26,MID
27,27,MID
27,28,MID
27,29,MID
27,30,MID
27,31,MID
27,32,MID
27,33,MID
27,34,MID
27,35,MID
27,36,MID
27,37,MID
27,38,MID
83,1,MID
83,2,MID
83,3,MID
83,4,MID
83,5,MID
83,6,MID
83,7,MID
83,8,MID
83,9,MID
83,10,MID
83,11,MID
83,12,MID
83,13,MID
83,14,MID
83,15,MID
83,16,MID
83,17,MID
83,18,MID
83,19,MID
83,20,MID
83,21,MID
83,22,MID
83,23,MID
83,24,MID
83,25,MID
83,26,MID
83,27,MID
83,28,MID
83,29,MID
83,30,MID
83,31,MID
83,32,MID
83,33,MID
83,34,MID
83,35,MID
83,36,MID
83,37,MID
83,38,MID
101,1,GK
101,2,GK
101,3,GK
101,4,GK
101,5,GK
101,6,GK
101,7,GK
101,8,GK
101,9,GK
101,10,GK
101,11,GK
101,12,GK
101,13,GK
101,14,GK
101,15,GK
101,16,GK
101,17,GK
101,18,GK
101,19,GK
101,20,GK
101,21,GK
101,22,GK
101,23,GK
101,24,GK
101,25,GK
101,26,GK
101,27,GK
101,28,GK
101,29,GK
101,30,GK
101,31,GK
101,32,GK
101,33,GK
101,34,GK
101,35,GK
101,36,GK
101,37,GK
101,38,GK
102,1,GK
102,2,GK
102,3,GK
102,4,GK
102,5,GK
102,6,GK
102,7,GK
102,8,GK
102,9,GK
102,10,GK
102,11,GK
102,12,GK
102,13,GK
102,14,GK
102,15,GK
102,16,GK
102,17,GK
102,18,GK
102,19,GK
102,20,GK
102,21,GK
102,22,GK
102,23,GK
102,24,GK
102,25,GK
102,26,GK
102,27,GK
102,28,GK
102,29,GK
102,30,GK
102,31,GK
102,32,GK
102,33,GK
102,34,GK
102,35,GK
102,36,GK
102,37,GK
102,38,GK
103,1,GK
103,2,GK
103,3,GK
103,4,GK
103,5,GK
103,6,GK
103,7,GK
103,8,GK
103,9,GK
103,10,GK
103,11,GK
103,12,GK
103,13,GK
103,14,GK
103,15,GK
103,16,GK
103,17,GK
103,18,GK
103,19,GK
103,20,GK
103,21,GK
103,22,GK
103,23,GK
103,24,GK
103,25,GK
103,26,GK
103,27,GK
103,28,GK
103,29,GK
103,30,GK
103,31,GK
103,32,GK
103,33,GK
103,34,GK
103,35,GK
103,36,GK
103,37,GK
103,38,GK
104,1,GK
104,2,GK
104,3,GK
104,4,GK
104,5,GK
104,6,GK
104,7,GK
104,8,GK
104,9,GK
104,10,GK
104,11,GK
104,12,GK
104,13,GK
104,14,GK
104,15,GK
104,16,GK
104,17,GK
104,18,GK
104,19,GK
104,20,GK
104,21,GK
104,22,GK
104,23,GK
104,24,GK
104,25,GK
104,26,GK
104,27,GK
104,28,GK
104,29,GK
104,30,GK
104,31,GK
104,32,GK
104,33,GK
104,34,GK
104,35,GK
104,36,GK
104,37,GK
104,38,GK
105,1,GK
105,2,GK
105,3,GK
105,4,GK
105,5,GK
105,6,GK
105,7,GK
105,8,GK
105,9,GK
105,10,GK
105,11,GK
105,12,GK
105,13,GK
105,14,GK
105,15,GK
105,16,GK
105,17,GK
105,18,GK
105,19,GK
105,20,GK
105,21,GK
105,22,GK
105,23,GK
105,24,GK
105,25,GK
105,26,GK
105,27,GK
105,28,GK
105,29,GK
105,30,GK
105,31,GK
105,32,GK
105,33,GK
105,34,GK
105,35,GK
105,36,GK
105,37,GK
105,38,GK
106,1,DEF
106,2,DEF
106,3,DEF
106,4,DEF
106,5,DEF
106,6,DEF
106,7,DEF
106,8,DEF
106,9,DEF
106,10,DEF
106,11,DEF
106,12,DEF
106,13,DEF
106,14,DEF
106,15,DEF
106,16,DEF
106,17,DEF
106,18,DEF
106,19,DEF
106,20,DEF
106,21,DEF
106,22,DEF
106,23,DEF
106,24,DEF
106,25,DEF
106,26,DEF
106,27,DEF
106,28,DEF
106,29,DEF
106,30,DEF
106,31,DEF
106,32,DEF
106,33,DEF
106,34,DEF
106,35,DEF
106,36,DEF
106,37,DEF
106,38,DEF
107,1,DEF
107,2,DEF
107,3,DEF
107,4,DEF
107,5,DEF
107,6,DEF
107,7,DEF
107,8,DEF
107,9,DEF
107,10,DEF
107,11,DEF
107,12,DEF
107,13,DEF
107,14,DEF
107,15,DEF
107,16,DEF
107,17,DEF
107,18,DEF
107,19,DEF
107,20,DEF
107,21,DEF
107,22,DEF
107,23,DEF
107,24,DEF
107,25,DEF
107,26,DEF
107,27,DEF
107,28,DEF
107,29,DEF
107,30,DEF
107,31,DEF
107,32,DEF
107,33,DEF
107,34,DEF
107,35,DEF
107,36,DEF
107,37,DEF
107,38,DEF
108,1,DEF
108,2,DEF
108,3,DEF
108,4,DEF
108,5,DEF
108,6,DEF
108,7,DEF
108,8,DEF
108,9,DEF
108,10,DEF
108,11,DEF
108,12,DEF
108,13,DEF
108,14,DEF
108,15,DEF
108,16,DEF
108,17,DEF
108,18,DEF
108,19,DEF
108,20,DEF
108,21,DEF
108,22,DEF
108,23,DEF
108,24,DEF
108,25,DEF
108,26,DEF
108,27,DEF
108,28,DEF
108,29,DEF
108,30,DEF
108,31,DEF
108,32,DEF
108,33,DEF
108,34,DEF
108,35,DEF
108,36,DEF
108,37,DEF
108,38,DEF
109,1,DEF
109,2,DEF
109,3,DEF
109,4,DEF
109,5,DEF
109,6,DEF
109,7,DEF
109,8,DEF
109,9,DEF
109,10,DEF
109,11,DEF
109,12,DEF
109,13,DEF
109,14,DEF
109,15,DEF
109,16,DEF
109,17,DEF
109,18,DEF
109,19,DEF
109,20,DEF
109,21,DEF
109,22,DEF
109,23,DEF
109,24,DEF
109,25,DEF
109,26,DEF
109,27,DEF
109,28,DEF
109,29,DEF
109,30,DEF
109,31,DEF
109,32,DEF
109,33,DEF
109,34,DEF
109,35,DEF
109,36,DEF
109,37,DEF
109,38,DEF
110,1,DEF
110,2,DEF
110,3,DEF
110,4,DEF
110,5,DEF
110,6,DEF
110,7,DEF
110,8,DEF
110,9,DEF
110,10,DEF
110,11,DEF
110,12,DEF
110,13,DEF
110,14,DEF
110,15,DEF
110,16,DEF
110,17,DEF
110,18,DEF
110,19,DEF
110,20,DEF
110,21,DEF
110,22,DEF
110,23,DEF
110,24,DEF
110,25,DEF
110,26,DEF
110,27,DEF
110,28,DEF
110,29,DEF
110,30,DEF
110,31,DEF
110,32,DEF
110,33,DEF
110,34,DEF
110,35,DEF
110,36,DEF
110,37,DEF
110,38,DEF
111,1,DEF
111,2,DEF
111,3,DEF
111,4,DEF
111,5,DEF
111,6,DEF
111,7,DEF
111,8,DEF
111,9,DEF
111,10,DEF
111,11,DEF
111,12,DEF
111,13,DEF
111,14,DEF
111,15,DEF
111,16,DEF
111,17,DEF
111,18,DEF
111,19,DEF
111,20,DEF
111,21,DEF
111,22,DEF
111,23,DEF
111,24,DEF
111,25,DEF
111,26,DEF
111,27,DEF
111,28,DEF
111,29,DEF
111,30,DEF
111,31,DEF
111,32,DEF
111,33,DEF
111,34,DEF
111,35,DEF
111,36,DEF
111,37,DEF
111,38,DEF
112,1,DEF
112,2,DEF
112,3,DEF
112,4,DEF
112,5,DEF
112,6,DEF
112,7,DEF
112,8,DEF
112,9,DEF
112,10,DEF
112,11,DEF
112,12,DEF
112,13,DEF
112,14,DEF
112,15,DEF
112,16,DEF
112,17,DEF
112,18,DEF
112,19,DEF
112,20,DEF
112,21,DEF
112,22,DEF
112,23,DEF
112,24,DEF
112,25,DEF
112,26,DEF
112,27,DEF
112,28,DEF
112,29,DEF
112,30,DEF
112,31,DEF
112,32,DEF
112,33,DEF
112,34,DEF
112,35,DEF
112,36,DEF
112,37,DEF
112,38,DEF
113,1,DEF
113,2,DEF
113,3,DEF
113,4,DEF
113,5,DEF
113,6,DEF
113,7,DEF
113,8,DEF
113,9,DEF
113,10,DEF
113,11,DEF
113,12,DEF
113,13,DEF
113,14,DEF
113,15,DEF
113,16,DEF
113,17,DEF
113,18,DEF
113,19,DEF
113,20,DEF
113,21,DEF
113,22,DEF
113,23,DEF
113,24,DEF
113,25,DEF
113,26,DEF
113,27,DEF
113,28,DEF
113,29,DEF
113,30,DEF
113,31,DEF
113,32,DEF
113,33,DEF
113,34,DEF
113,35,DEF
113,36,DEF
113,37,DEF
113,38,DEF
114,1,DEF
114,2,DEF
114,3,DEF
114,4,DEF
114,5,DEF
114,6,DEF
114,7,DEF
114,8,DEF
114,9,DEF
114,10,DEF
114,11,DEF
114,12,DEF
114,13,DEF
114,14,DEF
114,15,DEF
114,16,DEF
114,17,DEF
114,18,DEF
114,19,DEF
114,20,DEF
114,21,DEF
114,22,DEF
114,23,DEF
114,24,DEF
114,25,DEF
114,26,DEF
114,27,DEF
114,28,DEF
114,29,DEF
114,30,DEF
114,31,DEF
114,32,DEF
114,33,DEF
114,34,DEF
114,35,DEF
114,36,DEF
114,37,DEF
114,38,DEF
115,1,DEF
115,2,DEF
115,3,DEF
115,4,DEF
115,5,DEF
115,6,DEF
115,7,DEF
115,8,DEF
115,9,DEF
115,10,DEF
115,11,DEF
115,12,DEF
115,13,DEF
115,14,DEF
115,15,DEF
115,16,DEF
115,17,DEF
115,18,DEF
115,19,DEF
115,20,DEF
115,21,DEF
115,22,DEF
115,23,DEF
115,24,DEF
115,25,DEF
115,26,DEF
115,27,DEF
115,28,DEF
115,29,DEF
115,30,DEF
115,31,DEF
115,32,DEF
115,33,DEF
115,34,DEF
115,35,DEF
115,36,DEF
115,37,DEF
115,38,DEF
116,1,DEF
116,2,DEF
116,3,DEF
116,4,DEF
116,5,DEF
116,6,DEF
116,7,DEF
116,8,DEF
116,9,DEF
116,10,DEF
116,11,DEF
116,12,DEF
116,13,DEF
116,14,DEF
116,15,DEF
116,16,DEF
116,17,DEF
116,18,DEF
116,19,DEF
116,20,DEF
116,21,DEF
116,22,DEF
116,23,DEF
116,24,DEF
116,25,DEF
116,26,DEF
116,27,DEF
116,28,DEF
116,29,DEF
116,30,DEF
116,31,DEF
116,32,DEF
116,33,DEF
116,34,DEF
116,35,DEF
116,36,DEF
116,37,DEF
116,38,DEF
117,1,DEF
117,2,DEF
117,3,DEF
117,4,DEF
117,5,DEF
117,6,DEF
117,7,DEF
117,8,DEF
117,9,DEF
117,10,DEF
117,11,DEF
117,12,DEF
117,13,DEF
117,14,DEF
117,15,DEF
117,16,DEF
117,17,DEF
117,18,DEF
117,19,DEF
117,20,DEF
117,21,DEF
117,22,DEF
117,23,DEF
117,24,DEF
117,25,DEF
117,26,DEF
117,27,DEF
117,28,DEF
117,29,DEF
117,30,DEF
117,31,DEF
117,32,DEF
117,33,DEF
117,34,DEF
117,35,DEF
117,36,DEF
117,37,DEF
117,38,DEF
118,1,DEF
118,2,DEF
118,3,DEF
118,4,DEF
118,5,DEF
118,6,DEF
118,7,DEF
118,8,DEF
118,9,DEF
118,10,DEF
118,11,DEF
118,12,DEF
118,13,DEF
118,14,DEF
118,15,DEF
118,16,DEF
118,17,DEF
118,18,DEF
118,19,DEF
118,20,DEF
118,21,DEF
118,22,DEF
118,23,DEF
118,24,DEF
118,25,DEF
118,26,DEF
118,27,DEF
118,28,DEF
118,29,DEF
118,30,DEF
118,31,DEF
118,32,DEF
118,33,DEF
118,34,DEF
118,35,DEF
118,36,DEF
118,37,DEF
118,38,DEF
120,1,MID
120,2,MID
120,3,MID
120,4,MID
120,5,MID
120,6,MID
120,7,MID
120,8,MID
120,9,MID
120,10,MID
120,11,MID
120,12,MID
120,13,MID
120,14,MID
120,15,MID
120,16,MID
120,17,MID
120,18,MID
120,19,MID
120,20,MID
120,21,MID
120,22,MID
120,23,MID
120,24,MID
120,25,MID
120,26,MID
120,27,MID
120,28,MID
120,29,MID
120,30,MID
120,31,MID
120,32,MID
120,33,MID
120,34,MID
120,35,MID
120,36,MID
120,37,MID
120,38,MID
121,1,MID
121,2,MID
121,3,MID
121,4,MID
121,5,MID
121,6,MID
121,7,MID
121,8,MID
121,9,MID
121,10,MID
121,11,MID
121,12,MID
121,13,MID
121,14,MID
121,15,MID
121,16,MID
121,17,MID
121,18,MID
121,19,MID
121,20,MID
121,21,MID
121,22,MID
121,23,MID
121,24,MID
121,25,MID
121,26,MID
121,27,MID
121,28,MID
121,29,MID
121,30,MID
121,31,MID
121,32,MID
121,33,MID
121,34,MID
121,35,MID
121,36,MID
121,37,MID
121,38,MID
122,1,MID
122,2,MID
122,3,MID
122,4,MID
122,5,MID
122,6,MID
122,7,MID
122,8,MID
122,9,MID
122,10,MID
122,11,MID
122,12,MID
122,13,MID
122,14,MID
122,15,MID
122,16,MID
122,17,MID
122,18,MID
122,19,MID
122,20,MID
122,21,MID
122,22,MID
122,23,MID
122,24,MID
122,25,MID
122,26,MID
122,27,MID
122,28,MID
122,29,MID
122,30,MID
122,31,MID
122,32,MID
122,33,MID
122,34,MID
122,35,MID
122,36,MID
122,37,MID
122,38,MID
123,1,MID
123,2,MID
123,3,MID
123,4,MID
123,5,MID
123,6,MID
123,7,MID
123,8,MID
123,9,MID
123,10,MID
123,11,MID
123,12,MID
123,13,MID
123,14,MID
123,15,MID
123,16,MID
123,17,MID
123,18,MID
123,19,MID
123,20,MID
123,21,MID
123,22,MID
123,23,MID
123,24,MID
123,25,MID
123,26,MID
123,27,MID
123,28,MID
123,29,MID
123,30,MID
123,31,MID
123,32,MID
123,33,MID
123,34,MID
123,35,MID
123,36,MID
123,37,MID
123,38,MID
124,1,MID
124,2,MID
124,3,MID
124,4,MID
124,5,MID
124,6,MID
124,7,MID
124,8,MID
124,9,MID
124,10,MID
124,11,MID
124,12,MID
124,13,MID
124,14,MID
124,15,MID
124,16,MID
124,17,MID
124,18,MID
124,19,MID
124,20,MID
124,21,MID
124,22,MID
124,23,MID
124,24,MID
124,25,MID
124,26,MID
124,27,MID
124,28,MID
124,29,MID
124,30,MID
124,31,MID
124,32,MID
124,33,MID
124,34,MID
124,35,MID
124,36,MID
124,37,MID
124,38,MID
125,1,MID
125,2,MID
125,3,MID
125,4,MID
125,5,MID
125,6,MID
125,7,MID
125,8,MID
125,9,MID
125,10,MID
125,11,MID
125,12,MID
125,13,MID
125,14,MID
125,15,MID
125,16,MID
125,17,MID
125,18,MID
125,19,MID
125,20,MID
125,21,MID
125,22,MID
125,23,MID
125,24,MID
125,25,MID
125,26,MID
125,27,MID
125,28,MID
125,29,MID
125,30,MID
125,31,MID
125,32,MID
125,33,MID
125,34,MID
125,35,MID
125,36,MID
125,37,MID
125,38,MID
126,1,MID
126,2,MID
126,3,MID
126,4,MID
126,5,MID
126,6,MID
126,7,MID
126,8,MID
126,9,MID
126,10,MID
126,11,MID
126,12,MID
126,13,MID
126,14,MID
126,15,MID
126,16,MID
126,17,MID
126,18,MID
126,19,MID
126,20,MID
126,21,MID
126,22,MID
126,23,MID
126,24,MID
126,25,MID
126,26,MID
126,27,MID
126,28,MID
126,29,MID
126,30,MID
126,31,MID
126,32,MID
126,33,MID
126,34,MID
126,35,MID
126,36,MID
126,37,MID
126,38,MID
127,1,MID
127,2,MID
127,3,MID
127,4,MID
127,5,MID
127,6,MID
127,7,MID
127,8,MID
127,9,MID
127,10,MID
127,11,MID
127,12,MID
127,13,MID
127,14,MID
127,15,MID
127,16,MID
127,17,MID
127,18,MID
127,19,MID
127,20,MID
127,21,MID
127,22,MID
127,23,MID
127,24,MID
127,25,MID
127,26,MID
127,27,MID
127,28,MID
127,29,MID
127,30,MID
127,31,MID
127,32,MID
127,33,MID
127,34,MID
127,35,MID
127,36,MID
127,37,MID
127,38,MID
128,1,MID
128,2,MID
128,3,MID
128,4,MID
128,5,MID
128,6,MID
128,7,MID
128,8,MID
128,9,MID
128,10,MID
128,11,MID
128,12,MID
128,13,MID
128,14,MID
128,15,MID
128,16,MID
128,17,MID
128,18,MID
128,19,MID
128,20,MID
128,21,MID
128,22,MID
128,23,MID
128,24,MID
128,25,MID
128,26,MID
128,27,MID
128,28,MID
128,29,MID
128,30,MID
128,31,MID
128,32,MID
128,33,MID
128,34,MID
128,35,MID
128,36,MID
128,37,MID
128,38,MID
129,1,MID
129,2,MID
129,3,MID
129,4,MID
129,5,MID
129,6,MID
129,7,MID
129,8,MID
129,9,MID
129,10,MID
129,11,MID
129,12,MID
129,13,MID
129,14,MID
129,15,MID
129,16,MID
129,17,MID
129,18,MID
129,19,MID
129,20,MID
129,21,MID
129,22,MID
129,23,MID
129,24,MID
129,25,MID
129,26,MID
129,27,MID
129,28,MID
129,29,MID
129,30,MID
129,31,MID
129,32,MID
129,33,MID
129,34,MID
129,35,MID
129,36,MID
129,37,MID
129,38,MID
130,1,MID
130,2,MID
130,3,MID
130,4,MID
130,5,MID
130,6,MID
130,7,MID
130,8,MID
130,9,MID
130,10,MID
130,11,MID
130,12,MID
130,13,MID
130,14,MID
130,15,MID
130,16,MID
130,17,MID
130,18,MID
130,19,MID
130,20,MID
130,21,MID
130,22,MID
130,23,MID
130,24,MID
130,25,MID
130,26,MID
130,27,MID
130,28,MID
130,29,MID
130,30,MID
130,31,MID
130,32,MID
130,33,MID
130,34,MID
130,35,MID
130,36,MID
130,37,MID
130,38,MID
131,1,MID
131,2,MID
131,3,MID
131,4,MID
131,5,MID
131,6,MID
131,7,MID
131,8,MID
131,9,MID
131,10,MID
131,11,MID
131,12,MID
131,13,MID
131,14,MID
131,15,MID
131,16,MID
131,17,MID
131,18,MID
131,19,MID
131,20,MID
131,21,MID
131,22,MID
131,23,MID
131,24,MID
131,25,MID
131,26,MID
131,27,MID
131,28,MID
131,29,MID
131,30,MID
131,31,MID
131,32,MID
131,33,MID
131,34,MID
131,35,MID
131,36,MID
131,37,MID
131,38,MID
132,1,MID
132,2,MID
132,3,MID
132,4,MID
132,5,MID
132,6,MID
132,7,MID
132,8,MID
132,9,MID
132,10,MID
132,11,MID
132,12,MID
132,13,MID
132,14,MID
132,15,MID
132,16,MID
132,17,MID
132,18,MID
132,19,MID
132,20,MID
132,21,MID
132,22,MID
132,23,MID
132,24,MID
132,25,MID
132,26,MID
132,27,MID
132,28,MID
132,29,MID
132,30,MID
132,31,MID
132,32,MID
132,33,MID
132,34,MID
132,35,MID
132,36,MID
132,37,MID
132,38,MID
133,1,MID
133,2,MID
133,3,MID
133,4,MID
133,5,MID
133,6,MID
133,7,MID
133,8,MID
133,9,MID
133,10,MID
133,11,MID
133,12,MID
133,13,MID
133,14,MID
133,15,MID
133,16,MID
133,17,MID
133,18,MID
133,19,MID
133,20,MID
133,21,MID
133,22,MID
133,23,MID
133,24,MID
133,25,MID
133,26,MID
133,27,MID
133,28,MID
133,29,MID
133,30,MID
133,31,MID
133,32,MID
133,33,MID
133,34,MID
133,35,MID
133,36,MID
133,37,MID
133,38,MID
134,1,MID
134,2,MID
134,3,MID
134,4,MID
134,5,MID
134,6,MID
134,7,MID
134,8,MID
134,9,MID
134,10,MID
134,11,MID
134,12,MID
134,13,MID
134,14,MID
134,15,MID
134,16,MID
134,17,MID
134,18,MID
134,19,MID
134,20,MID
134,21,MID
134,22,MID
134,23,MID
134,24,MID
134,25,MID
134,26,MID
134,27,MID
134,28,MID
134,29,MID
134,30,MID
134,31,MID
134,32,MID
134,33,MID
134,34,MID
134,35,MID
134,36,MID
134,37,MID
134,38,MID
136,1,FWD
136,2,FWD
136,3,FWD
136,4,FWD
136,5,FWD
136,6,FWD
136,7,FWD
136,8,FWD
136,9,FWD
136,10,FWD
136,11,FWD
136,12,FWD
136,13,FWD
136,14,FWD
136,15,FWD
136,16,FWD
136,17,FWD
136,18,FWD
136,19,FWD
136,20,FWD
136,21,FWD
136,22,FWD
136,23,FWD
136,24,FWD
136,25,FWD
136,26,FWD
136,27,FWD
136,28,FWD
136,29,FWD
136,30,FWD
136,31,FWD
136,32,FWD
136,33,FWD
136,34,FWD
136,35,FWD
136,36,FWD
136,37,FWD
136,38,FWD
137,1,FWD
137,2,FWD
137,3,FWD
137,4,FWD
137,5,FWD
137,6,FWD
137,7,FWD
137,8,FWD
137,9,FWD
137,10,FWD
137,11,FWD
137,12,FWD
137,13,FWD
137,14,FWD
137,15,FWD
137,16,FWD
137,17,FWD
137,18,FWD
137,19,FWD
137,20,FWD
137,21,FWD
137,22,FWD
137,23,FWD
137,24,FWD
137,25,FWD
137,26,FWD
137,27,FWD
137,28,FWD
137,29,FWD
137,30,FWD
137,31,FWD
137,32,FWD
137,33,FWD
137,34,FWD
137,35,FWD
137,36,FWD
137,37,FWD
137,38,FWD
748,11,MID
748,12,MID
748,13,MID
748,14,MID
748,15,MID
748,16,MID
748,17,MID
748,18,MID
748,19,MID
748,20,MID
748,21,MID
748,22,MID
748,23,MID
748,24,MID
748,25,MID
748,26,MID
748,27,MID
748,28,MID
748,29,MID
748,30,MID
748,31,MID
748,32,MID
748,33,MID
748,34,MID
748,35,MID
748,36,MID
748,37,MID
748,38,MID
797,22,FWD
797,23,FWD
797,24,FWD
797,25,FWD
797,26,FWD
797,27,FWD
797,28,FWD
797,29,FWD
797,30,FWD
797,31,FWD
797,32,FWD
797,33,FWD
797,34,FWD
797,35,FWD
797,36,FWD
797,37,FWD
797,38,FWD
810,24,MID
810,25,MID
810,26,MID
810,27,MID
810,28,MID
810,29,MID
810,30,MID
810,31,MID
810,32,MID
810,33,MID
810,34,MID
810,35,MID
810,36,MID
810,37,MID
810,38,MID
819,28,DEF
819,29,DEF
819,30,DEF
819,31,DEF
819,32,DEF
819,33,DEF
819,34,DEF
819,35,DEF
819,36,DEF
819,37,DEF
819,38,DEF
823,31,DEF
823,32,DEF
823,33,DEF
823,34,DEF
823,35,DEF
823,36,DEF
823,37,DEF
823,38,DEF
824,31,DEF
824,32,DEF
824,33,DEF
824,34,DEF
824,35,DEF
824,36,DEF
824,37,DEF
824,38,DEF
826,32,MID
826,33,MID
826,34,MID
826,35,MID
826,36,MID
826,37,MID
826,38,MID
138,1,GK
138,2,GK
138,3,GK
138,4,GK
138,5,GK
138,6,GK
138,7,GK
138,8,GK
138,9,GK
138,10,GK
138,11,GK
138,12,GK
138,13,GK
138,14,GK
138,15,GK
138,16,GK
138,17,GK
138,18,GK
138,19,GK
138,20,GK
138,21,GK
138,22,GK
138,23,GK
138,24,GK
138,25,GK
138,26,GK
138,27,GK
138,28,GK
138,29,GK
138,30,GK
138,31,GK
138,32,GK
138,33,GK
138,35,GK
138,36,GK
138,37,GK
138,38,GK
139,1,GK
139,2,GK
139,3,GK
139,4,GK
139,5,GK
139,6,GK
139,7,GK
139,8,GK
139,9,GK
139,10,GK
139,11,GK
139,12,GK
139,13,GK
139,14,GK
139,15,GK
139,16,GK
139,17,GK
139,18,GK
139,19,GK
139,20,GK
139,21,GK
139,22,GK
139,23,GK
139,24,GK
139,25,GK
139,26,GK
139,27,GK
139,28,GK
139,29,GK
139,30,GK
139,31,GK
139,32,GK
139,33,GK
139,35,GK
139,36,GK
139,37,GK
139,38,GK
140,1,GK
140,2,GK
140,3,GK
140,4,GK
140,5,GK
140,6,GK
140,7,GK
140,8,GK
140,9,GK
140,10,GK
140,11,GK
140,12,GK
140,13,GK
140,14,GK
140,15,GK
140,16,GK
140,17,GK
140,18,GK
140,19,GK
140,20,GK
140,21,GK
140,22,GK
140,23,GK
140,24,GK
140,25,GK
140,26,GK
140,27,GK
140,28,GK
140,29,GK
140,30,GK
140,31,GK
140,32,GK
140,33,GK
140,35,GK
140,36,GK
140,37,GK
140,38,GK
141,1,GK
141,2,GK
141,3,GK
141,4,GK
141,5,GK
141,6,GK
141,7,GK
141,8,GK
141,9,GK
141,10,GK
141,11,GK
141,12,GK
141,13,GK
141,14,GK
141,15,GK
141,16,GK
141,17,GK
141,18,GK
141,19,GK
141,20,GK
141,21,GK
141,22,GK
141,23,GK
141,24,GK
141,25,GK
141,26,GK
141,27,GK
141,28,GK
141,29,GK
141,30,GK
141,31,GK
141,32,GK
141,33,GK
141,35,GK
141,36,GK
141,37,GK
141,38,GK
142,1,GK
142,2,GK
142,3,GK
142,4,GK
142,5,GK
142,6,GK
142,7,GK
142,8,GK
142,9,GK
142,10,GK
142,11,GK
142,12,GK
142,13,GK
142,14,GK
142,15,GK
142,16,GK
142,17,GK
142,18,GK
142,19,GK
142,20,GK
142,21,GK
142,22,GK
142,23,GK
142,24,GK
142,25,GK
142,26,GK
142,27,GK
142,28,GK
142,29,GK
142,30,GK
142,31,GK
142,32,GK
142,33,GK
142,35,GK
142,36,GK
142,37,GK
142,38,GK
143,1,DEF
143,2,DEF
143,3,DEF
143,4,DEF
143,5,DEF
143,6,DEF
143,7,DEF
143,8,DEF
143,9,DEF
143,10,DEF
143,11,DEF
143,12,DEF
143,13,DEF
143,14,DEF
143,15,DEF
143,16,DEF
143,17,DEF
143,18,DEF
143,19,DEF
143,20,DEF
143,21,DEF
143,22,DEF
143,23,DEF
143,24,DEF
143,25,DEF
143,26,DEF
143,27,DEF
143,28,DEF
143,29,DEF
143,30,DEF
143,31,DEF
143,32,DEF
143,33,DEF
143,35,DEF
143,36,DEF
143,37,DEF
143,38,DEF
144,1,DEF
144,2,DEF
144,3,DEF
144,4,DEF
144,5,DEF
144,6,DEF
144,7,DEF
144,8,DEF
144,9,DEF
144,10,DEF
144,11,DEF
144,12,DEF
144,13,DEF
144,14,DEF
144,15,DEF
144,16,DEF
144,17,DEF
144,18,DEF
144,19,DEF
144,20,DEF
144,21,DEF
144,22,DEF
144,23,DEF
144,24,DEF
144,25,DEF
144,26,DEF
144,27,DEF
144,28,DEF
144,29,DEF
144,30,DEF
144,31,DEF
144,32,DEF
144,33,DEF
144,35,DEF
144,36,DEF
144,37,DEF
144,38,DEF
145,1,DEF
145,2,DEF
145,3,DEF
145,4,DEF
145,5,DEF
145,6,DEF
145,7,DEF
145,8,DEF
145,9,DEF
145,10,DEF
145,11,DEF
145,12,DEF
145,13,DEF
145,14,DEF
145,15,DEF
145,16,DEF
145,17,DEF
145,18,DEF
145,19,DEF
145,20,DEF
145,21,DEF
145,22,DEF
145,23,DEF
145,24,DEF
145,25,DEF
145,26,DEF
145,27,DEF
145,28,DEF
145,29,DEF
145,30,DEF
145,31,DEF
145,32,DEF
145,33,DEF
145,35,DEF
145,36,DEF
145,37,DEF
145,38,DEF
146,1,DEF
146,2,DEF
146,3,DEF
146,4,DEF
146,5,DEF
146,6,DEF
146,7,DEF
146,8,DEF
146,9,DEF
146,10,DEF
146,11,DEF
146,12,DEF
146,13,DEF
146,14,DEF
146,15,DEF
146,16,DEF
146,17,DEF
146,18,DEF
146,19,DEF
146,20,DEF
146,21,DEF
146,22,DEF
146,23,DEF
146,24,DEF
146,25,DEF
146,26,DEF
146,27,DEF
146,28,DEF
146,29,DEF
146,30,DEF
146,31,DEF
146,32,DEF
146,33,DEF
146,35,DEF
146,36,DEF
146,37,DEF
146,38,DEF
147,1,DEF
147,2,DEF
147,3,DEF
147,4,DEF
147,5,DEF
147,6,DEF
147,7,DEF
147,8,DEF
147,9,DEF
147,10,DEF
147,11,DEF
147,12,DEF
147,13,DEF
147,14,DEF
147,15,DEF
147,16,DEF
147,17,DEF
147,18,DEF
147,19,DEF
147,20,DEF
147,21,DEF
147,22,DEF
147,23,DEF
147,24,DEF
147,25,DEF
147,26,DEF
147,27,DEF
147,28,DEF
147,29,DEF
147,30,DEF
147,31,DEF
147,32,DEF
147,33,DEF
147,35,DEF
147,36,DEF
147,37,DEF
147,38,DEF
148,1,DEF
148,2,DEF
148,3,DEF
148,4,DEF
148,5,DEF
148,6,DEF
148,7,DEF
148,8,DEF
148,9,DEF
148,10,DEF
148,11,DEF
148,12,DEF
148,13,DEF
148,14,DEF
148,15,DEF
148,16,DEF
148,17,DEF
148,18,DEF
148,19,DEF
148,20,DEF
148,21,DEF
148,22,DEF
148,23,DEF
148,24,DEF
148,25,DEF
148,26,DEF
148,27,DEF
148,28,DEF
148,29,DEF
148,30,DEF
148,31,DEF
148,32,DEF
148,33,DEF
148,35,DEF
148,36,DEF
148,37,DEF
148,38,DEF
149,1,DEF
149,2,DEF
149,3,DEF
149,4,DEF
149,5,DEF
149,6,DEF
149,7,DEF
149,8,DEF
149,9,DEF
149,10,DEF
149,11,DEF
149,12,DEF
149,13,DEF
149,14,DEF
149,15,DEF
149,16,DEF
149,17,DEF
149,18,DEF
149,19,DEF
149,20,DEF
149,21,DEF
149,22,DEF
149,23,DEF
149,24,DEF
149,25,DEF
149,26,DEF
149,27,DEF
149,28,DEF
149,29,DEF
149,30,DEF
149,31,DEF
149,32,DEF
149,33,DEF
149,35,DEF
149,36,DEF
149,37,DEF
149,38,DEF
150,1,DEF
150,2,DEF
150,3,DEF
150,4,DEF
150,5,DEF
150,6,DEF
150,7,DEF
150,8,DEF
150,9,DEF
150,10,DEF
150,11,DEF
150,12,DEF
150,13,DEF
150,14,DEF
150,15,DEF
150,16,DEF
150,17,DEF
150,18,DEF
150,19,DEF
150,20,DEF
150,21,DEF
150,22,DEF
150,23,DEF
150,24,DEF
150,25,DEF
150,26,DEF
150,27,DEF
150,28,DEF
150,29,DEF
150,30,DEF
150,31,DEF
150,32,DEF
150,33,DEF
150,35,DEF
150,36,DEF
150,37,DEF
150,38,DEF
151,1,DEF
151,2,DEF
151,3,DEF
151,4,DEF
151,5,DEF
151,6,DEF
151,7,DEF
151,8,DEF
151,9,DEF
151,10,DEF
151,11,DEF
151,12,DEF
151,13,DEF
151,14,DEF
151,15,DEF
151,16,DEF
151,17,DEF
151,18,DEF
151,19,DEF
151,20,DEF
151,21,DEF
151,22,DEF
151,23,DEF
151,24,DEF
151,25,DEF
151,26,DEF
151,27,DEF
151,28,DEF
151,29,DEF
151,30,DEF
151,31,DEF
151,32,DEF
151,33,DEF
151,35,DEF
151,36,DEF
151,37,DEF
151,38,DEF
152,1,DEF
152,2,DEF
152,3,DEF
152,4,DEF
152,5,DEF
152,6,DEF
152,7,DEF
152,8,DEF
152,9,DEF
152,10,DEF
152,11,DEF
152,12,DEF
152,13,DEF
152,14,DEF
152,15,DEF
152,16,DEF
152,17,DEF
152,18,DEF
152,19,DEF
152,20,DEF
152,21,DEF
152,22,DEF
152,23,DEF
152,24,DEF
152,25,DEF
152,26,DEF
152,27,DEF
152,28,DEF
152,29,DEF
152,30,DEF
152,31,DEF
152,32,DEF
152,33,DEF
152,35,DEF
152,36,DEF
152,37,DEF
152,38,DEF
153,1,DEF
153,2,DEF
153,3,DEF
153,4,DEF
153,5,DEF
153,6,DEF
153,7,DEF
153,8,DEF
153,9,DEF
153,10,DEF
153,11,DEF
153,12,DEF
153,13,DEF
153,14,DEF
153,15,DEF
153,16,DEF
153,17,DEF
153,18,DEF
153,19,DEF
153,20,DEF
153,21,DEF
153,22,DEF
153,23,DEF
153,24,DEF
153,25,DEF
153,26,DEF
153,27,DEF
153,28,DEF
153,29,DEF
153,30,DEF
153,31,DEF
153,32,DEF
153,33,DEF
153,35,DEF
153,36,DEF
153,37,DEF
153,38,DEF
154,1,DEF
154,2,DEF
154,3,DEF
154,4,DEF
154,5,DEF
154,6,DEF
154,7,DEF
154,8,DEF
154,9,DEF
154,10,DEF
154,11,DEF
154,12,DEF
154,13,DEF
154,14,DEF
154,15,DEF
154,16,DEF
154,17,DEF
154,18,DEF
154,19,DEF
154,20,DEF
154,21,DEF
154,22,DEF
154,23,DEF
154,24,DEF
154,25,DEF
154,26,DEF
154,27,DEF
154,28,DEF
154,29,DEF
154,30,DEF
154,31,DEF
154,32,DEF
154,33,DEF
154,35,DEF
154,36,DEF
154,37,DEF
154,38,DEF
155,1,DEF
155,2,DEF
155,3,DEF
155,4,DEF
155,5,DEF
155,6,DEF
155,7,DEF
155,8,DEF
155,9,DEF
155,10,DEF
155,11,DEF
155,12,DEF
155,13,DEF
155,14,DEF
155,15,DEF
155,16,DEF
155,17,DEF
155,18,DEF
155,19,DEF
155,20,DEF
155,21,DEF
155,22,DEF
155,23,DEF
155,24,DEF
155,25,DEF
155,26,DEF
155,27,DEF
155,28,DEF
155,29,DEF
155,30,DEF
155,31,DEF
155,32,DEF
155,33,DEF
155,35,DEF
155,36,DEF
155,37,DEF
155,38,DEF
156,1,DEF
156,2,DEF
156,3,DEF
156,4,DEF
156,5,DEF
156,6,DEF
156,7,DEF
156,8,DEF
156,9,DEF
156,10,DEF
156,11,DEF
156,12,DEF
156,13,DEF
156,14,DEF
156,15,DEF
156,16,DEF
156,17,DEF
156,18,DEF
156,19,DEF
156,20,DEF
156,21,DEF
156,22,DEF
156,23,DEF
156,24,DEF
156,25,DEF
156,26,DEF
156,27,DEF
156,28,DEF
156,29,DEF
156,30,DEF
156,31,DEF
156,32,DEF
156,33,DEF
156,35,DEF
156,36,DEF
156,37,DEF
156,38,DEF
157,1,MID
157,2,MID
157,3,MID
157,4,MID
157,5,MID
157,6,MID
157,7,MID
157,8,MID
157,9,MID
157,10,MID
157,11,MID
157,12,MID
157,13,MID
157,14,MID
157,15,MID
157,16,MID
157,17,MID
157,18,MID
157,19,MID
157,20,MID
157,21,MID
157,22,MID
157,23,MID
157,24,MID
157,25,MID
157,26,MID
157,27,MID
157,28,MID
157,29,MID
157,30,MID
157,31,MID
157,32,MID
157,33,MID
157,35,MID
157,36,MID
157,37,MID
157,38,MID
158,1,MID
158,2,MID
158,3,MID
158,4,MID
158,5,MID
158,6,MID
158,7,MID
158,8,MID
158,9,MID
158,10,MID
158,11,MID
158,12,MID
158,13,MID
158,14,MID
158,15,MID
158,16,MID
158,17,MID
158,18,MID
158,19,MID
158,20,MID
158,21,MID
158,22,MID
158,23,MID
158,24,MID
158,25,MID
158,26,MID
158,27,MID
158,28,MID
158,29,MID
158,30,MID
158,31,MID
158,32,MID
158,33,MID
158,35,MID
158,36,MID
158,37,MID
158,38,MID
159,1,MID
159,2,MID
159,3,MID
159,4,MID
159,5,MID
159,6,MID
159,7,MID
159,8,MID
159,9,MID
159,10,MID
159,11,MID
159,12,MID
159,13,MID
159,14,MID
159,15,MID
159,16,MID
159,17,MID
159,18,MID
159,19,MID
159,20,MID
159,21,MID
159,22,MID
159,23,MID
159,24,MID
159,25,MID
159,26,MID
159,27,MID
159,28,MID
159,29,MID
159,30,MID
159,31,MID
159,32,MID
159,33,MID
159,35,MID
159,36,MID
159,37,MID
159,38,MID
160,1,MID
160,2,MID
160,3,MID
160,4,MID
160,5,MID
160,6,MID
160,7,MID
160,8,MID
160,9,MID
160,10,MID
160,11,MID
160,12,MID
160,13,MID
160,14,MID
160,15,MID
160,16,MID
160,17,MID
160,18,MID
160,19,MID
160,20,MID
160,21,MID
160,22,MID
160,23,MID
160,24,MID
160,25,MID
160,26,MID
160,27,MID
160,28,MID
160,29,MID
160,30,MID
160,31,MID
160,32,MID
160,33,MID
160,35,MID
160,36,MID
160,37,MID
160,38,MID
161,1,MID
161,2,MID
161,3,MID
161,4,MID
161,5,MID
161,6,MID
161,7,MID
161,8,MID
161,9,MID
161,10,MID
161,11,MID
161,12,MID
161,13,MID
161,14,MID
161,15,MID
161,16,MID
161,17,MID
161,18,MID
161,19,MID
161,20,MID
161,21,MID
161,22,MID
161,23,MID
161,24,MID
161,25,MID
161,26,MID
161,27,MID
161,28,MID
161,29,MID
161,30,MID
161,31,MID
161,32,MID
161,33,MID
161,35,MID
161,36,MID
161,37,MID
161,38,MID
162,1,MID
162,2,MID
162,3,MID
162,4,MID
162,5,MID
162,6,MID
162,7,MID
162,8,MID
162,9,MID
162,10,MID
162,11,MID
162,12,MID
162,13,MID
162,14,MID
162,15,MID
162,16,MID
162,17,MID
162,18,MID
162,19,MID
162,20,MID
162,21,MID
162,22,MID
162,23,MID
162,24,MID
162,25,MID
162,26,MID
162,27,MID
162,28,MID
162,29,MID
162,30,MID
162,31,MID
162,32,MID
162,33,MID
162,35,MID
162,36,MID
162,37,MID
162,38,MID
163,1,MID
163,2,MID
163,3,MID
163,4,MID
163,5,MID
163,6,MID
163,7,MID
163,8,MID
163,9,MID
163,10,MID
163,11,MID
163,12,MID
163,13,MID
163,14,MID
163,15,MID
163,16,MID
163,17,MID
163,18,MID
163,19,MID
163,20,MID
163,21,MID
163,22,MID
163,23,MID
163,24,MID
163,25,MID
163,26,MID
163,27,MID
163,28,MID
163,29,MID
163,30,MID
163,31,MID
163,32,MID
163,33,MID
163,35,MID
163,36,MID
163,37,MID
163,38,MID
164,1,MID
164,2,MID
164,3,MID
164,4,MID
164,5,MID
164,6,MID
164,7,MID
164,8,MID
164,9,MID
164,10,MID
164,11,MID
164,12,MID
164,13,MID
164,14,MID
164,15,MID
164,16,MID
164,17,MID
164,18,MID
164,19,MID
164,20,MID
164,21,MID
164,22,MID
164,23,MID
164,24,MID
164,25,MID
164,26,MID
164,27,MID
164,28,MID
164,29,MID
164,30,MID
164,31,MID
164,32,MID
164,33,MID
164,35,MID
164,36,MID
164,37,MID
164,38,MID
165,1,MID
165,2,MID
165,3,MID
165,4,MID
165,5,MID
165,6,MID
165,7,MID
165,8,MID
165,9,MID
165,10,MID
165,11,MID
165,12,MID
165,13,MID
165,14,MID
165,15,MID
165,16,MID
165,17,MID
165,18,MID
165,19,MID
165,20,MID
165,21,MID
165,22,MID
165,23,MID
165,24,MID
165,25,MID
165,26,MID
165,27,MID
165,28,MID
165,29,MID
165,30,MID
165,31,MID
165,32,MID
165,33,MID
165,35,MID
165,36,MID
165,37,MID
165,38,MID
166,1,MID
166,2,MID
166,3,MID
166,4,MID
166,5,MID
166,6,MID
166,7,MID
166,8,MID
166,9,MID
166,10,MID
166,11,MID
166,12,MID
166,13,MID
166,14,MID
166,15,MID
166,16,MID
166,17,MID
166,18,MID
166,19,MID
166,20,MID
166,21,MID
166,22,MID
166,23,MID
166,24,MID
166,25,MID
166,26,MID
166,27,MID
166,28,MID
166,29,MID
166,30,MID
166,31,MID
166,32,MID
166,33,MID
166,35,MID
166,36,MID
166,37,MID
166,38,MID
167,1,MID
167,2,MID
167,3,MID
167,4,MID
167,5,MID
167,6,MID
167,7,MID
167,8,MID
167,9,MID
167,10,MID
167,11,MID
167,12,MID
167,13,MID
167,14,MID
167,15,MID
167,16,MID
167,17,MID
167,18,MID
167,19,MID
167,20,MID
167,21,MID
167,22,MID
167,23,MID
167,24,MID
167,25,MID
167,26,MID
167,27,MID
167,28,MID
167,29,MID
167,30,MID
167,31,MID
167,32,MID
167,33,MID
167,35,MID
167,36,MID
167,37,MID
167,38,MID
169,1,MID
169,2,MID
169,3,MID
169,4,MID
169,5,MID
169,6,MID
169,7,MID
169,8,MID
169,9,MID
169,10,MID
169,11,MID
169,12,MID
169,13,MID
169,14,MID
169,15,MID
169,16,MID
169,17,MID
169,18,MID
169,19,MID
169,20,MID
169,21,MID
169,22,MID
169,23,MID
169,24,MID
169,25,MID
169,26,MID
169,27,MID
169,28,MID
169,29,MID
169,30,MID
169,31,MID
169,32,MID
169,33,MID
169,35,MID
169,36,MID
169,37,MID
169,38,MID
170,1,MID
170,2,MID
170,3,MID
170,4,MID
170,5,MID
170,6,MID
170,7,MID
170,8,MID
170,9,MID
170,10,MID
170,11,MID
170,12,MID
170,13,MID
170,14,MID
170,15,MID
170,16,MID
170,17,MID
170,18,MID
170,19,MID
170,20,MID
170,21,MID
170,22,MID
170,23,MID
170,24,MID
170,25,MID
170,26,MID
170,27,MID
170,28,MID
170,29,MID
170,30,MID
170,31,MID
170,32,MID
170,33,MID
170,35,MID
170,36,MID
170,37,MID
170,38,MID
171,1,MID
171,2,MID
171,3,MID
171,4,MID
171,5,MID
171,6,MID
171,7,MID
171,8,MID
171,9,MID
171,10,MID
171,11,MID
171,12,MID
171,13,MID
171,14,MID
171,15,MID
171,16,MID
171,17,MID
171,18,MID
171,19,MID
171,20,MID
171,21,MID
171,22,MID
171,23,MID
171,24,MID
171,25,MID
171,26,MID
171,27,MID
171,28,MID
171,29,MID
171,30,MID
171,31,MID
171,32,MID
171,33,MID
171,35,MID
171,36,MID
171,37,MID
171,38,MID
172,1,MID
172,2,MID
172,3,MID
172,4,MID
172,5,MID
172,6,MID
172,7,MID
172,8,MID
172,9,MID
172,10,MID
172,11,MID
172,12,MID
172,13,MID
172,14,MID
172,15,MID
172,16,MID
172,17,MID
172,18,MID
172,19,MID
172,20,MID
172,21,MID
172,22,MID
172,23,MID
172,24,MID
172,25,MID
172,26,MID
172,27,MID
172,28,MID
172,29,MID
172,30,MID
172,31,MID
172,32,MID
172,33,MID
172,35,MID
172,36,MID
172,37,MID
172,38,MID
173,1,MID
173,2,MID
173,3,MID
173,4,MID
173,5,MID
173,6,MID
173,7,MID
173,8,MID
173,9,MID
173,10,MID
173,11,MID
173,12,MID
173,13,MID
173,14,MID
173,15,MID
173,16,MID
173,17,MID
173,18,MID
173,19,MID
173,20,MID
173,21,MID
173,22,MID
173,23,MID
173,24,MID
173,25,MID
173,26,MID
173,27,MID
173,28,MID
173,29,MID
173,30,MID
173,31,MID
173,32,MID
173,33,MID
173,35,MID
173,36,MID
173,37,MID
173,38,MID
174,1,MID
174,2,MID
174,3,MID
174,4,MID
174,5,MID
174,6,MID
174,7,MID
174,8,MID
174,9,MID
174,10,MID
174,11,MID
174,12,MID
174,13,MID
174,14,MID
174,15,MID
174,16,MID
174,17,MID
174,18,MID
174,19,MID
174,20,MID
174,21,MID
174,22,MID
174,23,MID
174,24,MID
174,25,MID
174,26,MID
174,27,MID
174,28,MID
174,29,MID
174,30,MID
174,31,MID
174,32,MID
174,33,MID
174,35,MID
174,36,MID
174,37,MID
174,38,MID
175,1,MID
175,2,MID
175,3,MID
175,4,MID
175,5,MID
175,6,MID
175,7,MID
175,8,MID
175,9,MID
175,10,MID
175,11,MID
175,12,MID
175,13,MID
175,14,MID
175,15,MID
175,16,MID
175,17,MID
175,18,MID
175,19,MID
175,20,MID
175,21,MID
175,22,MID
175,23,MID
175,24,MID
175,25,MID
175,26,MID
175,27,MID
175,28,MID
175,29,MID
175,30,MID
175,31,MID
175,32,MID
175,33,MID
175,35,MID
175,36,MID
175,37,MID
175,38,MID
176,1,MID
176,2,MID
176,3,MID
176,4,MID
176,5,MID
176,6,MID
176,7,MID
176,8,MID
176,9,MID
176,10,MID
176,11,MID
176,12,MID
176,13,MID
176,14,MID
176,15,MID
176,16,MID
176,17,MID
176,18,MID
176,19,MID
176,20,MID
176,21,MID
176,22,MID
176,23,MID
176,24,MID
176,25,MID
176,26,MID
176,27,MID
176,28,MID
176,29,MID
176,30,MID
176,31,MID
176,32,MID
176,33,MID
176,35,MID
176,36,MID
176,37,MID
176,38,MID
177,1,MID
177,2,MID
177,3,MID
177,4,MID
177,5,MID
177,6,MID
177,7,MID
177,8,MID
177,9,MID
177,10,MID
177,11,MID
177,12,MID
177,13,MID
177,14,MID
177,15,MID
177,16,MID
177,17,MID
177,18,MID
177,19,MID
177,20,MID
177,21,MID
177,22,MID
177,23,MID
177,24,MID
177,25,MID
177,26,MID
177,27,MID
177,28,MID
177,29,MID
177,30,MID
177,31,MID
177,32,MID
177,33,MID
177,35,MID
177,36,MID
177,37,MID
177,38,MID
178,1,FWD
178,2,FWD
178,3,FWD
178,4,FWD
178,5,FWD
178,6,FWD
178,7,FWD
178,8,FWD
178,9,FWD
178,10,FWD
178,11,FWD
178,12,FWD
178,13,FWD
178,14,FWD
178,15,FWD
178,16,FWD
178,17,FWD
178,18,FWD
178,19,FWD
178,20,FWD
178,21,FWD
178,22,FWD
178,23,FWD
178,24,FWD
178,25,FWD
178,26,FWD
178,27,FWD
178,28,FWD
178,29,FWD
178,30,FWD
178,31,FWD
178,32,FWD
178,33,FWD
178,35,FWD
178,36,FWD
178,37,FWD
178,38,FWD
179,1,FWD
179,2,FWD
179,3,FWD
179,4,FWD
179,5,FWD
179,6,FWD
179,7,FWD
179,8,FWD
179,9,FWD
179,10,FWD
179,11,FWD
179,12,FWD
179,13,FWD
179,14,FWD
179,15,FWD
179,16,FWD
179,17,FWD
179,18,FWD
179,19,FWD
179,20,FWD
179,21,FWD
179,22,FWD
179,23,FWD
179,24,FWD
179,25,FWD
179,26,FWD
179,27,FWD
179,28,FWD
179,29,FWD
179,30,FWD
179,31,FWD
179,32,FWD
179,33,FWD
179,35,FWD
179,36,FWD
179,37,FWD
179,38,FWD
180,1,FWD
180,2,FWD
180,3,FWD
180,4,FWD
180,5,FWD
180,6,FWD
180,7,FWD
180,8,FWD
180,9,FWD
180,10,FWD
180,11,FWD
180,12,FWD
180,13,FWD
180,14,FWD
180,15,FWD
180,16,FWD
180,17,FWD
180,18,FWD
180,19,FWD
180,20,FWD
180,21,FWD
180,22,FWD
180,23,FWD
180,24,FWD
180,25,FWD
180,26,FWD
180,27,FWD
180,28,FWD
180,29,FWD
180,30,FWD
180,31,FWD
180,32,FWD
180,33,FWD
180,35,FWD
180,36,FWD
180,37,FWD
180,38,FWD
181,1,FWD
181,2,FWD
181,3,FWD
181,4,FWD
181,5,FWD
181,6,FWD
181,7,FWD
181,8,FWD
181,9,FWD
181,10,FWD
181,11,FWD
181,12,FWD
181,13,FWD
181,14,FWD
181,15,FWD
181,16,FWD
181,17,FWD
181,18,FWD
181,19,FWD
181,20,FWD
181,21,FWD
181,22,FWD
181,23,FWD
181,24,FWD
181,25,FWD
181,26,FWD
181,27,FWD
181,28,FWD
181,29,FWD
181,30,FWD
181,31,FWD
181,32,FWD
181,33,FWD
181,35,FWD
181,36,FWD
181,37,FWD
181,38,FWD
744,8,MID
744,9,MID
744,10,MID
744,11,MID
744,12,MID
744,13,MID
744,14,MID
744,15,MID
744,16,MID
744,17,MID
744,18,MID
744,19,MID
744,20,MID
744,21,MID
744,22,MID
744,23,MID
744,24,MID
744,25,MID
744,26,MID
744,27,MID
744,28,MID
744,29,MID
744,30,MID
744,31,MID
744,32,MID
744,33,MID
744,35,MID
744,36,MID
744,37,MID
744,38,MID
761,17,DEF
761,18,DEF
761,19,DEF
761,20,DEF
761,21,DEF
761,22,DEF
761,23,DEF
761,24,DEF
761,25,DEF
761,26,DEF
761,27,DEF
761,28,DEF
761,29,DEF
761,30,DEF
761,31,DEF
761,32,DEF
761,33,DEF
761,35,DEF
761,36,DEF
761,37,DEF
761,38,DEF
783,20,MID
783,21,MID
783,22,MID
783,23,MID
783,24,MID
783,25,MID
783,26,MID
783,27,MID
783,28,MID
783,29,MID
783,30,MID
783,31,MID
783,32,MID
783,33,MID
783,35,MID
783,36,MID
783,37,MID
783,38,MID
795,21,MID
795,22,MID
795,23,MID
795,24,MID
795,25,MID
795,26,MID
795,27,MID
795,28,MID
795,29,MID
795,30,MID
795,31,MID
795,32,MID
795,33,MID
795,35,MID
795,36,MID
795,37,MID
795,38,MID
220,1,GK
220,2,GK
220,3,GK
220,4,GK
220,5,GK
220,6,GK
220,7,GK
220,8,GK
220,9,GK
220,10,GK
220,11,GK
220,12,GK
220,13,GK
220,14,GK
220,15,GK
220,16,GK
220,17,GK
220,18,GK
220,19,GK
220,20,GK
220,21,GK
220,22,GK
220,23,GK
220,24,GK
220,25,GK
220,26,GK
220,27,GK
220,28,GK
220,29,GK
220,30,GK
220,31,GK
220,32,GK
220,33,GK
220,35,GK
220,36,GK
220,37,GK
220,38,GK
221,1,GK
221,2,GK
221,3,GK
221,4,GK
221,5,GK
221,6,GK
221,7,GK
221,8,GK
221,9,GK
221,10,GK
221,11,GK
221,12,GK
221,13,GK
221,14,GK
221,15,GK
221,16,GK
221,17,GK
221,18,GK
221,19,GK
221,20,GK
221,21,GK
221,22,GK
221,23,GK
221,24,GK
221,25,GK
221,26,GK
221,27,GK
221,28,GK
221,29,GK
221,30,GK
221,31,GK
221,32,GK
221,33,GK
221,35,GK
221,36,GK
221,37,GK
221,38,GK
222,1,GK
222,2,GK
222,3,GK
222,4,GK
222,5,GK
222,6,GK
222,7,GK
222,8,GK
222,9,GK
222,10,GK
222,11,GK
222,12,GK
222,13,GK
222,14,GK
222,15,GK
222,16,GK
222,17,GK
222,18,GK
222,19,GK
222,20,GK
222,21,GK
222,22,GK
222,23,GK
222,24,GK
222,25,GK
222,26,GK
222,27,GK
222,28,GK
222,29,GK
222,30,GK
222,31,GK
222,32,GK
222,33,GK
222,35,GK
222,36,GK
222,37,GK
222,38,GK
223,1,GK
223,2,GK
223,3,GK
223,4,GK
223,5,GK
223,6,GK
223,7,GK
223,8,GK
223,9,GK
223,10,GK
223,11,GK
223,12,GK
223,13,GK
223,14,GK
223,15,GK
223,16,GK
223,17,GK
223,18,GK
223,19,GK
223,20,GK
223,21,GK
223,22,GK
223,23,GK
223,24,GK
223,25,GK
223,26,GK
223,27,GK
223,28,GK
223,29,GK
223,30,GK
223,31,GK
223,32,GK
223,33,GK
223,35,GK
223,36,GK
223,37,GK
223,38,GK
224,1,DEF
224,2,DEF
224,3,DEF
224,4,DEF
224,5,DEF
224,6,DEF
224,7,DEF
224,8,DEF
224,9,DEF
224,10,DEF
224,11,DEF
224,12,DEF
224,13,DEF
224,14,DEF
224,15,DEF
224,16,DEF
224,17,DEF
224,18,DEF
224,19,DEF
224,20,DEF
224,21,DEF
224,22,DEF
224,23,DEF
224,24,DEF
224,25,DEF
224,26,DEF
224,27,DEF
224,28,DEF
224,29,DEF
224,30,DEF
224,31,DEF
224,32,DEF
224,33,DEF
224,35,DEF
224,36,DEF
224,37,DEF
224,38,DEF
225,1,DEF
225,2,DEF
225,3,DEF
225,4,DEF
225,5,DEF
225,6,DEF
225,7,DEF
225,8,DEF
225,9,DEF
225,10,DEF
225,11,DEF
225,12,DEF
225,13,DEF
225,14,DEF
225,15,DEF
225,16,DEF
225,17,DEF
225,18,DEF
225,19,DEF
225,20,DEF
225,21,DEF
225,22,DEF
225,23,DEF
225,24,DEF
225,25,DEF
225,26,DEF
225,27,DEF
225,28,DEF
225,29,DEF
225,30,DEF
225,31,DEF
225,32,DEF
225,33,DEF
225,35,DEF
225,36,DEF
225,37,DEF
225,38,DEF
226,1,DEF
226,2,DEF
226,3,DEF
226,4,DEF
226,5,DEF
226,6,DEF
226,7,DEF
226,8,DEF
226,9,DEF
226,10,DEF
226,11,DEF
226,12,DEF
226,13,DEF
226,14,DEF
226,15,DEF
226,16,DEF
226,17,DEF
226,18,DEF
226,19,DEF
226,20,DEF
226,21,DEF
226,22,DEF
226,23,DEF
226,24,DEF
226,25,DEF
226,26,DEF
226,27,DEF
226,28,DEF
226,29,DEF
226,30,DEF
226,31,DEF
226,32,DEF
226,33,DEF
226,35,DEF
226,36,DEF
226,37,DEF
226,38,DEF
227,1,DEF
227,2,DEF
227,3,DEF
227,4,DEF
227,5,DEF
227,6,DEF
227,7,DEF
227,8,DEF
227,9,DEF
227,10,DEF
227,11,DEF
227,12,DEF
227,13,DEF
227,14,DEF
227,15,DEF
227,16,DEF
227,17,DEF
227,18,DEF
227,19,DEF
227,20,DEF
227,21,DEF
227,22,DEF
227,23,DEF
227,24,DEF
227,25,DEF
227,26,DEF
227,27,DEF
227,28,DEF
227,29,DEF
227,30,DEF
227,31,DEF
227,32,DEF
227,33,DEF
227,35,DEF
227,36,DEF
227,37,DEF
227,38,DEF
228,1,DEF
228,2,DEF
228,3,DEF
228,4,DEF
228,5,DEF
228,6,DEF
228,7,DEF
228,8,DEF
228,9,DEF
228,10,DEF
228,11,DEF
228,12,DEF
228,13,DEF
228,14,DEF
228,15,DEF
228,16,DEF
228,17,DEF
228,18,DEF
228,19,DEF
228,20,DEF
228,21,DEF
228,22,DEF
228,23,DEF
228,24,DEF
228,25,DEF
228,26,DEF
228,27,DEF
228,28,DEF
228,29,DEF
228,30,DEF
228,31,DEF
228,32,DEF
228,33,DEF
228,35,DEF
228,36,DEF
228,37,DEF
228,38,DEF
229,1,DEF
229,2,DEF
229,3,DEF
229,4,DEF
229,5,DEF
229,6,DEF
229,7,DEF
229,8,DEF
229,9,DEF
229,10,DEF
229,11,DEF
229,12,DEF
229,13,DEF
229,14,DEF
229,15,DEF
229,16,DEF
229,17,DEF
229,18,DEF
229,19,DEF
229,20,DEF
229,21,DEF
229,22,DEF
229,23,DEF
229,24,DEF
229,25,DEF
229,26,DEF
229,27,DEF
229,28,DEF
229,29,DEF
229,30,DEF
229,31,DEF
229,32,DEF
229,33,DEF
229,35,DEF
229,36,DEF
229,37,DEF
229,38,DEF
230,1,DEF
230,2,DEF
230,3,DEF
230,4,DEF
230,5,DEF
230,6,DEF
230,7,DEF
230,8,DEF
230,9,DEF
230,10,DEF
230,11,DEF
230,12,DEF
230,13,DEF
230,14,DEF
230,15,DEF
230,16,DEF
230,17,DEF
230,18,DEF
230,19,DEF
230,20,DEF
230,21,DEF
230,22,DEF
230,23,DEF
230,24,DEF
230,25,DEF
230,26,DEF
230,27,DEF
230,28,DEF
230,29,DEF
230,30,DEF
230,31,DEF
230,32,DEF
230,33,DEF
230,35,DEF
230,36,DEF
230,37,DEF
230,38,DEF
231,1,DEF
231,2,DEF
231,3,DEF
231,4,DEF
231,5,DEF
231,6,DEF
231,7,DEF
231,8,DEF
231,9,DEF
231,10,DEF
231,11,DEF
231,12,DEF
231,13,DEF
231,14,DEF
231,15,DEF
231,16,DEF
231,17,DEF
231,18,DEF
231,19,DEF
231,20,DEF
231,21,DEF
231,22,DEF
231,23,DEF
231,24,DEF
231,25,DEF
231,26,DEF
231,27,DEF
231,28,DEF
231,29,DEF
231,30,DEF
231,31,DEF
231,32,DEF
231,33,DEF
231,35,DEF
231,36,DEF
231,37,DEF
231,38,DEF
232,1,DEF
232,2,DEF
232,3,DEF
232,4,DEF
232,5,DEF
232,6,DEF
232,7,DEF
232,8,DEF
232,9,DEF
232,10,DEF
232,11,DEF
232,12,DEF
232,13,DEF
232,14,DEF
232,15,DEF
232,16,DEF
232,17,DEF
232,18,DEF
232,19,DEF
232,20,DEF
232,21,DEF
232,22,DEF
232,23,DEF
232,24,DEF
232,25,DEF
232,26,DEF
232,27,DEF
232,28,DEF
232,29,DEF
232,30,DEF
232,31,DEF
232,32,DEF
232,33,DEF
232,35,DEF
232,36,DEF
232,37,DEF
232,38,DEF
233,1,DEF
233,2,DEF
233,3,DEF
233,4,DEF
233,5,DEF
233,6,DEF
233,7,DEF
233,8,DEF
233,9,DEF
233,10,DEF
233,11,DEF
233,12,DEF
233,13,DEF
233,14,DEF
233,15,DEF
233,16,DEF
233,17,DEF
233,18,DEF
233,19,DEF
233,20,DEF
233,21,DEF
233,22,DEF
233,23,DEF
233,24,DEF
233,25,DEF
233,26,DEF
233,27,DEF
233,28,DEF
233,29,DEF
233,30,DEF
233,31,DEF
233,32,DEF
233,33,DEF
233,35,DEF
233,36,DEF
233,37,DEF
233,38,DEF
234,1,DEF
234,2,DEF
234,3,DEF
234,4,DEF
234,5,DEF
234,6,DEF
234,7,DEF
234,8,DEF
234,9,DEF
234,10,DEF
234,11,DEF
234,12,DEF
234,13,DEF
234,14,DEF
234,15,DEF
234,16,DEF
234,17,DEF
234,18,DEF
234,19,DEF
234,20,DEF
234,21,DEF
234,22,DEF
234,23,DEF
234,24,DEF
234,25,DEF
234,26,DEF
234,27,DEF
234,28,DEF
234,29,DEF
234,30,DEF
234,31,DEF
234,32,DEF
234,33,DEF
234,35,DEF
234,36,DEF
234,37,DEF
234,38,DEF
235,1,MID
235,2,MID
235,3,MID
235,4,MID
235,5,MID
235,6,MID
235,7,MID
235,8,MID
235,9,MID
235,10,MID
235,11,MID
235,12,MID
235,13,MID
235,14,MID
235,15,MID
235,16,MID
235,17,MID
235,18,MID
235,19,MID
235,20,MID
235,21,MID
235,22,MID
235,23,MID
235,24,MID
235,25,MID
235,26,MID
235,27,MID
235,28,MID
235,29,MID
235,30,MID
235,31,MID
235,32,MID
235,33,MID
235,35,MID
235,36,MID
235,37,MID
235,38,MID
236,1,MID
236,2,MID
236,3,MID
236,4,MID
236,5,MID
236,6,MID
236,7,MID
236,8,MID
236,9,MID
236,10,MID
236,11,MID
236,12,MID
236,13,MID
236,14,MID
236,15,MID
236,16,MID
236,17,MID
236,18,MID
236,19,MID
236,20,MID
236,21,MID
236,22,MID
236,23,MID
236,24,MID
236,25,MID
236,26,MID
236,27,MID
236,28,MID
236,29,MID
236,30,MID
236,31,MID
236,32,MID
236,33,MID
236,35,MID
236,36,MID
236,37,MID
236,38,MID
237,1,MID
237,2,MID
237,3,MID
237,4,MID
237,5,MID
237,6,MID
237,7,MID
237,8,MID
237,9,MID
237,10,MID
237,11,MID
237,12,MID
237,13,MID
237,14,MID
237,15,MID
237,16,MID
237,17,MID
237,18,MID
237,19,MID
237,20,MID
237,21,MID
237,22,MID
237,23,MID
237,24,MID
237,25,MID
237,26,MID
237,27,MID
237,28,MID
237,29,MID
237,30,MID
237,31,MID
237,32,MID
237,33,MID
237,35,MID
237,36,MID
237,37,MID
237,38,MID
238,1,MID
238,2,MID
238,3,MID
238,4,MID
238,5,MID
238,6,MID
238,7,MID
238,8,MID
238,9,MID
238,10,MID
238,11,MID
238,12,MID
238,13,MID
238,14,MID
238,15,MID
238,16,MID
238,17,MID
238,18,MID
238,19,MID
238,20,MID
238,21,MID
238,22,MID
238,23,MID
238,24,MID
238,25,MID
238,26,MID
238,27,MID
238,28,MID
238,29,MID
238,30,MID
238,31,MID
238,32,MID
238,33,MID
238,35,MID
238,36,MID
238,37,MID
238,38,MID
239,1,MID
239,2,MID
239,3,MID
239,4,MID
239,5,MID
239,6,MID
239,7,MID
239,8,MID
239,9,MID
239,10,MID
239,11,MID
239,12,MID
239,13,MID
239,14,MID
239,15,MID
239,16,MID
239,17,MID
239,18,MID
239,19,MID
239,20,MID
239,21,MID
239,22,MID
239,23,MID
239,24,MID
239,25,MID
239,26,MID
239,27,MID
239,28,MID
239,29,MID
239,30,MID
239,31,MID
239,32,MID
239,33,MID
239,35,MID
239,36,MID
239,37,MID
239,38,MID
240,1,MID
240,2,MID
240,3,MID
240,4,MID
240,5,MID
240,6,MID
240,7,MID
240,8,MID
240,9,MID
240,10,MID
240,11,MID
240,12,MID
240,13,MID
240,14,MID
240,15,MID
240,16,MID
240,17,MID
240,18,MID
240,19,MID
240,20,MID
240,21,MID
240,22,MID
240,23,MID
240,24,MID
240,25,MID
240,26,MID
240,27,MID
240,28,MID
240,29,MID
240,30,MID
240,31,MID
240,32,MID
240,33,MID
240,35,MID
240,36,MID
240,37,MID
240,38,MID
241,1,MID
241,2,MID
241,3,MID
241,4,MID
241,5,MID
241,6,MID
241,7,MID
241,8,MID
241,9,MID
241,10,MID
241,11,MID
241,12,MID
241,13,MID
241,14,MID
241,15,MID
241,16,MID
241,17,MID
241,18,MID
241,19,MID
241,20,MID
241,21,MID
241,22,MID
241,23,MID
241,24,MID
241,25,MID
241,26,MID
241,27,MID
241,28,MID
241,29,MID
241,30,MID
241,31,MID
241,32,MID
241,33,MID
241,35,MID
241,36,MID
241,37,MID
241,38,MID
244,1,MID
244,2,MID
244,3,MID
244,4,MID
244,5,MID
244,6,MID
244,7,MID
244,8,MID
244,9,MID
244,10,MID
244,11,MID
244,12,MID
244,13,MID
244,14,MID
244,15,MID
244,16,MID
244,17,MID
244,18,MID
244,19,MID
244,20,MID
244,21,MID
244,22,MID
244,23,MID
244,24,MID
244,25,MID
244,26,MID
244,27,MID
244,28,MID
244,29,MID
244,30,MID
244,31,MID
244,32,MID
244,33,MID
244,35,MID
244,36,MID
244,37,MID
244,38,MID
245,1,MID
245,2,MID
245,3,MID
245,4,MID
245,5,MID
245,6,MID
245,7,MID
245,8,MID
245,9,MID
245,10,MID
245,11,MID
245,12,MID
245,13,MID
245,14,MID
245,15,MID
245,16,MID
245,17,MID
245,18,MID
245,19,MID
245,20,MID
245,21,MID
245,22,MID
245,23,MID
245,24,MID
245,25,MID
245,26,MID
245,27,MID
245,28,MID
245,29,MID
245,30,MID
245,31,MID
245,32,MID
245,33,MID
245,35,MID
245,36,MID
245,37,MID
245,38,MID
246,1,MID
246,2,MID
246,3,MID
246,4,MID
246,5,MID
246,6,MID
246,7,MID
246,8,MID
246,9,MID
246,10,MID
246,11,MID
246,12,MID
246,13,MID
246,14,MID
246,15,MID
246,16,MID
246,17,MID
246,18,MID
246,19,MID
246,20,MID
246,21,MID
246,22,MID
246,23,MID
246,24,MID
246,25,MID
246,26,MID
246,27,MID
246,28,MID
246,29,MID
246,30,MID
246,31,MID
246,32,MID
246,33,MID
246,35,MID
246,36,MID
246,37,MID
246,38,MID
247,1,MID
247,2,MID
247,3,MID
247,4,MID
247,5,MID
247,6,MID
247,7,MID
247,8,MID
247,9,MID
247,10,MID
247,11,MID
247,12,MID
247,13,MID
247,14,MID
247,15,MID
247,16,MID
247,17,MID
247,18,MID
247,19,MID
247,20,MID
247,21,MID
247,22,MID
247,23,MID
247,24,MID
247,25,MID
247,26,MID
247,27,MID
247,28,MID
247,29,MID
247,30,MID
247,31,MID
247,32,MID
247,33,MID
247,35,MID
247,36,MID
247,37,MID
247,38,MID
248,1,MID
248,2,MID
248,3,MID
248,4,MID
248,5,MID
248,6,MID
248,7,MID
248,8,MID
248,9,MID
248,10,MID
248,11,MID
248,12,MID
248,13,MID
248,14,MID
248,15,MID
248,16,MID
248,17,MID
248,18,MID
248,19,MID
248,20,MID
248,21,MID
248,22,MID
248,23,MID
248,24,MID
248,25,MID
248,26,MID
248,27,MID
248,28,MID
248,29,MID
248,30,MID
248,31,MID
248,32,MID
248,33,MID
248,35,MID
248,36,MID
248,37,MID
248,38,MID
249,1,FWD
249,2,FWD
249,3,FWD
249,4,FWD
249,5,FWD
249,6,FWD
249,7,FWD
249,8,FWD
249,9,FWD
249,10,FWD
249,11,FWD
249,12,FWD
249,13,FWD
249,14,FWD
249,15,FWD
249,16,FWD
249,17,FWD
249,18,FWD
249,19,FWD
249,20,FWD
249,21,FWD
249,22,FWD
249,23,FWD
249,24,FWD
249,25,FWD
249,26,FWD
249,27,FWD
249,28,FWD
249,29,FWD
249,30,FWD
249,31,FWD
249,32,FWD
249,33,FWD
249,35,FWD
249,36,FWD
249,37,FWD
249,38,FWD
250,1,FWD
250,2,FWD
250,3,FWD
250,4,FWD
250,5,FWD
250,6,FWD
250,7,FWD
250,8,FWD
250,9,FWD
250,10,FWD
250,11,FWD
250,12,FWD
250,13,FWD
250,14,FWD
250,15,FWD
250,16,FWD
250,17,FWD
250,18,FWD
250,19,FWD
250,20,FWD
250,21,FWD
250,22,FWD
250,23,FWD
250,24,FWD
250,25,FWD
250,26,FWD
250,27,FWD
250,28,FWD
250,29,FWD
250,30,FWD
250,31,FWD
250,32,FWD
250,33,FWD
250,35,FWD
250,36,FWD
250,37,FWD
250,38,FWD
251,1,FWD
251,2,FWD
251,3,FWD
251,4,FWD
251,5,FWD
251,6,FWD
251,7,FWD
251,8,FWD
251,9,FWD
251,10,FWD
251,11,FWD
251,12,FWD
251,13,FWD
251,14,FWD
251,15,FWD
251,16,FWD
251,17,FWD
251,18,FWD
251,19,FWD
251,20,FWD
251,21,FWD
251,22,FWD
251,23,FWD
251,24,FWD
251,25,FWD
251,26,FWD
251,27,FWD
251,28,FWD
251,29,FWD
251,30,FWD
251,31,FWD
251,32,FWD
251,33,FWD
251,35,FWD
251,36,FWD
251,37,FWD
251,38,FWD
252,1,FWD
252,2,FWD
252,3,FWD
252,4,FWD
252,5,FWD
252,6,FWD
252,7,FWD
252,8,FWD
252,9,FWD
252,10,FWD
252,11,FWD
252,12,FWD
252,13,FWD
252,14,FWD
252,15,FWD
252,16,FWD
252,17,FWD
252,18,FWD
252,19,FWD
252,20,FWD
252,21,FWD
252,22,FWD
252,23,FWD
252,24,FWD
252,25,FWD
252,26,FWD
252,27,FWD
252,28,FWD
252,29,FWD
252,30,FWD
252,31,FWD
252,32,FWD
252,33,FWD
252,35,FWD
252,36,FWD
252,37,FWD
252,38,FWD
453,1,MID
453,2,MID
453,3,MID
453,4,MID
453,5,MID
453,6,MID
453,7,MID
453,8,MID
453,9,MID
453,10,MID
453,11,MID
453,12,MID
453,13,MID
453,14,MID
453,15,MID
453,16,MID
453,17,MID
453,18,MID
453,19,MID
453,20,MID
453,21,MID
453,22,MID
453,23,MID
453,24,MID
453,25,MID
453,26,MID
453,27,MID
453,28,MID
453,29,MID
453,30,MID
453,31,MID
453,32,MID
453,33,MID
453,35,MID
453,36,MID
453,37,MID
453,38,MID
672,1,DEF
672,2,DEF
672,3,DEF
672,4,DEF
672,5,DEF
672,6,DEF
672,7,DEF
672,8,DEF
672,9,DEF
672,10,DEF
672,11,DEF
672,12,DEF
672,13,DEF
672,14,DEF
672,15,DEF
672,16,DEF
672,17,DEF
672,18,DEF
672,19,DEF
672,20,DEF
672,21,DEF
672,22,DEF
672,23,DEF
672,24,DEF
672,25,DEF
672,26,DEF
672,27,DEF
672,28,DEF
672,29,DEF
672,30,DEF
672,31,DEF
672,32,DEF
672,33,DEF
672,35,DEF
672,36,DEF
672,37,DEF
672,38,DEF
743,7,MID
743,8,MID
743,9,MID
743,10,MID
743,11,MID
743,12,MID
743,13,MID
743,14,MID
743,15,MID
743,16,MID
743,17,MID
743,18,MID
743,19,MID
743,20,MID
743,21,MID
743,22,MID
743,23,MID
743,24,MID
743,25,MID
743,26,MID
743,27,MID
743,28,MID
743,29,MID
743,30,MID
743,31,MID
743,32,MID
743,33,MID
743,35,MID
743,36,MID
743,37,MID
743,38,MID
789,20,GK
789,21,GK
789,22,GK
789,23,GK
789,24,GK
789,25,GK
789,26,GK
789,27,GK
789,28,GK
789,29,GK
789,30,GK
789,31,GK
789,32,GK
789,33,GK
789,35,GK
789,36,GK
789,37,GK
789,38,GK
803,23,GK
803,24,GK
803,25,GK
803,26,GK
803,27,GK
803,28,GK
803,29,GK
803,30,GK
803,31,GK
803,32,GK
803,33,GK
803,35,GK
803,36,GK
803,37,GK
803,38,GK
829,33,MID
829,35,MID
829,36,MID
829,37,MID
829,38,MID
833,36,MID
833,37,MID
833,38,MID
834,36,MID
834,37,MID
834,38,MID
840,37,FWD
840,38,FWD
253,1,GK
253,2,GK
253,3,GK
253,4,GK
253,5,GK
253,6,GK
253,7,GK
253,8,GK
253,9,GK
253,10,GK
253,11,GK
253,12,GK
253,13,GK
253,14,GK
253,15,GK
253,16,GK
253,17,GK
253,18,GK
253,19,GK
253,20,GK
253,21,GK
253,22,GK
253,23,GK
253,24,GK
253,25,GK
253,26,GK
253,27,GK
253,28,GK
253,29,GK
253,30,GK
253,32,GK
253,33,GK
253,34,GK
253,35,GK
253,36,GK
253,37,GK
253,38,GK
254,1,GK
254,2,GK
254,3,GK
254,4,GK
254,5,GK
254,6,GK
254,7,GK
254,8,GK
254,9,GK
254,10,GK
254,11,GK
254,12,GK
254,13,GK
254,14,GK
254,15,GK
254,16,GK
254,17,GK
254,18,GK
254,19,GK
254,20,GK
254,21,GK
254,22,GK
254,23,GK
254,24,GK
254,25,GK
254,26,GK
254,27,GK
254,28,GK
254,29,GK
254,30,GK
254,32,GK
254,33,GK
254,34,GK
254,35,GK
254,36,GK
254,37,GK
254,38,GK
255,1,GK
255,2,GK
255,3,GK
255,4,GK
255,5,GK
255,6,GK
255,7,GK
255,8,GK
255,9,GK
255,10,GK
255,11,GK
255,12,GK
255,13,GK
255,14,GK
255,15,GK
255,16,GK
255,17,GK
255,18,GK
255,19,GK
255,20,GK
255,21,GK
255,22,GK
255,23,GK
255,24,GK
255,25,GK
255,26,GK
255,27,GK
255,28,GK
255,29,GK
255,30,GK
255,32,GK
255,33,GK
255,34,GK
255,35,GK
255,36,GK
255,37,GK
255,38,GK
256,1,DEF
256,2,DEF
256,3,DEF
256,4,DEF
256,5,DEF
256,6,DEF
256,7,DEF
256,8,DEF
256,9,DEF
256,10,DEF
256,11,DEF
256,12,DEF
256,13,DEF
256,14,DEF
256,15,DEF
256,16,DEF
256,17,DEF
256,18,DEF
256,19,DEF
256,20,DEF
256,21,DEF
256,22,DEF
256,23,DEF
256,24,DEF
256,25,DEF
256,26,DEF
256,27,DEF
256,28,DEF
256,29,DEF
256,30,DEF
256,32,DEF
256,33,DEF
256,34,DEF
256,35,DEF
256,36,DEF
256,37,DEF
256,38,DEF
257,1,DEF
257,2,DEF
257,3,DEF
257,4,DEF
257,5,DEF
257,6,DEF
257,7,DEF
257,8,DEF
257,9,DEF
257,10,DEF
257,11,DEF
257,12,DEF
257,13,DEF
257,14,DEF
257,15,DEF
257,16,DEF
257,17,DEF
257,18,DEF
257,19,DEF
257,20,DEF
257,21,DEF
257,22,DEF
257,23,DEF
257,24,DEF
257,25,DEF
257,26,DEF
257,27,DEF
257,28,DEF
257,29,DEF
257,30,DEF
257,32,DEF
257,33,DEF
257,34,DEF
257,35,DEF
257,36,DEF
257,37,DEF
257,38,DEF
258,1,DEF
258,2,DEF
258,3,DEF
258,4,DEF
258,5,DEF
258,6,DEF
258,7,DEF
258,8,DEF
258,9,DEF
258,10,DEF
258,11,DEF
258,12,DEF
258,13,DEF
258,14,DEF
258,15,DEF
258,16,DEF
258,17,DEF
258,18,DEF
258,19,DEF
258,20,DEF
258,21,DEF
258,22,DEF
258,23,DEF
258,24,DEF
258,25,DEF
258,26,DEF
258,27,DEF
258,28,DEF
258,29,DEF
258,30,DEF
258,32,DEF
258,33,DEF
258,34,DEF
258,35,DEF
258,36,DEF
258,37,DEF
258,38,DEF
259,1,DEF
259,2,DEF
259,3,DEF
259,4,DEF
259,5,DEF
259,6,DEF
259,7,DEF
259,8,DEF
259,9,DEF
259,10,DEF
259,11,DEF
259,12,DEF
259,13,DEF
259,14,DEF
259,15,DEF
259,16,DEF
259,17,DEF
259,18,DEF
259,19,DEF
259,20,DEF
259,21,DEF
259,22,DEF
259,23,DEF
259,24,DEF
259,25,DEF
259,26,DEF
259,27,DEF
259,28,DEF
259,29,DEF
259,30,DEF
259,32,DEF
259,33,DEF
259,34,DEF
259,35,DEF
259,36,DEF
259,37,DEF
259,38,DEF
261,1,DEF
261,2,DEF
261,3,DEF
261,4,DEF
261,5,DEF
261,6,DEF
261,7,DEF
261,8,DEF
261,9,DEF
261,10,DEF
261,11,DEF
261,12,DEF
261,13,DEF
261,14,DEF
261,15,DEF
261,16,DEF
261,17,DEF
261,18,DEF
261,19,DEF
261,20,DEF
261,21,DEF
261,22,DEF
261,23,DEF
261,24,DEF
261,25,DEF
261,26,DEF
261,27,DEF
261,28,DEF
261,29,DEF
261,30,DEF
261,32,DEF
261,33,DEF
261,34,DEF
261,35,DEF
261,36,DEF
261,37,DEF
261,38,DEF
262,1,DEF
262,2,DEF
262,3,DEF
262,4,DEF
262,5,DEF
262,6,DEF
262,7,DEF
262,8,DEF
262,9,DEF
262,10,DEF
262,11,DEF
262,12,DEF
262,13,DEF
262,14,DEF
262,15,DEF
262,16,DEF
262,17,DEF
262,18,DEF
262,19,DEF
262,20,DEF
262,21,DEF
262,22,DEF
262,23,DEF
262,24,DEF
262,25,DEF
262,26,DEF
262,27,DEF
262,28,DEF
262,29,DEF
262,30,DEF
262,32,DEF
262,33,DEF
262,34,DEF
262,35,DEF
262,36,DEF
262,37,DEF
262,38,DEF
263,1,DEF
263,2,DEF
263,3,DEF
263,4,DEF
263,5,DEF
263,6,DEF
263,7,DEF
263,8,DEF
263,9,DEF
263,10,DEF
263,11,DEF
263,12,DEF
263,13,DEF
263,14,DEF
263,15,DEF
263,16,DEF
263,17,DEF
263,18,DEF
263,19,DEF
263,20,DEF
263,21,DEF
263,22,DEF
263,23,DEF
263,24,DEF
263,25,DEF
263,26,DEF
263,27,DEF
263,28,DEF
263,29,DEF
263,30,DEF
263,32,DEF
263,33,DEF
263,34,DEF
263,35,DEF
263,36,DEF
263,37,DEF
263,38,DEF
264,1,DEF
264,2,DEF
264,3,DEF
264,4,DEF
264,5,DEF
264,6,DEF
264,7,DEF
264,8,DEF
264,9,DEF
264,10,DEF
264,11,DEF
264,12,DEF
264,13,DEF
264,14,DEF
264,15,DEF
264,16,DEF
264,17,DEF
264,18,DEF
264,19,DEF
264,20,DEF
264,21,DEF
264,22,DEF
264,23,DEF
264,24,DEF
264,25,DEF
264,26,DEF
264,27,DEF
264,28,DEF
264,29,DEF
264,30,DEF
264,32,DEF
264,33,DEF
264,34,DEF
264,35,DEF
264,36,DEF
264,37,DEF
264,38,DEF
265,1,DEF
265,2,DEF
265,3,DEF
265,4,DEF
265,5,DEF
265,6,DEF
265,7,DEF
265,8,DEF
265,9,DEF
265,10,DEF
265,11,DEF
265,12,DEF
265,13,DEF
265,14,DEF
265,15,DEF
265,16,DEF
265,17,DEF
265,18,DEF
265,19,DEF
265,20,DEF
265,21,DEF
265,22,DEF
265,23,DEF
265,24,DEF
265,25,DEF
265,26,DEF
265,27,DEF
265,28,DEF
265,29,DEF
265,30,DEF
265,32,DEF
265,33,DEF
265,34,DEF
265,35,DEF
265,36,DEF
265,37,DEF
265,38,DEF
267,1,MID
267,2,MID
267,3,MID
267,4,MID
267,5,MID
267,6,MID
267,7,MID
267,8,MID
267,9,MID
267,10,MID
267,11,MID
267,12,MID
267,13,MID
267,14,MID
267,15,MID
267,16,MID
267,17,MID
267,18,MID
267,19,MID
267,20,MID
267,21,MID
267,22,MID
267,23,MID
267,24,MID
267,25,MID
267,26,MID
267,27,MID
267,28,MID
267,29,MID
267,30,MID
267,32,MID
267,33,MID
267,34,MID
267,35,MID
267,36,MID
267,37,MID
267,38,MID
268,1,MID
268,2,MID
268,3,MID
268,4,MID
268,5,MID
268,6,MID
268,7,MID
268,8,MID
268,9,MID
268,10,MID
268,11,MID
268,12,MID
268,13,MID
268,14,MID
268,15,MID
268,16,MID
268,17,MID
268,18,MID
268,19,MID
268,20,MID
268,21,MID
268,22,MID
268,23,MID
268,24,MID
268,25,MID
268,26,MID
268,27,MID
268,28,MID
268,29,MID
268,30,MID
268,32,MID
268,33,MID
268,34,MID
268,35,MID
268,36,MID
268,37,MID
268,38,MID
269,1,MID
269,2,MID
269,3,MID
269,4,MID
269,5,MID
269,6,MID
269,7,MID
269,8,MID
269,9,MID
269,10,MID
269,11,MID
269,12,MID
269,13,MID
269,14,MID
269,15,MID
269,16,MID
269,17,MID
269,18,MID
269,19,MID
269,20,MID
269,21,MID
269,22,MID
269,23,MID
269,24,MID
269,25,MID
269,26,MID
269,27,MID
269,28,MID
269,29,MID
269,30,MID
269,32,MID
269,33,MID
269,34,MID
269,35,MID
269,36,MID
269,37,MID
269,38,MID
270,1,MID
270,2,MID
270,3,MID
270,4,MID
270,5,MID
270,6,MID
270,7,MID
270,8,MID
270,9,MID
270,10,MID
270,11,MID
270,12,MID
270,13,MID
270,14,MID
270,15,MID
270,16,MID
270,17,MID
270,18,MID
270,19,MID
270,20,MID
270,21,MID
270,22,MID
270,23,MID
270,24,MID
270,25,MID
270,26,MID
270,27,MID
270,28,MID
270,29,MID
270,30,MID
270,32,MID
270,33,MID
270,34,MID
270,35,MID
270,36,MID
270,37,MID
270,38,MID
271,1,MID
271,2,MID
271,3,MID
271,4,MID
271,5,MID
271,6,MID
271,7,MID
271,8,MID
271,9,MID
271,10,MID
271,11,MID
271,12,MID
271,13,MID
271,14,MID
271,15,MID
271,16,MID
271,17,MID
271,18,MID
271,19,MID
271,20,MID
271,21,MID
271,22,MID
271,23,MID
271,24,MID
271,25,MID
271,26,MID
271,27,MID
271,28,MID
271,29,MID
271,30,MID
271,32,MID
271,33,MID
271,34,MID
271,35,MID
271,36,MID
271,37,MID
271,38,MID
272,1,MID
272,2,MID
272,3,MID
272,4,MID
272,5,MID
272,6,MID
272,7,MID
272,8,MID
272,9,MID
272,10,MID
272,11,MID
272,12,MID
272,13,MID
272,14,MID
272,15,MID
272,16,MID
272,17,MID
272,18,MID
272,19,MID
272,20,MID
272,21,MID
272,22,MID
272,23,MID
272,24,MID
272,25,MID
272,26,MID
272,27,MID
272,28,MID
272,29,MID
272,30,MID
272,32,MID
272,33,MID
272,34,MID
272,35,MID
272,36,MID
272,37,MID
272,38,MID
273,1,MID
273,2,MID
273,3,MID
273,4,MID
273,5,MID
273,6,MID
273,7,MID
273,8,MID
273,9,MID
273,10,MID
273,11,MID
273,12,MID
273,13,MID
273,14,MID
273,15,MID
273,16,MID
273,17,MID
273,18,MID
273,19,MID
273,20,MID
273,21,MID
273,22,MID
273,23,MID
273,24,MID
273,25,MID
273,26,MID
273,27,MID
273,28,MID
273,29,MID
273,30,MID
273,32,MID
273,33,MID
273,34,MID
273,35,MID
273,36,MID
273,37,MID
273,38,MID
274,1,MID
274,2,MID
274,3,MID
274,4,MID
274,5,MID
274,6,MID
274,7,MID
274,8,MID
274,9,MID
274,10,MID
274,11,MID
274,12,MID
274,13,MID
274,14,MID
274,15,MID
274,16,MID
274,17,MID
274,18,MID
274,19,MID
274,20,MID
274,21,MID
274,22,MID
274,23,MID
274,24,MID
274,25,MID
274,26,MID
274,27,MID
274,28,MID
274,29,MID
274,30,MID
274,32,MID
274,33,MID
274,34,MID
274,35,MID
274,36,MID
274,37,MID
274,38,MID
275,1,MID
275,2,MID
275,3,MID
275,4,MID
275,5,MID
275,6,MID
275,7,MID
275,8,MID
275,9,MID
275,10,MID
275,11,MID
275,12,MID
275,13,MID
275,14,MID
275,15,MID
275,16,MID
275,17,MID
275,18,MID
275,19,MID
275,20,MID
275,21,MID
275,22,MID
275,23,MID
275,24,MID
275,25,MID
275,26,MID
275,27,MID
275,28,MID
275,29,MID
275,30,MID
275,32,MID
275,33,MID
275,34,MID
275,35,MID
275,36,MID
275,37,MID
275,38,MID
276,1,MID
276,2,MID
276,3,MID
276,4,MID
276,5,MID
276,6,MID
276,7,MID
276,8,MID
276,9,MID
276,10,MID
276,11,MID
276,12,MID
276,13,MID
276,14,MID
276,15,MID
276,16,MID
276,17,MID
276,18,MID
276,19,MID
276,20,MID
276,21,MID
276,22,MID
276,23,MID
276,24,MID
276,25,MID
276,26,MID
276,27,MID
276,28,MID
276,29,MID
276,30,MID
276,32,MID
276,33,MID
276,34,MID
276,35,MID
276,36,MID
276,37,MID
276,38,MID
277,1,MID
277,2,MID
277,3,MID
277,4,MID
277,5,MID
277,6,MID
277,7,MID
277,8,MID
277,9,MID
277,10,MID
277,11,MID
277,12,MID
277,13,MID
277,14,MID
277,15,MID
277,16,MID
277,17,MID
277,18,MID
277,19,MID
277,20,MID
277,21,MID
277,22,MID
277,23,MID
277,24,MID
277,25,MID
277,26,MID
277,27,MID
277,28,MID
277,29,MID
277,30,MID
277,32,MID
277,33,MID
277,34,MID
277,35,MID
277,36,MID
277,37,MID
277,38,MID
278,1,MID
278,2,MID
278,3,MID
278,4,MID
278,5,MID
278,6,MID
278,7,MID
278,8,MID
278,9,MID
278,10,MID
278,11,MID
278,12,MID
278,13,MID
278,14,MID
278,15,MID
278,16,MID
278,17,MID
278,18,MID
278,19,MID
278,20,MID
278,21,MID
278,22,MID
278,23,MID
278,24,MID
278,25,MID
278,26,MID
278,27,MID
278,28,MID
278,29,MID
278,30,MID
278,32,MID
278,33,MID
278,34,MID
278,35,MID
278,36,MID
278,37,MID
278,38,MID
279,1,MID
279,2,MID
279,3,MID
279,4,MID
279,5,MID
279,6,MID
279,7,MID
279,8,MID
279,9,MID
279,10,MID
279,11,MID
279,12,MID
279,13,MID
279,14,MID
279,15,MID
279,16,MID
279,17,MID
279,18,MID
279,19,MID
279,20,MID
279,21,MID
279,22,MID
279,23,MID
279,24,MID
279,25,MID
279,26,MID
279,27,MID
279,28,MID
279,29,MID
279,30,MID
279,32,MID
279,33,MID
279,34,MID
279,35,MID
279,36,MID
279,37,MID
279,38,MID
280,1,MID
280,2,MID
280,3,MID
280,4,MID
280,5,MID
280,6,MID
280,7,MID
280,8,MID
280,9,MID
280,10,MID
280,11,MID
280,12,MID
280,13,MID
280,14,MID
280,15,MID
280,16,MID
280,17,MID
280,18,MID
280,19,MID
280,20,MID
280,21,MID
280,22,MID
280,23,MID
280,24,MID
280,25,MID
280,26,MID
280,27,MID
280,28,MID
280,29,MID
280,30,MID
280,32,MID
280,33,MID
280,34,MID
280,35,MID
280,36,MID
280,37,MID
280,38,MID
281,1,MID
281,2,MID
281,3,MID
281,4,MID
281,5,MID
281,6,MID
281,7,MID
281,8,MID
281,9,MID
281,10,MID
281,11,MID
281,12,MID
281,13,MID
281,14,MID
281,15,MID
281,16,MID
281,17,MID
281,18,MID
281,19,MID
281,20,MID
281,21,MID
281,22,MID
281,23,MID
281,24,MID
281,25,MID
281,26,MID
281,27,MID
281,28,MID
281,29,MID
281,30,MID
281,32,MID
281,33,MID
281,34,MID
281,35,MID
281,36,MID
281,37,MID
281,38,MID
282,1,MID
282,2,MID
282,3,MID
282,4,MID
282,5,MID
282,6,MID
282,7,MID
282,8,MID
282,9,MID
282,10,MID
282,11,MID
282,12,MID
282,13,MID
282,14,MID
282,15,MID
282,16,MID
282,17,MID
282,18,MID
282,19,MID
282,20,MID
282,21,MID
282,22,MID
282,23,MID
282,24,MID
282,25,MID
282,26,MID
282,27,MID
282,28,MID
282,29,MID
282,30,MID
282,32,MID
282,33,MID
282,34,MID
282,35,MID
282,36,MID
282,37,MID
282,38,MID
283,1,FWD
283,2,FWD
283,3,FWD
283,4,FWD
283,5,FWD
283,6,FWD
283,7,FWD
283,8,FWD
283,9,FWD
283,10,FWD
283,11,FWD
283,12,FWD
283,13,FWD
283,14,FWD
283,15,FWD
283,16,FWD
283,17,FWD
283,18,FWD
283,19,FWD
283,20,FWD
283,21,FWD
283,22,FWD
283,23,FWD
283,24,FWD
283,25,FWD
283,26,FWD
283,27,FWD
283,28,FWD
283,29,FWD
283,30,FWD
283,32,FWD
283,33,FWD
283,34,FWD
283,35,FWD
283,36,FWD
283,37,FWD
283,38,FWD
284,1,FWD
284,2,FWD
284,3,FWD
284,4,FWD
284,5,FWD
284,6,FWD
284,7,FWD
284,8,FWD
284,9,FWD
284,10,FWD
284,11,FWD
284,12,FWD
284,13,FWD
284,14,FWD
284,15,FWD
284,16,FWD
284,17,FWD
284,18,FWD
284,19,FWD
284,20,FWD
284,21,FWD
284,22,FWD
284,23,FWD
284,24,FWD
284,25,FWD
284,26,FWD
284,27,FWD
284,28,FWD
284,29,FWD
284,30,FWD
284,32,FWD
284,33,FWD
284,34,FWD
284,35,FWD
284,36,FWD
284,37,FWD
284,38,FWD
285,1,FWD
285,2,FWD
285,3,FWD
285,4,FWD
285,5,FWD
285,6,FWD
285,7,FWD
285,8,FWD
285,9,FWD
285,10,FWD
285,11,FWD
285,12,FWD
285,13,FWD
285,14,FWD
285,15,FWD
285,16,FWD
285,17,FWD
285,18,FWD
285,19,FWD
285,20,FWD
285,21,FWD
285,22,FWD
285,23,FWD
285,24,FWD
285,25,FWD
285,26,FWD
285,27,FWD
285,28,FWD
285,29,FWD
285,30,FWD
285,32,FWD
285,33,FWD
285,34,FWD
285,35,FWD
285,36,FWD
285,37,FWD
285,38,FWD
286,1,FWD
286,2,FWD
286,3,FWD
286,4,FWD
286,5,FWD
286,6,FWD
286,7,FWD
286,8,FWD
286,9,FWD
286,10,FWD
286,11,FWD
286,12,FWD
286,13,FWD
286,14,FWD
286,15,FWD
286,16,FWD
286,17,FWD
286,18,FWD
286,19,FWD
286,20,FWD
286,21,FWD
286,22,FWD
286,23,FWD
286,24,FWD
286,25,FWD
286,26,FWD
286,27,FWD
286,28,FWD
286,29,FWD
286,30,FWD
286,32,FWD
286,33,FWD
286,34,FWD
286,35,FWD
286,36,FWD
286,37,FWD
286,38,FWD
580,1,MID
580,2,MID
580,3,MID
580,4,MID
580,5,MID
580,6,MID
580,7,MID
580,8,MID
580,9,MID
580,10,MID
580,11,MID
580,12,MID
580,13,MID
580,14,MID
580,15,MID
580,16,MID
580,17,MID
580,18,MID
580,19,MID
580,20,MID
580,21,MID
580,22,MID
580,23,MID
580,24,MID
580,25,MID
580,26,MID
580,27,MID
580,28,MID
580,29,MID
580,30,MID
580,32,MID
580,33,MID
580,34,MID
580,35,MID
580,36,MID
580,37,MID
580,38,MID
654,1,FWD
654,2,FWD
654,3,FWD
654,4,FWD
654,5,FWD
654,6,FWD
654,7,FWD
654,8,FWD
654,9,FWD
654,10,FWD
654,11,FWD
654,12,FWD
654,13,FWD
654,14,FWD
654,15,FWD
654,16,FWD
654,17,FWD
654,18,FWD
654,19,FWD
654,20,FWD
654,21,FWD
654,22,FWD
654,23,FWD
654,24,FWD
654,25,FWD
654,26,FWD
654,27,FWD
654,28,FWD
654,29,FWD
654,30,FWD
654,32,FWD
654,33,FWD
654,34,FWD
654,35,FWD
654,36,FWD
654,37,FWD
654,38,FWD
677,1,MID
677,2,MID
677,3,MID
677,4,MID
677,5,MID
677,6,MID
677,7,MID
677,8,MID
677,9,MID
677,10,MID
677,11,MID
677,12,MID
677,13,MID
677,14,MID
677,15,MID
677,16,MID
677,17,MID
677,18,MID
677,19,MID
677,20,MID
677,21,MID
677,22,MID
677,23,MID
677,24,MID
677,25,MID
677,26,MID
677,27,MID
677,28,MID
677,29,MID
677,30,MID
677,32,MID
677,33,MID
677,34,MID
677,35,MID
677,36,MID
677,37,MID
677,38,MID
690,1,MID
690,2,MID
690,3,MID
690,4,MID
690,5,MID
690,6,MID
690,7,MID
690,8,MID
690,9,MID
690,10,MID
690,11,MID
690,12,MID
690,13,MID
690,14,MID
690,15,MID
690,16,MID
690,17,MID
690,18,MID
690,19,MID
690,20,MID
690,21,MID
690,22,MID
690,23,MID
690,24,MID
690,25,MID
690,26,MID
690,27,MID
690,28,MID
690,29,MID
690,30,MID
690,32,MID
690,33,MID
690,34,MID
690,35,MID
690,36,MID
690,37,MID
690,38,MID
712,3,MID
712,4,MID
712,5,MID
712,6,MID
712,7,MID
712,8,MID
712,9,MID
712,10,MID
712,11,MID
712,12,MID
712,13,MID
712,14,MID
712,15,MID
712,16,MID
712,17,MID
712,18,MID
712,19,MID
712,20,MID
712,21,MID
712,22,MID
712,23,MID
712,24,MID
712,25,MID
712,26,MID
712,27,MID
712,28,MID
712,29,MID
712,30,MID
712,32,MID
712,33,MID
712,34,MID
712,35,MID
712,36,MID
712,37,MID
712,38,MID
723,4,DEF
723,5,DEF
723,6,DEF
723,7,DEF
723,8,DEF
723,9,DEF
723,10,DEF
723,11,DEF
723,12,DEF
723,13,DEF
723,14,DEF
723,15,DEF
723,16,DEF
723,17,DEF
723,18,DEF
723,19,DEF
723,20,DEF
723,21,DEF
723,22,DEF
723,23,DEF
723,24,DEF
723,25,DEF
723,26,DEF
723,27,DEF
723,28,DEF
723,29,DEF
723,30,DEF
723,32,DEF
723,33,DEF
723,34,DEF
723,35,DEF
723,36,DEF
723,37,DEF
723,38,DEF
732,4,FWD
732,5,FWD
732,6,FWD
732,7,FWD
732,8,FWD
732,9,FWD
732,10,FWD
732,11,FWD
732,12,FWD
732,13,FWD
732,14,FWD
732,15,FWD
732,16,FWD
732,17,FWD
732,18,FWD
732,19,FWD
732,20,FWD
732,21,FWD
732,22,FWD
732,23,FWD
732,24,FWD
732,25,FWD
732,26,FWD
732,27,FWD
732,28,FWD
732,29,FWD
732,30,FWD
732,32,FWD
732,33,FWD
732,34,FWD
732,35,FWD
732,36,FWD
732,37,FWD
732,38,FWD
762,17,MID
762,18,MID
762,19,MID
762,20,MID
762,21,MID
762,22,MID
762,23,MID
762,24,MID
762,25,MID
762,26,MID
762,27,MID
762,28,MID
762,29,MID
762,30,MID
762,32,MID
762,33,MID
762,34,MID
762,35,MID
762,36,MID
762,37,MID
762,38,MID
773,18,DEF
773,19,DEF
773,20,DEF
773,21,DEF
773,22,DEF
773,23,DEF
773,24,DEF
773,25,DEF
773,26,DEF
773,27,DEF
773,28,DEF
773,29,DEF
773,30,DEF
773,32,DEF
773,33,DEF
773,34,DEF
773,35,DEF
773,36,DEF
773,37,DEF
773,38,DEF
780,19,FWD
780,20,FWD
780,21,FWD
780,22,FWD
780,23,FWD
780,24,FWD
780,25,FWD
780,26,FWD
780,27,FWD
780,28,FWD
780,29,FWD
780,30,FWD
780,32,FWD
780,33,FWD
780,34,FWD
780,35,FWD
780,36,FWD
780,37,FWD
780,38,FWD
793,21,DEF
793,22,DEF
793,23,DEF
793,24,DEF
793,25,DEF
793,26,DEF
793,27,DEF
793,28,DEF
793,29,DEF
793,30,DEF
793,32,DEF
793,33,DEF
793,34,DEF
793,35,DEF
793,36,DEF
793,37,DEF
793,38,DEF
798,22,DEF
798,23,DEF
798,24,DEF
798,25,DEF
798,26,DEF
798,27,DEF
798,28,DEF
798,29,DEF
798,30,DEF
798,32,DEF
798,33,DEF
798,34,DEF
798,35,DEF
798,36,DEF
798,37,DEF
798,38,DEF
242,1,MID
242,2,MID
242,3,MID
242,4,MID
242,5,MID
242,6,MID
242,7,MID
242,8,MID
242,9,MID
242,10,MID
242,11,MID
242,12,MID
242,13,MID
242,14,MID
242,15,MID
242,16,MID
242,17,MID
242,18,MID
242,19,MID
242,20,MID
242,21,MID
242,22,MID
242,23,MID
242,24,MID
242,25,MID
242,26,MID
242,27,MID
242,28,MID
242,29,MID
242,30,MID
242,31,MID
242,32,MID
242,33,MID
242,34,MID
242,35,MID
242,36,MID
242,37,MID
242,38,MID
243,1,MID
243,2,MID
243,3,MID
243,4,MID
243,5,MID
243,6,MID
243,7,MID
243,8,MID
243,9,MID
243,10,MID
243,11,MID
243,12,MID
243,13,MID
243,14,MID
243,15,MID
243,16,MID
243,17,MID
243,18,MID
243,19,MID
243,20,MID
243,21,MID
243,22,MID
243,23,MID
243,24,MID
243,25,MID
243,26,MID
243,27,MID
243,28,MID
243,29,MID
243,30,MID
243,31,MID
243,32,MID
243,33,MID
243,34,MID
243,35,MID
243,36,MID
243,37,MID
243,38,MID
287,1,GK
287,2,GK
287,3,GK
287,4,GK
287,5,GK
287,6,GK
287,7,GK
287,8,GK
287,9,GK
287,10,GK
287,11,GK
287,12,GK
287,13,GK
287,14,GK
287,15,GK
287,16,GK
287,17,GK
287,18,GK
287,19,GK
287,20,GK
287,21,GK
287,22,GK
287,23,GK
287,24,GK
287,25,GK
287,26,GK
287,27,GK
287,28,GK
287,29,GK
287,30,GK
287,31,GK
287,32,GK
287,33,GK
287,34,GK
287,35,GK
287,36,GK
287,37,GK
287,38,GK
288,1,GK
288,2,GK
288,3,GK
288,4,GK
288,5,GK
288,6,GK
288,7,GK
288,8,GK
288,9,GK
288,10,GK
288,11,GK
288,12,GK
288,13,GK
288,14,GK
288,15,GK
288,16,GK
288,17,GK
288,18,GK
288,19,GK
288,20,GK
288,21,GK
288,22,GK
288,23,GK
288,24,GK
288,25,GK
288,26,GK
288,27,GK
288,28,GK
288,29,GK
288,30,GK
288,31,GK
288,32,GK
288,33,GK
288,34,GK
288,35,GK
288,36,GK
288,37,GK
288,38,GK
289,1,GK
289,2,GK
289,3,GK
289,4,GK
289,5,GK
289,6,GK
289,7,GK
289,8,GK
289,9,GK
289,10,GK
289,11,GK
289,12,GK
289,13,GK
289,14,GK
289,15,GK
289,16,GK
289,17,GK
289,18,GK
289,19,GK
289,20,GK
289,21,GK
289,22,GK
289,23,GK
289,24,GK
289,25,GK
289,26,GK
289,27,GK
289,28,GK
289,29,GK
289,30,GK
289,31,GK
289,32,GK
289,33,GK
289,34,GK
289,35,GK
289,36,GK
289,37,GK
289,38,GK
290,1,DEF
290,2,DEF
290,3,DEF
290,4,DEF
290,5,DEF
290,6,DEF
290,7,DEF
290,8,DEF
290,9,DEF
290,10,DEF
290,11,DEF
290,12,DEF
290,13,DEF
290,14,DEF
290,15,DEF
290,16,DEF
290,17,DEF
290,18,DEF
290,19,DEF
290,20,DEF
290,21,DEF
290,22,DEF
290,23,DEF
290,24,DEF
290,25,DEF
290,26,DEF
290,27,DEF
290,28,DEF
290,29,DEF
290,30,DEF
290,31,DEF
290,32,DEF
290,33,DEF
290,34,DEF
290,35,DEF
290,36,DEF
290,37,DEF
290,38,DEF
291,1,DEF
291,2,DEF
291,3,DEF
291,4,DEF
291,5,DEF
291,6,DEF
291,7,DEF
291,8,DEF
291,9,DEF
291,10,DEF
291,11,DEF
291,12,DEF
291,13,DEF
291,14,DEF
291,15,DEF
291,16,DEF
291,17,DEF
291,18,DEF
291,19,DEF
291,20,DEF
291,21,DEF
291,22,DEF
291,23,DEF
291,24,DEF
291,25,DEF
291,26,DEF
291,27,DEF
291,28,DEF
291,29,DEF
291,30,DEF
291,31,DEF
291,32,DEF
291,33,DEF
291,34,DEF
291,35,DEF
291,36,DEF
291,37,DEF
291,38,DEF
292,1,DEF
292,2,DEF
292,3,DEF
292,4,DEF
292,5,DEF
292,6,DEF
292,7,DEF
292,8,DEF
292,9,DEF
292,10,DEF
292,11,DEF
292,12,DEF
292,13,DEF
292,14,DEF
292,15,DEF
292,16,DEF
292,17,DEF
292,18,DEF
292,19,DEF
292,20,DEF
292,21,DEF
292,22,DEF
292,23,DEF
292,24,DEF
292,25,DEF
292,26,DEF
292,27,DEF
292,28,DEF
292,29,DEF
292,30,DEF
292,31,DEF
292,32,DEF
292,33,DEF
292,34,DEF
292,35,DEF
292,36,DEF
292,37,DEF
292,38,DEF
293,1,DEF
293,2,DEF
293,3,DEF
293,4,DEF
293,5,DEF
293,6,DEF
293,7,DEF
293,8,DEF
293,9,DEF
293,10,DEF
293,11,DEF
293,12,DEF
293,13,DEF
293,14,DEF
293,15,DEF
293,16,DEF
293,17,DEF
293,18,DEF
293,19,DEF
293,20,DEF
293,21,DEF
293,22,DEF
293,23,DEF
293,24,DEF
293,25,DEF
293,26,DEF
293,27,DEF
293,28,DEF
293,29,DEF
293,30,DEF
293,31,DEF
293,32,DEF
293,33,DEF
293,34,DEF
293,35,DEF
293,36,DEF
293,37,DEF
293,38,DEF
294,1,DEF
294,2,DEF
294,3,DEF
294,4,DEF
294,5,DEF
294,6,DEF
294,7,DEF
294,8,DEF
294,9,DEF
294,10,DEF
294,11,DEF
294,12,DEF
294,13,DEF
294,14,DEF
294,15,DEF
294,16,DEF
294,17,DEF
294,18,DEF
294,19,DEF
294,20,DEF
294,21,DEF
294,22,DEF
294,23,DEF
294,24,DEF
294,25,DEF
294,26,DEF
294,27,DEF
294,28,DEF
294,29,DEF
294,30,DEF
294,31,DEF
294,32,DEF
294,33,DEF
294,34,DEF
294,35,DEF
294,36,DEF
294,37,DEF
294,38,DEF
295,1,DEF
295,2,DEF
295,3,DEF
295,4,DEF
295,5,DEF
295,6,DEF
295,7,DEF
295,8,DEF
295,9,DEF
295,10,DEF
295,11,DEF
295,12,DEF
295,13,DEF
295,14,DEF
295,15,DEF
295,16,DEF
295,17,DEF
295,18,DEF
295,19,DEF
295,20,DEF
295,21,DEF
295,22,DEF
295,23,DEF
295,24,DEF
295,25,DEF
295,26,DEF
295,27,DEF
295,28,DEF
295,29,DEF
295,30,DEF
295,31,DEF
295,32,DEF
295,33,DEF
295,34,DEF
295,35,DEF
295,36,DEF
295,37,DEF
295,38,DEF
296,1,DEF
296,2,DEF
296,3,DEF
296,4,DEF
296,5,DEF
296,6,DEF
296,7,DEF
296,8,DEF
296,9,DEF
296,10,DEF
296,11,DEF
296,12,DEF
296,13,DEF
296,14,DEF
296,15,DEF
296,16,DEF
296,17,DEF
296,18,DEF
296,19,DEF
296,20,DEF
296,21,DEF
296,22,DEF
296,23,DEF
296,24,DEF
296,25,DEF
296,26,DEF
296,27,DEF
296,28,DEF
296,29,DEF
296,30,DEF
296,31,DEF
296,32,DEF
296,33,DEF
296,34,DEF
296,35,DEF
296,36,DEF
296,37,DEF
296,38,DEF
297,1,DEF
297,2,DEF
297,3,DEF
297,4,DEF
297,5,DEF
297,6,DEF
297,7,DEF
297,8,DEF
297,9,DEF
297,10,DEF
297,11,DEF
297,12,DEF
297,13,DEF
297,14,DEF
297,15,DEF
297,16,DEF
297,17,DEF
297,18,DEF
297,19,DEF
297,20,DEF
297,21,DEF
297,22,DEF
297,23,DEF
297,24,DEF
297,25,DEF
297,26,DEF
297,27,DEF
297,28,DEF
297,29,DEF
297,30,DEF
297,31,DEF
297,32,DEF
297,33,DEF
297,34,DEF
297,35,DEF
297,36,DEF
297,37,DEF
297,38,DEF
298,1,DEF
298,2,DEF
298,3,DEF
298,4,DEF
298,5,DEF
298,6,DEF
298,7,DEF
298,8,DEF
298,9,DEF
298,10,DEF
298,11,DEF
298,12,DEF
298,13,DEF
298,14,DEF
298,15,DEF
298,16,DEF
298,17,DEF
298,18,DEF
298,19,DEF
298,20,DEF
298,21,DEF
298,22,DEF
298,23,DEF
298,24,DEF
298,25,DEF
298,26,DEF
298,27,DEF
298,28,DEF
298,29,DEF
298,30,DEF
298,31,DEF
298,32,DEF
298,33,DEF
298,34,DEF
298,35,DEF
298,36,DEF
298,37,DEF
298,38,DEF
299,1,MID
299,2,MID
299,3,MID
299,4,MID
299,5,MID
299,6,MID
299,7,MID
299,8,MID
299,9,MID
299,10,MID
299,11,MID
299,12,MID
299,13,MID
299,14,MID
299,15,MID
299,16,MID
299,17,MID
299,18,MID
299,19,MID
299,20,MID
299,21,MID
299,22,MID
299,23,MID
299,24,MID
299,25,MID
299,26,MID
299,27,MID
299,28,MID
299,29,MID
299,30,MID
299,31,MID
299,32,MID
299,33,MID
299,34,MID
299,35,MID
299,36,MID
299,37,MID
299,38,MID
300,1,MID
300,2,MID
300,3,MID
300,4,MID
300,5,MID
300,6,MID
300,7,MID
300,8,MID
300,9,MID
300,10,MID
300,11,MID
300,12,MID
300,13,MID
300,14,MID
300,15,MID
300,16,MID
300,17,MID
300,18,MID
300,19,MID
300,20,MID
300,21,MID
300,22,MID
300,23,MID
300,24,MID
300,25,MID
300,26,MID
300,27,MID
300,28,MID
300,29,MID
300,30,MID
300,31,MID
300,32,MID
300,33,MID
300,34,MID
300,35,MID
300,36,MID
300,37,MID
300,38,MID
301,1,MID
301,2,MID
301,3,MID
301,4,MID
301,5,MID
301,6,MID
301,7,MID
301,8,MID
301,9,MID
301,10,MID
301,11,MID
301,12,MID
301,13,MID
301,14,MID
301,15,MID
301,16,MID
301,17,MID
301,18,MID
301,19,MID
301,20,MID
301,21,MID
301,22,MID
301,23,MID
301,24,MID
301,25,MID
301,26,MID
301,27,MID
301,28,MID
301,29,MID
301,30,MID
301,31,MID
301,32,MID
301,33,MID
301,34,MID
301,35,MID
301,36,MID
301,37,MID
301,38,MID
302,1,MID
302,2,MID
302,3,MID
302,4,MID
302,5,MID
302,6,MID
302,7,MID
302,8,MID
302,9,MID
302,10,MID
302,11,MID
302,12,MID
302,13,MID
302,14,MID
302,15,MID
302,16,MID
302,17,MID
302,18,MID
302,19,MID
302,20,MID
302,21,MID
302,22,MID
302,23,MID
302,24,MID
302,25,MID
302,26,MID
302,27,MID
302,28,MID
302,29,MID
302,30,MID
302,31,MID
302,32,MID
302,33,MID
302,34,MID
302,35,MID
302,36,MID
302,37,MID
302,38,MID
303,1,MID
303,2,MID
303,3,MID
303,4,MID
303,5,MID
303,6,MID
303,7,MID
303,8,MID
303,9,MID
303,10,MID
303,11,MID
303,12,MID
303,13,MID
303,14,MID
303,15,MID
303,16,MID
303,17,MID
303,18,MID
303,19,MID
303,20,MID
303,21,MID
303,22,MID
303,23,MID
303,24,MID
303,25,MID
303,26,MID
303,27,MID
303,28,MID
303,29,MID
303,30,MID
303,31,MID
303,32,MID
303,33,MID
303,34,MID
303,35,MID
303,36,MID
303,37,MID
303,38,MID
304,1,MID
304,2,MID
304,3,MID
304,4,MID
304,5,MID
304,6,MID
304,7,MID
304,8,MID
304,9,MID
304,10,MID
304,11,MID
304,12,MID
304,13,MID
304,14,MID
304,15,MID
304,16,MID
304,17,MID
304,18,MID
304,19,MID
304,20,MID
304,21,MID
304,22,MID
304,23,MID
304,24,MID
304,25,MID
304,26,MID
304,27,MID
304,28,MID
304,29,MID
304,30,MID
304,31,MID
304,32,MID
304,33,MID
304,34,MID
304,35,MID
304,36,MID
304,37,MID
304,38,MID
305,1,MID
305,2,MID
305,3,MID
305,4,MID
305,5,MID
305,6,MID
305,7,MID
305,8,MID
305,9,MID
305,10,MID
305,11,MID
305,12,MID
305,13,MID
305,14,MID
305,15,MID
305,16,MID
305,17,MID
305,18,MID
305,19,MID
305,20,MID
305,21,MID
305,22,MID
305,23,MID
305,24,MID
305,25,MID
305,26,MID
305,27,MID
305,28,MID
305,29,MID
305,30,MID
305,31,MID
305,32,MID
305,33,MID
305,34,MID
305,35,MID
305,36,MID
305,37,MID
305,38,MID
306,1,MID
306,2,MID
306,3,MID
306,4,MID
306,5,MID
306,6,MID
306,7,MID
306,8,MID
306,9,MID
306,10,MID
306,11,MID
306,12,MID
306,13,MID
306,14,MID
306,15,MID
306,16,MID
306,17,MID
306,18,MID
306,19,MID
306,20,MID
306,21,MID
306,22,MID
306,23,MID
306,24,MID
306,25,MID
306,26,MID
306,27,MID
306,28,MID
306,29,MID
306,30,MID
306,31,MID
306,32,MID
306,33,MID
306,34,MID
306,35,MID
306,36,MID
306,37,MID
306,38,MID
307,1,MID
307,2,MID
307,3,MID
307,4,MID
307,5,MID
307,6,MID
307,7,MID
307,8,MID
307,9,MID
307,10,MID
307,11,MID
307,12,MID
307,13,MID
307,14,MID
307,15,MID
307,16,MID
307,17,MID
307,18,MID
307,19,MID
307,20,MID
307,21,MID
307,22,MID
307,23,MID
307,24,MID
307,25,MID
307,26,MID
307,27,MID
307,28,MID
307,29,MID
307,30,MID
307,31,MID
307,32,MID
307,33,MID
307,34,MID
307,35,MID
307,36,MID
307,37,MID
307,38,MID
308,1,MID
308,2,MID
308,3,MID
308,4,MID
308,5,MID
308,6,MID
308,7,MID
308,8,MID
308,9,MID
308,10,MID
308,11,MID
308,12,MID
308,13,MID
308,14,MID
308,15,MID
308,16,MID
308,17,MID
308,18,MID
308,19,MID
308,20,MID
308,21,MID
308,22,MID
308,23,MID
308,24,MID
308,25,MID
308,26,MID
308,27,MID
308,28,MID
308,29,MID
308,30,MID
308,31,MID
308,32,MID
308,33,MID
308,34,MID
308,35,MID
308,36,MID
308,37,MID
308,38,MID
309,1,MID
309,2,MID
309,3,MID
309,4,MID
309,5,MID
309,6,MID
309,7,MID
309,8,MID
309,9,MID
309,10,MID
309,11,MID
309,12,MID
309,13,MID
309,14,MID
309,15,MID
309,16,MID
309,17,MID
309,18,MID
309,19,MID
309,20,MID
309,21,MID
309,22,MID
309,23,MID
309,24,MID
309,25,MID
309,26,MID
309,27,MID
309,28,MID
309,29,MID
309,30,MID
309,31,MID
309,32,MID
309,33,MID
309,34,MID
309,35,MID
309,36,MID
309,37,MID
309,38,MID
310,1,FWD
310,2,FWD
310,3,FWD
310,4,FWD
310,5,FWD
310,6,FWD
310,7,FWD
310,8,FWD
310,9,FWD
310,10,FWD
310,11,FWD
310,12,FWD
310,13,FWD
310,14,FWD
310,15,FWD
310,16,FWD
310,17,FWD
310,18,FWD
310,19,FWD
310,20,FWD
310,21,FWD
310,22,FWD
310,23,FWD
310,24,FWD
310,25,FWD
310,26,FWD
310,27,FWD
310,28,FWD
310,29,FWD
310,30,FWD
310,31,FWD
310,32,FWD
310,33,FWD
310,34,FWD
310,35,FWD
310,36,FWD
310,37,FWD
310,38,FWD
311,1,FWD
311,2,FWD
311,3,FWD
311,4,FWD
311,5,FWD
311,6,FWD
311,7,FWD
311,8,FWD
311,9,FWD
311,10,FWD
311,11,FWD
311,12,FWD
311,13,FWD
311,14,FWD
311,15,FWD
311,16,FWD
311,17,FWD
311,18,FWD
311,19,FWD
311,20,FWD
311,21,FWD
311,22,FWD
311,23,FWD
311,24,FWD
311,25,FWD
311,26,FWD
311,27,FWD
311,28,FWD
311,29,FWD
311,30,FWD
311,31,FWD
311,32,FWD
311,33,FWD
311,34,FWD
311,35,FWD
311,36,FWD
311,37,FWD
311,38,FWD
312,1,FWD
312,2,FWD
312,3,FWD
312,4,FWD
312,5,FWD
312,6,FWD
312,7,FWD
312,8,FWD
312,9,FWD
312,10,FWD
312,11,FWD
312,12,FWD
312,13,FWD
312,14,FWD
312,15,FWD
312,16,FWD
312,17,FWD
312,18,FWD
312,19,FWD
312,20,FWD
312,21,FWD
312,22,FWD
312,23,FWD
312,24,FWD
312,25,FWD
312,26,FWD
312,27,FWD
312,28,FWD
312,29,FWD
312,30,FWD
312,31,FWD
312,32,FWD
312,33,FWD
312,34,FWD
312,35,FWD
312,36,FWD
312,37,FWD
312,38,FWD
313,1,FWD
313,2,FWD
313,3,FWD
313,4,FWD
313,5,FWD
313,6,FWD
313,7,FWD
313,8,FWD
313,9,FWD
313,10,FWD
313,11,FWD
313,12,FWD
313,13,FWD
313,14,FWD
313,15,FWD
313,16,FWD
313,17,FWD
313,18,FWD
313,19,FWD
313,20,FWD
313,21,FWD
313,22,FWD
313,23,FWD
313,24,FWD
313,25,FWD
313,26,FWD
313,27,FWD
313,28,FWD
313,29,FWD
313,30,FWD
313,31,FWD
313,32,FWD
313,33,FWD
313,34,FWD
313,35,FWD
313,36,FWD
313,37,FWD
313,38,FWD
419,1,MID
419,2,MID
419,3,MID
419,4,MID
419,5,MID
419,6,MID
419,7,MID
419,8,MID
419,9,MID
419,10,MID
419,11,MID
419,12,MID
419,13,MID
419,14,MID
419,15,MID
419,16,MID
419,17,MID
419,18,MID
419,19,MID
419,20,MID
419,21,MID
419,22,MID
419,23,MID
419,24,MID
419,25,MID
419,26,MID
419,27,MID
419,28,MID
419,29,MID
419,30,MID
419,31,MID
419,32,MID
419,33,MID
419,34,MID
419,35,MID
419,36,MID
419,37,MID
419,38,MID
630,1,GK
630,2,GK
630,3,GK
630,4,GK
630,5,GK
630,6,GK
630,7,GK
630,8,GK
630,9,GK
630,10,GK
630,11,GK
630,12,GK
630,13,GK
630,14,GK
630,15,GK
630,16,GK
630,17,GK
630,18,GK
630,19,GK
630,20,GK
630,21,GK
630,22,GK
630,23,GK
630,24,GK
630,25,GK
630,26,GK
630,27,GK
630,28,GK
630,29,GK
630,30,GK
630,31,GK
630,32,GK
630,33,GK
630,34,GK
630,35,GK
630,36,GK
630,37,GK
630,38,GK
667,1,DEF
667,2,DEF
667,3,DEF
667,4,DEF
667,5,DEF
667,6,DEF
667,7,DEF
667,8,DEF
667,9,DEF
667,10,DEF
667,11,DEF
667,12,DEF
667,13,DEF
667,14,DEF
667,15,DEF
667,16,DEF
667,17,DEF
667,18,DEF
667,19,DEF
667,20,DEF
667,21,DEF
667,22,DEF
667,23,DEF
667,24,DEF
667,25,DEF
667,26,DEF
667,27,DEF
667,28,DEF
667,29,DEF
667,30,DEF
667,31,DEF
667,32,DEF
667,33,DEF
667,34,DEF
667,35,DEF
667,36,DEF
667,37,DEF
667,38,DEF
704,2,MID
704,3,MID
704,4,MID
704,5,MID
704,6,MID
704,7,MID
704,8,MID
704,9,MID
704,10,MID
704,11,MID
704,12,MID
704,13,MID
704,14,MID
704,15,MID
704,16,MID
704,17,MID
704,18,MID
704,19,MID
704,20,MID
704,21,MID
704,22,MID
704,23,MID
704,24,MID
704,25,MID
704,26,MID
704,27,MID
704,28,MID
704,29,MID
704,30,MID
704,31,MID
704,32,MID
704,33,MID
704,34,MID
704,35,MID
704,36,MID
704,37,MID
704,38,MID
705,2,DEF
705,3,DEF
705,4,DEF
705,5,DEF
705,6,DEF
705,7,DEF
705,8,DEF
705,9,DEF
705,10,DEF
705,11,DEF
705,12,DEF
705,13,DEF
705,14,DEF
705,15,DEF
705,16,DEF
705,17,DEF
705,18,DEF
705,19,DEF
705,20,DEF
705,21,DEF
705,22,DEF
705,23,DEF
705,24,DEF
705,25,DEF
705,26,DEF
705,27,DEF
705,28,DEF
705,29,DEF
705,30,DEF
705,31,DEF
705,32,DEF
705,33,DEF
705,34,DEF
705,35,DEF
705,36,DEF
705,37,DEF
705,38,DEF
707,3,MID
707,4,MID
707,5,MID
707,6,MID
707,7,MID
707,8,MID
707,9,MID
707,10,MID
707,11,MID
707,12,MID
707,13,MID
707,14,MID
707,15,MID
707,16,MID
707,17,MID
707,18,MID
707,19,MID
707,20,MID
707,21,MID
707,22,MID
707,23,MID
707,24,MID
707,25,MID
707,26,MID
707,27,MID
707,28,MID
707,29,MID
707,30,MID
707,31,MID
707,32,MID
707,33,MID
707,34,MID
707,35,MID
707,36,MID
707,37,MID
707,38,MID
728,4,MID
728,5,MID
728,6,MID
728,7,MID
728,8,MID
728,9,MID
728,10,MID
728,11,MID
728,12,MID
728,13,MID
728,14,MID
728,15,MID
728,16,MID
728,17,MID
728,18,MID
728,19,MID
728,20,MID
728,21,MID
728,22,MID
728,23,MID
728,24,MID
728,25,MID
728,26,MID
728,27,MID
728,28,MID
728,29,MID
728,30,MID
728,31,MID
728,32,MID
728,33,MID
728,34,MID
728,35,MID
728,36,MID
728,37,MID
728,38,MID
779,19,FWD
779,20,FWD
779,21,FWD
779,22,FWD
779,23,FWD
779,24,FWD
779,25,FWD
779,26,FWD
779,27,FWD
779,28,FWD
779,29,FWD
779,30,FWD
779,31,FWD
779,32,FWD
779,33,FWD
779,34,FWD
779,35,FWD
779,36,FWD
779,37,FWD
779,38,FWD
314,1,GK
314,2,GK
314,3,GK
314,4,GK
314,5,GK
314,6,GK
314,7,GK
314,8,GK
314,9,GK
314,10,GK
314,11,GK
314,12,GK
314,13,GK
314,14,GK
314,15,GK
314,16,GK
314,17,GK
314,18,GK
314,19,GK
314,20,GK
314,21,GK
314,22,GK
314,23,GK
314,24,GK
314,25,GK
314,26,GK
314,27,GK
314,28,GK
314,29,GK
314,30,GK
314,31,GK
314,32,GK
314,33,GK
314,34,GK
314,35,GK
314,36,GK
314,37,GK
314,38,GK
315,1,GK
315,2,GK
315,3,GK
315,4,GK
315,5,GK
315,6,GK
315,7,GK
315,8,GK
315,9,GK
315,10,GK
315,11,GK
315,12,GK
315,13,GK
315,14,GK
315,15,GK
315,16,GK
315,17,GK
315,18,GK
315,19,GK
315,20,GK
315,21,GK
315,22,GK
315,23,GK
315,24,GK
315,25,GK
315,26,GK
315,27,GK
315,28,GK
315,29,GK
315,30,GK
315,31,GK
315,32,GK
315,33,GK
315,34,GK
315,35,GK
315,36,GK
315,37,GK
315,38,GK
316,1,DEF
316,2,DEF
316,3,DEF
316,4,DEF
316,5,DEF
316,6,DEF
316,7,DEF
316,8,DEF
316,9,DEF
316,10,DEF
316,11,DEF
316,12,DEF
316,13,DEF
316,14,DEF
316,15,DEF
316,16,DEF
316,17,DEF
316,18,DEF
316,19,DEF
316,20,DEF
316,21,DEF
316,22,DEF
316,23,DEF
316,24,DEF
316,25,DEF
316,26,DEF
316,27,DEF
316,28,DEF
316,29,DEF
316,30,DEF
316,31,DEF
316,32,DEF
316,33,DEF
316,34,DEF
316,35,DEF
316,36,DEF
316,37,DEF
316,38,DEF
317,1,DEF
317,2,DEF
317,3,DEF
317,4,DEF
317,5,DEF
317,6,DEF
317,7,DEF
317,8,DEF
317,9,DEF
317,10,DEF
317,11,DEF
317,12,DEF
317,13,DEF
317,14,DEF
317,15,DEF
317,16,DEF
317,17,DEF
317,18,DEF
317,19,DEF
317,20,DEF
317,21,DEF
317,22,DEF
317,23,DEF
317,24,DEF
317,25,DEF
317,26,DEF
317,27,DEF
317,28,DEF
317,29,DEF
317,30,DEF
317,31,DEF
317,32,DEF
317,33,DEF
317,34,DEF
317,35,DEF
317,36,DEF
317,37,DEF
317,38,DEF
318,1,DEF
318,2,DEF
318,3,DEF
318,4,DEF
318,5,DEF
318,6,DEF
318,7,DEF
318,8,DEF
318,9,DEF
318,10,DEF
318,11,DEF
318,12,DEF
318,13,DEF
318,14,DEF
318,15,DEF
318,16,DEF
318,17,DEF
318,18,DEF
318,19,DEF
318,20,DEF
318,21,DEF
318,22,DEF
318,23,DEF
318,24,DEF
318,25,DEF
318,26,DEF
318,27,DEF
318,28,DEF
318,29,DEF
318,30,DEF
318,31,DEF
318,32,DEF
318,33,DEF
318,34,DEF
318,35,DEF
318,36,DEF
318,37,DEF
318,38,DEF
319,1,DEF
319,2,DEF
319,3,DEF
319,4,DEF
319,5,DEF
319,6,DEF
319,7,DEF
319,8,DEF
319,9,DEF
319,10,DEF
319,11,DEF
319,12,DEF
319,13,DEF
319,14,DEF
319,15,DEF
319,16,DEF
319,17,DEF
319,18,DEF
319,19,DEF
319,20,DEF
319,21,DEF
319,22,DEF
319,23,DEF
319,24,DEF
319,25,DEF
319,26,DEF
319,27,DEF
319,28,DEF
319,29,DEF
319,30,DEF
319,31,DEF
319,32,DEF
319,33,DEF
319,34,DEF
319,35,DEF
319,36,DEF
319,37,DEF
319,38,DEF
320,1,DEF
320,2,DEF
320,3,DEF
320,4,DEF
320,5,DEF
320,6,DEF
320,7,DEF
320,8,DEF
320,9,DEF
320,10,DEF
320,11,DEF
320,12,DEF
320,13,DEF
320,14,DEF
320,15,DEF
320,16,DEF
320,17,DEF
320,18,DEF
320,19,DEF
320,20,DEF
320,21,DEF
320,22,DEF
320,23,DEF
320,24,DEF
320,25,DEF
320,26,DEF
320,27,DEF
320,28,DEF
320,29,DEF
320,30,DEF
320,31,DEF
320,32,DEF
320,33,DEF
320,34,DEF
320,35,DEF
320,36,DEF
320,37,DEF
320,38,DEF
321,1,DEF
321,2,DEF
321,3,DEF
321,4,DEF
321,5,DEF
321,6,DEF
321,7,DEF
321,8,DEF
321,9,DEF
321,10,DEF
321,11,DEF
321,12,DEF
321,13,DEF
321,14,DEF
321,15,DEF
321,16,DEF
321,17,DEF
321,18,DEF
321,19,DEF
321,20,DEF
321,21,DEF
321,22,DEF
321,23,DEF
321,24,DEF
321,25,DEF
321,26,DEF
321,27,DEF
321,28,DEF
321,29,DEF
321,30,DEF
321,31,DEF
321,32,DEF
321,33,DEF
321,34,DEF
321,35,DEF
321,36,DEF
321,37,DEF
321,38,DEF
322,1,DEF
322,2,DEF
322,3,DEF
322,4,DEF
322,5,DEF
322,6,DEF
322,7,DEF
322,8,DEF
322,9,DEF
322,10,DEF
322,11,DEF
322,12,DEF
322,13,DEF
322,14,DEF
322,15,DEF
322,16,DEF
322,17,DEF
322,18,DEF
322,19,DEF
322,20,DEF
322,21,DEF
322,22,DEF
322,23,DEF
322,24,DEF
322,25,DEF
322,26,DEF
322,27,DEF
322,28,DEF
322,29,DEF
322,30,DEF
322,31,DEF
322,32,DEF
322,33,DEF
322,34,DEF
322,35,DEF
322,36,DEF
322,37,DEF
322,38,DEF
323,1,DEF
323,2,DEF
323,3,DEF
323,4,DEF
323,5,DEF
323,6,DEF
323,7,DEF
323,8,DEF
323,9,DEF
323,10,DEF
323,11,DEF
323,12,DEF
323,13,DEF
323,14,DEF
323,15,DEF
323,16,DEF
323,17,DEF
323,18,DEF
323,19,DEF
323,20,DEF
323,21,DEF
323,22,DEF
323,23,DEF
323,24,DEF
323,25,DEF
323,26,DEF
323,27,DEF
323,28,DEF
323,29,DEF
323,30,DEF
323,31,DEF
323,32,DEF
323,33,DEF
323,34,DEF
323,35,DEF
323,36,DEF
323,37,DEF
323,38,DEF
324,1,MID
324,2,MID
324,3,MID
324,4,MID
324,5,MID
324,6,MID
324,7,MID
324,8,MID
324,9,MID
324,10,MID
324,11,MID
324,12,MID
324,13,MID
324,14,MID
324,15,MID
324,16,MID
324,17,MID
324,18,MID
324,19,MID
324,20,MID
324,21,MID
324,22,MID
324,23,MID
324,24,MID
324,25,MID
324,26,MID
324,27,MID
324,28,MID
324,29,MID
324,30,MID
324,31,MID
324,32,MID
324,33,MID
324,34,MID
324,35,MID
324,36,MID
324,37,MID
324,38,MID
325,1,MID
325,2,MID
325,3,MID
325,4,MID
325,5,MID
325,6,MID
325,7,MID
325,8,MID
325,9,MID
325,10,MID
325,11,MID
325,12,MID
325,13,MID
325,14,MID
325,15,MID
325,16,MID
325,17,MID
325,18,MID
325,19,MID
325,20,MID
325,21,MID
325,22,MID
325,23,MID
325,24,MID
325,25,MID
325,26,MID
325,27,MID
325,28,MID
325,29,MID
325,30,MID
325,31,MID
325,32,MID
325,33,MID
325,34,MID
325,35,MID
325,36,MID
325,37,MID
325,38,MID
327,1,MID
327,2,MID
327,3,MID
327,4,MID
327,5,MID
327,6,MID
327,7,MID
327,8,MID
327,9,MID
327,10,MID
327,11,MID
327,12,MID
327,13,MID
327,14,MID
327,15,MID
327,16,MID
327,17,MID
327,18,MID
327,19,MID
327,20,MID
327,21,MID
327,22,MID
327,23,MID
327,24,MID
327,25,MID
327,26,MID
327,27,MID
327,28,MID
327,29,MID
327,30,MID
327,31,MID
327,32,MID
327,33,MID
327,34,MID
327,35,MID
327,36,MID
327,37,MID
327,38,MID
328,1,MID
328,2,MID
328,3,MID
328,4,MID
328,5,MID
328,6,MID
328,7,MID
328,8,MID
328,9,MID
328,10,MID
328,11,MID
328,12,MID
328,13,MID
328,14,MID
328,15,MID
328,16,MID
328,17,MID
328,18,MID
328,19,MID
328,20,MID
328,21,MID
328,22,MID
328,23,MID
328,24,MID
328,25,MID
328,26,MID
328,27,MID
328,28,MID
328,29,MID
328,30,MID
328,31,MID
328,32,MID
328,33,MID
328,34,MID
328,35,MID
328,36,MID
328,37,MID
328,38,MID
329,1,MID
329,2,MID
329,3,MID
329,4,MID
329,5,MID
329,6,MID
329,7,MID
329,8,MID
329,9,MID
329,10,MID
329,11,MID
329,12,MID
329,13,MID
329,14,MID
329,15,MID
329,16,MID
329,17,MID
329,18,MID
329,19,MID
329,20,MID
329,21,MID
329,22,MID
329,23,MID
329,24,MID
329,25,MID
329,26,MID
329,27,MID
329,28,MID
329,29,MID
329,30,MID
329,31,MID
329,32,MID
329,33,MID
329,34,MID
329,35,MID
329,36,MID
329,37,MID
329,38,MID
330,1,MID
330,2,MID
330,3,MID
330,4,MID
330,5,MID
330,6,MID
330,7,MID
330,8,MID
330,9,MID
330,10,MID
330,11,MID
330,12,MID
330,13,MID
330,14,MID
330,15,MID
330,16,MID
330,17,MID
330,18,MID
330,19,MID
330,20,MID
330,21,MID
330,22,MID
330,23,MID
330,24,MID
330,25,MID
330,26,MID
330,27,MID
330,28,MID
330,29,MID
330,30,MID
330,31,MID
330,32,MID
330,33,MID
330,34,MID
330,35,MID
330,36,MID
330,37,MID
330,38,MID
331,1,MID
331,2,MID
331,3,MID
331,4,MID
331,5,MID
331,6,MID
331,7,MID
331,8,MID
331,9,MID
331,10,MID
331,11,MID
331,12,MID
331,13,MID
331,14,MID
331,15,MID
331,16,MID
331,17,MID
331,18,MID
331,19,MID
331,20,MID
331,21,MID
331,22,MID
331,23,MID
331,24,MID
331,25,MID
331,26,MID
331,27,MID
331,28,MID
331,29,MID
331,30,MID
331,31,MID
331,32,MID
331,33,MID
331,34,MID
331,35,MID
331,36,MID
331,37,MID
331,38,MID
332,1,MID
332,2,MID
332,3,MID
332,4,MID
332,5,MID
332,6,MID
332,7,MID
332,8,MID
332,9,MID
332,10,MID
332,11,MID
332,12,MID
332,13,MID
332,14,MID
332,15,MID
332,16,MID
332,17,MID
332,18,MID
332,19,MID
332,20,MID
332,21,MID
332,22,MID
332,23,MID
332,24,MID
332,25,MID
332,26,MID
332,27,MID
332,28,MID
332,29,MID
332,30,MID
332,31,MID
332,32,MID
332,33,MID
332,34,MID
332,35,MID
332,36,MID
332,37,MID
332,38,MID
333,1,MID
333,2,MID
333,3,MID
333,4,MID
333,5,MID
333,6,MID
333,7,MID
333,8,MID
333,9,MID
333,10,MID
333,11,MID
333,12,MID
333,13,MID
333,14,MID
333,15,MID
333,16,MID
333,17,MID
333,18,MID
333,19,MID
333,20,MID
333,21,MID
333,22,MID
333,23,MID
333,24,MID
333,25,MID
333,26,MID
333,27,MID
333,28,MID
333,29,MID
333,30,MID
333,31,MID
333,32,MID
333,33,MID
333,34,MID
333,35,MID
333,36,MID
333,37,MID
333,38,MID
334,1,MID
334,2,MID
334,3,MID
334,4,MID
334,5,MID
334,6,MID
334,7,MID
334,8,MID
334,9,MID
334,10,MID
334,11,MID
334,12,MID
334,13,MID
334,14,MID
334,15,MID
334,16,MID
334,17,MID
334,18,MID
334,19,MID
334,20,MID
334,21,MID
334,22,MID
334,23,MID
334,24,MID
334,25,MID
334,26,MID
334,27,MID
334,28,MID
334,29,MID
334,30,MID
334,31,MID
334,32,MID
334,33,MID
334,34,MID
334,35,MID
334,36,MID
334,37,MID
334,38,MID
335,1,MID
335,2,MID
335,3,MID
335,4,MID
335,5,MID
335,6,MID
335,7,MID
335,8,MID
335,9,MID
335,10,MID
335,11,MID
335,12,MID
335,13,MID
335,14,MID
335,15,MID
335,16,MID
335,17,MID
335,18,MID
335,19,MID
335,20,MID
335,21,MID
335,22,MID
335,23,MID
335,24,MID
335,25,MID
335,26,MID
335,27,MID
335,28,MID
335,29,MID
335,30,MID
335,31,MID
335,32,MID
335,33,MID
335,34,MID
335,35,MID
335,36,MID
335,37,MID
335,38,MID
336,1,MID
336,2,MID
336,3,MID
336,4,MID
336,5,MID
336,6,MID
336,7,MID
336,8,MID
336,9,MID
336,10,MID
336,11,MID
336,12,MID
336,13,MID
336,14,MID
336,15,MID
336,16,MID
336,17,MID
336,18,MID
336,19,MID
336,20,MID
336,21,MID
336,22,MID
336,23,MID
336,24,MID
336,25,MID
336,26,MID
336,27,MID
336,28,MID
336,29,MID
336,30,MID
336,31,MID
336,32,MID
336,33,MID
336,34,MID
336,35,MID
336,36,MID
336,37,MID
336,38,MID
337,1,FWD
337,2,FWD
337,3,FWD
337,4,FWD
337,5,FWD
337,6,FWD
337,7,FWD
337,8,FWD
337,9,FWD
337,10,FWD
337,11,FWD
337,12,FWD
337,13,FWD
337,14,FWD
337,15,FWD
337,16,FWD
337,17,FWD
337,18,FWD
337,19,FWD
337,20,FWD
337,21,FWD
337,22,FWD
337,23,FWD
337,24,FWD
337,25,FWD
337,26,FWD
337,27,FWD
337,28,FWD
337,29,FWD
337,30,FWD
337,31,FWD
337,32,FWD
337,33,FWD
337,34,FWD
337,35,FWD
337,36,FWD
337,37,FWD
337,38,FWD
338,1,FWD
338,2,FWD
338,3,FWD
338,4,FWD
338,5,FWD
338,6,FWD
338,7,FWD
338,8,FWD
338,9,FWD
338,10,FWD
338,11,FWD
338,12,FWD
338,13,FWD
338,14,FWD
338,15,FWD
338,16,FWD
338,17,FWD
338,18,FWD
338,19,FWD
338,20,FWD
338,21,FWD
338,22,FWD
338,23,FWD
338,24,FWD
338,25,FWD
338,26,FWD
338,27,FWD
338,28,FWD
338,29,FWD
338,30,FWD
338,31,FWD
338,32,FWD
338,33,FWD
338,34,FWD
338,35,FWD
338,36,FWD
338,37,FWD
338,38,FWD
424,1,MID
424,2,MID
424,3,MID
424,4,MID
424,5,MID
424,6,MID
424,7,MID
424,8,MID
424,9,MID
424,10,MID
424,11,MID
424,12,MID
424,13,MID
424,14,MID
424,15,MID
424,16,MID
424,17,MID
424,18,MID
424,19,MID
424,20,MID
424,21,MID
424,22,MID
424,23,MID
424,24,MID
424,25,MID
424,26,MID
424,27,MID
424,28,MID
424,29,MID
424,30,MID
424,31,MID
424,32,MID
424,33,MID
424,34,MID
424,35,MID
424,36,MID
424,37,MID
424,38,MID
664,1,GK
664,2,GK
664,3,GK
664,4,GK
664,5,GK
664,6,GK
664,7,GK
664,8,GK
664,9,GK
664,10,GK
664,11,GK
664,12,GK
664,13,GK
664,14,GK
664,15,GK
664,16,GK
664,17,GK
664,18,GK
664,19,GK
664,20,GK
664,21,GK
664,22,GK
664,23,GK
664,24,GK
664,25,GK
664,26,GK
664,27,GK
664,28,GK
664,29,GK
664,30,GK
664,31,GK
664,32,GK
664,33,GK
664,34,GK
664,35,GK
664,36,GK
664,37,GK
664,38,GK
727,4,MID
727,5,MID
727,6,MID
727,7,MID
727,8,MID
727,9,MID
727,10,MID
727,11,MID
727,12,MID
727,13,MID
727,14,MID
727,15,MID
727,16,MID
727,17,MID
727,18,MID
727,19,MID
727,20,MID
727,21,MID
727,22,MID
727,23,MID
727,24,MID
727,25,MID
727,26,MID
727,27,MID
727,28,MID
727,29,MID
727,30,MID
727,31,MID
727,32,MID
727,33,MID
727,34,MID
727,35,MID
727,36,MID
727,37,MID
727,38,MID
731,4,MID
731,5,MID
731,6,MID
731,7,MID
731,8,MID
731,9,MID
731,10,MID
731,11,MID
731,12,MID
731,13,MID
731,14,MID
731,15,MID
731,16,MID
731,17,MID
731,18,MID
731,19,MID
731,20,MID
731,21,MID
731,22,MID
731,23,MID
731,24,MID
731,25,MID
731,26,MID
731,27,MID
731,28,MID
731,29,MID
731,30,MID
731,31,MID
731,32,MID
731,33,MID
731,34,MID
731,35,MID
731,36,MID
731,37,MID
731,38,MID
737,4,FWD
737,5,FWD
737,6,FWD
737,7,FWD
737,8,FWD
737,9,FWD
737,10,FWD
737,11,FWD
737,12,FWD
737,13,FWD
737,14,FWD
737,15,FWD
737,16,FWD
737,17,FWD
737,18,FWD
737,19,FWD
737,20,FWD
737,21,FWD
737,22,FWD
737,23,FWD
737,24,FWD
737,25,FWD
737,26,FWD
737,27,FWD
737,28,FWD
737,29,FWD
737,30,FWD
737,31,FWD
737,32,FWD
737,33,FWD
737,34,FWD
737,35,FWD
737,36,FWD
737,37,FWD
737,38,FWD
770,17,MID
770,18,MID
770,19,MID
770,20,MID
770,21,MID
770,22,MID
770,23,MID
770,24,MID
770,25,MID
770,26,MID
770,27,MID
770,28,MID
770,29,MID
770,30,MID
770,31,MID
770,32,MID
770,33,MID
770,34,MID
770,35,MID
770,36,MID
770,37,MID
770,38,MID
786,20,GK
786,21,GK
786,22,GK
786,23,GK
786,24,GK
786,25,GK
786,26,GK
786,27,GK
786,28,GK
786,29,GK
786,30,GK
786,31,GK
786,32,GK
786,33,GK
786,34,GK
786,35,GK
786,36,GK
786,37,GK
786,38,GK
168,1,MID
168,2,MID
168,3,MID
168,4,MID
168,5,MID
168,6,MID
168,7,MID
168,8,MID
168,9,MID
168,10,MID
168,11,MID
168,12,MID
168,13,MID
168,14,MID
168,15,MID
168,16,MID
168,17,MID
168,18,MID
168,19,MID
168,20,MID
168,21,MID
168,22,MID
168,23,MID
168,24,MID
168,25,MID
168,26,MID
168,27,MID
168,28,MID
168,29,MID
168,30,MID
168,31,MID
168,32,MID
168,33,MID
168,35,MID
168,36,MID
168,37,MID
168,38,MID
339,1,GK
339,2,GK
339,3,GK
339,4,GK
339,5,GK
339,6,GK
339,7,GK
339,8,GK
339,9,GK
339,10,GK
339,11,GK
339,12,GK
339,13,GK
339,14,GK
339,15,GK
339,16,GK
339,17,GK
339,18,GK
339,19,GK
339,20,GK
339,21,GK
339,22,GK
339,23,GK
339,24,GK
339,25,GK
339,26,GK
339,27,GK
339,28,GK
339,29,GK
339,30,GK
339,31,GK
339,32,GK
339,33,GK
339,35,GK
339,36,GK
339,37,GK
339,38,GK
340,1,GK
340,2,GK
340,3,GK
340,4,GK
340,5,GK
340,6,GK
340,7,GK
340,8,GK
340,9,GK
340,10,GK
340,11,GK
340,12,GK
340,13,GK
340,14,GK
340,15,GK
340,16,GK
340,17,GK
340,18,GK
340,19,GK
340,20,GK
340,21,GK
340,22,GK
340,23,GK
340,24,GK
340,25,GK
340,26,GK
340,27,GK
340,28,GK
340,29,GK
340,30,GK
340,31,GK
340,32,GK
340,33,GK
340,35,GK
340,36,GK
340,37,GK
340,38,GK
341,1,GK
341,2,GK
341,3,GK
341,4,GK
341,5,GK
341,6,GK
341,7,GK
341,8,GK
341,9,GK
341,10,GK
341,11,GK
341,12,GK
341,13,GK
341,14,GK
341,15,GK
341,16,GK
341,17,GK
341,18,GK
341,19,GK
341,20,GK
341,21,GK
341,22,GK
341,23,GK
341,24,GK
341,25,GK
341,26,GK
341,27,GK
341,28,GK
341,29,GK
341,30,GK
341,31,GK
341,32,GK
341,33,GK
341,35,GK
341,36,GK
341,37,GK
341,38,GK
342,1,DEF
342,2,DEF
342,3,DEF
342,4,DEF
342,5,DEF
342,6,DEF
342,7,DEF
342,8,DEF
342,9,DEF
342,10,DEF
342,11,DEF
342,12,DEF
342,13,DEF
342,14,DEF
342,15,DEF
342,16,DEF
342,17,DEF
342,18,DEF
342,19,DEF
342,20,DEF
342,21,DEF
342,22,DEF
342,23,DEF
342,24,DEF
342,25,DEF
342,26,DEF
342,27,DEF
342,28,DEF
342,29,DEF
342,30,DEF
342,31,DEF
342,32,DEF
342,33,DEF
342,35,DEF
342,36,DEF
342,37,DEF
342,38,DEF
343,1,DEF
343,2,DEF
343,3,DEF
343,4,DEF
343,5,DEF
343,6,DEF
343,7,DEF
343,8,DEF
343,9,DEF
343,10,DEF
343,11,DEF
343,12,DEF
343,13,DEF
343,14,DEF
343,15,DEF
343,16,DEF
343,17,DEF
343,18,DEF
343,19,DEF
343,20,DEF
343,21,DEF
343,22,DEF
343,23,DEF
343,24,DEF
343,25,DEF
343,26,DEF
343,27,DEF
343,28,DEF
343,29,DEF
343,30,DEF
343,31,DEF
343,32,DEF
343,33,DEF
343,35,DEF
343,36,DEF
343,37,DEF
343,38,DEF
344,1,DEF
344,2,DEF
344,3,DEF
344,4,DEF
344,5,DEF
344,6,DEF
344,7,DEF
344,8,DEF
344,9,DEF
344,10,DEF
344,11,DEF
344,12,DEF
344,13,DEF
344,14,DEF
344,15,DEF
344,16,DEF
344,17,DEF
344,18,DEF
344,19,DEF
344,20,DEF
344,21,DEF
344,22,DEF
344,23,DEF
344,24,DEF
344,25,DEF
344,26,DEF
344,27,DEF
344,28,DEF
344,29,DEF
344,30,DEF
344,31,DEF
344,32,DEF
344,33,DEF
344,35,DEF
344,36,DEF
344,37,DEF
344,38,DEF
345,1,DEF
345,2,DEF
345,3,DEF
345,4,DEF
345,5,DEF
345,6,DEF
345,7,DEF
345,8,DEF
345,9,DEF
345,10,DEF
345,11,DEF
345,12,DEF
345,13,DEF
345,14,DEF
345,15,DEF
345,16,DEF
345,17,DEF
345,18,DEF
345,19,DEF
345,20,DEF
345,21,DEF
345,22,DEF
345,23,DEF
345,24,DEF
345,25,DEF
345,26,DEF
345,27,DEF
345,28,DEF
345,29,DEF
345,30,DEF
345,31,DEF
345,32,DEF
345,33,DEF
345,35,DEF
345,36,DEF
345,37,DEF
345,38,DEF
346,1,DEF
346,2,DEF
346,3,DEF
346,4,DEF
346,5,DEF
346,6,DEF
346,7,DEF
346,8,DEF
346,9,DEF
346,10,DEF
346,11,DEF
346,12,DEF
346,13,DEF
346,14,DEF
346,15,DEF
346,16,DEF
346,17,DEF
346,18,DEF
346,19,DEF
346,20,DEF
346,21,DEF
346,22,DEF
346,23,DEF
346,24,DEF
346,25,DEF
346,26,DEF
346,27,DEF
346,28,DEF
346,29,DEF
346,30,DEF
346,31,DEF
346,32,DEF
346,33,DEF
346,35,DEF
346,36,DEF
346,37,DEF
346,38,DEF
347,1,DEF
347,2,DEF
347,3,DEF
347,4,DEF
347,5,DEF
347,6,DEF
347,7,DEF
347,8,DEF
347,9,DEF
347,10,DEF
347,11,DEF
347,12,DEF
347,13,DEF
347,14,DEF
347,15,DEF
347,16,DEF
347,17,DEF
347,18,DEF
347,19,DEF
347,20,DEF
347,21,DEF
347,22,DEF
347,23,DEF
347,24,DEF
347,25,DEF
347,26,DEF
347,27,DEF
347,28,DEF
347,29,DEF
347,30,DEF
347,31,DEF
347,32,DEF
347,33,DEF
347,35,DEF
347,36,DEF
347,37,DEF
347,38,DEF
348,1,DEF
348,2,DEF
348,3,DEF
348,4,DEF
348,5,DEF
348,6,DEF
348,7,DEF
348,8,DEF
348,9,DEF
348,10,DEF
348,11,DEF
348,12,DEF
348,13,DEF
348,14,DEF
348,15,DEF
348,16,DEF
348,17,DEF
348,18,DEF
348,19,DEF
348,20,DEF
348,21,DEF
348,22,DEF
348,23,DEF
348,24,DEF
348,25,DEF
348,26,DEF
348,27,DEF
348,28,DEF
348,29,DEF
348,30,DEF
348,31,DEF
348,32,DEF
348,33,DEF
348,35,DEF
348,36,DEF
348,37,DEF
348,38,DEF
349,1,DEF
349,2,DEF
349,3,DEF
349,4,DEF
349,5,DEF
349,6,DEF
349,7,DEF
349,8,DEF
349,9,DEF
349,10,DEF
349,11,DEF
349,12,DEF
349,13,DEF
349,14,DEF
349,15,DEF
349,16,DEF
349,17,DEF
349,18,DEF
349,19,DEF
349,20,DEF
349,21,DEF
349,22,DEF
349,23,DEF
349,24,DEF
349,25,DEF
349,26,DEF
349,27,DEF
349,28,DEF
349,29,DEF
349,30,DEF
349,31,DEF
349,32,DEF
349,33,DEF
349,35,DEF
349,36,DEF
349,37,DEF
349,38,DEF
350,1,MID
350,2,MID
350,3,MID
350,4,MID
350,5,MID
350,6,MID
350,7,MID
350,8,MID
350,9,MID
350,10,MID
350,11,MID
350,12,MID
350,13,MID
350,14,MID
350,15,MID
350,16,MID
350,17,MID
350,18,MID
350,19,MID
350,20,MID
350,21,MID
350,22,MID
350,23,MID
350,24,MID
350,25,MID
350,26,MID
350,27,MID
350,28,MID
350,29,MID
350,30,MID
350,31,MID
350,32,MID
350,33,MID
350,35,MID
350,36,MID
350,37,MID
350,38,MID
351,1,MID
351,2,MID
351,3,MID
351,4,MID
351,5,MID
351,6,MID
351,7,MID
351,8,MID
351,9,MID
351,10,MID
351,11,MID
351,12,MID
351,13,MID
351,14,MID
351,15,MID
351,16,MID
351,17,MID
351,18,MID
351,19,MID
351,20,MID
351,21,MID
351,22,MID
351,23,MID
351,24,MID
351,25,MID
351,26,MID
351,27,MID
351,28,MID
351,29,MID
351,30,MID
351,31,MID
351,32,MID
351,33,MID
351,35,MID
351,36,MID
351,37,MID
351,38,MID
352,1,MID
352,2,MID
352,3,MID
352,4,MID
352,5,MID
352,6,MID
352,7,MID
352,8,MID
352,9,MID
352,10,MID
352,11,MID
352,12,MID
352,13,MID
352,14,MID
352,15,MID
352,16,MID
352,17,MID
352,18,MID
352,19,MID
352,20,MID
352,21,MID
352,22,MID
352,23,MID
352,24,MID
352,25,MID
352,26,MID
352,27,MID
352,28,MID
352,29,MID
352,30,MID
352,31,MID
352,32,MID
352,33,MID
352,35,MID
352,36,MID
352,37,MID
352,38,MID
353,1,MID
353,2,MID
353,3,MID
353,4,MID
353,5,MID
353,6,MID
353,7,MID
353,8,MID
353,9,MID
353,10,MID
353,11,MID
353,12,MID
353,13,MID
353,14,MID
353,15,MID
353,16,MID
353,17,MID
353,18,MID
353,19,MID
353,20,MID
353,21,MID
353,22,MID
353,23,MID
353,24,MID
353,25,MID
353,26,MID
353,27,MID
353,28,MID
353,29,MID
353,30,MID
353,31,MID
353,32,MID
353,33,MID
353,35,MID
353,36,MID
353,37,MID
353,38,MID
354,1,MID
354,2,MID
354,3,MID
354,4,MID
354,5,MID
354,6,MID
354,7,MID
354,8,MID
354,9,MID
354,10,MID
354,11,MID
354,12,MID
354,13,MID
354,14,MID
354,15,MID
354,16,MID
354,17,MID
354,18,MID
354,19,MID
354,20,MID
354,21,MID
354,22,MID
354,23,MID
354,24,MID
354,25,MID
354,26,MID
354,27,MID
354,28,MID
354,29,MID
354,30,MID
354,31,MID
354,32,MID
354,33,MID
354,35,MID
354,36,MID
354,37,MID
354,38,MID
355,1,MID
355,2,MID
355,3,MID
355,4,MID
355,5,MID
355,6,MID
355,7,MID
355,8,MID
355,9,MID
355,10,MID
355,11,MID
355,12,MID
355,13,MID
355,14,MID
355,15,MID
355,16,MID
355,17,MID
355,18,MID
355,19,MID
355,20,MID
355,21,MID
355,22,MID
355,23,MID
355,24,MID
355,25,MID
355,26,MID
355,27,MID
355,28,MID
355,29,MID
355,30,MID
355,31,MID
355,32,MID
355,33,MID
355,35,MID
355,36,MID
355,37,MID
355,38,MID
356,1,MID
356,2,MID
356,3,MID
356,4,MID
356,5,MID
356,6,MID
356,7,MID
356,8,MID
356,9,MID
356,10,MID
356,11,MID
356,12,MID
356,13,MID
356,14,MID
356,15,MID
356,16,MID
356,17,MID
356,18,MID
356,19,MID
356,20,MID
356,21,MID
356,22,MID
356,23,MID
356,24,MID
356,25,MID
356,26,MID
356,27,MID
356,28,MID
356,29,MID
356,30,MID
356,31,MID
356,32,MID
356,33,MID
356,35,MID
356,36,MID
356,37,MID
356,38,MID
357,1,MID
357,2,MID
357,3,MID
357,4,MID
357,5,MID
357,6,MID
357,7,MID
357,8,MID
357,9,MID
357,10,MID
357,11,MID
357,12,MID
357,13,MID
357,14,MID
357,15,MID
357,16,MID
357,17,MID
357,18,MID
357,19,MID
357,20,MID
357,21,MID
357,22,MID
357,23,MID
357,24,MID
357,25,MID
357,26,MID
357,27,MID
357,28,MID
357,29,MID
357,30,MID
357,31,MID
357,32,MID
357,33,MID
357,35,MID
357,36,MID
357,37,MID
357,38,MID
358,1,MID
358,2,MID
358,3,MID
358,4,MID
358,5,MID
358,6,MID
358,7,MID
358,8,MID
358,9,MID
358,10,MID
358,11,MID
358,12,MID
358,13,MID
358,14,MID
358,15,MID
358,16,MID
358,17,MID
358,18,MID
358,19,MID
358,20,MID
358,21,MID
358,22,MID
358,23,MID
358,24,MID
358,25,MID
358,26,MID
358,27,MID
358,28,MID
358,29,MID
358,30,MID
358,31,MID
358,32,MID
358,33,MID
358,35,MID
358,36,MID
358,37,MID
358,38,MID
359,1,MID
359,2,MID
359,3,MID
359,4,MID
359,5,MID
359,6,MID
359,7,MID
359,8,MID
359,9,MID
359,10,MID
359,11,MID
359,12,MID
359,13,MID
359,14,MID
359,15,MID
359,16,MID
359,17,MID
359,18,MID
359,19,MID
359,20,MID
359,21,MID
359,22,MID
359,23,MID
359,24,MID
359,25,MID
359,26,MID
359,27,MID
359,28,MID
359,29,MID
359,30,MID
359,31,MID
359,32,MID
359,33,MID
359,35,MID
359,36,MID
359,37,MID
359,38,MID
360,1,MID
360,2,MID
360,3,MID
360,4,MID
360,5,MID
360,6,MID
360,7,MID
360,8,MID
360,9,MID
360,10,MID
360,11,MID
360,12,MID
360,13,MID
360,14,MID
360,15,MID
360,16,MID
360,17,MID
360,18,MID
360,19,MID
360,20,MID
360,21,MID
360,22,MID
360,23,MID
360,24,MID
360,25,MID
360,26,MID
360,27,MID
360,28,MID
360,29,MID
360,30,MID
360,31,MID
360,32,MID
360,33,MID
360,35,MID
360,36,MID
360,37,MID
360,38,MID
361,1,MID
361,2,MID
361,3,MID
361,4,MID
361,5,MID
361,6,MID
361,7,MID
361,8,MID
361,9,MID
361,10,MID
361,11,MID
361,12,MID
361,13,MID
361,14,MID
361,15,MID
361,16,MID
361,17,MID
361,18,MID
361,19,MID
361,20,MID
361,21,MID
361,22,MID
361,23,MID
361,24,MID
361,25,MID
361,26,MID
361,27,MID
361,28,MID
361,29,MID
361,30,MID
361,31,MID
361,32,MID
361,33,MID
361,35,MID
361,36,MID
361,37,MID
361,38,MID
362,1,FWD
362,2,FWD
362,3,FWD
362,4,FWD
362,5,FWD
362,6,FWD
362,7,FWD
362,8,FWD
362,9,FWD
362,10,FWD
362,11,FWD
362,12,FWD
362,13,FWD
362,14,FWD
362,15,FWD
362,16,FWD
362,17,FWD
362,18,FWD
362,19,FWD
362,20,FWD
362,21,FWD
362,22,FWD
362,23,FWD
362,24,FWD
362,25,FWD
362,26,FWD
362,27,FWD
362,28,FWD
362,29,FWD
362,30,FWD
362,31,FWD
362,32,FWD
362,33,FWD
362,35,FWD
362,36,FWD
362,37,FWD
362,38,FWD
363,1,FWD
363,2,FWD
363,3,FWD
363,4,FWD
363,5,FWD
363,6,FWD
363,7,FWD
363,8,FWD
363,9,FWD
363,10,FWD
363,11,FWD
363,12,FWD
363,13,FWD
363,14,FWD
363,15,FWD
363,16,FWD
363,17,FWD
363,18,FWD
363,19,FWD
363,20,FWD
363,21,FWD
363,22,FWD
363,23,FWD
363,24,FWD
363,25,FWD
363,26,FWD
363,27,FWD
363,28,FWD
363,29,FWD
363,30,FWD
363,31,FWD
363,32,FWD
363,33,FWD
363,35,FWD
363,36,FWD
363,37,FWD
363,38,FWD
364,1,FWD
364,2,FWD
364,3,FWD
364,4,FWD
364,5,FWD
364,6,FWD
364,7,FWD
364,8,FWD
364,9,FWD
364,10,FWD
364,11,FWD
364,12,FWD
364,13,FWD
364,14,FWD
364,15,FWD
364,16,FWD
364,17,FWD
364,18,FWD
364,19,FWD
364,20,FWD
364,21,FWD
364,22,FWD
364,23,FWD
364,24,FWD
364,25,FWD
364,26,FWD
364,27,FWD
364,28,FWD
364,29,FWD
364,30,FWD
364,31,FWD
364,32,FWD
364,33,FWD
364,35,FWD
364,36,FWD
364,37,FWD
364,38,FWD
365,1,FWD
365,2,FWD
365,3,FWD
365,4,FWD
365,5,FWD
365,6,FWD
365,7,FWD
365,8,FWD
365,9,FWD
365,10,FWD
365,11,FWD
365,12,FWD
365,13,FWD
365,14,FWD
365,15,FWD
365,16,FWD
365,17,FWD
365,18,FWD
365,19,FWD
365,20,FWD
365,21,FWD
365,22,FWD
365,23,FWD
365,24,FWD
365,25,FWD
365,26,FWD
365,27,FWD
365,28,FWD
365,29,FWD
365,30,FWD
365,31,FWD
365,32,FWD
365,33,FWD
365,35,FWD
365,36,FWD
365,37,FWD
365,38,FWD
493,1,MID
493,2,MID
493,3,MID
493,4,MID
493,5,MID
493,6,MID
493,7,MID
493,8,MID
493,9,MID
493,10,MID
493,11,MID
493,12,MID
493,13,MID
493,14,MID
493,15,MID
493,16,MID
493,17,MID
493,18,MID
493,19,MID
493,20,MID
493,21,MID
493,22,MID
493,23,MID
493,24,MID
493,25,MID
493,26,MID
493,27,MID
493,28,MID
493,29,MID
493,30,MID
493,31,MID
493,32,MID
493,33,MID
493,35,MID
493,36,MID
493,37,MID
493,38,MID
660,1,MID
660,2,MID
660,3,MID
660,4,MID
660,5,MID
660,6,MID
660,7,MID
660,8,MID
660,9,MID
660,10,MID
660,11,MID
660,12,MID
660,13,MID
660,14,MID
660,15,MID
660,16,MID
660,17,MID
660,18,MID
660,19,MID
660,20,MID
660,21,MID
660,22,MID
660,23,MID
660,24,MID
660,25,MID
660,26,MID
660,27,MID
660,28,MID
660,29,MID
660,30,MID
660,31,MID
660,32,MID
660,33,MID
660,35,MID
660,36,MID
660,37,MID
660,38,MID
665,1,GK
665,2,GK
665,3,GK
665,4,GK
665,5,GK
665,6,GK
665,7,GK
665,8,GK
665,9,GK
665,10,GK
665,11,GK
665,12,GK
665,13,GK
665,14,GK
665,15,GK
665,16,GK
665,17,GK
665,18,GK
665,19,GK
665,20,GK
665,21,GK
665,22,GK
665,23,GK
665,24,GK
665,25,GK
665,26,GK
665,27,GK
665,28,GK
665,29,GK
665,30,GK
665,31,GK
665,32,GK
665,33,GK
665,35,GK
665,36,GK
665,37,GK
665,38,GK
691,2,FWD
691,3,FWD
691,4,FWD
691,5,FWD
691,6,FWD
691,7,FWD
691,8,FWD
691,9,FWD
691,10,FWD
691,11,FWD
691,12,FWD
691,13,FWD
691,14,FWD
691,15,FWD
691,16,FWD
691,17,FWD
691,18,FWD
691,19,FWD
691,20,FWD
691,21,FWD
691,22,FWD
691,23,FWD
691,24,FWD
691,25,FWD
691,26,FWD
691,27,FWD
691,28,FWD
691,29,FWD
691,30,FWD
691,31,FWD
691,32,FWD
691,33,FWD
691,35,FWD
691,36,FWD
691,37,FWD
691,38,FWD
698,2,MID
698,3,MID
698,4,MID
698,5,MID
698,6,MID
698,7,MID
698,8,MID
698,9,MID
698,10,MID
698,11,MID
698,12,MID
698,13,MID
698,14,MID
698,15,MID
698,16,MID
698,17,MID
698,18,MID
698,19,MID
698,20,MID
698,21,MID
698,22,MID
698,23,MID
698,24,MID
698,25,MID
698,26,MID
698,27,MID
698,28,MID
698,29,MID
698,30,MID
698,31,MID
698,32,MID
698,33,MID
698,35,MID
698,36,MID
698,37,MID
698,38,MID
706,3,DEF
706,4,DEF
706,5,DEF
706,6,DEF
706,7,DEF
706,8,DEF
706,9,DEF
706,10,DEF
706,11,DEF
706,12,DEF
706,13,DEF
706,14,DEF
706,15,DEF
706,16,DEF
706,17,DEF
706,18,DEF
706,19,DEF
706,20,DEF
706,21,DEF
706,22,DEF
706,23,DEF
706,24,DEF
706,25,DEF
706,26,DEF
706,27,DEF
706,28,DEF
706,29,DEF
706,30,DEF
706,31,DEF
706,32,DEF
706,33,DEF
706,35,DEF
706,36,DEF
706,37,DEF
706,38,DEF
741,5,FWD
741,6,FWD
741,7,FWD
741,8,FWD
741,9,FWD
741,10,FWD
741,11,FWD
741,12,FWD
741,13,FWD
741,14,FWD
741,15,FWD
741,16,FWD
741,17,FWD
741,18,FWD
741,19,FWD
741,20,FWD
741,21,FWD
741,22,FWD
741,23,FWD
741,24,FWD
741,25,FWD
741,26,FWD
741,27,FWD
741,28,FWD
741,29,FWD
741,30,FWD
741,31,FWD
741,32,FWD
741,33,FWD
741,35,FWD
741,36,FWD
741,37,FWD
741,38,FWD
787,20,MID
787,21,MID
787,22,MID
787,23,MID
787,24,MID
787,25,MID
787,26,MID
787,27,MID
787,28,MID
787,29,MID
787,30,MID
787,31,MID
787,32,MID
787,33,MID
787,35,MID
787,36,MID
787,37,MID
787,38,MID
837,36,DEF
837,37,DEF
837,38,DEF
838,36,MID
838,37,MID
838,38,MID
839,37,MID
839,38,MID
366,1,GK
366,2,GK
366,3,GK
366,4,GK
366,5,GK
366,6,GK
366,7,GK
366,8,GK
366,9,GK
366,10,GK
366,11,GK
366,12,GK
366,13,GK
366,14,GK
366,15,GK
366,16,GK
366,17,GK
366,18,GK
366,19,GK
366,20,GK
366,21,GK
366,22,GK
366,23,GK
366,24,GK
366,25,GK
366,26,GK
366,27,GK
366,28,GK
366,29,GK
366,30,GK
366,31,GK
366,32,GK
366,33,GK
366,34,GK
366,35,GK
366,36,GK
366,37,GK
366,38,GK
367,1,GK
367,2,GK
367,3,GK
367,4,GK
367,5,GK
367,6,GK
367,7,GK
367,8,GK
367,9,GK
367,10,GK
367,11,GK
367,12,GK
367,13,GK
367,14,GK
367,15,GK
367,16,GK
367,17,GK
367,18,GK
367,19,GK
367,20,GK
367,21,GK
367,22,GK
367,23,GK
367,24,GK
367,25,GK
367,26,GK
367,27,GK
367,28,GK
367,29,GK
367,30,GK
367,31,GK
367,32,GK
367,33,GK
367,34,GK
367,35,GK
367,36,GK
367,37,GK
367,38,GK
368,1,GK
368,2,GK
368,3,GK
368,4,GK
368,5,GK
368,6,GK
368,7,GK
368,8,GK
368,9,GK
368,10,GK
368,11,GK
368,12,GK
368,13,GK
368,14,GK
368,15,GK
368,16,GK
368,17,GK
368,18,GK
368,19,GK
368,20,GK
368,21,GK
368,22,GK
368,23,GK
368,24,GK
368,25,GK
368,26,GK
368,27,GK
368,28,GK
368,29,GK
368,30,GK
368,31,GK
368,32,GK
368,33,GK
368,34,GK
368,35,GK
368,36,GK
368,37,GK
368,38,GK
369,1,GK
369,2,GK
369,3,GK
369,4,GK
369,5,GK
369,6,GK
369,7,GK
369,8,GK
369,9,GK
369,10,GK
369,11,GK
369,12,GK
369,13,GK
369,14,GK
369,15,GK
369,16,GK
369,17,GK
369,18,GK
369,19,GK
369,20,GK
369,21,GK
369,22,GK
369,23,GK
369,24,GK
369,25,GK
369,26,GK
369,27,GK
369,28,GK
369,29,GK
369,30,GK
369,31,GK
369,32,GK
369,33,GK
369,34,GK
369,35,GK
369,36,GK
369,37,GK
369,38,GK
370,1,DEF
370,2,DEF
370,3,DEF
370,4,DEF
370,5,DEF
370,6,DEF
370,7,DEF
370,8,DEF
370,9,DEF
370,10,DEF
370,11,DEF
370,12,DEF
370,13,DEF
370,14,DEF
370,15,DEF
370,16,DEF
370,17,DEF
370,18,DEF
370,19,DEF
370,20,DEF
370,21,DEF
370,22,DEF
370,23,DEF
370,24,DEF
370,25,DEF
370,26,DEF
370,27,DEF
370,28,DEF
370,29,DEF
370,30,DEF
370,31,DEF
370,32,DEF
370,33,DEF
370,34,DEF
370,35,DEF
370,36,DEF
370,37,DEF
370,38,DEF
371,1,DEF
371,2,DEF
371,3,DEF
371,4,DEF
371,5,DEF
371,6,DEF
371,7,DEF
371,8,DEF
371,9,DEF
371,10,DEF
371,11,DEF
371,12,DEF
371,13,DEF
371,14,DEF
371,15,DEF
371,16,DEF
371,17,DEF
371,18,DEF
371,19,DEF
371,20,DEF
371,21,DEF
371,22,DEF
371,23,DEF
371,24,DEF
371,25,DEF
371,26,DEF
371,27,DEF
371,28,DEF
371,29,DEF
371,30,DEF
371,31,DEF
371,32,DEF
371,33,DEF
371,34,DEF
371,35,DEF
371,36,DEF
371,37,DEF
371,38,DEF
372,1,DEF
372,2,DEF
372,3,DEF
372,4,DEF
372,5,DEF
372,6,DEF
372,7,DEF
372,8,DEF
372,9,DEF
372,10,DEF
372,11,DEF
372,12,DEF
372,13,DEF
372,14,DEF
372,15,DEF
372,16,DEF
372,17,DEF
372,18,DEF
372,19,DEF
372,20,DEF
372,21,DEF
372,22,DEF
372,23,DEF
372,24,DEF
372,25,DEF
372,26,DEF
372,27,DEF
372,28,DEF
372,29,DEF
372,30,DEF
372,31,DEF
372,32,DEF
372,33,DEF
372,34,DEF
372,35,DEF
372,36,DEF
372,37,DEF
372,38,DEF
373,1,DEF
373,2,DEF
373,3,DEF
373,4,DEF
373,5,DEF
373,6,DEF
373,7,DEF
373,8,DEF
373,9,DEF
373,10,DEF
373,11,DEF
373,12,DEF
373,13,DEF
373,14,DEF
373,15,DEF
373,16,DEF
373,17,DEF
373,18,DEF
373,19,DEF
373,20,DEF
373,21,DEF
373,22,DEF
373,23,DEF
373,24,DEF
373,25,DEF
373,26,DEF
373,27,DEF
373,28,DEF
373,29,DEF
373,30,DEF
373,31,DEF
373,32,DEF
373,33,DEF
373,34,DEF
373,35,DEF
373,36,DEF
373,37,DEF
373,38,DEF
374,1,DEF
374,2,DEF
374,3,DEF
374,4,DEF
374,5,DEF
374,6,DEF
374,7,DEF
374,8,DEF
374,9,DEF
374,10,DEF
374,11,DEF
374,12,DEF
374,13,DEF
374,14,DEF
374,15,DEF
374,16,DEF
374,17,DEF
374,18,DEF
374,19,DEF
374,20,DEF
374,21,DEF
374,22,DEF
374,23,DEF
374,24,DEF
374,25,DEF
374,26,DEF
374,27,DEF
374,28,DEF
374,29,DEF
374,30,DEF
374,31,DEF
374,32,DEF
374,33,DEF
374,34,DEF
374,35,DEF
374,36,DEF
374,37,DEF
374,38,DEF
375,1,DEF
375,2,DEF
375,3,DEF
375,4,DEF
375,5,DEF
375,6,DEF
375,7,DEF
375,8,DEF
375,9,DEF
375,10,DEF
375,11,DEF
375,12,DEF
375,13,DEF
375,14,DEF
375,15,DEF
375,16,DEF
375,17,DEF
375,18,DEF
375,19,DEF
375,20,DEF
375,21,DEF
375,22,DEF
375,23,DEF
375,24,DEF
375,25,DEF
375,26,DEF
375,27,DEF
375,28,DEF
375,29,DEF
375,30,DEF
375,31,DEF
375,32,DEF
375,33,DEF
375,34,DEF
375,35,DEF
375,36,DEF
375,37,DEF
375,38,DEF
376,1,DEF
376,2,DEF
376,3,DEF
376,4,DEF
376,5,DEF
376,6,DEF
376,7,DEF
376,8,DEF
376,9,DEF
376,10,DEF
376,11,DEF
376,12,DEF
376,13,DEF
376,14,DEF
376,15,DEF
376,16,DEF
376,17,DEF
376,18,DEF
376,19,DEF
376,20,DEF
376,21,DEF
376,22,DEF
376,23,DEF
376,24,DEF
376,25,DEF
376,26,DEF
376,27,DEF
376,28,DEF
376,29,DEF
376,30,DEF
376,31,DEF
376,32,DEF
376,33,DEF
376,34,DEF
376,35,DEF
376,36,DEF
376,37,DEF
376,38,DEF
377,1,DEF
377,2,DEF
377,3,DEF
377,4,DEF
377,5,DEF
377,6,DEF
377,7,DEF
377,8,DEF
377,9,DEF
377,10,DEF
377,11,DEF
377,12,DEF
377,13,DEF
377,14,DEF
377,15,DEF
377,16,DEF
377,17,DEF
377,18,DEF
377,19,DEF
377,20,DEF
377,21,DEF
377,22,DEF
377,23,DEF
377,24,DEF
377,25,DEF
377,26,DEF
377,27,DEF
377,28,DEF
377,29,DEF
377,30,DEF
377,31,DEF
377,32,DEF
377,33,DEF
377,34,DEF
377,35,DEF
377,36,DEF
377,37,DEF
377,38,DEF
378,1,DEF
378,2,DEF
378,3,DEF
378,4,DEF
378,5,DEF
378,6,DEF
378,7,DEF
378,8,DEF
378,9,DEF
378,10,DEF
378,11,DEF
378,12,DEF
378,13,DEF
378,14,DEF
378,15,DEF
378,16,DEF
378,17,DEF
378,18,DEF
378,19,DEF
378,20,DEF
378,21,DEF
378,22,DEF
378,23,DEF
378,24,DEF
378,25,DEF
378,26,DEF
378,27,DEF
378,28,DEF
378,29,DEF
378,30,DEF
378,31,DEF
378,32,DEF
378,33,DEF
378,34,DEF
378,35,DEF
378,36,DEF
378,37,DEF
378,38,DEF
379,1,DEF
379,2,DEF
379,3,DEF
379,4,DEF
379,5,DEF
379,6,DEF
379,7,DEF
379,8,DEF
379,9,DEF
379,10,DEF
379,11,DEF
379,12,DEF
379,13,DEF
379,14,DEF
379,15,DEF
379,16,DEF
379,17,DEF
379,18,DEF
379,19,DEF
379,20,DEF
379,21,DEF
379,22,DEF
379,23,DEF
379,24,DEF
379,25,DEF
379,26,DEF
379,27,DEF
379,28,DEF
379,29,DEF
379,30,DEF
379,31,DEF
379,32,DEF
379,33,DEF
379,34,DEF
379,35,DEF
379,36,DEF
379,37,DEF
379,38,DEF
380,1,DEF
380,2,DEF
380,3,DEF
380,4,DEF
380,5,DEF
380,6,DEF
380,7,DEF
380,8,DEF
380,9,DEF
380,10,DEF
380,11,DEF
380,12,DEF
380,13,DEF
380,14,DEF
380,15,DEF
380,16,DEF
380,17,DEF
380,18,DEF
380,19,DEF
380,20,DEF
380,21,DEF
380,22,DEF
380,23,DEF
380,24,DEF
380,25,DEF
380,26,DEF
380,27,DEF
380,28,DEF
380,29,DEF
380,30,DEF
380,31,DEF
380,32,DEF
380,33,DEF
380,34,DEF
380,35,DEF
380,36,DEF
380,37,DEF
380,38,DEF
381,1,MID
381,2,MID
381,3,MID
381,4,MID
381,5,MID
381,6,MID
381,7,MID
381,8,MID
381,9,MID
381,10,MID
381,11,MID
381,12,MID
381,13,MID
381,14,MID
381,15,MID
381,16,MID
381,17,MID
381,18,MID
381,19,MID
381,20,MID
381,21,MID
381,22,MID
381,23,MID
381,24,MID
381,25,MID
381,26,MID
381,27,MID
381,28,MID
381,29,MID
381,30,MID
381,31,MID
381,32,MID
381,33,MID
381,34,MID
381,35,MID
381,36,MID
381,37,MID
381,38,MID
382,1,MID
382,2,MID
382,3,MID
382,4,MID
382,5,MID
382,6,MID
382,7,MID
382,8,MID
382,9,MID
382,10,MID
382,11,MID
382,12,MID
382,13,MID
382,14,MID
382,15,MID
382,16,MID
382,17,MID
382,18,MID
382,19,MID
382,20,MID
382,21,MID
382,22,MID
382,23,MID
382,24,MID
382,25,MID
382,26,MID
382,27,MID
382,28,MID
382,29,MID
382,30,MID
382,31,MID
382,32,MID
382,33,MID
382,34,MID
382,35,MID
382,36,MID
382,37,MID
382,38,MID
383,1,MID
383,2,MID
383,3,MID
383,4,MID
383,5,MID
383,6,MID
383,7,MID
383,8,MID
383,9,MID
383,10,MID
383,11,MID
383,12,MID
383,13,MID
383,14,MID
383,15,MID
383,16,MID
383,17,MID
383,18,MID
383,19,MID
383,20,MID
383,21,MID
383,22,MID
383,23,MID
383,24,MID
383,25,MID
383,26,MID
383,27,MID
383,28,MID
383,29,MID
383,30,MID
383,31,MID
383,32,MID
383,33,MID
383,34,MID
383,35,MID
383,36,MID
383,37,MID
383,38,MID
384,1,MID
384,2,MID
384,3,MID
384,4,MID
384,5,MID
384,6,MID
384,7,MID
384,8,MID
384,9,MID
384,10,MID
384,11,MID
384,12,MID
384,13,MID
384,14,MID
384,15,MID
384,16,MID
384,17,MID
384,18,MID
384,19,MID
384,20,MID
384,21,MID
384,22,MID
384,23,MID
384,24,MID
384,25,MID
384,26,MID
384,27,MID
384,28,MID
384,29,MID
384,30,MID
384,31,MID
384,32,MID
384,33,MID
384,34,MID
384,35,MID
384,36,MID
384,37,MID
384,38,MID
385,1,MID
385,2,MID
385,3,MID
385,4,MID
385,5,MID
385,6,MID
385,7,MID
385,8,MID
385,9,MID
385,10,MID
385,11,MID
385,12,MID
385,13,MID
385,14,MID
385,15,MID
385,16,MID
385,17,MID
385,18,MID
385,19,MID
385,20,MID
385,21,MID
385,22,MID
385,23,MID
385,24,MID
385,25,MID
385,26,MID
385,27,MID
385,28,MID
385,29,MID
385,30,MID
385,31,MID
385,32,MID
385,33,MID
385,34,MID
385,35,MID
385,36,MID
385,37,MID
385,38,MID
386,1,MID
386,2,MID
386,3,MID
386,4,MID
386,5,MID
386,6,MID
386,7,MID
386,8,MID
386,9,MID
386,10,MID
386,11,MID
386,12,MID
386,13,MID
386,14,MID
386,15,MID
386,16,MID
386,17,MID
386,18,MID
386,19,MID
386,20,MID
386,21,MID
386,22,MID
386,23,MID
386,24,MID
386,25,MID
386,26,MID
386,27,MID
386,28,MID
386,29,MID
386,30,MID
386,31,MID
386,32,MID
386,33,MID
386,34,MID
386,35,MID
386,36,MID
386,37,MID
386,38,MID
387,1,MID
387,2,MID
387,3,MID
387,4,MID
387,5,MID
387,6,MID
387,7,MID
387,8,MID
387,9,MID
387,10,MID
387,11,MID
387,12,MID
387,13,MID
387,14,MID
387,15,MID
387,16,MID
387,17,MID
387,18,MID
387,19,MID
387,20,MID
387,21,MID
387,22,MID
387,23,MID
387,24,MID
387,25,MID
387,26,MID
387,27,MID
387,28,MID
387,29,MID
387,30,MID
387,31,MID
387,32,MID
387,33,MID
387,34,MID
387,35,MID
387,36,MID
387,37,MID
387,38,MID
388,1,MID
388,2,MID
388,3,MID
388,4,MID
388,5,MID
388,6,MID
388,7,MID
388,8,MID
388,9,MID
388,10,MID
388,11,MID
388,12,MID
388,13,MID
388,14,MID
388,15,MID
388,16,MID
388,17,MID
388,18,MID
388,19,MID
388,20,MID
388,21,MID
388,22,MID
388,23,MID
388,24,MID
388,25,MID
388,26,MID
388,27,MID
388,28,MID
388,29,MID
388,30,MID
388,31,MID
388,32,MID
388,33,MID
388,34,MID
388,35,MID
388,36,MID
388,37,MID
388,38,MID
390,1,MID
390,2,MID
390,3,MID
390,4,MID
390,5,MID
390,6,MID
390,7,MID
390,8,MID
390,9,MID
390,10,MID
390,11,MID
390,12,MID
390,13,MID
390,14,MID
390,15,MID
390,16,MID
390,17,MID
390,18,MID
390,19,MID
390,20,MID
390,21,MID
390,22,MID
390,23,MID
390,24,MID
390,25,MID
390,26,MID
390,27,MID
390,28,MID
390,29,MID
390,30,MID
390,31,MID
390,32,MID
390,33,MID
390,34,MID
390,35,MID
390,36,MID
390,37,MID
390,38,MID
392,1,MID
392,2,MID
392,3,MID
392,4,MID
392,5,MID
392,6,MID
392,7,MID
392,8,MID
392,9,MID
392,10,MID
392,11,MID
392,12,MID
392,13,MID
392,14,MID
392,15,MID
392,16,MID
392,17,MID
392,18,MID
392,19,MID
392,20,MID
392,21,MID
392,22,MID
392,23,MID
392,24,MID
392,25,MID
392,26,MID
392,27,MID
392,28,MID
392,29,MID
392,30,MID
392,31,MID
392,32,MID
392,33,MID
392,34,MID
392,35,MID
392,36,MID
392,37,MID
392,38,MID
393,1,MID
393,2,MID
393,3,MID
393,4,MID
393,5,MID
393,6,MID
393,7,MID
393,8,MID
393,9,MID
393,10,MID
393,11,MID
393,12,MID
393,13,MID
393,14,MID
393,15,MID
393,16,MID
393,17,MID
393,18,MID
393,19,MID
393,20,MID
393,21,MID
393,22,MID
393,23,MID
393,24,MID
393,25,MID
393,26,MID
393,27,MID
393,28,MID
393,29,MID
393,30,MID
393,31,MID
393,32,MID
393,33,MID
393,34,MID
393,35,MID
393,36,MID
393,37,MID
393,38,MID
394,1,MID
394,2,MID
394,3,MID
394,4,MID
394,5,MID
394,6,MID
394,7,MID
394,8,MID
394,9,MID
394,10,MID
394,11,MID
394,12,MID
394,13,MID
394,14,MID
394,15,MID
394,16,MID
394,17,MID
394,18,MID
394,19,MID
394,20,MID
394,21,MID
394,22,MID
394,23,MID
394,24,MID
394,25,MID
394,26,MID
394,27,MID
394,28,MID
394,29,MID
394,30,MID
394,31,MID
394,32,MID
394,33,MID
394,34,MID
394,35,MID
394,36,MID
394,37,MID
394,38,MID
395,1,MID
395,2,MID
395,3,MID
395,4,MID
395,5,MID
395,6,MID
395,7,MID
395,8,MID
395,9,MID
395,10,MID
395,11,MID
395,12,MID
395,13,MID
395,14,MID
395,15,MID
395,16,MID
395,17,MID
395,18,MID
395,19,MID
395,20,MID
395,21,MID
395,22,MID
395,23,MID
395,24,MID
395,25,MID
395,26,MID
395,27,MID
395,28,MID
395,29,MID
395,30,MID
395,31,MID
395,32,MID
395,33,MID
395,34,MID
395,35,MID
395,36,MID
395,37,MID
395,38,MID
396,1,MID
396,2,MID
396,3,MID
396,4,MID
396,5,MID
396,6,MID
396,7,MID
396,8,MID
396,9,MID
396,10,MID
396,11,MID
396,12,MID
396,13,MID
396,14,MID
396,15,MID
396,16,MID
396,17,MID
396,18,MID
396,19,MID
396,20,MID
396,21,MID
396,22,MID
396,23,MID
396,24,MID
396,25,MID
396,26,MID
396,27,MID
396,28,MID
396,29,MID
396,30,MID
396,31,MID
396,32,MID
396,33,MID
396,34,MID
396,35,MID
396,36,MID
396,37,MID
396,38,MID
397,1,FWD
397,2,FWD
397,3,FWD
397,4,FWD
397,5,FWD
397,6,FWD
397,7,FWD
397,8,FWD
397,9,FWD
397,10,FWD
397,11,FWD
397,12,FWD
397,13,FWD
397,14,FWD
397,15,FWD
397,16,FWD
397,17,FWD
397,18,FWD
397,19,FWD
397,20,FWD
397,21,FWD
397,22,FWD
397,23,FWD
397,24,FWD
397,25,FWD
397,26,FWD
397,27,FWD
397,28,FWD
397,29,FWD
397,30,FWD
397,31,FWD
397,32,FWD
397,33,FWD
397,34,FWD
397,35,FWD
397,36,FWD
397,37,FWD
397,38,FWD
398,1,FWD
398,2,FWD
398,3,FWD
398,4,FWD
398,5,FWD
398,6,FWD
398,7,FWD
398,8,FWD
398,9,FWD
398,10,FWD
398,11,FWD
398,12,FWD
398,13,FWD
398,14,FWD
398,15,FWD
398,16,FWD
398,17,FWD
398,18,FWD
398,19,FWD
398,20,FWD
398,21,FWD
398,22,FWD
398,23,FWD
398,24,FWD
398,25,FWD
398,26,FWD
398,27,FWD
398,28,FWD
398,29,FWD
398,30,FWD
398,31,FWD
398,32,FWD
398,33,FWD
398,34,FWD
398,35,FWD
398,36,FWD
398,37,FWD
398,38,FWD
499,1,FWD
499,2,FWD
499,3,FWD
499,4,FWD
499,5,FWD
499,6,FWD
499,7,FWD
499,8,FWD
499,9,FWD
499,10,FWD
499,11,FWD
499,12,FWD
499,13,FWD
499,14,FWD
499,15,FWD
499,16,FWD
499,17,FWD
499,18,FWD
499,19,FWD
499,20,FWD
499,21,FWD
499,22,FWD
499,23,FWD
499,24,FWD
499,25,FWD
499,26,FWD
499,27,FWD
499,28,FWD
499,29,FWD
499,30,FWD
499,31,FWD
499,32,FWD
499,33,FWD
499,34,FWD
499,35,FWD
499,36,FWD
499,37,FWD
499,38,FWD
661,1,FWD
661,2,FWD
661,3,FWD
661,4,FWD
661,5,FWD
661,6,FWD
661,7,FWD
661,8,FWD
661,9,FWD
661,10,FWD
661,11,FWD
661,12,FWD
661,13,FWD
661,14,FWD
661,15,FWD
661,16,FWD
661,17,FWD
661,18,FWD
661,19,FWD
661,20,FWD
661,21,FWD
661,22,FWD
661,23,FWD
661,24,FWD
661,25,FWD
661,26,FWD
661,27,FWD
661,28,FWD
661,29,FWD
661,30,FWD
661,31,FWD
661,32,FWD
661,33,FWD
661,34,FWD
661,35,FWD
661,36,FWD
661,37,FWD
661,38,FWD
686,1,MID
686,2,MID
686,3,MID
686,4,MID
686,5,MID
686,6,MID
686,7,MID
686,8,MID
686,9,MID
686,10,MID
686,11,MID
686,12,MID
686,13,MID
686,14,MID
686,15,MID
686,16,MID
686,17,MID
686,18,MID
686,19,MID
686,20,MID
686,21,MID
686,22,MID
686,23,MID
686,24,MID
686,25,MID
686,26,MID
686,27,MID
686,28,MID
686,29,MID
686,30,MID
686,31,MID
686,32,MID
686,33,MID
686,34,MID
686,35,MID
686,36,MID
686,37,MID
686,38,MID
692,2,DEF
692,3,DEF
692,4,DEF
692,5,DEF
692,6,DEF
692,7,DEF
692,8,DEF
692,9,DEF
692,10,DEF
692,11,DEF
692,12,DEF
692,13,DEF
692,14,DEF
692,15,DEF
692,16,DEF
692,17,DEF
692,18,DEF
692,19,DEF
692,20,DEF
692,21,DEF
692,22,DEF
692,23,DEF
692,24,DEF
692,25,DEF
692,26,DEF
692,27,DEF
692,28,DEF
692,29,DEF
692,30,DEF
692,31,DEF
692,32,DEF
692,33,DEF
692,34,DEF
692,35,DEF
692,36,DEF
692,37,DEF
692,38,DEF
746,9,MID
746,10,MID
746,11,MID
746,12,MID
746,13,MID
746,14,MID
746,15,MID
746,16,MID
746,17,MID
746,18,MID
746,19,MID
746,20,MID
746,21,MID
746,22,MID
746,23,MID
746,24,MID
746,25,MID
746,26,MID
746,27,MID
746,28,MID
746,29,MID
746,30,MID
746,31,MID
746,32,MID
746,33,MID
746,34,MID
746,35,MID
746,36,MID
746,37,MID
746,38,MID
760,16,DEF
760,17,DEF
760,18,DEF
760,19,DEF
760,20,DEF
760,21,DEF
760,22,DEF
760,23,DEF
760,24,DEF
760,25,DEF
760,26,DEF
760,27,DEF
760,28,DEF
760,29,DEF
760,30,DEF
760,31,DEF
760,32,DEF
760,33,DEF
760,34,DEF
760,35,DEF
760,36,DEF
760,37,DEF
760,38,DEF
830,34,FWD
830,35,FWD
830,36,FWD
830,37,FWD
830,38,FWD
832,35,DEF
832,36,DEF
832,37,DEF
832,38,DEF
82,1,MID
82,2,MID
82,3,MID
82,4,MID
82,5,MID
82,6,MID
82,7,MID
82,8,MID
82,9,MID
82,10,MID
82,11,MID
82,12,MID
82,13,MID
82,14,MID
82,15,MID
82,16,MID
82,17,MID
82,18,MID
82,19,MID
82,20,MID
82,21,MID
82,22,MID
82,23,MID
82,24,MID
82,25,MID
82,26,MID
82,27,MID
82,28,MID
82,29,MID
82,30,MID
82,32,MID
82,33,MID
82,35,MID
82,36,MID
82,37,MID
82,38,MID
182,1,GK
182,2,GK
182,3,GK
182,4,GK
182,5,GK
182,6,GK
182,7,GK
182,8,GK
182,9,GK
182,10,GK
182,11,GK
182,12,GK
182,13,GK
182,14,GK
182,15,GK
182,16,GK
182,17,GK
182,18,GK
182,19,GK
182,20,GK
182,21,GK
182,22,GK
182,23,GK
182,24,GK
182,25,GK
182,26,GK
182,27,GK
182,28,GK
182,29,GK
182,30,GK
182,32,GK
182,33,GK
182,35,GK
182,36,GK
182,37,GK
182,38,GK
260,1,DEF
260,2,DEF
260,3,DEF
260,4,DEF
260,5,DEF
260,6,DEF
260,7,DEF
260,8,DEF
260,9,DEF
260,10,DEF
260,11,DEF
260,12,DEF
260,13,DEF
260,14,DEF
260,15,DEF
260,16,DEF
260,17,DEF
260,18,DEF
260,19,DEF
260,20,DEF
260,21,DEF
260,22,DEF
260,23,DEF
260,24,DEF
260,25,DEF
260,26,DEF
260,27,DEF
260,28,DEF
260,29,DEF
260,30,DEF
260,32,DEF
260,33,DEF
260,35,DEF
260,36,DEF
260,37,DEF
260,38,DEF
399,1,GK
399,2,GK
399,3,GK
399,4,GK
399,5,GK
399,6,GK
399,7,GK
399,8,GK
399,9,GK
399,10,GK
399,11,GK
399,12,GK
399,13,GK
399,14,GK
399,15,GK
399,16,GK
399,17,GK
399,18,GK
399,19,GK
399,20,GK
399,21,GK
399,22,GK
399,23,GK
399,24,GK
399,25,GK
399,26,GK
399,27,GK
399,28,GK
399,29,GK
399,30,GK
399,32,GK
399,33,GK
399,35,GK
399,36,GK
399,37,GK
399,38,GK
401,1,GK
401,2,GK
401,3,GK
401,4,GK
401,5,GK
401,6,GK
401,7,GK
401,8,GK
401,9,GK
401,10,GK
401,11,GK
401,12,GK
401,13,GK
401,14,GK
401,15,GK
401,16,GK
401,17,GK
401,18,GK
401,19,GK
401,20,GK
401,21,GK
401,22,GK
401,23,GK
401,24,GK
401,25,GK
401,26,GK
401,27,GK
401,28,GK
401,29,GK
401,30,GK
401,32,GK
401,33,GK
401,35,GK
401,36,GK
401,37,GK
401,38,GK
402,1,DEF
402,2,DEF
402,3,DEF
402,4,DEF
402,5,DEF
402,6,DEF
402,7,DEF
402,8,DEF
402,9,DEF
402,10,DEF
402,11,DEF
402,12,DEF
402,13,DEF
402,14,DEF
402,15,DEF
402,16,DEF
402,17,DEF
402,18,DEF
402,19,DEF
402,20,DEF
402,21,DEF
402,22,DEF
402,23,DEF
402,24,DEF
402,25,DEF
402,26,DEF
402,27,DEF
402,28,DEF
402,29,DEF
402,30,DEF
402,32,DEF
402,33,DEF
402,35,DEF
402,36,DEF
402,37,DEF
402,38,DEF
403,1,DEF
403,2,DEF
403,3,DEF
403,4,DEF
403,5,DEF
403,6,DEF
403,7,DEF
403,8,DEF
403,9,DEF
403,10,DEF
403,11,DEF
403,12,DEF
403,13,DEF
403,14,DEF
403,15,DEF
403,16,DEF
403,17,DEF
403,18,DEF
403,19,DEF
403,20,DEF
403,21,DEF
403,22,DEF
403,23,DEF
403,24,DEF
403,25,DEF
403,26,DEF
403,27,DEF
403,28,DEF
403,29,DEF
403,30,DEF
403,32,DEF
403,33,DEF
403,35,DEF
403,36,DEF
403,37,DEF
403,38,DEF
404,1,DEF
404,2,DEF
404,3,DEF
404,4,DEF
404,5,DEF
404,6,DEF
404,7,DEF
404,8,DEF
404,9,DEF
404,10,DEF
404,11,DEF
404,12,DEF
404,13,DEF
404,14,DEF
404,15,DEF
404,16,DEF
404,17,DEF
404,18,DEF
404,19,DEF
404,20,DEF
404,21,DEF
404,22,DEF
404,23,DEF
404,24,DEF
404,25,DEF
404,26,DEF
404,27,DEF
404,28,DEF
404,29,DEF
404,30,DEF
404,32,DEF
404,33,DEF
404,35,DEF
404,36,DEF
404,37,DEF
404,38,DEF
405,1,DEF
405,2,DEF
405,3,DEF
405,4,DEF
405,5,DEF
405,6,DEF
405,7,DEF
405,8,DEF
405,9,DEF
405,10,DEF
405,11,DEF
405,12,DEF
405,13,DEF
405,14,DEF
405,15,DEF
405,16,DEF
405,17,DEF
405,18,DEF
405,19,DEF
405,20,DEF
405,21,DEF
405,22,DEF
405,23,DEF
405,24,DEF
405,25,DEF
405,26,DEF
405,27,DEF
405,28,DEF
405,29,DEF
405,30,DEF
405,32,DEF
405,33,DEF
405,35,DEF
405,36,DEF
405,37,DEF
405,38,DEF
406,1,DEF
406,2,DEF
406,3,DEF
406,4,DEF
406,5,DEF
406,6,DEF
406,7,DEF
406,8,DEF
406,9,DEF
406,10,DEF
406,11,DEF
406,12,DEF
406,13,DEF
406,14,DEF
406,15,DEF
406,16,DEF
406,17,DEF
406,18,DEF
406,19,DEF
406,20,DEF
406,21,DEF
406,22,DEF
406,23,DEF
406,24,DEF
406,25,DEF
406,26,DEF
406,27,DEF
406,28,DEF
406,29,DEF
406,30,DEF
406,32,DEF
406,33,DEF
406,35,DEF
406,36,DEF
406,37,DEF
406,38,DEF
407,1,DEF
407,2,DEF
407,3,DEF
407,4,DEF
407,5,DEF
407,6,DEF
407,7,DEF
407,8,DEF
407,9,DEF
407,10,DEF
407,11,DEF
407,12,DEF
407,13,DEF
407,14,DEF
407,15,DEF
407,16,DEF
407,17,DEF
407,18,DEF
407,19,DEF
407,20,DEF
407,21,DEF
407,22,DEF
407,23,DEF
407,24,DEF
407,25,DEF
407,26,DEF
407,27,DEF
407,28,DEF
407,29,DEF
407,30,DEF
407,32,DEF
407,33,DEF
407,35,DEF
407,36,DEF
407,37,DEF
407,38,DEF
408,1,DEF
408,2,DEF
408,3,DEF
408,4,DEF
408,5,DEF
408,6,DEF
408,7,DEF
408,8,DEF
408,9,DEF
408,10,DEF
408,11,DEF
408,12,DEF
408,13,DEF
408,14,DEF
408,15,DEF
408,16,DEF
408,17,DEF
408,18,DEF
408,19,DEF
408,20,DEF
408,21,DEF
408,22,DEF
408,23,DEF
408,24,DEF
408,25,DEF
408,26,DEF
408,27,DEF
408,28,DEF
408,29,DEF
408,30,DEF
408,32,DEF
408,33,DEF
408,35,DEF
408,36,DEF
408,37,DEF
408,38,DEF
409,1,DEF
409,2,DEF
409,3,DEF
409,4,DEF
409,5,DEF
409,6,DEF
409,7,DEF
409,8,DEF
409,9,DEF
409,10,DEF
409,11,DEF
409,12,DEF
409,13,DEF
409,14,DEF
409,15,DEF
409,16,DEF
409,17,DEF
409,18,DEF
409,19,DEF
409,20,DEF
409,21,DEF
409,22,DEF
409,23,DEF
409,24,DEF
409,25,DEF
409,26,DEF
409,27,DEF
409,28,DEF
409,29,DEF
409,30,DEF
409,32,DEF
409,33,DEF
409,35,DEF
409,36,DEF
409,37,DEF
409,38,DEF
410,1,DEF
410,2,DEF
410,3,DEF
410,4,DEF
410,5,DEF
410,6,DEF
410,7,DEF
410,8,DEF
410,9,DEF
410,10,DEF
410,11,DEF
410,12,DEF
410,13,DEF
410,14,DEF
410,15,DEF
410,16,DEF
410,17,DEF
410,18,DEF
410,19,DEF
410,20,DEF
410,21,DEF
410,22,DEF
410,23,DEF
410,24,DEF
410,25,DEF
410,26,DEF
410,27,DEF
410,28,DEF
410,29,DEF
410,30,DEF
410,32,DEF
410,33,DEF
410,35,DEF
410,36,DEF
410,37,DEF
410,38,DEF
411,1,DEF
411,2,DEF
411,3,DEF
411,4,DEF
411,5,DEF
411,6,DEF
411,7,DEF
411,8,DEF
411,9,DEF
411,10,DEF
411,11,DEF
411,12,DEF
411,13,DEF
411,14,DEF
411,15,DEF
411,16,DEF
411,17,DEF
411,18,DEF
411,19,DEF
411,20,DEF
411,21,DEF
411,22,DEF
411,23,DEF
411,24,DEF
411,25,DEF
411,26,DEF
411,27,DEF
411,28,DEF
411,29,DEF
411,30,DEF
411,32,DEF
411,33,DEF
411,35,DEF
411,36,DEF
411,37,DEF
411,38,DEF
412,1,DEF
412,2,DEF
412,3,DEF
412,4,DEF
412,5,DEF
412,6,DEF
412,7,DEF
412,8,DEF
412,9,DEF
412,10,DEF
412,11,DEF
412,12,DEF
412,13,DEF
412,14,DEF
412,15,DEF
412,16,DEF
412,17,DEF
412,18,DEF
412,19,DEF
412,20,DEF
412,21,DEF
412,22,DEF
412,23,DEF
412,24,DEF
412,25,DEF
412,26,DEF
412,27,DEF
412,28,DEF
412,29,DEF
412,30,DEF
412,32,DEF
412,33,DEF
412,35,DEF
412,36,DEF
412,37,DEF
412,38,DEF
413,1,MID
413,2,MID
413,3,MID
413,4,MID
413,5,MID
413,6,MID
413,7,MID
413,8,MID
413,9,MID
413,10,MID
413,11,MID
413,12,MID
413,13,MID
413,14,MID
413,15,MID
413,16,MID
413,17,MID
413,18,MID
413,19,MID
413,20,MID
413,21,MID
413,22,MID
413,23,MID
413,24,MID
413,25,MID
413,26,MID
413,27,MID
413,28,MID
413,29,MID
413,30,MID
413,32,MID
413,33,MID
413,35,MID
413,36,MID
413,37,MID
413,38,MID
414,1,MID
414,2,MID
414,3,MID
414,4,MID
414,5,MID
414,6,MID
414,7,MID
414,8,MID
414,9,MID
414,10,MID
414,11,MID
414,12,MID
414,13,MID
414,14,MID
414,15,MID
414,16,MID
414,17,MID
414,18,MID
414,19,MID
414,20,MID
414,21,MID
414,22,MID
414,23,MID
414,24,MID
414,25,MID
414,26,MID
414,27,MID
414,28,MID
414,29,MID
414,30,MID
414,32,MID
414,33,MID
414,35,MID
414,36,MID
414,37,MID
414,38,MID
415,1,MID
415,2,MID
415,3,MID
415,4,MID
415,5,MID
415,6,MID
415,7,MID
415,8,MID
415,9,MID
415,10,MID
415,11,MID
415,12,MID
415,13,MID
415,14,MID
415,15,MID
415,16,MID
415,17,MID
415,18,MID
415,19,MID
415,20,MID
415,21,MID
415,22,MID
415,23,MID
415,24,MID
415,25,MID
415,26,MID
415,27,MID
415,28,MID
415,29,MID
415,30,MID
415,32,MID
415,33,MID
415,35,MID
415,36,MID
415,37,MID
415,38,MID
416,1,MID
416,2,MID
416,3,MID
416,4,MID
416,5,MID
416,6,MID
416,7,MID
416,8,MID
416,9,MID
416,10,MID
416,11,MID
416,12,MID
416,13,MID
416,14,MID
416,15,MID
416,16,MID
416,17,MID
416,18,MID
416,19,MID
416,20,MID
416,21,MID
416,22,MID
416,23,MID
416,24,MID
416,25,MID
416,26,MID
416,27,MID
416,28,MID
416,29,MID
416,30,MID
416,32,MID
416,33,MID
416,35,MID
416,36,MID
416,37,MID
416,38,MID
417,1,MID
417,2,MID
417,3,MID
417,4,MID
417,5,MID
417,6,MID
417,7,MID
417,8,MID
417,9,MID
417,10,MID
417,11,MID
417,12,MID
417,13,MID
417,14,MID
417,15,MID
417,16,MID
417,17,MID
417,18,MID
417,19,MID
417,20,MID
417,21,MID
417,22,MID
417,23,MID
417,24,MID
417,25,MID
417,26,MID
417,27,MID
417,28,MID
417,29,MID
417,30,MID
417,32,MID
417,33,MID
417,35,MID
417,36,MID
417,37,MID
417,38,MID
418,1,MID
418,2,MID
418,3,MID
418,4,MID
418,5,MID
418,6,MID
418,7,MID
418,8,MID
418,9,MID
418,10,MID
418,11,MID
418,12,MID
418,13,MID
418,14,MID
418,15,MID
418,16,MID
418,17,MID
418,18,MID
418,19,MID
418,20,MID
418,21,MID
418,22,MID
418,23,MID
418,24,MID
418,25,MID
418,26,MID
418,27,MID
418,28,MID
418,29,MID
418,30,MID
418,32,MID
418,33,MID
418,35,MID
418,36,MID
418,37,MID
418,38,MID
420,1,MID
420,2,MID
420,3,MID
420,4,MID
420,5,MID
420,6,MID
420,7,MID
420,8,MID
420,9,MID
420,10,MID
420,11,MID
420,12,MID
420,13,MID
420,14,MID
420,15,MID
420,16,MID
420,17,MID
420,18,MID
420,19,MID
420,20,MID
420,21,MID
420,22,MID
420,23,MID
420,24,MID
420,25,MID
420,26,MID
420,27,MID
420,28,MID
420,29,MID
420,30,MID
420,32,MID
420,33,MID
420,35,MID
420,36,MID
420,37,MID
420,38,MID
421,1,MID
421,2,MID
421,3,MID
421,4,MID
421,5,MID
421,6,MID
421,7,MID
421,8,MID
421,9,MID
421,10,MID
421,11,MID
421,12,MID
421,13,MID
421,14,MID
421,15,MID
421,16,MID
421,17,MID
421,18,MID
421,19,MID
421,20,MID
421,21,MID
421,22,MID
421,23,MID
421,24,MID
421,25,MID
421,26,MID
421,27,MID
421,28,MID
421,29,MID
421,30,MID
421,32,MID
421,33,MID
421,35,MID
421,36,MID
421,37,MID
421,38,MID
422,1,MID
422,2,MID
422,3,MID
422,4,MID
422,5,MID
422,6,MID
422,7,MID
422,8,MID
422,9,MID
422,10,MID
422,11,MID
422,12,MID
422,13,MID
422,14,MID
422,15,MID
422,16,MID
422,17,MID
422,18,MID
422,19,MID
422,20,MID
422,21,MID
422,22,MID
422,23,MID
422,24,MID
422,25,MID
422,26,MID
422,27,MID
422,28,MID
422,29,MID
422,30,MID
422,32,MID
422,33,MID
422,35,MID
422,36,MID
422,37,MID
422,38,MID
423,1,MID
423,2,MID
423,3,MID
423,4,MID
423,5,MID
423,6,MID
423,7,MID
423,8,MID
423,9,MID
423,10,MID
423,11,MID
423,12,MID
423,13,MID
423,14,MID
423,15,MID
423,16,MID
423,17,MID
423,18,MID
423,19,MID
423,20,MID
423,21,MID
423,22,MID
423,23,MID
423,24,MID
423,25,MID
423,26,MID
423,27,MID
423,28,MID
423,29,MID
423,30,MID
423,32,MID
423,33,MID
423,35,MID
423,36,MID
423,37,MID
423,38,MID
425,1,MID
425,2,MID
425,3,MID
425,4,MID
425,5,MID
425,6,MID
425,7,MID
425,8,MID
425,9,MID
425,10,MID
425,11,MID
425,12,MID
425,13,MID
425,14,MID
425,15,MID
425,16,MID
425,17,MID
425,18,MID
425,19,MID
425,20,MID
425,21,MID
425,22,MID
425,23,MID
425,24,MID
425,25,MID
425,26,MID
425,27,MID
425,28,MID
425,29,MID
425,30,MID
425,32,MID
425,33,MID
425,35,MID
425,36,MID
425,37,MID
425,38,MID
427,1,MID
427,2,MID
427,3,MID
427,4,MID
427,5,MID
427,6,MID
427,7,MID
427,8,MID
427,9,MID
427,10,MID
427,11,MID
427,12,MID
427,13,MID
427,14,MID
427,15,MID
427,16,MID
427,17,MID
427,18,MID
427,19,MID
427,20,MID
427,21,MID
427,22,MID
427,23,MID
427,24,MID
427,25,MID
427,26,MID
427,27,MID
427,28,MID
427,29,MID
427,30,MID
427,32,MID
427,33,MID
427,35,MID
427,36,MID
427,37,MID
427,38,MID
428,1,MID
428,2,MID
428,3,MID
428,4,MID
428,5,MID
428,6,MID
428,7,MID
428,8,MID
428,9,MID
428,10,MID
428,11,MID
428,12,MID
428,13,MID
428,14,MID
428,15,MID
428,16,MID
428,17,MID
428,18,MID
428,19,MID
428,20,MID
428,21,MID
428,22,MID
428,23,MID
428,24,MID
428,25,MID
428,26,MID
428,27,MID
428,28,MID
428,29,MID
428,30,MID
428,32,MID
428,33,MID
428,35,MID
428,36,MID
428,37,MID
428,38,MID
429,1,MID
429,2,MID
429,3,MID
429,4,MID
429,5,MID
429,6,MID
429,7,MID
429,8,MID
429,9,MID
429,10,MID
429,11,MID
429,12,MID
429,13,MID
429,14,MID
429,15,MID
429,16,MID
429,17,MID
429,18,MID
429,19,MID
429,20,MID
429,21,MID
429,22,MID
429,23,MID
429,24,MID
429,25,MID
429,26,MID
429,27,MID
429,28,MID
429,29,MID
429,30,MID
429,32,MID
429,33,MID
429,35,MID
429,36,MID
429,37,MID
429,38,MID
430,1,FWD
430,2,FWD
430,3,FWD
430,4,FWD
430,5,FWD
430,6,FWD
430,7,FWD
430,8,FWD
430,9,FWD
430,10,FWD
430,11,FWD
430,12,FWD
430,13,FWD
430,14,FWD
430,15,FWD
430,16,FWD
430,17,FWD
430,18,FWD
430,19,FWD
430,20,FWD
430,21,FWD
430,22,FWD
430,23,FWD
430,24,FWD
430,25,FWD
430,26,FWD
430,27,FWD
430,28,FWD
430,29,FWD
430,30,FWD
430,32,FWD
430,33,FWD
430,35,FWD
430,36,FWD
430,37,FWD
430,38,FWD
736,4,GK
736,5,GK
736,6,GK
736,7,GK
736,8,GK
736,9,GK
736,10,GK
736,11,GK
736,12,GK
736,13,GK
736,14,GK
736,15,GK
736,16,GK
736,17,GK
736,18,GK
736,19,GK
736,20,GK
736,21,GK
736,22,GK
736,23,GK
736,24,GK
736,25,GK
736,26,GK
736,27,GK
736,28,GK
736,29,GK
736,30,GK
736,32,GK
736,33,GK
736,35,GK
736,36,GK
736,37,GK
736,38,GK
739,4,MID
739,5,MID
739,6,MID
739,7,MID
739,8,MID
739,9,MID
739,10,MID
739,11,MID
739,12,MID
739,13,MID
739,14,MID
739,15,MID
739,16,MID
739,17,MID
739,18,MID
739,19,MID
739,20,MID
739,21,MID
739,22,MID
739,23,MID
739,24,MID
739,25,MID
739,26,MID
739,27,MID
739,28,MID
739,29,MID
739,30,MID
739,32,MID
739,33,MID
739,35,MID
739,36,MID
739,37,MID
739,38,MID
740,4,DEF
740,5,DEF
740,6,DEF
740,7,DEF
740,8,DEF
740,9,DEF
740,10,DEF
740,11,DEF
740,12,DEF
740,13,DEF
740,14,DEF
740,15,DEF
740,16,DEF
740,17,DEF
740,18,DEF
740,19,DEF
740,20,DEF
740,21,DEF
740,22,DEF
740,23,DEF
740,24,DEF
740,25,DEF
740,26,DEF
740,27,DEF
740,28,DEF
740,29,DEF
740,30,DEF
740,32,DEF
740,33,DEF
740,35,DEF
740,36,DEF
740,37,DEF
740,38,DEF
742,6,MID
742,7,MID
742,8,MID
742,9,MID
742,10,MID
742,11,MID
742,12,MID
742,13,MID
742,14,MID
742,15,MID
742,16,MID
742,17,MID
742,18,MID
742,19,MID
742,20,MID
742,21,MID
742,22,MID
742,23,MID
742,24,MID
742,25,MID
742,26,MID
742,27,MID
742,28,MID
742,29,MID
742,30,MID
742,32,MID
742,33,MID
742,35,MID
742,36,MID
742,37,MID
742,38,MID
763,17,MID
763,18,MID
763,19,MID
763,20,MID
763,21,MID
763,22,MID
763,23,MID
763,24,MID
763,25,MID
763,26,MID
763,27,MID
763,28,MID
763,29,MID
763,30,MID
763,32,MID
763,33,MID
763,35,MID
763,36,MID
763,37,MID
763,38,MID
764,17,MID
764,18,MID
764,19,MID
764,20,MID
764,21,MID
764,22,MID
764,23,MID
764,24,MID
764,25,MID
764,26,MID
764,27,MID
764,28,MID
764,29,MID
764,30,MID
764,32,MID
764,33,MID
764,35,MID
764,36,MID
764,37,MID
764,38,MID
794,21,DEF
794,22,DEF
794,23,DEF
794,24,DEF
794,25,DEF
794,26,DEF
794,27,DEF
794,28,DEF
794,29,DEF
794,30,DEF
794,32,DEF
794,33,DEF
794,35,DEF
794,36,DEF
794,37,DEF
794,38,DEF
119,1,MID
119,2,MID
119,3,MID
119,4,MID
119,5,MID
119,6,MID
119,7,MID
119,8,MID
119,9,MID
119,10,MID
119,11,MID
119,12,MID
119,13,MID
119,14,MID
119,15,MID
119,16,MID
119,17,MID
119,18,MID
119,19,MID
119,20,MID
119,21,MID
119,22,MID
119,23,MID
119,24,MID
119,25,MID
119,26,MID
119,27,MID
119,28,MID
119,29,MID
119,30,MID
119,31,MID
119,32,MID
119,33,MID
119,34,MID
119,35,MID
119,36,MID
119,37,MID
119,38,MID
431,1,GK
431,2,GK
431,3,GK
431,4,GK
431,5,GK
431,6,GK
431,7,GK
431,8,GK
431,9,GK
431,10,GK
431,11,GK
431,12,GK
431,13,GK
431,14,GK
431,15,GK
431,16,GK
431,17,GK
431,18,GK
431,19,GK
431,20,GK
431,21,GK
431,22,GK
431,23,GK
431,24,GK
431,25,GK
431,26,GK
431,27,GK
431,28,GK
431,29,GK
431,30,GK
431,31,GK
431,32,GK
431,33,GK
431,34,GK
431,35,GK
431,36,GK
431,37,GK
431,38,GK
432,1,GK
432,2,GK
432,3,GK
432,4,GK
432,5,GK
432,6,GK
432,7,GK
432,8,GK
432,9,GK
432,10,GK
432,11,GK
432,12,GK
432,13,GK
432,14,GK
432,15,GK
432,16,GK
432,17,GK
432,18,GK
432,19,GK
432,20,GK
432,21,GK
432,22,GK
432,23,GK
432,24,GK
432,25,GK
432,26,GK
432,27,GK
432,28,GK
432,29,GK
432,30,GK
432,31,GK
432,32,GK
432,33,GK
432,34,GK
432,35,GK
432,36,GK
432,37,GK
432,38,GK
433,1,GK
433,2,GK
433,3,GK
433,4,GK
433,5,GK
433,6,GK
433,7,GK
433,8,GK
433,9,GK
433,10,GK
433,11,GK
433,12,GK
433,13,GK
433,14,GK
433,15,GK
433,16,GK
433,17,GK
433,18,GK
433,19,GK
433,20,GK
433,21,GK
433,22,GK
433,23,GK
433,24,GK
433,25,GK
433,26,GK
433,27,GK
433,28,GK
433,29,GK
433,30,GK
433,31,GK
433,32,GK
433,33,GK
433,34,GK
433,35,GK
433,36,GK
433,37,GK
433,38,GK
434,1,GK
434,2,GK
434,3,GK
434,4,GK
434,5,GK
434,6,GK
434,7,GK
434,8,GK
434,9,GK
434,10,GK
434,11,GK
434,12,GK
434,13,GK
434,14,GK
434,15,GK
434,16,GK
434,17,GK
434,18,GK
434,19,GK
434,20,GK
434,21,GK
434,22,GK
434,23,GK
434,24,GK
434,25,GK
434,26,GK
434,27,GK
434,28,GK
434,29,GK
434,30,GK
434,31,GK
434,32,GK
434,33,GK
434,34,GK
434,35,GK
434,36,GK
434,37,GK
434,38,GK
435,1,GK
435,2,GK
435,3,GK
435,4,GK
435,5,GK
435,6,GK
435,7,GK
435,8,GK
435,9,GK
435,10,GK
435,11,GK
435,12,GK
435,13,GK
435,14,GK
435,15,GK
435,16,GK
435,17,GK
435,18,GK
435,19,GK
435,20,GK
435,21,GK
435,22,GK
435,23,GK
435,24,GK
435,25,GK
435,26,GK
435,27,GK
435,28,GK
435,29,GK
435,30,GK
435,31,GK
435,32,GK
435,33,GK
435,34,GK
435,35,GK
435,36,GK
435,37,GK
435,38,GK
436,1,DEF
436,2,DEF
436,3,DEF
436,4,DEF
436,5,DEF
436,6,DEF
436,7,DEF
436,8,DEF
436,9,DEF
436,10,DEF
436,11,DEF
436,12,DEF
436,13,DEF
436,14,DEF
436,15,DEF
436,16,DEF
436,17,DEF
436,18,DEF
436,19,DEF
436,20,DEF
436,21,DEF
436,22,DEF
436,23,DEF
436,24,DEF
436,25,DEF
436,26,DEF
436,27,DEF
436,28,DEF
436,29,DEF
436,30,DEF
436,31,DEF
436,32,DEF
436,33,DEF
436,34,DEF
436,35,DEF
436,36,DEF
436,37,DEF
436,38,DEF
437,1,DEF
437,2,DEF
437,3,DEF
437,4,DEF
437,5,DEF
437,6,DEF
437,7,DEF
437,8,DEF
437,9,DEF
437,10,DEF
437,11,DEF
437,12,DEF
437,13,DEF
437,14,DEF
437,15,DEF
437,16,DEF
437,17,DEF
437,18,DEF
437,19,DEF
437,20,DEF
437,21,DEF
437,22,DEF
437,23,DEF
437,24,DEF
437,25,DEF
437,26,DEF
437,27,DEF
437,28,DEF
437,29,DEF
437,30,DEF
437,31,DEF
437,32,DEF
437,33,DEF
437,34,DEF
437,35,DEF
437,36,DEF
437,37,DEF
437,38,DEF
438,1,DEF
438,2,DEF
438,3,DEF
438,4,DEF
438,5,DEF
438,6,DEF
438,7,DEF
438,8,DEF
438,9,DEF
438,10,DEF
438,11,DEF
438,12,DEF
438,13,DEF
438,14,DEF
438,15,DEF
438,16,DEF
438,17,DEF
438,18,DEF
438,19,DEF
438,20,DEF
438,21,DEF
438,22,DEF
438,23,DEF
438,24,DEF
438,25,DEF
438,26,DEF
438,27,DEF
438,28,DEF
438,29,DEF
438,30,DEF
438,31,DEF
438,32,DEF
438,33,DEF
438,34,DEF
438,35,DEF
438,36,DEF
438,37,DEF
438,38,DEF
439,1,DEF
439,2,DEF
439,3,DEF
439,4,DEF
439,5,DEF
439,6,DEF
439,7,DEF
439,8,DEF
439,9,DEF
439,10,DEF
439,11,DEF
439,12,DEF
439,13,DEF
439,14,DEF
439,15,DEF
439,16,DEF
439,17,DEF
439,18,DEF
439,19,DEF
439,20,DEF
439,21,DEF
439,22,DEF
439,23,DEF
439,24,DEF
439,25,DEF
439,26,DEF
439,27,DEF
439,28,DEF
439,29,DEF
439,30,DEF
439,31,DEF
439,32,DEF
439,33,DEF
439,34,DEF
439,35,DEF
439,36,DEF
439,37,DEF
439,38,DEF
440,1,DEF
440,2,DEF
440,3,DEF
440,4,DEF
440,5,DEF
440,6,DEF
440,7,DEF
440,8,DEF
440,9,DEF
440,10,DEF
440,11,DEF
440,12,DEF
440,13,DEF
440,14,DEF
440,15,DEF
440,16,DEF
440,17,DEF
440,18,DEF
440,19,DEF
440,20,DEF
440,21,DEF
440,22,DEF
440,23,DEF
440,24,DEF
440,25,DEF
440,26,DEF
440,27,DEF
440,28,DEF
440,29,DEF
440,30,DEF
440,31,DEF
440,32,DEF
440,33,DEF
440,34,DEF
440,35,DEF
440,36,DEF
440,37,DEF
440,38,DEF
441,1,DEF
441,2,DEF
441,3,DEF
441,4,DEF
441,5,DEF
441,6,DEF
441,7,DEF
441,8,DEF
441,9,DEF
441,10,DEF
441,11,DEF
441,12,DEF
441,13,DEF
441,14,DEF
441,15,DEF
441,16,DEF
441,17,DEF
441,18,DEF
441,19,DEF
441,20,DEF
441,21,DEF
441,22,DEF
441,23,DEF
441,24,DEF
441,25,DEF
441,26,DEF
441,27,DEF
441,28,DEF
441,29,DEF
441,30,DEF
441,31,DEF
441,32,DEF
441,33,DEF
441,34,DEF
441,35,DEF
441,36,DEF
441,37,DEF
441,38,DEF
442,1,DEF
442,2,DEF
442,3,DEF
442,4,DEF
442,5,DEF
442,6,DEF
442,7,DEF
442,8,DEF
442,9,DEF
442,10,DEF
442,11,DEF
442,12,DEF
442,13,DEF
442,14,DEF
442,15,DEF
442,16,DEF
442,17,DEF
442,18,DEF
442,19,DEF
442,20,DEF
442,21,DEF
442,22,DEF
442,23,DEF
442,24,DEF
442,25,DEF
442,26,DEF
442,27,DEF
442,28,DEF
442,29,DEF
442,30,DEF
442,31,DEF
442,32,DEF
442,33,DEF
442,34,DEF
442,35,DEF
442,36,DEF
442,37,DEF
442,38,DEF
443,1,DEF
443,2,DEF
443,3,DEF
443,4,DEF
443,5,DEF
443,6,DEF
443,7,DEF
443,8,DEF
443,9,DEF
443,10,DEF
443,11,DEF
443,12,DEF
443,13,DEF
443,14,DEF
443,15,DEF
443,16,DEF
443,17,DEF
443,18,DEF
443,19,DEF
443,20,DEF
443,21,DEF
443,22,DEF
443,23,DEF
443,24,DEF
443,25,DEF
443,26,DEF
443,27,DEF
443,28,DEF
443,29,DEF
443,30,DEF
443,31,DEF
443,32,DEF
443,33,DEF
443,34,DEF
443,35,DEF
443,36,DEF
443,37,DEF
443,38,DEF
444,1,DEF
444,2,DEF
444,3,DEF
444,4,DEF
444,5,DEF
444,6,DEF
444,7,DEF
444,8,DEF
444,9,DEF
444,10,DEF
444,11,DEF
444,12,DEF
444,13,DEF
444,14,DEF
444,15,DEF
444,16,DEF
444,17,DEF
444,18,DEF
444,19,DEF
444,20,DEF
444,21,DEF
444,22,DEF
444,23,DEF
444,24,DEF
444,25,DEF
444,26,DEF
444,27,DEF
444,28,DEF
444,29,DEF
444,30,DEF
444,31,DEF
444,32,DEF
444,33,DEF
444,34,DEF
444,35,DEF
444,36,DEF
444,37,DEF
444,38,DEF
445,1,DEF
445,2,DEF
445,3,DEF
445,4,DEF
445,5,DEF
445,6,DEF
445,7,DEF
445,8,DEF
445,9,DEF
445,10,DEF
445,11,DEF
445,12,DEF
445,13,DEF
445,14,DEF
445,15,DEF
445,16,DEF
445,17,DEF
445,18,DEF
445,19,DEF
445,20,DEF
445,21,DEF
445,22,DEF
445,23,DEF
445,24,DEF
445,25,DEF
445,26,DEF
445,27,DEF
445,28,DEF
445,29,DEF
445,30,DEF
445,31,DEF
445,32,DEF
445,33,DEF
445,34,DEF
445,35,DEF
445,36,DEF
445,37,DEF
445,38,DEF
446,1,DEF
446,2,DEF
446,3,DEF
446,4,DEF
446,5,DEF
446,6,DEF
446,7,DEF
446,8,DEF
446,9,DEF
446,10,DEF
446,11,DEF
446,12,DEF
446,13,DEF
446,14,DEF
446,15,DEF
446,16,DEF
446,17,DEF
446,18,DEF
446,19,DEF
446,20,DEF
446,21,DEF
446,22,DEF
446,23,DEF
446,24,DEF
446,25,DEF
446,26,DEF
446,27,DEF
446,28,DEF
446,29,DEF
446,30,DEF
446,31,DEF
446,32,DEF
446,33,DEF
446,34,DEF
446,35,DEF
446,36,DEF
446,37,DEF
446,38,DEF
447,1,DEF
447,2,DEF
447,3,DEF
447,4,DEF
447,5,DEF
447,6,DEF
447,7,DEF
447,8,DEF
447,9,DEF
447,10,DEF
447,11,DEF
447,12,DEF
447,13,DEF
447,14,DEF
447,15,DEF
447,16,DEF
447,17,DEF
447,18,DEF
447,19,DEF
447,20,DEF
447,21,DEF
447,22,DEF
447,23,DEF
447,24,DEF
447,25,DEF
447,26,DEF
447,27,DEF
447,28,DEF
447,29,DEF
447,30,DEF
447,31,DEF
447,32,DEF
447,33,DEF
447,34,DEF
447,35,DEF
447,36,DEF
447,37,DEF
447,38,DEF
448,1,DEF
448,2,DEF
448,3,DEF
448,4,DEF
448,5,DEF
448,6,DEF
448,7,DEF
448,8,DEF
448,9,DEF
448,10,DEF
448,11,DEF
448,12,DEF
448,13,DEF
448,14,DEF
448,15,DEF
448,16,DEF
448,17,DEF
448,18,DEF
448,19,DEF
448,20,DEF
448,21,DEF
448,22,DEF
448,23,DEF
448,24,DEF
448,25,DEF
448,26,DEF
448,27,DEF
448,28,DEF
448,29,DEF
448,30,DEF
448,31,DEF
448,32,DEF
448,33,DEF
448,34,DEF
448,35,DEF
448,36,DEF
448,37,DEF
448,38,DEF
449,1,MID
449,2,MID
449,3,MID
449,4,MID
449,5,MID
449,6,MID
449,7,MID
449,8,MID
449,9,MID
449,10,MID
449,11,MID
449,12,MID
449,13,MID
449,14,MID
449,15,MID
449,16,MID
449,17,MID
449,18,MID
449,19,MID
449,20,MID
449,21,MID
449,22,MID
449,23,MID
449,24,MID
449,25,MID
449,26,MID
449,27,MID
449,28,MID
449,29,MID
449,30,MID
449,31,MID
449,32,MID
449,33,MID
449,34,MID
449,35,MID
449,36,MID
449,37,MID
449,38,MID
450,1,MID
450,2,MID
450,3,MID
450,4,MID
450,5,MID
450,6,MID
450,7,MID
450,8,MID
450,9,MID
450,10,MID
450,11,MID
450,12,MID
450,13,MID
450,14,MID
450,15,MID
450,16,MID
450,17,MID
450,18,MID
450,19,MID
450,20,MID
450,21,MID
450,22,MID
450,23,MID
450,24,MID
450,25,MID
450,26,MID
450,27,MID
450,28,MID
450,29,MID
450,30,MID
450,31,MID
450,32,MID
450,33,MID
450,34,MID
450,35,MID
450,36,MID
450,37,MID
450,38,MID
451,1,MID
451,2,MID
451,3,MID
451,4,MID
451,5,MID
451,6,MID
451,7,MID
451,8,MID
451,9,MID
451,10,MID
451,11,MID
451,12,MID
451,13,MID
451,14,MID
451,15,MID
451,16,MID
451,17,MID
451,18,MID
451,19,MID
451,20,MID
451,21,MID
451,22,MID
451,23,MID
451,24,MID
451,25,MID
451,26,MID
451,27,MID
451,28,MID
451,29,MID
451,30,MID
451,31,MID
451,32,MID
451,33,MID
451,34,MID
451,35,MID
451,36,MID
451,37,MID
451,38,MID
452,1,MID
452,2,MID
452,3,MID
452,4,MID
452,5,MID
452,6,MID
452,7,MID
452,8,MID
452,9,MID
452,10,MID
452,11,MID
452,12,MID
452,13,MID
452,14,MID
452,15,MID
452,16,MID
452,17,MID
452,18,MID
452,19,MID
452,20,MID
452,21,MID
452,22,MID
452,23,MID
452,24,MID
452,25,MID
452,26,MID
452,27,MID
452,28,MID
452,29,MID
452,30,MID
452,31,MID
452,32,MID
452,33,MID
452,34,MID
452,35,MID
452,36,MID
452,37,MID
452,38,MID
454,1,MID
454,2,MID
454,3,MID
454,4,MID
454,5,MID
454,6,MID
454,7,MID
454,8,MID
454,9,MID
454,10,MID
454,11,MID
454,12,MID
454,13,MID
454,14,MID
454,15,MID
454,16,MID
454,17,MID
454,18,MID
454,19,MID
454,20,MID
454,21,MID
454,22,MID
454,23,MID
454,24,MID
454,25,MID
454,26,MID
454,27,MID
454,28,MID
454,29,MID
454,30,MID
454,31,MID
454,32,MID
454,33,MID
454,34,MID
454,35,MID
454,36,MID
454,37,MID
454,38,MID
455,1,MID
455,2,MID
455,3,MID
455,4,MID
455,5,MID
455,6,MID
455,7,MID
455,8,MID
455,9,MID
455,10,MID
455,11,MID
455,12,MID
455,13,MID
455,14,MID
455,15,MID
455,16,MID
455,17,MID
455,18,MID
455,19,MID
455,20,MID
455,21,MID
455,22,MID
455,23,MID
455,24,MID
455,25,MID
455,26,MID
455,27,MID
455,28,MID
455,29,MID
455,30,MID
455,31,MID
455,32,MID
455,33,MID
455,34,MID
455,35,MID
455,36,MID
455,37,MID
455,38,MID
457,1,MID
457,2,MID
457,3,MID
457,4,MID
457,5,MID
457,6,MID
457,7,MID
457,8,MID
457,9,MID
457,10,MID
457,11,MID
457,12,MID
457,13,MID
457,14,MID
457,15,MID
457,16,MID
457,17,MID
457,18,MID
457,19,MID
457,20,MID
457,21,MID
457,22,MID
457,23,MID
457,24,MID
457,25,MID
457,26,MID
457,27,MID
457,28,MID
457,29,MID
457,30,MID
457,31,MID
457,32,MID
457,33,MID
457,34,MID
457,35,MID
457,36,MID
457,37,MID
457,38,MID
458,1,MID
458,2,MID
458,3,MID
458,4,MID
458,5,MID
458,6,MID
458,7,MID
458,8,MID
458,9,MID
458,10,MID
458,11,MID
458,12,MID
458,13,MID
458,14,MID
458,15,MID
458,16,MID
458,17,MID
458,18,MID
458,19,MID
458,20,MID
458,21,MID
458,22,MID
458,23,MID
458,24,MID
458,25,MID
458,26,MID
458,27,MID
458,28,MID
458,29,MID
458,30,MID
458,31,MID
458,32,MID
458,33,MID
458,34,MID
458,35,MID
458,36,MID
458,37,MID
458,38,MID
459,1,MID
459,2,MID
459,3,MID
459,4,MID
459,5,MID
459,6,MID
459,7,MID
459,8,MID
459,9,MID
459,10,MID
459,11,MID
459,12,MID
459,13,MID
459,14,MID
459,15,MID
459,16,MID
459,17,MID
459,18,MID
459,19,MID
459,20,MID
459,21,MID
459,22,MID
459,23,MID
459,24,MID
459,25,MID
459,26,MID
459,27,MID
459,28,MID
459,29,MID
459,30,MID
459,31,MID
459,32,MID
459,33,MID
459,34,MID
459,35,MID
459,36,MID
459,37,MID
459,38,MID
460,1,MID
460,2,MID
460,3,MID
460,4,MID
460,5,MID
460,6,MID
460,7,MID
460,8,MID
460,9,MID
460,10,MID
460,11,MID
460,12,MID
460,13,MID
460,14,MID
460,15,MID
460,16,MID
460,17,MID
460,18,MID
460,19,MID
460,20,MID
460,21,MID
460,22,MID
460,23,MID
460,24,MID
460,25,MID
460,26,MID
460,27,MID
460,28,MID
460,29,MID
460,30,MID
460,31,MID
460,32,MID
460,33,MID
460,34,MID
460,35,MID
460,36,MID
460,37,MID
460,38,MID
461,1,MID
461,2,MID
461,3,MID
461,4,MID
461,5,MID
461,6,MID
461,7,MID
461,8,MID
461,9,MID
461,10,MID
461,11,MID
461,12,MID
461,13,MID
461,14,MID
461,15,MID
461,16,MID
461,17,MID
461,18,MID
461,19,MID
461,20,MID
461,21,MID
461,22,MID
461,23,MID
461,24,MID
461,25,MID
461,26,MID
461,27,MID
461,28,MID
461,29,MID
461,30,MID
461,31,MID
461,32,MID
461,33,MID
461,34,MID
461,35,MID
461,36,MID
461,37,MID
461,38,MID
462,1,MID
462,2,MID
462,3,MID
462,4,MID
462,5,MID
462,6,MID
462,7,MID
462,8,MID
462,9,MID
462,10,MID
462,11,MID
462,12,MID
462,13,MID
462,14,MID
462,15,MID
462,16,MID
462,17,MID
462,18,MID
462,19,MID
462,20,MID
462,21,MID
462,22,MID
462,23,MID
462,24,MID
462,25,MID
462,26,MID
462,27,MID
462,28,MID
462,29,MID
462,30,MID
462,31,MID
462,32,MID
462,33,MID
462,34,MID
462,35,MID
462,36,MID
462,37,MID
462,38,MID
463,1,MID
463,2,MID
463,3,MID
463,4,MID
463,5,MID
463,6,MID
463,7,MID
463,8,MID
463,9,MID
463,10,MID
463,11,MID
463,12,MID
463,13,MID
463,14,MID
463,15,MID
463,16,MID
463,17,MID
463,18,MID
463,19,MID
463,20,MID
463,21,MID
463,22,MID
463,23,MID
463,24,MID
463,25,MID
463,26,MID
463,27,MID
463,28,MID
463,29,MID
463,30,MID
463,31,MID
463,32,MID
463,33,MID
463,34,MID
463,35,MID
463,36,MID
463,37,MID
463,38,MID
464,1,MID
464,2,MID
464,3,MID
464,4,MID
464,5,MID
464,6,MID
464,7,MID
464,8,MID
464,9,MID
464,10,MID
464,11,MID
464,12,MID
464,13,MID
464,14,MID
464,15,MID
464,16,MID
464,17,MID
464,18,MID
464,19,MID
464,20,MID
464,21,MID
464,22,MID
464,23,MID
464,24,MID
464,25,MID
464,26,MID
464,27,MID
464,28,MID
464,29,MID
464,30,MID
464,31,MID
464,32,MID
464,33,MID
464,34,MID
464,35,MID
464,36,MID
464,37,MID
464,38,MID
465,1,FWD
465,2,FWD
465,3,FWD
465,4,FWD
465,5,FWD
465,6,FWD
465,7,FWD
465,8,FWD
465,9,FWD
465,10,FWD
465,11,FWD
465,12,FWD
465,13,FWD
465,14,FWD
465,15,FWD
465,16,FWD
465,17,FWD
465,18,FWD
465,19,FWD
465,20,FWD
465,21,FWD
465,22,FWD
465,23,FWD
465,24,FWD
465,25,FWD
465,26,FWD
465,27,FWD
465,28,FWD
465,29,FWD
465,30,FWD
465,31,FWD
465,32,FWD
465,33,FWD
465,34,FWD
465,35,FWD
465,36,FWD
465,37,FWD
465,38,FWD
466,1,FWD
466,2,FWD
466,3,FWD
466,4,FWD
466,5,FWD
466,6,FWD
466,7,FWD
466,8,FWD
466,9,FWD
466,10,FWD
466,11,FWD
466,12,FWD
466,13,FWD
466,14,FWD
466,15,FWD
466,16,FWD
466,17,FWD
466,18,FWD
466,19,FWD
466,20,FWD
466,21,FWD
466,22,FWD
466,23,FWD
466,24,FWD
466,25,FWD
466,26,FWD
466,27,FWD
466,28,FWD
466,29,FWD
466,30,FWD
466,31,FWD
466,32,FWD
466,33,FWD
466,34,FWD
466,35,FWD
466,36,FWD
466,37,FWD
466,38,FWD
467,1,FWD
467,2,FWD
467,3,FWD
467,4,FWD
467,5,FWD
467,6,FWD
467,7,FWD
467,8,FWD
467,9,FWD
467,10,FWD
467,11,FWD
467,12,FWD
467,13,FWD
467,14,FWD
467,15,FWD
467,16,FWD
467,17,FWD
467,18,FWD
467,19,FWD
467,20,FWD
467,21,FWD
467,22,FWD
467,23,FWD
467,24,FWD
467,25,FWD
467,26,FWD
467,27,FWD
467,28,FWD
467,29,FWD
467,30,FWD
467,31,FWD
467,32,FWD
467,33,FWD
467,34,FWD
467,35,FWD
467,36,FWD
467,37,FWD
467,38,FWD
468,1,FWD
468,2,FWD
468,3,FWD
468,4,FWD
468,5,FWD
468,6,FWD
468,7,FWD
468,8,FWD
468,9,FWD
468,10,FWD
468,11,FWD
468,12,FWD
468,13,FWD
468,14,FWD
468,15,FWD
468,16,FWD
468,17,FWD
468,18,FWD
468,19,FWD
468,20,FWD
468,21,FWD
468,22,FWD
468,23,FWD
468,24,FWD
468,25,FWD
468,26,FWD
468,27,FWD
468,28,FWD
468,29,FWD
468,30,FWD
468,31,FWD
468,32,FWD
468,33,FWD
468,34,FWD
468,35,FWD
468,36,FWD
468,37,FWD
468,38,FWD
681,1,FWD
681,2,FWD
681,3,FWD
681,4,FWD
681,5,FWD
681,6,FWD
681,7,FWD
681,8,FWD
681,9,FWD
681,10,FWD
681,11,FWD
681,12,FWD
681,13,FWD
681,14,FWD
681,15,FWD
681,16,FWD
681,17,FWD
681,18,FWD
681,19,FWD
681,20,FWD
681,21,FWD
681,22,FWD
681,23,FWD
681,24,FWD
681,25,FWD
681,26,FWD
681,27,FWD
681,28,FWD
681,29,FWD
681,30,FWD
681,31,FWD
681,32,FWD
681,33,FWD
681,34,FWD
681,35,FWD
681,36,FWD
681,37,FWD
681,38,FWD
733,4,GK
733,5,GK
733,6,GK
733,7,GK
733,8,GK
733,9,GK
733,10,GK
733,11,GK
733,12,GK
733,13,GK
733,14,GK
733,15,GK
733,16,GK
733,17,GK
733,18,GK
733,19,GK
733,20,GK
733,21,GK
733,22,GK
733,23,GK
733,24,GK
733,25,GK
733,26,GK
733,27,GK
733,28,GK
733,29,GK
733,30,GK
733,31,GK
733,32,GK
733,33,GK
733,34,GK
733,35,GK
733,36,GK
733,37,GK
733,38,GK
755,12,MID
755,13,MID
755,14,MID
755,15,MID
755,16,MID
755,17,MID
755,18,MID
755,19,MID
755,20,MID
755,21,MID
755,22,MID
755,23,MID
755,24,MID
755,25,MID
755,26,MID
755,27,MID
755,28,MID
755,29,MID
755,30,MID
755,31,MID
755,32,MID
755,33,MID
755,34,MID
755,35,MID
755,36,MID
755,37,MID
755,38,MID
769,17,MID
769,18,MID
769,19,MID
769,20,MID
769,21,MID
769,22,MID
769,23,MID
769,24,MID
769,25,MID
769,26,MID
769,27,MID
769,28,MID
769,29,MID
769,30,MID
769,31,MID
769,32,MID
769,33,MID
769,34,MID
769,35,MID
769,36,MID
769,37,MID
769,38,MID
771,18,MID
771,19,MID
771,20,MID
771,21,MID
771,22,MID
771,23,MID
771,24,MID
771,25,MID
771,26,MID
771,27,MID
771,28,MID
771,29,MID
771,30,MID
771,31,MID
771,32,MID
771,33,MID
771,34,MID
771,35,MID
771,36,MID
771,37,MID
771,38,MID
788,20,DEF
788,21,DEF
788,22,DEF
788,23,DEF
788,24,DEF
788,25,DEF
788,26,DEF
788,27,DEF
788,28,DEF
788,29,DEF
788,30,DEF
788,31,DEF
788,32,DEF
788,33,DEF
788,34,DEF
788,35,DEF
788,36,DEF
788,37,DEF
788,38,DEF
827,33,MID
827,34,MID
827,35,MID
827,36,MID
827,37,MID
827,38,MID
52,1,MID
52,2,MID
52,3,MID
52,4,MID
52,5,MID
52,6,MID
52,7,MID
52,8,MID
52,9,MID
52,10,MID
52,11,MID
52,12,MID
52,13,MID
52,14,MID
52,15,MID
52,16,MID
52,17,MID
52,18,MID
52,19,MID
52,20,MID
52,21,MID
52,22,MID
52,23,MID
52,24,MID
52,25,MID
52,26,MID
52,27,MID
52,28,MID
52,29,MID
52,30,MID
52,31,MID
52,32,MID
52,33,MID
52,34,MID
52,35,MID
52,36,MID
52,37,MID
52,38,MID
135,1,FWD
135,2,FWD
135,3,FWD
135,4,FWD
135,5,FWD
135,6,FWD
135,7,FWD
135,8,FWD
135,9,FWD
135,10,FWD
135,11,FWD
135,12,FWD
135,13,FWD
135,14,FWD
135,15,FWD
135,16,FWD
135,17,FWD
135,18,FWD
135,19,FWD
135,20,FWD
135,21,FWD
135,22,FWD
135,23,FWD
135,24,FWD
135,25,FWD
135,26,FWD
135,27,FWD
135,28,FWD
135,29,FWD
135,30,FWD
135,31,FWD
135,32,FWD
135,33,FWD
135,34,FWD
135,35,FWD
135,36,FWD
135,37,FWD
135,38,FWD
469,1,GK
469,2,GK
469,3,GK
469,4,GK
469,5,GK
469,6,GK
469,7,GK
469,8,GK
469,9,GK
469,10,GK
469,11,GK
469,12,GK
469,13,GK
469,14,GK
469,15,GK
469,16,GK
469,17,GK
469,18,GK
469,19,GK
469,20,GK
469,21,GK
469,22,GK
469,23,GK
469,24,GK
469,25,GK
469,26,GK
469,27,GK
469,28,GK
469,29,GK
469,30,GK
469,31,GK
469,32,GK
469,33,GK
469,34,GK
469,35,GK
469,36,GK
469,37,GK
469,38,GK
471,1,GK
471,2,GK
471,3,GK
471,4,GK
471,5,GK
471,6,GK
471,7,GK
471,8,GK
471,9,GK
471,10,GK
471,11,GK
471,12,GK
471,13,GK
471,14,GK
471,15,GK
471,16,GK
471,17,GK
471,18,GK
471,19,GK
471,20,GK
471,21,GK
471,22,GK
471,23,GK
471,24,GK
471,25,GK
471,26,GK
471,27,GK
471,28,GK
471,29,GK
471,30,GK
471,31,GK
471,32,GK
471,33,GK
471,34,GK
471,35,GK
471,36,GK
471,37,GK
471,38,GK
472,1,GK
472,2,GK
472,3,GK
472,4,GK
472,5,GK
472,6,GK
472,7,GK
472,8,GK
472,9,GK
472,10,GK
472,11,GK
472,12,GK
472,13,GK
472,14,GK
472,15,GK
472,16,GK
472,17,GK
472,18,GK
472,19,GK
472,20,GK
472,21,GK
472,22,GK
472,23,GK
472,24,GK
472,25,GK
472,26,GK
472,27,GK
472,28,GK
472,29,GK
472,30,GK
472,31,GK
472,32,GK
472,33,GK
472,34,GK
472,35,GK
472,36,GK
472,37,GK
472,38,GK
473,1,DEF
473,2,DEF
473,3,DEF
473,4,DEF
473,5,DEF
473,6,DEF
473,7,DEF
473,8,DEF
473,9,DEF
473,10,DEF
473,11,DEF
473,12,DEF
473,13,DEF
473,14,DEF
473,15,DEF
473,16,DEF
473,17,DEF
473,18,DEF
473,19,DEF
473,20,DEF
473,21,DEF
473,22,DEF
473,23,DEF
473,24,DEF
473,25,DEF
473,26,DEF
473,27,DEF
473,28,DEF
473,29,DEF
473,30,DEF
473,31,DEF
473,32,DEF
473,33,DEF
473,34,DEF
473,35,DEF
473,36,DEF
473,37,DEF
473,38,DEF
474,1,DEF
474,2,DEF
474,3,DEF
474,4,DEF
474,5,DEF
474,6,DEF
474,7,DEF
474,8,DEF
474,9,DEF
474,10,DEF
474,11,DEF
474,12,DEF
474,13,DEF
474,14,DEF
474,15,DEF
474,16,DEF
474,17,DEF
474,18,DEF
474,19,DEF
474,20,DEF
474,21,DEF
474,22,DEF
474,23,DEF
474,24,DEF
474,25,DEF
474,26,DEF
474,27,DEF
474,28,DEF
474,29,DEF
474,30,DEF
474,31,DEF
474,32,DEF
474,33,DEF
474,34,DEF
474,35,DEF
474,36,DEF
474,37,DEF
474,38,DEF
475,1,DEF
475,2,DEF
475,3,DEF
475,4,DEF
475,5,DEF
475,6,DEF
475,7,DEF
475,8,DEF
475,9,DEF
475,10,DEF
475,11,DEF
475,12,DEF
475,13,DEF
475,14,DEF
475,15,DEF
475,16,DEF
475,17,DEF
475,18,DEF
475,19,DEF
475,20,DEF
475,21,DEF
475,22,DEF
475,23,DEF
475,24,DEF
475,25,DEF
475,26,DEF
475,27,DEF
475,28,DEF
475,29,DEF
475,30,DEF
475,31,DEF
475,32,DEF
475,33,DEF
475,34,DEF
475,35,DEF
475,36,DEF
475,37,DEF
475,38,DEF
476,1,DEF
476,2,DEF
476,3,DEF
476,4,DEF
476,5,DEF
476,6,DEF
476,7,DEF
476,8,DEF
476,9,DEF
476,10,DEF
476,11,DEF
476,12,DEF
476,13,DEF
476,14,DEF
476,15,DEF
476,16,DEF
476,17,DEF
476,18,DEF
476,19,DEF
476,20,DEF
476,21,DEF
476,22,DEF
476,23,DEF
476,24,DEF
476,25,DEF
476,26,DEF
476,27,DEF
476,28,DEF
476,29,DEF
476,30,DEF
476,31,DEF
476,32,DEF
476,33,DEF
476,34,DEF
476,35,DEF
476,36,DEF
476,37,DEF
476,38,DEF
477,1,DEF
477,2,DEF
477,3,DEF
477,4,DEF
477,5,DEF
477,6,DEF
477,7,DEF
477,8,DEF
477,9,DEF
477,10,DEF
477,11,DEF
477,12,DEF
477,13,DEF
477,14,DEF
477,15,DEF
477,16,DEF
477,17,DEF
477,18,DEF
477,19,DEF
477,20,DEF
477,21,DEF
477,22,DEF
477,23,DEF
477,24,DEF
477,25,DEF
477,26,DEF
477,27,DEF
477,28,DEF
477,29,DEF
477,30,DEF
477,31,DEF
477,32,DEF
477,33,DEF
477,34,DEF
477,35,DEF
477,36,DEF
477,37,DEF
477,38,DEF
478,1,DEF
478,2,DEF
478,3,DEF
478,4,DEF
478,5,DEF
478,6,DEF
478,7,DEF
478,8,DEF
478,9,DEF
478,10,DEF
478,11,DEF
478,12,DEF
478,13,DEF
478,14,DEF
478,15,DEF
478,16,DEF
478,17,DEF
478,18,DEF
478,19,DEF
478,20,DEF
478,21,DEF
478,22,DEF
478,23,DEF
478,24,DEF
478,25,DEF
478,26,DEF
478,27,DEF
478,28,DEF
478,29,DEF
478,30,DEF
478,31,DEF
478,32,DEF
478,33,DEF
478,34,DEF
478,35,DEF
478,36,DEF
478,37,DEF
478,38,DEF
479,1,DEF
479,2,DEF
479,3,DEF
479,4,DEF
479,5,DEF
479,6,DEF
479,7,DEF
479,8,DEF
479,9,DEF
479,10,DEF
479,11,DEF
479,12,DEF
479,13,DEF
479,14,DEF
479,15,DEF
479,16,DEF
479,17,DEF
479,18,DEF
479,19,DEF
479,20,DEF
479,21,DEF
479,22,DEF
479,23,DEF
479,24,DEF
479,25,DEF
479,26,DEF
479,27,DEF
479,28,DEF
479,29,DEF
479,30,DEF
479,31,DEF
479,32,DEF
479,33,DEF
479,34,DEF
479,35,DEF
479,36,DEF
479,37,DEF
479,38,DEF
480,1,DEF
480,2,DEF
480,3,DEF
480,4,DEF
480,5,DEF
480,6,DEF
480,7,DEF
480,8,DEF
480,9,DEF
480,10,DEF
480,11,DEF
480,12,DEF
480,13,DEF
480,14,DEF
480,15,DEF
480,16,DEF
480,17,DEF
480,18,DEF
480,19,DEF
480,20,DEF
480,21,DEF
480,22,DEF
480,23,DEF
480,24,DEF
480,25,DEF
480,26,DEF
480,27,DEF
480,28,DEF
480,29,DEF
480,30,DEF
480,31,DEF
480,32,DEF
480,33,DEF
480,34,DEF
480,35,DEF
480,36,DEF
480,37,DEF
480,38,DEF
481,1,DEF
481,2,DEF
481,3,DEF
481,4,DEF
481,5,DEF
481,6,DEF
481,7,DEF
481,8,DEF
481,9,DEF
481,10,DEF
481,11,DEF
481,12,DEF
481,13,DEF
481,14,DEF
481,15,DEF
481,16,DEF
481,17,DEF
481,18,DEF
481,19,DEF
481,20,DEF
481,21,DEF
481,22,DEF
481,23,DEF
481,24,DEF
481,25,DEF
481,26,DEF
481,27,DEF
481,28,DEF
481,29,DEF
481,30,DEF
481,31,DEF
481,32,DEF
481,33,DEF
481,34,DEF
481,35,DEF
481,36,DEF
481,37,DEF
481,38,DEF
482,1,DEF
482,2,DEF
482,3,DEF
482,4,DEF
482,5,DEF
482,6,DEF
482,7,DEF
482,8,DEF
482,9,DEF
482,10,DEF
482,11,DEF
482,12,DEF
482,13,DEF
482,14,DEF
482,15,DEF
482,16,DEF
482,17,DEF
482,18,DEF
482,19,DEF
482,20,DEF
482,21,DEF
482,22,DEF
482,23,DEF
482,24,DEF
482,25,DEF
482,26,DEF
482,27,DEF
482,28,DEF
482,29,DEF
482,30,DEF
482,31,DEF
482,32,DEF
482,33,DEF
482,34,DEF
482,35,DEF
482,36,DEF
482,37,DEF
482,38,DEF
483,1,DEF
483,2,DEF
483,3,DEF
483,4,DEF
483,5,DEF
483,6,DEF
483,7,DEF
483,8,DEF
483,9,DEF
483,10,DEF
483,11,DEF
483,12,DEF
483,13,DEF
483,14,DEF
483,15,DEF
483,16,DEF
483,17,DEF
483,18,DEF
483,19,DEF
483,20,DEF
483,21,DEF
483,22,DEF
483,23,DEF
483,24,DEF
483,25,DEF
483,26,DEF
483,27,DEF
483,28,DEF
483,29,DEF
483,30,DEF
483,31,DEF
483,32,DEF
483,33,DEF
483,34,DEF
483,35,DEF
483,36,DEF
483,37,DEF
483,38,DEF
484,1,DEF
484,2,DEF
484,3,DEF
484,4,DEF
484,5,DEF
484,6,DEF
484,7,DEF
484,8,DEF
484,9,DEF
484,10,DEF
484,11,DEF
484,12,DEF
484,13,DEF
484,14,DEF
484,15,DEF
484,16,DEF
484,17,DEF
484,18,DEF
484,19,DEF
484,20,DEF
484,21,DEF
484,22,DEF
484,23,DEF
484,24,DEF
484,25,DEF
484,26,DEF
484,27,DEF
484,28,DEF
484,29,DEF
484,30,DEF
484,31,DEF
484,32,DEF
484,33,DEF
484,34,DEF
484,35,DEF
484,36,DEF
484,37,DEF
484,38,DEF
485,1,MID
485,2,MID
485,3,MID
485,4,MID
485,5,MID
485,6,MID
485,7,MID
485,8,MID
485,9,MID
485,10,MID
485,11,MID
485,12,MID
485,13,MID
485,14,MID
485,15,MID
485,16,MID
485,17,MID
485,18,MID
485,19,MID
485,20,MID
485,21,MID
485,22,MID
485,23,MID
485,24,MID
485,25,MID
485,26,MID
485,27,MID
485,28,MID
485,29,MID
485,30,MID
485,31,MID
485,32,MID
485,33,MID
485,34,MID
485,35,MID
485,36,MID
485,37,MID
485,38,MID
486,1,MID
486,2,MID
486,3,MID
486,4,MID
486,5,MID
486,6,MID
486,7,MID
486,8,MID
486,9,MID
486,10,MID
486,11,MID
486,12,MID
486,13,MID
486,14,MID
486,15,MID
486,16,MID
486,17,MID
486,18,MID
486,19,MID
486,20,MID
486,21,MID
486,22,MID
486,23,MID
486,24,MID
486,25,MID
486,26,MID
486,27,MID
486,28,MID
486,29,MID
486,30,MID
486,31,MID
486,32,MID
486,33,MID
486,34,MID
486,35,MID
486,36,MID
486,37,MID
486,38,MID
487,1,MID
487,2,MID
487,3,MID
487,4,MID
487,5,MID
487,6,MID
487,7,MID
487,8,MID
487,9,MID
487,10,MID
487,11,MID
487,12,MID
487,13,MID
487,14,MID
487,15,MID
487,16,MID
487,17,MID
487,18,MID
487,19,MID
487,20,MID
487,21,MID
487,22,MID
487,23,MID
487,24,MID
487,25,MID
487,26,MID
487,27,MID
487,28,MID
487,29,MID
487,30,MID
487,31,MID
487,32,MID
487,33,MID
487,34,MID
487,35,MID
487,36,MID
487,37,MID
487,38,MID
488,1,MID
488,2,MID
488,3,MID
488,4,MID
488,5,MID
488,6,MID
488,7,MID
488,8,MID
488,9,MID
488,10,MID
488,11,MID
488,12,MID
488,13,MID
488,14,MID
488,15,MID
488,16,MID
488,17,MID
488,18,MID
488,19,MID
488,20,MID
488,21,MID
488,22,MID
488,23,MID
488,24,MID
488,25,MID
488,26,MID
488,27,MID
488,28,MID
488,29,MID
488,30,MID
488,31,MID
488,32,MID
488,33,MID
488,34,MID
488,35,MID
488,36,MID
488,37,MID
488,38,MID
489,1,MID
489,2,MID
489,3,MID
489,4,MID
489,5,MID
489,6,MID
489,7,MID
489,8,MID
489,9,MID
489,10,MID
489,11,MID
489,12,MID
489,13,MID
489,14,MID
489,15,MID
489,16,MID
489,17,MID
489,18,MID
489,19,MID
489,20,MID
489,21,MID
489,22,MID
489,23,MID
489,24,MID
489,25,MID
489,26,MID
489,27,MID
489,28,MID
489,29,MID
489,30,MID
489,31,MID
489,32,MID
489,33,MID
489,34,MID
489,35,MID
489,36,MID
489,37,MID
489,38,MID
490,1,MID
490,2,MID
490,3,MID
490,4,MID
490,5,MID
490,6,MID
490,7,MID
490,8,MID
490,9,MID
490,10,MID
490,11,MID
490,12,MID
490,13,MID
490,14,MID
490,15,MID
490,16,MID
490,17,MID
490,18,MID
490,19,MID
490,20,MID
490,21,MID
490,22,MID
490,23,MID
490,24,MID
490,25,MID
490,26,MID
490,27,MID
490,28,MID
490,29,MID
490,30,MID
490,31,MID
490,32,MID
490,33,MID
490,34,MID
490,35,MID
490,36,MID
490,37,MID
490,38,MID
491,1,MID
491,2,MID
491,3,MID
491,4,MID
491,5,MID
491,6,MID
491,7,MID
491,8,MID
491,9,MID
491,10,MID
491,11,MID
491,12,MID
491,13,MID
491,14,MID
491,15,MID
491,16,MID
491,17,MID
491,18,MID
491,19,MID
491,20,MID
491,21,MID
491,22,MID
491,23,MID
491,24,MID
491,25,MID
491,26,MID
491,27,MID
491,28,MID
491,29,MID
491,30,MID
491,31,MID
491,32,MID
491,33,MID
491,34,MID
491,35,MID
491,36,MID
491,37,MID
491,38,MID
492,1,MID
492,2,MID
492,3,MID
492,4,MID
492,5,MID
492,6,MID
492,7,MID
492,8,MID
492,9,MID
492,10,MID
492,11,MID
492,12,MID
492,13,MID
492,14,MID
492,15,MID
492,16,MID
492,17,MID
492,18,MID
492,19,MID
492,20,MID
492,21,MID
492,22,MID
492,23,MID
492,24,MID
492,25,MID
492,26,MID
492,27,MID
492,28,MID
492,29,MID
492,30,MID
492,31,MID
492,32,MID
492,33,MID
492,34,MID
492,35,MID
492,36,MID
492,37,MID
492,38,MID
494,1,MID
494,2,MID
494,3,MID
494,4,MID
494,5,MID
494,6,MID
494,7,MID
494,8,MID
494,9,MID
494,10,MID
494,11,MID
494,12,MID
494,13,MID
494,14,MID
494,15,MID
494,16,MID
494,17,MID
494,18,MID
494,19,MID
494,20,MID
494,21,MID
494,22,MID
494,23,MID
494,24,MID
494,25,MID
494,26,MID
494,27,MID
494,28,MID
494,29,MID
494,30,MID
494,31,MID
494,32,MID
494,33,MID
494,34,MID
494,35,MID
494,36,MID
494,37,MID
494,38,MID
495,1,MID
495,2,MID
495,3,MID
495,4,MID
495,5,MID
495,6,MID
495,7,MID
495,8,MID
495,9,MID
495,10,MID
495,11,MID
495,12,MID
495,13,MID
495,14,MID
495,15,MID
495,16,MID
495,17,MID
495,18,MID
495,19,MID
495,20,MID
495,21,MID
495,22,MID
495,23,MID
495,24,MID
495,25,MID
495,26,MID
495,27,MID
495,28,MID
495,29,MID
495,30,MID
495,31,MID
495,32,MID
495,33,MID
495,34,MID
495,35,MID
495,36,MID
495,37,MID
495,38,MID
496,1,MID
496,2,MID
496,3,MID
496,4,MID
496,5,MID
496,6,MID
496,7,MID
496,8,MID
496,9,MID
496,10,MID
496,11,MID
496,12,MID
496,13,MID
496,14,MID
496,15,MID
496,16,MID
496,17,MID
496,18,MID
496,19,MID
496,20,MID
496,21,MID
496,22,MID
496,23,MID
496,24,MID
496,25,MID
496,26,MID
496,27,MID
496,28,MID
496,29,MID
496,30,MID
496,31,MID
496,32,MID
496,33,MID
496,34,MID
496,35,MID
496,36,MID
496,37,MID
496,38,MID
497,1,MID
497,2,MID
497,3,MID
497,4,MID
497,5,MID
497,6,MID
497,7,MID
497,8,MID
497,9,MID
497,10,MID
497,11,MID
497,12,MID
497,13,MID
497,14,MID
497,15,MID
497,16,MID
497,17,MID
497,18,MID
497,19,MID
497,20,MID
497,21,MID
497,22,MID
497,23,MID
497,24,MID
497,25,MID
497,26,MID
497,27,MID
497,28,MID
497,29,MID
497,30,MID
497,31,MID
497,32,MID
497,33,MID
497,34,MID
497,35,MID
497,36,MID
497,37,MID
497,38,MID
498,1,MID
498,2,MID
498,3,MID
498,4,MID
498,5,MID
498,6,MID
498,7,MID
498,8,MID
498,9,MID
498,10,MID
498,11,MID
498,12,MID
498,13,MID
498,14,MID
498,15,MID
498,16,MID
498,17,MID
498,18,MID
498,19,MID
498,20,MID
498,21,MID
498,22,MID
498,23,MID
498,24,MID
498,25,MID
498,26,MID
498,27,MID
498,28,MID
498,29,MID
498,30,MID
498,31,MID
498,32,MID
498,33,MID
498,34,MID
498,35,MID
498,36,MID
498,37,MID
498,38,MID
500,1,FWD
500,2,FWD
500,3,FWD
500,4,FWD
500,5,FWD
500,6,FWD
500,7,FWD
500,8,FWD
500,9,FWD
500,10,FWD
500,11,FWD
500,12,FWD
500,13,FWD
500,14,FWD
500,15,FWD
500,16,FWD
500,17,FWD
500,18,FWD
500,19,FWD
500,20,FWD
500,21,FWD
500,22,FWD
500,23,FWD
500,24,FWD
500,25,FWD
500,26,FWD
500,27,FWD
500,28,FWD
500,29,FWD
500,30,FWD
500,31,FWD
500,32,FWD
500,33,FWD
500,34,FWD
500,35,FWD
500,36,FWD
500,37,FWD
500,38,FWD
501,1,FWD
501,2,FWD
501,3,FWD
501,4,FWD
501,5,FWD
501,6,FWD
501,7,FWD
501,8,FWD
501,9,FWD
501,10,FWD
501,11,FWD
501,12,FWD
501,13,FWD
501,14,FWD
501,15,FWD
501,16,FWD
501,17,FWD
501,18,FWD
501,19,FWD
501,20,FWD
501,21,FWD
501,22,FWD
501,23,FWD
501,24,FWD
501,25,FWD
501,26,FWD
501,27,FWD
501,28,FWD
501,29,FWD
501,30,FWD
501,31,FWD
501,32,FWD
501,33,FWD
501,34,FWD
501,35,FWD
501,36,FWD
501,37,FWD
501,38,FWD
674,1,GK
674,2,GK
674,3,GK
674,4,GK
674,5,GK
674,6,GK
674,7,GK
674,8,GK
674,9,GK
674,10,GK
674,11,GK
674,12,GK
674,13,GK
674,14,GK
674,15,GK
674,16,GK
674,17,GK
674,18,GK
674,19,GK
674,20,GK
674,21,GK
674,22,GK
674,23,GK
674,24,GK
674,25,GK
674,26,GK
674,27,GK
674,28,GK
674,29,GK
674,30,GK
674,31,GK
674,32,GK
674,33,GK
674,34,GK
674,35,GK
674,36,GK
674,37,GK
674,38,GK
684,1,DEF
684,2,DEF
684,3,DEF
684,4,DEF
684,5,DEF
684,6,DEF
684,7,DEF
684,8,DEF
684,9,DEF
684,10,DEF
684,11,DEF
684,12,DEF
684,13,DEF
684,14,DEF
684,15,DEF
684,16,DEF
684,17,DEF
684,18,DEF
684,19,DEF
684,20,DEF
684,21,DEF
684,22,DEF
684,23,DEF
684,24,DEF
684,25,DEF
684,26,DEF
684,27,DEF
684,28,DEF
684,29,DEF
684,30,DEF
684,31,DEF
684,32,DEF
684,33,DEF
684,34,DEF
684,35,DEF
684,36,DEF
684,37,DEF
684,38,DEF
689,1,MID
689,2,MID
689,3,MID
689,4,MID
689,5,MID
689,6,MID
689,7,MID
689,8,MID
689,9,MID
689,10,MID
689,11,MID
689,12,MID
689,13,MID
689,14,MID
689,15,MID
689,16,MID
689,17,MID
689,18,MID
689,19,MID
689,20,MID
689,21,MID
689,22,MID
689,23,MID
689,24,MID
689,25,MID
689,26,MID
689,27,MID
689,28,MID
689,29,MID
689,30,MID
689,31,MID
689,32,MID
689,33,MID
689,34,MID
689,35,MID
689,36,MID
689,37,MID
689,38,MID
714,4,FWD
714,5,FWD
714,6,FWD
714,7,FWD
714,8,FWD
714,9,FWD
714,10,FWD
714,11,FWD
714,12,FWD
714,13,FWD
714,14,FWD
714,15,FWD
714,16,FWD
714,17,FWD
714,18,FWD
714,19,FWD
714,20,FWD
714,21,FWD
714,22,FWD
714,23,FWD
714,24,FWD
714,25,FWD
714,26,FWD
714,27,FWD
714,28,FWD
714,29,FWD
714,30,FWD
714,31,FWD
714,32,FWD
714,33,FWD
714,34,FWD
714,35,FWD
714,36,FWD
714,37,FWD
714,38,FWD
753,12,GK
753,13,GK
753,14,GK
753,15,GK
753,16,GK
753,17,GK
753,18,GK
753,19,GK
753,20,GK
753,21,GK
753,22,GK
753,23,GK
753,24,GK
753,25,GK
753,26,GK
753,27,GK
753,28,GK
753,29,GK
753,30,GK
753,31,GK
753,32,GK
753,33,GK
753,34,GK
753,35,GK
753,36,GK
753,37,GK
753,38,GK
765,17,DEF
765,18,DEF
765,19,DEF
765,20,DEF
765,21,DEF
765,22,DEF
765,23,DEF
765,24,DEF
765,25,DEF
765,26,DEF
765,27,DEF
765,28,DEF
765,29,DEF
765,30,DEF
765,31,DEF
765,32,DEF
765,33,DEF
765,34,DEF
765,35,DEF
765,36,DEF
765,37,DEF
765,38,DEF
772,18,MID
772,19,MID
772,20,MID
772,21,MID
772,22,MID
772,23,MID
772,24,MID
772,25,MID
772,26,MID
772,27,MID
772,28,MID
772,29,MID
772,30,MID
772,31,MID
772,32,MID
772,33,MID
772,34,MID
772,35,MID
772,36,MID
772,37,MID
772,38,MID
12,1,DEF
12,2,DEF
12,3,DEF
12,4,DEF
12,5,DEF
12,6,DEF
12,7,DEF
12,8,DEF
12,9,DEF
12,10,DEF
12,11,DEF
12,12,DEF
12,13,DEF
12,14,DEF
12,15,DEF
12,16,DEF
12,17,DEF
12,18,DEF
12,19,DEF
12,20,DEF
12,21,DEF
12,22,DEF
12,23,DEF
12,24,DEF
12,25,DEF
12,26,DEF
12,27,DEF
12,28,DEF
12,29,DEF
12,30,DEF
12,31,DEF
12,32,DEF
12,33,DEF
12,34,DEF
12,35,DEF
12,36,DEF
12,37,DEF
12,38,DEF
400,1,GK
400,2,GK
400,3,GK
400,4,GK
400,5,GK
400,6,GK
400,7,GK
400,8,GK
400,9,GK
400,10,GK
400,11,GK
400,12,GK
400,13,GK
400,14,GK
400,15,GK
400,16,GK
400,17,GK
400,18,GK
400,19,GK
400,20,GK
400,21,GK
400,22,GK
400,23,GK
400,24,GK
400,25,GK
400,26,GK
400,27,GK
400,28,GK
400,29,GK
400,30,GK
400,31,GK
400,32,GK
400,33,GK
400,34,GK
400,35,GK
400,36,GK
400,37,GK
400,38,GK
426,1,MID
426,2,MID
426,3,MID
426,4,MID
426,5,MID
426,6,MID
426,7,MID
426,8,MID
426,9,MID
426,10,MID
426,11,MID
426,12,MID
426,13,MID
426,14,MID
426,15,MID
426,16,MID
426,17,MID
426,18,MID
426,19,MID
426,20,MID
426,21,MID
426,22,MID
426,23,MID
426,24,MID
426,25,MID
426,26,MID
426,27,MID
426,28,MID
426,29,MID
426,30,MID
426,31,MID
426,32,MID
426,33,MID
426,34,MID
426,35,MID
426,36,MID
426,37,MID
426,38,MID
502,1,GK
502,2,GK
502,3,GK
502,4,GK
502,5,GK
502,6,GK
502,7,GK
502,8,GK
502,9,GK
502,10,GK
502,11,GK
502,12,GK
502,13,GK
502,14,GK
502,15,GK
502,16,GK
502,17,GK
502,18,GK
502,19,GK
502,20,GK
502,21,GK
502,22,GK
502,23,GK
502,24,GK
502,25,GK
502,26,GK
502,27,GK
502,28,GK
502,29,GK
502,30,GK
502,31,GK
502,32,GK
502,33,GK
502,34,GK
502,35,GK
502,36,GK
502,37,GK
502,38,GK
503,1,GK
503,2,GK
503,3,GK
503,4,GK
503,5,GK
503,6,GK
503,7,GK
503,8,GK
503,9,GK
503,10,GK
503,11,GK
503,12,GK
503,13,GK
503,14,GK
503,15,GK
503,16,GK
503,17,GK
503,18,GK
503,19,GK
503,20,GK
503,21,GK
503,22,GK
503,23,GK
503,24,GK
503,25,GK
503,26,GK
503,27,GK
503,28,GK
503,29,GK
503,30,GK
503,31,GK
503,32,GK
503,33,GK
503,34,GK
503,35,GK
503,36,GK
503,37,GK
503,38,GK
504,1,GK
504,2,GK
504,3,GK
504,4,GK
504,5,GK
504,6,GK
504,7,GK
504,8,GK
504,9,GK
504,10,GK
504,11,GK
504,12,GK
504,13,GK
504,14,GK
504,15,GK
504,16,GK
504,17,GK
504,18,GK
504,19,GK
504,20,GK
504,21,GK
504,22,GK
504,23,GK
504,24,GK
504,25,GK
504,26,GK
504,27,GK
504,28,GK
504,29,GK
504,30,GK
504,31,GK
504,32,GK
504,33,GK
504,34,GK
504,35,GK
504,36,GK
504,37,GK
504,38,GK
505,1,DEF
505,2,DEF
505,3,DEF
505,4,DEF
505,5,DEF
505,6,DEF
505,7,DEF
505,8,DEF
505,9,DEF
505,10,DEF
505,11,DEF
505,12,DEF
505,13,DEF
505,14,DEF
505,15,DEF
505,16,DEF
505,17,DEF
505,18,DEF
505,19,DEF
505,20,DEF
505,21,DEF
505,22,DEF
505,23,DEF
505,24,DEF
505,25,DEF
505,26,DEF
505,27,DEF
505,28,DEF
505,29,DEF
505,30,DEF
505,31,DEF
505,32,DEF
505,33,DEF
505,34,DEF
505,35,DEF
505,36,DEF
505,37,DEF
505,38,DEF
506,1,DEF
506,2,DEF
506,3,DEF
506,4,DEF
506,5,DEF
506,6,DEF
506,7,DEF
506,8,DEF
506,9,DEF
506,10,DEF
506,11,DEF
506,12,DEF
506,13,DEF
506,14,DEF
506,15,DEF
506,16,DEF
506,17,DEF
506,18,DEF
506,19,DEF
506,20,DEF
506,21,DEF
506,22,DEF
506,23,DEF
506,24,DEF
506,25,DEF
506,26,DEF
506,27,DEF
506,28,DEF
506,29,DEF
506,30,DEF
506,31,DEF
506,32,DEF
506,33,DEF
506,34,DEF
506,35,DEF
506,36,DEF
506,37,DEF
506,38,DEF
507,1,DEF
507,2,DEF
507,3,DEF
507,4,DEF
507,5,DEF
507,6,DEF
507,7,DEF
507,8,DEF
507,9,DEF
507,10,DEF
507,11,DEF
507,12,DEF
507,13,DEF
507,14,DEF
507,15,DEF
507,16,DEF
507,17,DEF
507,18,DEF
507,19,DEF
507,20,DEF
507,21,DEF
507,22,DEF
507,23,DEF
507,24,DEF
507,25,DEF
507,26,DEF
507,27,DEF
507,28,DEF
507,29,DEF
507,30,DEF
507,31,DEF
507,32,DEF
507,33,DEF
507,34,DEF
507,35,DEF
507,36,DEF
507,37,DEF
507,38,DEF
508,1,DEF
508,2,DEF
508,3,DEF
508,4,DEF
508,5,DEF
508,6,DEF
508,7,DEF
508,8,DEF
508,9,DEF
508,10,DEF
508,11,DEF
508,12,DEF
508,13,DEF
508,14,DEF
508,15,DEF
508,16,DEF
508,17,DEF
508,18,DEF
508,19,DEF
508,20,DEF
508,21,DEF
508,22,DEF
508,23,DEF
508,24,DEF
508,25,DEF
508,26,DEF
508,27,DEF
508,28,DEF
508,29,DEF
508,30,DEF
508,31,DEF
508,32,DEF
508,33,DEF
508,34,DEF
508,35,DEF
508,36,DEF
508,37,DEF
508,38,DEF
509,1,DEF
509,2,DEF
509,3,DEF
509,4,DEF
509,5,DEF
509,6,DEF
509,7,DEF
509,8,DEF
509,9,DEF
509,10,DEF
509,11,DEF
509,12,DEF
509,13,DEF
509,14,DEF
509,15,DEF
509,16,DEF
509,17,DEF
509,18,DEF
509,19,DEF
509,20,DEF
509,21,DEF
509,22,DEF
509,23,DEF
509,24,DEF
509,25,DEF
509,26,DEF
509,27,DEF
509,28,DEF
509,29,DEF
509,30,DEF
509,31,DEF
509,32,DEF
509,33,DEF
509,34,DEF
509,35,DEF
509,36,DEF
509,37,DEF
509,38,DEF
510,1,DEF
510,2,DEF
510,3,DEF
510,4,DEF
510,5,DEF
510,6,DEF
510,7,DEF
510,8,DEF
510,9,DEF
510,10,DEF
510,11,DEF
510,12,DEF
510,13,DEF
510,14,DEF
510,15,DEF
510,16,DEF
510,17,DEF
510,18,DEF
510,19,DEF
510,20,DEF
510,21,DEF
510,22,DEF
510,23,DEF
510,24,DEF
510,25,DEF
510,26,DEF
510,27,DEF
510,28,DEF
510,29,DEF
510,30,DEF
510,31,DEF
510,32,DEF
510,33,DEF
510,34,DEF
510,35,DEF
510,36,DEF
510,37,DEF
510,38,DEF
511,1,DEF
511,2,DEF
511,3,DEF
511,4,DEF
511,5,DEF
511,6,DEF
511,7,DEF
511,8,DEF
511,9,DEF
511,10,DEF
511,11,DEF
511,12,DEF
511,13,DEF
511,14,DEF
511,15,DEF
511,16,DEF
511,17,DEF
511,18,DEF
511,19,DEF
511,20,DEF
511,21,DEF
511,22,DEF
511,23,DEF
511,24,DEF
511,25,DEF
511,26,DEF
511,27,DEF
511,28,DEF
511,29,DEF
511,30,DEF
511,31,DEF
511,32,DEF
511,33,DEF
511,34,DEF
511,35,DEF
511,36,DEF
511,37,DEF
511,38,DEF
512,1,DEF
512,2,DEF
512,3,DEF
512,4,DEF
512,5,DEF
512,6,DEF
512,7,DEF
512,8,DEF
512,9,DEF
512,10,DEF
512,11,DEF
512,12,DEF
512,13,DEF
512,14,DEF
512,15,DEF
512,16,DEF
512,17,DEF
512,18,DEF
512,19,DEF
512,20,DEF
512,21,DEF
512,22,DEF
512,23,DEF
512,24,DEF
512,25,DEF
512,26,DEF
512,27,DEF
512,28,DEF
512,29,DEF
512,30,DEF
512,31,DEF
512,32,DEF
512,33,DEF
512,34,DEF
512,35,DEF
512,36,DEF
512,37,DEF
512,38,DEF
513,1,DEF
513,2,DEF
513,3,DEF
513,4,DEF
513,5,DEF
513,6,DEF
513,7,DEF
513,8,DEF
513,9,DEF
513,10,DEF
513,11,DEF
513,12,DEF
513,13,DEF
513,14,DEF
513,15,DEF
513,16,DEF
513,17,DEF
513,18,DEF
513,19,DEF
513,20,DEF
513,21,DEF
513,22,DEF
513,23,DEF
513,24,DEF
513,25,DEF
513,26,DEF
513,27,DEF
513,28,DEF
513,29,DEF
513,30,DEF
513,31,DEF
513,32,DEF
513,33,DEF
513,34,DEF
513,35,DEF
513,36,DEF
513,37,DEF
513,38,DEF
514,1,DEF
514,2,DEF
514,3,DEF
514,4,DEF
514,5,DEF
514,6,DEF
514,7,DEF
514,8,DEF
514,9,DEF
514,10,DEF
514,11,DEF
514,12,DEF
514,13,DEF
514,14,DEF
514,15,DEF
514,16,DEF
514,17,DEF
514,18,DEF
514,19,DEF
514,20,DEF
514,21,DEF
514,22,DEF
514,23,DEF
514,24,DEF
514,25,DEF
514,26,DEF
514,27,DEF
514,28,DEF
514,29,DEF
514,30,DEF
514,31,DEF
514,32,DEF
514,33,DEF
514,34,DEF
514,35,DEF
514,36,DEF
514,37,DEF
514,38,DEF
515,1,MID
515,2,MID
515,3,MID
515,4,MID
515,5,MID
515,6,MID
515,7,MID
515,8,MID
515,9,MID
515,10,MID
515,11,MID
515,12,MID
515,13,MID
515,14,MID
515,15,MID
515,16,MID
515,17,MID
515,18,MID
515,19,MID
515,20,MID
515,21,MID
515,22,MID
515,23,MID
515,24,MID
515,25,MID
515,26,MID
515,27,MID
515,28,MID
515,29,MID
515,30,MID
515,31,MID
515,32,MID
515,33,MID
515,34,MID
515,35,MID
515,36,MID
515,37,MID
515,38,MID
516,1,MID
516,2,MID
516,3,MID
516,4,MID
516,5,MID
516,6,MID
516,7,MID
516,8,MID
516,9,MID
516,10,MID
516,11,MID
516,12,MID
516,13,MID
516,14,MID
516,15,MID
516,16,MID
516,17,MID
516,18,MID
516,19,MID
516,20,MID
516,21,MID
516,22,MID
516,23,MID
516,24,MID
516,25,MID
516,26,MID
516,27,MID
516,28,MID
516,29,MID
516,30,MID
516,31,MID
516,32,MID
516,33,MID
516,34,MID
516,35,MID
516,36,MID
516,37,MID
516,38,MID
517,1,MID
517,2,MID
517,3,MID
517,4,MID
517,5,MID
517,6,MID
517,7,MID
517,8,MID
517,9,MID
517,10,MID
517,11,MID
517,12,MID
517,13,MID
517,14,MID
517,15,MID
517,16,MID
517,17,MID
517,18,MID
517,19,MID
517,20,MID
517,21,MID
517,22,MID
517,23,MID
517,24,MID
517,25,MID
517,26,MID
517,27,MID
517,28,MID
517,29,MID
517,30,MID
517,31,MID
517,32,MID
517,33,MID
517,34,MID
517,35,MID
517,36,MID
517,37,MID
517,38,MID
518,1,MID
518,2,MID
518,3,MID
518,4,MID
518,5,MID
518,6,MID
518,7,MID
518,8,MID
518,9,MID
518,10,MID
518,11,MID
518,12,MID
518,13,MID
518,14,MID
518,15,MID
518,16,MID
518,17,MID
518,18,MID
518,19,MID
518,20,MID
518,21,MID
518,22,MID
518,23,MID
518,24,MID
518,25,MID
518,26,MID
518,27,MID
518,28,MID
518,29,MID
518,30,MID
518,31,MID
518,32,MID
518,33,MID
518,34,MID
518,35,MID
518,36,MID
518,37,MID
518,38,MID
519,1,MID
519,2,MID
519,3,MID
519,4,MID
519,5,MID
519,6,MID
519,7,MID
519,8,MID
519,9,MID
519,10,MID
519,11,MID
519,12,MID
519,13,MID
519,14,MID
519,15,MID
519,16,MID
519,17,MID
519,18,MID
519,19,MID
519,20,MID
519,21,MID
519,22,MID
519,23,MID
519,24,MID
519,25,MID
519,26,MID
519,27,MID
519,28,MID
519,29,MID
519,30,MID
519,31,MID
519,32,MID
519,33,MID
519,34,MID
519,35,MID
519,36,MID
519,37,MID
519,38,MID
520,1,MID
520,2,MID
520,3,MID
520,4,MID
520,5,MID
520,6,MID
520,7,MID
520,8,MID
520,9,MID
520,10,MID
520,11,MID
520,12,MID
520,13,MID
520,14,MID
520,15,MID
520,16,MID
520,17,MID
520,18,MID
520,19,MID
520,20,MID
520,21,MID
520,22,MID
520,23,MID
520,24,MID
520,25,MID
520,26,MID
520,27,MID
520,28,MID
520,29,MID
520,30,MID
520,31,MID
520,32,MID
520,33,MID
520,34,MID
520,35,MID
520,36,MID
520,37,MID
520,38,MID
521,1,MID
521,2,MID
521,3,MID
521,4,MID
521,5,MID
521,6,MID
521,7,MID
521,8,MID
521,9,MID
521,10,MID
521,11,MID
521,12,MID
521,13,MID
521,14,MID
521,15,MID
521,16,MID
521,17,MID
521,18,MID
521,19,MID
521,20,MID
521,21,MID
521,22,MID
521,23,MID
521,24,MID
521,25,MID
521,26,MID
521,27,MID
521,28,MID
521,29,MID
521,30,MID
521,31,MID
521,32,MID
521,33,MID
521,34,MID
521,35,MID
521,36,MID
521,37,MID
521,38,MID
522,1,MID
522,2,MID
522,3,MID
522,4,MID
522,5,MID
522,6,MID
522,7,MID
522,8,MID
522,9,MID
522,10,MID
522,11,MID
522,12,MID
522,13,MID
522,14,MID
522,15,MID
522,16,MID
522,17,MID
522,18,MID
522,19,MID
522,20,MID
522,21,MID
522,22,MID
522,23,MID
522,24,MID
522,25,MID
522,26,MID
522,27,MID
522,28,MID
522,29,MID
522,30,MID
522,31,MID
522,32,MID
522,33,MID
522,34,MID
522,35,MID
522,36,MID
522,37,MID
522,38,MID
523,1,MID
523,2,MID
523,3,MID
523,4,MID
523,5,MID
523,6,MID
523,7,MID
523,8,MID
523,9,MID
523,10,MID
523,11,MID
523,12,MID
523,13,MID
523,14,MID
523,15,MID
523,16,MID
523,17,MID
523,18,MID
523,19,MID
523,20,MID
523,21,MID
523,22,MID
523,23,MID
523,24,MID
523,25,MID
523,26,MID
523,27,MID
523,28,MID
523,29,MID
523,30,MID
523,31,MID
523,32,MID
523,33,MID
523,34,MID
523,35,MID
523,36,MID
523,37,MID
523,38,MID
524,1,MID
524,2,MID
524,3,MID
524,4,MID
524,5,MID
524,6,MID
524,7,MID
524,8,MID
524,9,MID
524,10,MID
524,11,MID
524,12,MID
524,13,MID
524,14,MID
524,15,MID
524,16,MID
524,17,MID
524,18,MID
524,19,MID
524,20,MID
524,21,MID
524,22,MID
524,23,MID
524,24,MID
524,25,MID
524,26,MID
524,27,MID
524,28,MID
524,29,MID
524,30,MID
524,31,MID
524,32,MID
524,33,MID
524,34,MID
524,35,MID
524,36,MID
524,37,MID
524,38,MID
525,1,FWD
525,2,FWD
525,3,FWD
525,4,FWD
525,5,FWD
525,6,FWD
525,7,FWD
525,8,FWD
525,9,FWD
525,10,FWD
525,11,FWD
525,12,FWD
525,13,FWD
525,14,FWD
525,15,FWD
525,16,FWD
525,17,FWD
525,18,FWD
525,19,FWD
525,20,FWD
525,21,FWD
525,22,FWD
525,23,FWD
525,24,FWD
525,25,FWD
525,26,FWD
525,27,FWD
525,28,FWD
525,29,FWD
525,30,FWD
525,31,FWD
525,32,FWD
525,33,FWD
525,34,FWD
525,35,FWD
525,36,FWD
525,37,FWD
525,38,FWD
526,1,FWD
526,2,FWD
526,3,FWD
526,4,FWD
526,5,FWD
526,6,FWD
526,7,FWD
526,8,FWD
526,9,FWD
526,10,FWD
526,11,FWD
526,12,FWD
526,13,FWD
526,14,FWD
526,15,FWD
526,16,FWD
526,17,FWD
526,18,FWD
526,19,FWD
526,20,FWD
526,21,FWD
526,22,FWD
526,23,FWD
526,24,FWD
526,25,FWD
526,26,FWD
526,27,FWD
526,28,FWD
526,29,FWD
526,30,FWD
526,31,FWD
526,32,FWD
526,33,FWD
526,34,FWD
526,35,FWD
526,36,FWD
526,37,FWD
526,38,FWD
527,1,FWD
527,2,FWD
527,3,FWD
527,4,FWD
527,5,FWD
527,6,FWD
527,7,FWD
527,8,FWD
527,9,FWD
527,10,FWD
527,11,FWD
527,12,FWD
527,13,FWD
527,14,FWD
527,15,FWD
527,16,FWD
527,17,FWD
527,18,FWD
527,19,FWD
527,20,FWD
527,21,FWD
527,22,FWD
527,23,FWD
527,24,FWD
527,25,FWD
527,26,FWD
527,27,FWD
527,28,FWD
527,29,FWD
527,30,FWD
527,31,FWD
527,32,FWD
527,33,FWD
527,34,FWD
527,35,FWD
527,36,FWD
527,37,FWD
527,38,FWD
669,1,MID
669,2,MID
669,3,MID
669,4,MID
669,5,MID
669,6,MID
669,7,MID
669,8,MID
669,9,MID
669,10,MID
669,11,MID
669,12,MID
669,13,MID
669,14,MID
669,15,MID
669,16,MID
669,17,MID
669,18,MID
669,19,MID
669,20,MID
669,21,MID
669,22,MID
669,23,MID
669,24,MID
669,25,MID
669,26,MID
669,27,MID
669,28,MID
669,29,MID
669,30,MID
669,31,MID
669,32,MID
669,33,MID
669,34,MID
669,35,MID
669,36,MID
669,37,MID
669,38,MID
675,1,GK
675,2,GK
675,3,GK
675,4,GK
675,5,GK
675,6,GK
675,7,GK
675,8,GK
675,9,GK
675,10,GK
675,11,GK
675,12,GK
675,13,GK
675,14,GK
675,15,GK
675,16,GK
675,17,GK
675,18,GK
675,19,GK
675,20,GK
675,21,GK
675,22,GK
675,23,GK
675,24,GK
675,25,GK
675,26,GK
675,27,GK
675,28,GK
675,29,GK
675,30,GK
675,31,GK
675,32,GK
675,33,GK
675,34,GK
675,35,GK
675,36,GK
675,37,GK
675,38,GK
693,2,MID
693,3,MID
693,4,MID
693,5,MID
693,6,MID
693,7,MID
693,8,MID
693,9,MID
693,10,MID
693,11,MID
693,12,MID
693,13,MID
693,14,MID
693,15,MID
693,16,MID
693,17,MID
693,18,MID
693,19,MID
693,20,MID
693,21,MID
693,22,MID
693,23,MID
693,24,MID
693,25,MID
693,26,MID
693,27,MID
693,28,MID
693,29,MID
693,30,MID
693,31,MID
693,32,MID
693,33,MID
693,34,MID
693,35,MID
693,36,MID
693,37,MID
693,38,MID
696,2,FWD
696,3,FWD
696,4,FWD
696,5,FWD
696,6,FWD
696,7,FWD
696,8,FWD
696,9,FWD
696,10,FWD
696,11,FWD
696,12,FWD
696,13,FWD
696,14,FWD
696,15,FWD
696,16,FWD
696,17,FWD
696,18,FWD
696,19,FWD
696,20,FWD
696,21,FWD
696,22,FWD
696,23,FWD
696,24,FWD
696,25,FWD
696,26,FWD
696,27,FWD
696,28,FWD
696,29,FWD
696,30,FWD
696,31,FWD
696,32,FWD
696,33,FWD
696,34,FWD
696,35,FWD
696,36,FWD
696,37,FWD
696,38,FWD
715,4,GK
715,5,GK
715,6,GK
715,7,GK
715,8,GK
715,9,GK
715,10,GK
715,11,GK
715,12,GK
715,13,GK
715,14,GK
715,15,GK
715,16,GK
715,17,GK
715,18,GK
715,19,GK
715,20,GK
715,21,GK
715,22,GK
715,23,GK
715,24,GK
715,25,GK
715,26,GK
715,27,GK
715,28,GK
715,29,GK
715,30,GK
715,31,GK
715,32,GK
715,33,GK
715,34,GK
715,35,GK
715,36,GK
715,37,GK
715,38,GK
716,4,DEF
716,5,DEF
716,6,DEF
716,7,DEF
716,8,DEF
716,9,DEF
716,10,DEF
716,11,DEF
716,12,DEF
716,13,DEF
716,14,DEF
716,15,DEF
716,16,DEF
716,17,DEF
716,18,DEF
716,19,DEF
716,20,DEF
716,21,DEF
716,22,DEF
716,23,DEF
716,24,DEF
716,25,DEF
716,26,DEF
716,27,DEF
716,28,DEF
716,29,DEF
716,30,DEF
716,31,DEF
716,32,DEF
716,33,DEF
716,34,DEF
716,35,DEF
716,36,DEF
716,37,DEF
716,38,DEF
729,4,DEF
729,5,DEF
729,6,DEF
729,7,DEF
729,8,DEF
729,9,DEF
729,10,DEF
729,11,DEF
729,12,DEF
729,13,DEF
729,14,DEF
729,15,DEF
729,16,DEF
729,17,DEF
729,18,DEF
729,19,DEF
729,20,DEF
729,21,DEF
729,22,DEF
729,23,DEF
729,24,DEF
729,25,DEF
729,26,DEF
729,27,DEF
729,28,DEF
729,29,DEF
729,30,DEF
729,31,DEF
729,32,DEF
729,33,DEF
729,34,DEF
729,35,DEF
729,36,DEF
729,37,DEF
729,38,DEF
734,4,MID
734,5,MID
734,6,MID
734,7,MID
734,8,MID
734,9,MID
734,10,MID
734,11,MID
734,12,MID
734,13,MID
734,14,MID
734,15,MID
734,16,MID
734,17,MID
734,18,MID
734,19,MID
734,20,MID
734,21,MID
734,22,MID
734,23,MID
734,24,MID
734,25,MID
734,26,MID
734,27,MID
734,28,MID
734,29,MID
734,30,MID
734,31,MID
734,32,MID
734,33,MID
734,34,MID
734,35,MID
734,36,MID
734,37,MID
734,38,MID
805,24,FWD
805,25,FWD
805,26,FWD
805,27,FWD
805,28,FWD
805,29,FWD
805,30,FWD
805,31,FWD
805,32,FWD
805,33,FWD
805,34,FWD
805,35,FWD
805,36,FWD
805,37,FWD
805,38,FWD
814,25,DEF
814,26,DEF
814,27,DEF
814,28,DEF
814,29,DEF
814,30,DEF
814,31,DEF
814,32,DEF
814,33,DEF
814,34,DEF
814,35,DEF
814,36,DEF
814,37,DEF
814,38,DEF
835,36,MID
835,37,MID
835,38,MID
836,36,MID
836,37,MID
836,38,MID
841,38,FWD
528,1,GK
528,2,GK
528,3,GK
528,4,GK
528,5,GK
528,6,GK
528,7,GK
528,8,GK
528,9,GK
528,10,GK
528,11,GK
528,12,GK
528,13,GK
528,14,GK
528,15,GK
528,16,GK
528,17,GK
528,18,GK
528,19,GK
528,20,GK
528,21,GK
528,22,GK
528,23,GK
528,24,GK
528,25,GK
528,26,GK
528,27,GK
528,28,GK
528,29,GK
528,30,GK
528,31,GK
528,32,GK
528,33,GK
528,34,GK
528,35,GK
528,36,GK
528,37,GK
528,38,GK
529,1,GK
529,2,GK
529,3,GK
529,4,GK
529,5,GK
529,6,GK
529,7,GK
529,8,GK
529,9,GK
529,10,GK
529,11,GK
529,12,GK
529,13,GK
529,14,GK
529,15,GK
529,16,GK
529,17,GK
529,18,GK
529,19,GK
529,20,GK
529,21,GK
529,22,GK
529,23,GK
529,24,GK
529,25,GK
529,26,GK
529,27,GK
529,28,GK
529,29,GK
529,30,GK
529,31,GK
529,32,GK
529,33,GK
529,34,GK
529,35,GK
529,36,GK
529,37,GK
529,38,GK
530,1,GK
530,2,GK
530,3,GK
530,4,GK
530,5,GK
530,6,GK
530,7,GK
530,8,GK
530,9,GK
530,10,GK
530,11,GK
530,12,GK
530,13,GK
530,14,GK
530,15,GK
530,16,GK
530,17,GK
530,18,GK
530,19,GK
530,20,GK
530,21,GK
530,22,GK
530,23,GK
530,24,GK
530,25,GK
530,26,GK
530,27,GK
530,28,GK
530,29,GK
530,30,GK
530,31,GK
530,32,GK
530,33,GK
530,34,GK
530,35,GK
530,36,GK
530,37,GK
530,38,GK
531,1,DEF
531,2,DEF
531,3,DEF
531,4,DEF
531,5,DEF
531,6,DEF
531,7,DEF
531,8,DEF
531,9,DEF
531,10,DEF
531,11,DEF
531,12,DEF
531,13,DEF
531,14,DEF
531,15,DEF
531,16,DEF
531,17,DEF
531,18,DEF
531,19,DEF
531,20,DEF
531,21,DEF
531,22,DEF
531,23,DEF
531,24,DEF
531,25,DEF
531,26,DEF
531,27,DEF
531,28,DEF
531,29,DEF
531,30,DEF
531,31,DEF
531,32,DEF
531,33,DEF
531,34,DEF
531,35,DEF
531,36,DEF
531,37,DEF
531,38,DEF
532,1,DEF
532,2,DEF
532,3,DEF
532,4,DEF
532,5,DEF
532,6,DEF
532,7,DEF
532,8,DEF
532,9,DEF
532,10,DEF
532,11,DEF
532,12,DEF
532,13,DEF
532,14,DEF
532,15,DEF
532,16,DEF
532,17,DEF
532,18,DEF
532,19,DEF
532,20,DEF
532,21,DEF
532,22,DEF
532,23,DEF
532,24,DEF
532,25,DEF
532,26,DEF
532,27,DEF
532,28,DEF
532,29,DEF
532,30,DEF
532,31,DEF
532,32,DEF
532,33,DEF
532,34,DEF
532,35,DEF
532,36,DEF
532,37,DEF
532,38,DEF
533,1,DEF
533,2,DEF
533,3,DEF
533,4,DEF
533,5,DEF
533,6,DEF
533,7,DEF
533,8,DEF
533,9,DEF
533,10,DEF
533,11,DEF
533,12,DEF
533,13,DEF
533,14,DEF
533,15,DEF
533,16,DEF
533,17,DEF
533,18,DEF
533,19,DEF
533,20,DEF
533,21,DEF
533,22,DEF
533,23,DEF
533,24,DEF
533,25,DEF
533,26,DEF
533,27,DEF
533,28,DEF
533,29,DEF
533,30,DEF
533,31,DEF
533,32,DEF
533,33,DEF
533,34,DEF
533,35,DEF
533,36,DEF
533,37,DEF
533,38,DEF
534,1,DEF
534,2,DEF
534,3,DEF
534,4,DEF
534,5,DEF
534,6,DEF
534,7,DEF
534,8,DEF
534,9,DEF
534,10,DEF
534,11,DEF
534,12,DEF
534,13,DEF
534,14,DEF
534,15,DEF
534,16,DEF
534,17,DEF
534,18,DEF
534,19,DEF
534,20,DEF
534,21,DEF
534,22,DEF
534,23,DEF
534,24,DEF
534,25,DEF
534,26,DEF
534,27,DEF
534,28,DEF
534,29,DEF
534,30,DEF
534,31,DEF
534,32,DEF
534,33,DEF
534,34,DEF
534,35,DEF
534,36,DEF
534,37,DEF
534,38,DEF
535,1,DEF
535,2,DEF
535,3,DEF
535,4,DEF
535,5,DEF
535,6,DEF
535,7,DEF
535,8,DEF
535,9,DEF
535,10,DEF
535,11,DEF
535,12,DEF
535,13,DEF
535,14,DEF
535,15,DEF
535,16,DEF
535,17,DEF
535,18,DEF
535,19,DEF
535,20,DEF
535,21,DEF
535,22,DEF
535,23,DEF
535,24,DEF
535,25,DEF
535,26,DEF
535,27,DEF
535,28,DEF
535,29,DEF
535,30,DEF
535,31,DEF
535,32,DEF
535,33,DEF
535,34,DEF
535,35,DEF
535,36,DEF
535,37,DEF
535,38,DEF
536,1,DEF
536,2,DEF
536,3,DEF
536,4,DEF
536,5,DEF
536,6,DEF
536,7,DEF
536,8,DEF
536,9,DEF
536,10,DEF
536,11,DEF
536,12,DEF
536,13,DEF
536,14,DEF
536,15,DEF
536,16,DEF
536,17,DEF
536,18,DEF
536,19,DEF
536,20,DEF
536,21,DEF
536,22,DEF
536,23,DEF
536,24,DEF
536,25,DEF
536,26,DEF
536,27,DEF
536,28,DEF
536,29,DEF
536,30,DEF
536,31,DEF
536,32,DEF
536,33,DEF
536,34,DEF
536,35,DEF
536,36,DEF
536,37,DEF
536,38,DEF
537,1,DEF
537,2,DEF
537,3,DEF
537,4,DEF
537,5,DEF
537,6,DEF
537,7,DEF
537,8,DEF
537,9,DEF
537,10,DEF
537,11,DEF
537,12,DEF
537,13,DEF
537,14,DEF
537,15,DEF
537,16,DEF
537,17,DEF
537,18,DEF
537,19,DEF
537,20,DEF
537,21,DEF
537,22,DEF
537,23,DEF
537,24,DEF
537,25,DEF
537,26,DEF
537,27,DEF
537,28,DEF
537,29,DEF
537,30,DEF
537,31,DEF
537,32,DEF
537,33,DEF
537,34,DEF
537,35,DEF
537,36,DEF
537,37,DEF
537,38,DEF
538,1,DEF
538,2,DEF
538,3,DEF
538,4,DEF
538,5,DEF
538,6,DEF
538,7,DEF
538,8,DEF
538,9,DEF
538,10,DEF
538,11,DEF
538,12,DEF
538,13,DEF
538,14,DEF
538,15,DEF
538,16,DEF
538,17,DEF
538,18,DEF
538,19,DEF
538,20,DEF
538,21,DEF
538,22,DEF
538,23,DEF
538,24,DEF
538,25,DEF
538,26,DEF
538,27,DEF
538,28,DEF
538,29,DEF
538,30,DEF
538,31,DEF
538,32,DEF
538,33,DEF
538,34,DEF
538,35,DEF
538,36,DEF
538,37,DEF
538,38,DEF
539,1,DEF
539,2,DEF
539,3,DEF
539,4,DEF
539,5,DEF
539,6,DEF
539,7,DEF
539,8,DEF
539,9,DEF
539,10,DEF
539,11,DEF
539,12,DEF
539,13,DEF
539,14,DEF
539,15,DEF
539,16,DEF
539,17,DEF
539,18,DEF
539,19,DEF
539,20,DEF
539,21,DEF
539,22,DEF
539,23,DEF
539,24,DEF
539,25,DEF
539,26,DEF
539,27,DEF
539,28,DEF
539,29,DEF
539,30,DEF
539,31,DEF
539,32,DEF
539,33,DEF
539,34,DEF
539,35,DEF
539,36,DEF
539,37,DEF
539,38,DEF
540,1,DEF
540,2,DEF
540,3,DEF
540,4,DEF
540,5,DEF
540,6,DEF
540,7,DEF
540,8,DEF
540,9,DEF
540,10,DEF
540,11,DEF
540,12,DEF
540,13,DEF
540,14,DEF
540,15,DEF
540,16,DEF
540,17,DEF
540,18,DEF
540,19,DEF
540,20,DEF
540,21,DEF
540,22,DEF
540,23,DEF
540,24,DEF
540,25,DEF
540,26,DEF
540,27,DEF
540,28,DEF
540,29,DEF
540,30,DEF
540,31,DEF
540,32,DEF
540,33,DEF
540,34,DEF
540,35,DEF
540,36,DEF
540,37,DEF
540,38,DEF
541,1,DEF
541,2,DEF
541,3,DEF
541,4,DEF
541,5,DEF
541,6,DEF
541,7,DEF
541,8,DEF
541,9,DEF
541,10,DEF
541,11,DEF
541,12,DEF
541,13,DEF
541,14,DEF
541,15,DEF
541,16,DEF
541,17,DEF
541,18,DEF
541,19,DEF
541,20,DEF
541,21,DEF
541,22,DEF
541,23,DEF
541,24,DEF
541,25,DEF
541,26,DEF
541,27,DEF
541,28,DEF
541,29,DEF
541,30,DEF
541,31,DEF
541,32,DEF
541,33,DEF
541,34,DEF
541,35,DEF
541,36,DEF
541,37,DEF
541,38,DEF
542,1,DEF
542,2,DEF
542,3,DEF
542,4,DEF
542,5,DEF
542,6,DEF
542,7,DEF
542,8,DEF
542,9,DEF
542,10,DEF
542,11,DEF
542,12,DEF
542,13,DEF
542,14,DEF
542,15,DEF
542,16,DEF
542,17,DEF
542,18,DEF
542,19,DEF
542,20,DEF
542,21,DEF
542,22,DEF
542,23,DEF
542,24,DEF
542,25,DEF
542,26,DEF
542,27,DEF
542,28,DEF
542,29,DEF
542,30,DEF
542,31,DEF
542,32,DEF
542,33,DEF
542,34,DEF
542,35,DEF
542,36,DEF
542,37,DEF
542,38,DEF
543,1,MID
543,2,MID
543,3,MID
543,4,MID
543,5,MID
543,6,MID
543,7,MID
543,8,MID
543,9,MID
543,10,MID
543,11,MID
543,12,MID
543,13,MID
543,14,MID
543,15,MID
543,16,MID
543,17,MID
543,18,MID
543,19,MID
543,20,MID
543,21,MID
543,22,MID
543,23,MID
543,24,MID
543,25,MID
543,26,MID
543,27,MID
543,28,MID
543,29,MID
543,30,MID
543,31,MID
543,32,MID
543,33,MID
543,34,MID
543,35,MID
543,36,MID
543,37,MID
543,38,MID
544,1,MID
544,2,MID
544,3,MID
544,4,MID
544,5,MID
544,6,MID
544,7,MID
544,8,MID
544,9,MID
544,10,MID
544,11,MID
544,12,MID
544,13,MID
544,14,MID
544,15,MID
544,16,MID
544,17,MID
544,18,MID
544,19,MID
544,20,MID
544,21,MID
544,22,MID
544,23,MID
544,24,MID
544,25,MID
544,26,MID
544,27,MID
544,28,MID
544,29,MID
544,30,MID
544,31,MID
544,32,MID
544,33,MID
544,34,MID
544,35,MID
544,36,MID
544,37,MID
544,38,MID
545,1,MID
545,2,MID
545,3,MID
545,4,MID
545,5,MID
545,6,MID
545,7,MID
545,8,MID
545,9,MID
545,10,MID
545,11,MID
545,12,MID
545,13,MID
545,14,MID
545,15,MID
545,16,MID
545,17,MID
545,18,MID
545,19,MID
545,20,MID
545,21,MID
545,22,MID
545,23,MID
545,24,MID
545,25,MID
545,26,MID
545,27,MID
545,28,MID
545,29,MID
545,30,MID
545,31,MID
545,32,MID
545,33,MID
545,34,MID
545,35,MID
545,36,MID
545,37,MID
545,38,MID
546,1,MID
546,2,MID
546,3,MID
546,4,MID
546,5,MID
546,6,MID
546,7,MID
546,8,MID
546,9,MID
546,10,MID
546,11,MID
546,12,MID
546,13,MID
546,14,MID
546,15,MID
546,16,MID
546,17,MID
546,18,MID
546,19,MID
546,20,MID
546,21,MID
546,22,MID
546,23,MID
546,24,MID
546,25,MID
546,26,MID
546,27,MID
546,28,MID
546,29,MID
546,30,MID
546,31,MID
546,32,MID
546,33,MID
546,34,MID
546,35,MID
546,36,MID
546,37,MID
546,38,MID
547,1,MID
547,2,MID
547,3,MID
547,4,MID
547,5,MID
547,6,MID
547,7,MID
547,8,MID
547,9,MID
547,10,MID
547,11,MID
547,12,MID
547,13,MID
547,14,MID
547,15,MID
547,16,MID
547,17,MID
547,18,MID
547,19,MID
547,20,MID
547,21,MID
547,22,MID
547,23,MID
547,24,MID
547,25,MID
547,26,MID
547,27,MID
547,28,MID
547,29,MID
547,30,MID
547,31,MID
547,32,MID
547,33,MID
547,34,MID
547,35,MID
547,36,MID
547,37,MID
547,38,MID
548,1,MID
548,2,MID
548,3,MID
548,4,MID
548,5,MID
548,6,MID
548,7,MID
548,8,MID
548,9,MID
548,10,MID
548,11,MID
548,12,MID
548,13,MID
548,14,MID
548,15,MID
548,16,MID
548,17,MID
548,18,MID
548,19,MID
548,20,MID
548,21,MID
548,22,MID
548,23,MID
548,24,MID
548,25,MID
548,26,MID
548,27,MID
548,28,MID
548,29,MID
548,30,MID
548,31,MID
548,32,MID
548,33,MID
548,34,MID
548,35,MID
548,36,MID
548,37,MID
548,38,MID
549,1,MID
549,2,MID
549,3,MID
549,4,MID
549,5,MID
549,6,MID
549,7,MID
549,8,MID
549,9,MID
549,10,MID
549,11,MID
549,12,MID
549,13,MID
549,14,MID
549,15,MID
549,16,MID
549,17,MID
549,18,MID
549,19,MID
549,20,MID
549,21,MID
549,22,MID
549,23,MID
549,24,MID
549,25,MID
549,26,MID
549,27,MID
549,28,MID
549,29,MID
549,30,MID
549,31,MID
549,32,MID
549,33,MID
549,34,MID
549,35,MID
549,36,MID
549,37,MID
549,38,MID
550,1,MID
550,2,MID
550,3,MID
550,4,MID
550,5,MID
550,6,MID
550,7,MID
550,8,MID
550,9,MID
550,10,MID
550,11,MID
550,12,MID
550,13,MID
550,14,MID
550,15,MID
550,16,MID
550,17,MID
550,18,MID
550,19,MID
550,20,MID
550,21,MID
550,22,MID
550,23,MID
550,24,MID
550,25,MID
550,26,MID
550,27,MID
550,28,MID
550,29,MID
550,30,MID
550,31,MID
550,32,MID
550,33,MID
550,34,MID
550,35,MID
550,36,MID
550,37,MID
550,38,MID
551,1,MID
551,2,MID
551,3,MID
551,4,MID
551,5,MID
551,6,MID
551,7,MID
551,8,MID
551,9,MID
551,10,MID
551,11,MID
551,12,MID
551,13,MID
551,14,MID
551,15,MID
551,16,MID
551,17,MID
551,18,MID
551,19,MID
551,20,MID
551,21,MID
551,22,MID
551,23,MID
551,24,MID
551,25,MID
551,26,MID
551,27,MID
551,28,MID
551,29,MID
551,30,MID
551,31,MID
551,32,MID
551,33,MID
551,34,MID
551,35,MID
551,36,MID
551,37,MID
551,38,MID
552,1,MID
552,2,MID
552,3,MID
552,4,MID
552,5,MID
552,6,MID
552,7,MID
552,8,MID
552,9,MID
552,10,MID
552,11,MID
552,12,MID
552,13,MID
552,14,MID
552,15,MID
552,16,MID
552,17,MID
552,18,MID
552,19,MID
552,20,MID
552,21,MID
552,22,MID
552,23,MID
552,24,MID
552,25,MID
552,26,MID
552,27,MID
552,28,MID
552,29,MID
552,30,MID
552,31,MID
552,32,MID
552,33,MID
552,34,MID
552,35,MID
552,36,MID
552,37,MID
552,38,MID
553,1,MID
553,2,MID
553,3,MID
553,4,MID
553,5,MID
553,6,MID
553,7,MID
553,8,MID
553,9,MID
553,10,MID
553,11,MID
553,12,MID
553,13,MID
553,14,MID
553,15,MID
553,16,MID
553,17,MID
553,18,MID
553,19,MID
553,20,MID
553,21,MID
553,22,MID
553,23,MID
553,24,MID
553,25,MID
553,26,MID
553,27,MID
553,28,MID
553,29,MID
553,30,MID
553,31,MID
553,32,MID
553,33,MID
553,34,MID
553,35,MID
553,36,MID
553,37,MID
553,38,MID
554,1,MID
554,2,MID
554,3,MID
554,4,MID
554,5,MID
554,6,MID
554,7,MID
554,8,MID
554,9,MID
554,10,MID
554,11,MID
554,12,MID
554,13,MID
554,14,MID
554,15,MID
554,16,MID
554,17,MID
554,18,MID
554,19,MID
554,20,MID
554,21,MID
554,22,MID
554,23,MID
554,24,MID
554,25,MID
554,26,MID
554,27,MID
554,28,MID
554,29,MID
554,30,MID
554,31,MID
554,32,MID
554,33,MID
554,34,MID
554,35,MID
554,36,MID
554,37,MID
554,38,MID
555,1,MID
555,2,MID
555,3,MID
555,4,MID
555,5,MID
555,6,MID
555,7,MID
555,8,MID
555,9,MID
555,10,MID
555,11,MID
555,12,MID
555,13,MID
555,14,MID
555,15,MID
555,16,MID
555,17,MID
555,18,MID
555,19,MID
555,20,MID
555,21,MID
555,22,MID
555,23,MID
555,24,MID
555,25,MID
555,26,MID
555,27,MID
555,28,MID
555,29,MID
555,30,MID
555,31,MID
555,32,MID
555,33,MID
555,34,MID
555,35,MID
555,36,MID
555,37,MID
555,38,MID
556,1,MID
556,2,MID
556,3,MID
556,4,MID
556,5,MID
556,6,MID
556,7,MID
556,8,MID
556,9,MID
556,10,MID
556,11,MID
556,12,MID
556,13,MID
556,14,MID
556,15,MID
556,16,MID
556,17,MID
556,18,MID
556,19,MID
556,20,MID
556,21,MID
556,22,MID
556,23,MID
556,24,MID
556,25,MID
556,26,MID
556,27,MID
556,28,MID
556,29,MID
556,30,MID
556,31,MID
556,32,MID
556,33,MID
556,34,MID
556,35,MID
556,36,MID
556,37,MID
556,38,MID
557,1,MID
557,2,MID
557,3,MID
557,4,MID
557,5,MID
557,6,MID
557,7,MID
557,8,MID
557,9,MID
557,10,MID
557,11,MID
557,12,MID
557,13,MID
557,14,MID
557,15,MID
557,16,MID
557,17,MID
557,18,MID
557,19,MID
557,20,MID
557,21,MID
557,22,MID
557,23,MID
557,24,MID
557,25,MID
557,26,MID
557,27,MID
557,28,MID
557,29,MID
557,30,MID
557,31,MID
557,32,MID
557,33,MID
557,34,MID
557,35,MID
557,36,MID
557,37,MID
557,38,MID
558,1,MID
558,2,MID
558,3,MID
558,4,MID
558,5,MID
558,6,MID
558,7,MID
558,8,MID
558,9,MID
558,10,MID
558,11,MID
558,12,MID
558,13,MID
558,14,MID
558,15,MID
558,16,MID
558,17,MID
558,18,MID
558,19,MID
558,20,MID
558,21,MID
558,22,MID
558,23,MID
558,24,MID
558,25,MID
558,26,MID
558,27,MID
558,28,MID
558,29,MID
558,30,MID
558,31,MID
558,32,MID
558,33,MID
558,34,MID
558,35,MID
558,36,MID
558,37,MID
558,38,MID
559,1,MID
559,2,MID
559,3,MID
559,4,MID
559,5,MID
559,6,MID
559,7,MID
559,8,MID
559,9,MID
559,10,MID
559,11,MID
559,12,MID
559,13,MID
559,14,MID
559,15,MID
559,16,MID
559,17,MID
559,18,MID
559,19,MID
559,20,MID
559,21,MID
559,22,MID
559,23,MID
559,24,MID
559,25,MID
559,26,MID
559,27,MID
559,28,MID
559,29,MID
559,30,MID
559,31,MID
559,32,MID
559,33,MID
559,34,MID
559,35,MID
559,36,MID
559,37,MID
559,38,MID
560,1,FWD
560,2,FWD
560,3,FWD
560,4,FWD
560,5,FWD
560,6,FWD
560,7,FWD
560,8,FWD
560,9,FWD
560,10,FWD
560,11,FWD
560,12,FWD
560,13,FWD
560,14,FWD
560,15,FWD
560,16,FWD
560,17,FWD
560,18,FWD
560,19,FWD
560,20,FWD
560,21,FWD
560,22,FWD
560,23,FWD
560,24,FWD
560,25,FWD
560,26,FWD
560,27,FWD
560,28,FWD
560,29,FWD
560,30,FWD
560,31,FWD
560,32,FWD
560,33,FWD
560,34,FWD
560,35,FWD
560,36,FWD
560,37,FWD
560,38,FWD
561,1,FWD
561,2,FWD
561,3,FWD
561,4,FWD
561,5,FWD
561,6,FWD
561,7,FWD
561,8,FWD
561,9,FWD
561,10,FWD
561,11,FWD
561,12,FWD
561,13,FWD
561,14,FWD
561,15,FWD
561,16,FWD
561,17,FWD
561,18,FWD
561,19,FWD
561,20,FWD
561,21,FWD
561,22,FWD
561,23,FWD
561,24,FWD
561,25,FWD
561,26,FWD
561,27,FWD
561,28,FWD
561,29,FWD
561,30,FWD
561,31,FWD
561,32,FWD
561,33,FWD
561,34,FWD
561,35,FWD
561,36,FWD
561,37,FWD
561,38,FWD
562,1,FWD
562,2,FWD
562,3,FWD
562,4,FWD
562,5,FWD
562,6,FWD
562,7,FWD
562,8,FWD
562,9,FWD
562,10,FWD
562,11,FWD
562,12,FWD
562,13,FWD
562,14,FWD
562,15,FWD
562,16,FWD
562,17,FWD
562,18,FWD
562,19,FWD
562,20,FWD
562,21,FWD
562,22,FWD
562,23,FWD
562,24,FWD
562,25,FWD
562,26,FWD
562,27,FWD
562,28,FWD
562,29,FWD
562,30,FWD
562,31,FWD
562,32,FWD
562,33,FWD
562,34,FWD
562,35,FWD
562,36,FWD
562,37,FWD
562,38,FWD
563,1,FWD
563,2,FWD
563,3,FWD
563,4,FWD
563,5,FWD
563,6,FWD
563,7,FWD
563,8,FWD
563,9,FWD
563,10,FWD
563,11,FWD
563,12,FWD
563,13,FWD
563,14,FWD
563,15,FWD
563,16,FWD
563,17,FWD
563,18,FWD
563,19,FWD
563,20,FWD
563,21,FWD
563,22,FWD
563,23,FWD
563,24,FWD
563,25,FWD
563,26,FWD
563,27,FWD
563,28,FWD
563,29,FWD
563,30,FWD
563,31,FWD
563,32,FWD
563,33,FWD
563,34,FWD
563,35,FWD
563,36,FWD
563,37,FWD
563,38,FWD
564,1,FWD
564,2,FWD
564,3,FWD
564,4,FWD
564,5,FWD
564,6,FWD
564,7,FWD
564,8,FWD
564,9,FWD
564,10,FWD
564,11,FWD
564,12,FWD
564,13,FWD
564,14,FWD
564,15,FWD
564,16,FWD
564,17,FWD
564,18,FWD
564,19,FWD
564,20,FWD
564,21,FWD
564,22,FWD
564,23,FWD
564,24,FWD
564,25,FWD
564,26,FWD
564,27,FWD
564,28,FWD
564,29,FWD
564,30,FWD
564,31,FWD
564,32,FWD
564,33,FWD
564,34,FWD
564,35,FWD
564,36,FWD
564,37,FWD
564,38,FWD
668,1,MID
668,2,MID
668,3,MID
668,4,MID
668,5,MID
668,6,MID
668,7,MID
668,8,MID
668,9,MID
668,10,MID
668,11,MID
668,12,MID
668,13,MID
668,14,MID
668,15,MID
668,16,MID
668,17,MID
668,18,MID
668,19,MID
668,20,MID
668,21,MID
668,22,MID
668,23,MID
668,24,MID
668,25,MID
668,26,MID
668,27,MID
668,28,MID
668,29,MID
668,30,MID
668,31,MID
668,32,MID
668,33,MID
668,34,MID
668,35,MID
668,36,MID
668,37,MID
668,38,MID
670,1,GK
670,2,GK
670,3,GK
670,4,GK
670,5,GK
670,6,GK
670,7,GK
670,8,GK
670,9,GK
670,10,GK
670,11,GK
670,12,GK
670,13,GK
670,14,GK
670,15,GK
670,16,GK
670,17,GK
670,18,GK
670,19,GK
670,20,GK
670,21,GK
670,22,GK
670,23,GK
670,24,GK
670,25,GK
670,26,GK
670,27,GK
670,28,GK
670,29,GK
670,30,GK
670,31,GK
670,32,GK
670,33,GK
670,34,GK
670,35,GK
670,36,GK
670,37,GK
670,38,GK
678,1,DEF
678,2,DEF
678,3,DEF
678,4,DEF
678,5,DEF
678,6,DEF
678,7,DEF
678,8,DEF
678,9,DEF
678,10,DEF
678,11,DEF
678,12,DEF
678,13,DEF
678,14,DEF
678,15,DEF
678,16,DEF
678,17,DEF
678,18,DEF
678,19,DEF
678,20,DEF
678,21,DEF
678,22,DEF
678,23,DEF
678,24,DEF
678,25,DEF
678,26,DEF
678,27,DEF
678,28,DEF
678,29,DEF
678,30,DEF
678,31,DEF
678,32,DEF
678,33,DEF
678,34,DEF
678,35,DEF
678,36,DEF
678,37,DEF
678,38,DEF
683,1,DEF
683,2,DEF
683,3,DEF
683,4,DEF
683,5,DEF
683,6,DEF
683,7,DEF
683,8,DEF
683,9,DEF
683,10,DEF
683,11,DEF
683,12,DEF
683,13,DEF
683,14,DEF
683,15,DEF
683,16,DEF
683,17,DEF
683,18,DEF
683,19,DEF
683,20,DEF
683,21,DEF
683,22,DEF
683,23,DEF
683,24,DEF
683,25,DEF
683,26,DEF
683,27,DEF
683,28,DEF
683,29,DEF
683,30,DEF
683,31,DEF
683,32,DEF
683,33,DEF
683,34,DEF
683,35,DEF
683,36,DEF
683,37,DEF
683,38,DEF
694,2,DEF
694,3,DEF
694,4,DEF
694,5,DEF
694,6,DEF
694,7,DEF
694,8,DEF
694,9,DEF
694,10,DEF
694,11,DEF
694,12,DEF
694,13,DEF
694,14,DEF
694,15,DEF
694,16,DEF
694,17,DEF
694,18,DEF
694,19,DEF
694,20,DEF
694,21,DEF
694,22,DEF
694,23,DEF
694,24,DEF
694,25,DEF
694,26,DEF
694,27,DEF
694,28,DEF
694,29,DEF
694,30,DEF
694,31,DEF
694,32,DEF
694,33,DEF
694,34,DEF
694,35,DEF
694,36,DEF
694,37,DEF
694,38,DEF
724,4,DEF
724,5,DEF
724,6,DEF
724,7,DEF
724,8,DEF
724,9,DEF
724,10,DEF
724,11,DEF
724,12,DEF
724,13,DEF
724,14,DEF
724,15,DEF
724,16,DEF
724,17,DEF
724,18,DEF
724,19,DEF
724,20,DEF
724,21,DEF
724,22,DEF
724,23,DEF
724,24,DEF
724,25,DEF
724,26,DEF
724,27,DEF
724,28,DEF
724,29,DEF
724,30,DEF
724,31,DEF
724,32,DEF
724,33,DEF
724,34,DEF
724,35,DEF
724,36,DEF
724,37,DEF
724,38,DEF
730,4,FWD
730,5,FWD
730,6,FWD
730,7,FWD
730,8,FWD
730,9,FWD
730,10,FWD
730,11,FWD
730,12,FWD
730,13,FWD
730,14,FWD
730,15,FWD
730,16,FWD
730,17,FWD
730,18,FWD
730,19,FWD
730,20,FWD
730,21,FWD
730,22,FWD
730,23,FWD
730,24,FWD
730,25,FWD
730,26,FWD
730,27,FWD
730,28,FWD
730,29,FWD
730,30,FWD
730,31,FWD
730,32,FWD
730,33,FWD
730,34,FWD
730,35,FWD
730,36,FWD
730,37,FWD
730,38,FWD
735,4,MID
735,5,MID
735,6,MID
735,7,MID
735,8,MID
735,9,MID
735,10,MID
735,11,MID
735,12,MID
735,13,MID
735,14,MID
735,15,MID
735,16,MID
735,17,MID
735,18,MID
735,19,MID
735,20,MID
735,21,MID
735,22,MID
735,23,MID
735,24,MID
735,25,MID
735,26,MID
735,27,MID
735,28,MID
735,29,MID
735,30,MID
735,31,MID
735,32,MID
735,33,MID
735,34,MID
735,35,MID
735,36,MID
735,37,MID
735,38,MID
774,18,DEF
774,19,DEF
774,20,DEF
774,21,DEF
774,22,DEF
774,23,DEF
774,24,DEF
774,25,DEF
774,26,DEF
774,27,DEF
774,28,DEF
774,29,DEF
774,30,DEF
774,31,DEF
774,32,DEF
774,33,DEF
774,34,DEF
774,35,DEF
774,36,DEF
774,37,DEF
774,38,DEF
775,18,MID
775,19,MID
775,20,MID
775,21,MID
775,22,MID
775,23,MID
775,24,MID
775,25,MID
775,26,MID
775,27,MID
775,28,MID
775,29,MID
775,30,MID
775,31,MID
775,32,MID
775,33,MID
775,34,MID
775,35,MID
775,36,MID
775,37,MID
775,38,MID
800,23,MID
800,24,MID
800,25,MID
800,26,MID
800,27,MID
800,28,MID
800,29,MID
800,30,MID
800,31,MID
800,32,MID
800,33,MID
800,34,MID
800,35,MID
800,36,MID
800,37,MID
800,38,MID
812,25,GK
812,26,GK
812,27,GK
812,28,GK
812,29,GK
812,30,GK
812,31,GK
812,32,GK
812,33,GK
812,34,GK
812,35,GK
812,36,GK
812,37,GK
812,38,GK
813,25,MID
813,26,MID
813,27,MID
813,28,MID
813,29,MID
813,30,MID
813,31,MID
813,32,MID
813,33,MID
813,34,MID
813,35,MID
813,36,MID
813,37,MID
813,38,MID
821,30,MID
821,31,MID
821,32,MID
821,33,MID
821,34,MID
821,35,MID
821,36,MID
821,37,MID
821,38,MID
822,30,MID
822,31,MID
822,32,MID
822,33,MID
822,34,MID
822,35,MID
822,36,MID
822,37,MID
822,38,MID
565,1,GK
565,2,GK
565,3,GK
565,4,GK
565,5,GK
565,6,GK
565,7,GK
565,8,GK
565,9,GK
565,10,GK
565,11,GK
565,12,GK
565,13,GK
565,14,GK
565,15,GK
565,16,GK
565,17,GK
565,18,GK
565,19,GK
565,20,GK
565,21,GK
565,22,GK
565,23,GK
565,24,GK
565,25,GK
565,26,GK
565,27,GK
565,28,GK
565,29,GK
565,30,GK
565,31,GK
565,32,GK
565,33,GK
565,34,GK
565,35,GK
565,36,GK
565,37,GK
565,38,GK
566,1,GK
566,2,GK
566,3,GK
566,4,GK
566,5,GK
566,6,GK
566,7,GK
566,8,GK
566,9,GK
566,10,GK
566,11,GK
566,12,GK
566,13,GK
566,14,GK
566,15,GK
566,16,GK
566,17,GK
566,18,GK
566,19,GK
566,20,GK
566,21,GK
566,22,GK
566,23,GK
566,24,GK
566,25,GK
566,26,GK
566,27,GK
566,28,GK
566,29,GK
566,30,GK
566,31,GK
566,32,GK
566,33,GK
566,34,GK
566,35,GK
566,36,GK
566,37,GK
566,38,GK
567,1,GK
567,2,GK
567,3,GK
567,4,GK
567,5,GK
567,6,GK
567,7,GK
567,8,GK
567,9,GK
567,10,GK
567,11,GK
567,12,GK
567,13,GK
567,14,GK
567,15,GK
567,16,GK
567,17,GK
567,18,GK
567,19,GK
567,20,GK
567,21,GK
567,22,GK
567,23,GK
567,24,GK
567,25,GK
567,26,GK
567,27,GK
567,28,GK
567,29,GK
567,30,GK
567,31,GK
567,32,GK
567,33,GK
567,34,GK
567,35,GK
567,36,GK
567,37,GK
567,38,GK
568,1,DEF
568,2,DEF
568,3,DEF
568,4,DEF
568,5,DEF
568,6,DEF
568,7,DEF
568,8,DEF
568,9,DEF
568,10,DEF
568,11,DEF
568,12,DEF
568,13,DEF
568,14,DEF
568,15,DEF
568,16,DEF
568,17,DEF
568,18,DEF
568,19,DEF
568,20,DEF
568,21,DEF
568,22,DEF
568,23,DEF
568,24,DEF
568,25,DEF
568,26,DEF
568,27,DEF
568,28,DEF
568,29,DEF
568,30,DEF
568,31,DEF
568,32,DEF
568,33,DEF
568,34,DEF
568,35,DEF
568,36,DEF
568,37,DEF
568,38,DEF
569,1,DEF
569,2,DEF
569,3,DEF
569,4,DEF
569,5,DEF
569,6,DEF
569,7,DEF
569,8,DEF
569,9,DEF
569,10,DEF
569,11,DEF
569,12,DEF
569,13,DEF
569,14,DEF
569,15,DEF
569,16,DEF
569,17,DEF
569,18,DEF
569,19,DEF
569,20,DEF
569,21,DEF
569,22,DEF
569,23,DEF
569,24,DEF
569,25,DEF
569,26,DEF
569,27,DEF
569,28,DEF
569,29,DEF
569,30,DEF
569,31,DEF
569,32,DEF
569,33,DEF
569,34,DEF
569,35,DEF
569,36,DEF
569,37,DEF
569,38,DEF
570,1,DEF
570,2,DEF
570,3,DEF
570,4,DEF
570,5,DEF
570,6,DEF
570,7,DEF
570,8,DEF
570,9,DEF
570,10,DEF
570,11,DEF
570,12,DEF
570,13,DEF
570,14,DEF
570,15,DEF
570,16,DEF
570,17,DEF
570,18,DEF
570,19,DEF
570,20,DEF
570,21,DEF
570,22,DEF
570,23,DEF
570,24,DEF
570,25,DEF
570,26,DEF
570,27,DEF
570,28,DEF
570,29,DEF
570,30,DEF
570,31,DEF
570,32,DEF
570,33,DEF
570,34,DEF
570,35,DEF
570,36,DEF
570,37,DEF
570,38,DEF
571,1,DEF
571,2,DEF
571,3,DEF
571,4,DEF
571,5,DEF
571,6,DEF
571,7,DEF
571,8,DEF
571,9,DEF
571,10,DEF
571,11,DEF
571,12,DEF
571,13,DEF
571,14,DEF
571,15,DEF
571,16,DEF
571,17,DEF
571,18,DEF
571,19,DEF
571,20,DEF
571,21,DEF
571,22,DEF
571,23,DEF
571,24,DEF
571,25,DEF
571,26,DEF
571,27,DEF
571,28,DEF
571,29,DEF
571,30,DEF
571,31,DEF
571,32,DEF
571,33,DEF
571,34,DEF
571,35,DEF
571,36,DEF
571,37,DEF
571,38,DEF
572,1,DEF
572,2,DEF
572,3,DEF
572,4,DEF
572,5,DEF
572,6,DEF
572,7,DEF
572,8,DEF
572,9,DEF
572,10,DEF
572,11,DEF
572,12,DEF
572,13,DEF
572,14,DEF
572,15,DEF
572,16,DEF
572,17,DEF
572,18,DEF
572,19,DEF
572,20,DEF
572,21,DEF
572,22,DEF
572,23,DEF
572,24,DEF
572,25,DEF
572,26,DEF
572,27,DEF
572,28,DEF
572,29,DEF
572,30,DEF
572,31,DEF
572,32,DEF
572,33,DEF
572,34,DEF
572,35,DEF
572,36,DEF
572,37,DEF
572,38,DEF
573,1,DEF
573,2,DEF
573,3,DEF
573,4,DEF
573,5,DEF
573,6,DEF
573,7,DEF
573,8,DEF
573,9,DEF
573,10,DEF
573,11,DEF
573,12,DEF
573,13,DEF
573,14,DEF
573,15,DEF
573,16,DEF
573,17,DEF
573,18,DEF
573,19,DEF
573,20,DEF
573,21,DEF
573,22,DEF
573,23,DEF
573,24,DEF
573,25,DEF
573,26,DEF
573,27,DEF
573,28,DEF
573,29,DEF
573,30,DEF
573,31,DEF
573,32,DEF
573,33,DEF
573,34,DEF
573,35,DEF
573,36,DEF
573,37,DEF
573,38,DEF
574,1,DEF
574,2,DEF
574,3,DEF
574,4,DEF
574,5,DEF
574,6,DEF
574,7,DEF
574,8,DEF
574,9,DEF
574,10,DEF
574,11,DEF
574,12,DEF
574,13,DEF
574,14,DEF
574,15,DEF
574,16,DEF
574,17,DEF
574,18,DEF
574,19,DEF
574,20,DEF
574,21,DEF
574,22,DEF
574,23,DEF
574,24,DEF
574,25,DEF
574,26,DEF
574,27,DEF
574,28,DEF
574,29,DEF
574,30,DEF
574,31,DEF
574,32,DEF
574,33,DEF
574,34,DEF
574,35,DEF
574,36,DEF
574,37,DEF
574,38,DEF
575,1,DEF
575,2,DEF
575,3,DEF
575,4,DEF
575,5,DEF
575,6,DEF
575,7,DEF
575,8,DEF
575,9,DEF
575,10,DEF
575,11,DEF
575,12,DEF
575,13,DEF
575,14,DEF
575,15,DEF
575,16,DEF
575,17,DEF
575,18,DEF
575,19,DEF
575,20,DEF
575,21,DEF
575,22,DEF
575,23,DEF
575,24,DEF
575,25,DEF
575,26,DEF
575,27,DEF
575,28,DEF
575,29,DEF
575,30,DEF
575,31,DEF
575,32,DEF
575,33,DEF
575,34,DEF
575,35,DEF
575,36,DEF
575,37,DEF
575,38,DEF
576,1,DEF
576,2,DEF
576,3,DEF
576,4,DEF
576,5,DEF
576,6,DEF
576,7,DEF
576,8,DEF
576,9,DEF
576,10,DEF
576,11,DEF
576,12,DEF
576,13,DEF
576,14,DEF
576,15,DEF
576,16,DEF
576,17,DEF
576,18,DEF
576,19,DEF
576,20,DEF
576,21,DEF
576,22,DEF
576,23,DEF
576,24,DEF
576,25,DEF
576,26,DEF
576,27,DEF
576,28,DEF
576,29,DEF
576,30,DEF
576,31,DEF
576,32,DEF
576,33,DEF
576,34,DEF
576,35,DEF
576,36,DEF
576,37,DEF
576,38,DEF
577,1,DEF
577,2,DEF
577,3,DEF
577,4,DEF
577,5,DEF
577,6,DEF
577,7,DEF
577,8,DEF
577,9,DEF
577,10,DEF
577,11,DEF
577,12,DEF
577,13,DEF
577,14,DEF
577,15,DEF
577,16,DEF
577,17,DEF
577,18,DEF
577,19,DEF
577,20,DEF
577,21,DEF
577,22,DEF
577,23,DEF
577,24,DEF
577,25,DEF
577,26,DEF
577,27,DEF
577,28,DEF
577,29,DEF
577,30,DEF
577,31,DEF
577,32,DEF
577,33,DEF
577,34,DEF
577,35,DEF
577,36,DEF
577,37,DEF
577,38,DEF
578,1,DEF
578,2,DEF
578,3,DEF
578,4,DEF
578,5,DEF
578,6,DEF
578,7,DEF
578,8,DEF
578,9,DEF
578,10,DEF
578,11,DEF
578,12,DEF
578,13,DEF
578,14,DEF
578,15,DEF
578,16,DEF
578,17,DEF
578,18,DEF
578,19,DEF
578,20,DEF
578,21,DEF
578,22,DEF
578,23,DEF
578,24,DEF
578,25,DEF
578,26,DEF
578,27,DEF
578,28,DEF
578,29,DEF
578,30,DEF
578,31,DEF
578,32,DEF
578,33,DEF
578,34,DEF
578,35,DEF
578,36,DEF
578,37,DEF
578,38,DEF
579,1,MID
579,2,MID
579,3,MID
579,4,MID
579,5,MID
579,6,MID
579,7,MID
579,8,MID
579,9,MID
579,10,MID
579,11,MID
579,12,MID
579,13,MID
579,14,MID
579,15,MID
579,16,MID
579,17,MID
579,18,MID
579,19,MID
579,20,MID
579,21,MID
579,22,MID
579,23,MID
579,24,MID
579,25,MID
579,26,MID
579,27,MID
579,28,MID
579,29,MID
579,30,MID
579,31,MID
579,32,MID
579,33,MID
579,34,MID
579,35,MID
579,36,MID
579,37,MID
579,38,MID
581,1,MID
581,2,MID
581,3,MID
581,4,MID
581,5,MID
581,6,MID
581,7,MID
581,8,MID
581,9,MID
581,10,MID
581,11,MID
581,12,MID
581,13,MID
581,14,MID
581,15,MID
581,16,MID
581,17,MID
581,18,MID
581,19,MID
581,20,MID
581,21,MID
581,22,MID
581,23,MID
581,24,MID
581,25,MID
581,26,MID
581,27,MID
581,28,MID
581,29,MID
581,30,MID
581,31,MID
581,32,MID
581,33,MID
581,34,MID
581,35,MID
581,36,MID
581,37,MID
581,38,MID
582,1,MID
582,2,MID
582,3,MID
582,4,MID
582,5,MID
582,6,MID
582,7,MID
582,8,MID
582,9,MID
582,10,MID
582,11,MID
582,12,MID
582,13,MID
582,14,MID
582,15,MID
582,16,MID
582,17,MID
582,18,MID
582,19,MID
582,20,MID
582,21,MID
582,22,MID
582,23,MID
582,24,MID
582,25,MID
582,26,MID
582,27,MID
582,28,MID
582,29,MID
582,30,MID
582,31,MID
582,32,MID
582,33,MID
582,34,MID
582,35,MID
582,36,MID
582,37,MID
582,38,MID
583,1,MID
583,2,MID
583,3,MID
583,4,MID
583,5,MID
583,6,MID
583,7,MID
583,8,MID
583,9,MID
583,10,MID
583,11,MID
583,12,MID
583,13,MID
583,14,MID
583,15,MID
583,16,MID
583,17,MID
583,18,MID
583,19,MID
583,20,MID
583,21,MID
583,22,MID
583,23,MID
583,24,MID
583,25,MID
583,26,MID
583,27,MID
583,28,MID
583,29,MID
583,30,MID
583,31,MID
583,32,MID
583,33,MID
583,34,MID
583,35,MID
583,36,MID
583,37,MID
583,38,MID
584,1,MID
584,2,MID
584,3,MID
584,4,MID
584,5,MID
584,6,MID
584,7,MID
584,8,MID
584,9,MID
584,10,MID
584,11,MID
584,12,MID
584,13,MID
584,14,MID
584,15,MID
584,16,MID
584,17,MID
584,18,MID
584,19,MID
584,20,MID
584,21,MID
584,22,MID
584,23,MID
584,24,MID
584,25,MID
584,26,MID
584,27,MID
584,28,MID
584,29,MID
584,30,MID
584,31,MID
584,32,MID
584,33,MID
584,34,MID
584,35,MID
584,36,MID
584,37,MID
584,38,MID
585,1,MID
585,2,MID
585,3,MID
585,4,MID
585,5,MID
585,6,MID
585,7,MID
585,8,MID
585,9,MID
585,10,MID
585,11,MID
585,12,MID
585,13,MID
585,14,MID
585,15,MID
585,16,MID
585,17,MID
585,18,MID
585,19,MID
585,20,MID
585,21,MID
585,22,MID
585,23,MID
585,24,MID
585,25,MID
585,26,MID
585,27,MID
585,28,MID
585,29,MID
585,30,MID
585,31,MID
585,32,MID
585,33,MID
585,34,MID
585,35,MID
585,36,MID
585,37,MID
585,38,MID
586,1,MID
586,2,MID
586,3,MID
586,4,MID
586,5,MID
586,6,MID
586,7,MID
586,8,MID
586,9,MID
586,10,MID
586,11,MID
586,12,MID
586,13,MID
586,14,MID
586,15,MID
586,16,MID
586,17,MID
586,18,MID
586,19,MID
586,20,MID
586,21,MID
586,22,MID
586,23,MID
586,24,MID
586,25,MID
586,26,MID
586,27,MID
586,28,MID
586,29,MID
586,30,MID
586,31,MID
586,32,MID
586,33,MID
586,34,MID
586,35,MID
586,36,MID
586,37,MID
586,38,MID
587,1,MID
587,2,MID
587,3,MID
587,4,MID
587,5,MID
587,6,MID
587,7,MID
587,8,MID
587,9,MID
587,10,MID
587,11,MID
587,12,MID
587,13,MID
587,14,MID
587,15,MID
587,16,MID
587,17,MID
587,18,MID
587,19,MID
587,20,MID
587,21,MID
587,22,MID
587,23,MID
587,24,MID
587,25,MID
587,26,MID
587,27,MID
587,28,MID
587,29,MID
587,30,MID
587,31,MID
587,32,MID
587,33,MID
587,34,MID
587,35,MID
587,36,MID
587,37,MID
587,38,MID
588,1,MID
588,2,MID
588,3,MID
588,4,MID
588,5,MID
588,6,MID
588,7,MID
588,8,MID
588,9,MID
588,10,MID
588,11,MID
588,12,MID
588,13,MID
588,14,MID
588,15,MID
588,16,MID
588,17,MID
588,18,MID
588,19,MID
588,20,MID
588,21,MID
588,22,MID
588,23,MID
588,24,MID
588,25,MID
588,26,MID
588,27,MID
588,28,MID
588,29,MID
588,30,MID
588,31,MID
588,32,MID
588,33,MID
588,34,MID
588,35,MID
588,36,MID
588,37,MID
588,38,MID
589,1,MID
589,2,MID
589,3,MID
589,4,MID
589,5,MID
589,6,MID
589,7,MID
589,8,MID
589,9,MID
589,10,MID
589,11,MID
589,12,MID
589,13,MID
589,14,MID
589,15,MID
589,16,MID
589,17,MID
589,18,MID
589,19,MID
589,20,MID
589,21,MID
589,22,MID
589,23,MID
589,24,MID
589,25,MID
589,26,MID
589,27,MID
589,28,MID
589,29,MID
589,30,MID
589,31,MID
589,32,MID
589,33,MID
589,34,MID
589,35,MID
589,36,MID
589,37,MID
589,38,MID
590,1,MID
590,2,MID
590,3,MID
590,4,MID
590,5,MID
590,6,MID
590,7,MID
590,8,MID
590,9,MID
590,10,MID
590,11,MID
590,12,MID
590,13,MID
590,14,MID
590,15,MID
590,16,MID
590,17,MID
590,18,MID
590,19,MID
590,20,MID
590,21,MID
590,22,MID
590,23,MID
590,24,MID
590,25,MID
590,26,MID
590,27,MID
590,28,MID
590,29,MID
590,30,MID
590,31,MID
590,32,MID
590,33,MID
590,34,MID
590,35,MID
590,36,MID
590,37,MID
590,38,MID
591,1,MID
591,2,MID
591,3,MID
591,4,MID
591,5,MID
591,6,MID
591,7,MID
591,8,MID
591,9,MID
591,10,MID
591,11,MID
591,12,MID
591,13,MID
591,14,MID
591,15,MID
591,16,MID
591,17,MID
591,18,MID
591,19,MID
591,20,MID
591,21,MID
591,22,MID
591,23,MID
591,24,MID
591,25,MID
591,26,MID
591,27,MID
591,28,MID
591,29,MID
591,30,MID
591,31,MID
591,32,MID
591,33,MID
591,34,MID
591,35,MID
591,36,MID
591,37,MID
591,38,MID
592,1,MID
592,2,MID
592,3,MID
592,4,MID
592,5,MID
592,6,MID
592,7,MID
592,8,MID
592,9,MID
592,10,MID
592,11,MID
592,12,MID
592,13,MID
592,14,MID
592,15,MID
592,16,MID
592,17,MID
592,18,MID
592,19,MID
592,20,MID
592,21,MID
592,22,MID
592,23,MID
592,24,MID
592,25,MID
592,26,MID
592,27,MID
592,28,MID
592,29,MID
592,30,MID
592,31,MID
592,32,MID
592,33,MID
592,34,MID
592,35,MID
592,36,MID
592,37,MID
592,38,MID
593,1,MID
593,2,MID
593,3,MID
593,4,MID
593,5,MID
593,6,MID
593,7,MID
593,8,MID
593,9,MID
593,10,MID
593,11,MID
593,12,MID
593,13,MID
593,14,MID
593,15,MID
593,16,MID
593,17,MID
593,18,MID
593,19,MID
593,20,MID
593,21,MID
593,22,MID
593,23,MID
593,24,MID
593,25,MID
593,26,MID
593,27,MID
593,28,MID
593,29,MID
593,30,MID
593,31,MID
593,32,MID
593,33,MID
593,34,MID
593,35,MID
593,36,MID
593,37,MID
593,38,MID
594,1,MID
594,2,MID
594,3,MID
594,4,MID
594,5,MID
594,6,MID
594,7,MID
594,8,MID
594,9,MID
594,10,MID
594,11,MID
594,12,MID
594,13,MID
594,14,MID
594,15,MID
594,16,MID
594,17,MID
594,18,MID
594,19,MID
594,20,MID
594,21,MID
594,22,MID
594,23,MID
594,24,MID
594,25,MID
594,26,MID
594,27,MID
594,28,MID
594,29,MID
594,30,MID
594,31,MID
594,32,MID
594,33,MID
594,34,MID
594,35,MID
594,36,MID
594,37,MID
594,38,MID
595,1,MID
595,2,MID
595,3,MID
595,4,MID
595,5,MID
595,6,MID
595,7,MID
595,8,MID
595,9,MID
595,10,MID
595,11,MID
595,12,MID
595,13,MID
595,14,MID
595,15,MID
595,16,MID
595,17,MID
595,18,MID
595,19,MID
595,20,MID
595,21,MID
595,22,MID
595,23,MID
595,24,MID
595,25,MID
595,26,MID
595,27,MID
595,28,MID
595,29,MID
595,30,MID
595,31,MID
595,32,MID
595,33,MID
595,34,MID
595,35,MID
595,36,MID
595,37,MID
595,38,MID
596,1,FWD
596,2,FWD
596,3,FWD
596,4,FWD
596,5,FWD
596,6,FWD
596,7,FWD
596,8,FWD
596,9,FWD
596,10,FWD
596,11,FWD
596,12,FWD
596,13,FWD
596,14,FWD
596,15,FWD
596,16,FWD
596,17,FWD
596,18,FWD
596,19,FWD
596,20,FWD
596,21,FWD
596,22,FWD
596,23,FWD
596,24,FWD
596,25,FWD
596,26,FWD
596,27,FWD
596,28,FWD
596,29,FWD
596,30,FWD
596,31,FWD
596,32,FWD
596,33,FWD
596,34,FWD
596,35,FWD
596,36,FWD
596,37,FWD
596,38,FWD
597,1,FWD
597,2,FWD
597,3,FWD
597,4,FWD
597,5,FWD
597,6,FWD
597,7,FWD
597,8,FWD
597,9,FWD
597,10,FWD
597,11,FWD
597,12,FWD
597,13,FWD
597,14,FWD
597,15,FWD
597,16,FWD
597,17,FWD
597,18,FWD
597,19,FWD
597,20,FWD
597,21,FWD
597,22,FWD
597,23,FWD
597,24,FWD
597,25,FWD
597,26,FWD
597,27,FWD
597,28,FWD
597,29,FWD
597,30,FWD
597,31,FWD
597,32,FWD
597,33,FWD
597,34,FWD
597,35,FWD
597,36,FWD
597,37,FWD
597,38,FWD
598,1,FWD
598,2,FWD
598,3,FWD
598,4,FWD
598,5,FWD
598,6,FWD
598,7,FWD
598,8,FWD
598,9,FWD
598,10,FWD
598,11,FWD
598,12,FWD
598,13,FWD
598,14,FWD
598,15,FWD
598,16,FWD
598,17,FWD
598,18,FWD
598,19,FWD
598,20,FWD
598,21,FWD
598,22,FWD
598,23,FWD
598,24,FWD
598,25,FWD
598,26,FWD
598,27,FWD
598,28,FWD
598,29,FWD
598,30,FWD
598,31,FWD
598,32,FWD
598,33,FWD
598,34,FWD
598,35,FWD
598,36,FWD
598,37,FWD
598,38,FWD
599,1,FWD
599,2,FWD
599,3,FWD
599,4,FWD
599,5,FWD
599,6,FWD
599,7,FWD
599,8,FWD
599,9,FWD
599,10,FWD
599,11,FWD
599,12,FWD
599,13,FWD
599,14,FWD
599,15,FWD
599,16,FWD
599,17,FWD
599,18,FWD
599,19,FWD
599,20,FWD
599,21,FWD
599,22,FWD
599,23,FWD
599,24,FWD
599,25,FWD
599,26,FWD
599,27,FWD
599,28,FWD
599,29,FWD
599,30,FWD
599,31,FWD
599,32,FWD
599,33,FWD
599,34,FWD
599,35,FWD
599,36,FWD
599,37,FWD
599,38,FWD
673,1,MID
673,2,MID
673,3,MID
673,4,MID
673,5,MID
673,6,MID
673,7,MID
673,8,MID
673,9,MID
673,10,MID
673,11,MID
673,12,MID
673,13,MID
673,14,MID
673,15,MID
673,16,MID
673,17,MID
673,18,MID
673,19,MID
673,20,MID
673,21,MID
673,22,MID
673,23,MID
673,24,MID
673,25,MID
673,26,MID
673,27,MID
673,28,MID
673,29,MID
673,30,MID
673,31,MID
673,32,MID
673,33,MID
673,34,MID
673,35,MID
673,36,MID
673,37,MID
673,38,MID
717,4,MID
717,5,MID
717,6,MID
717,7,MID
717,8,MID
717,9,MID
717,10,MID
717,11,MID
717,12,MID
717,13,MID
717,14,MID
717,15,MID
717,16,MID
717,17,MID
717,18,MID
717,19,MID
717,20,MID
717,21,MID
717,22,MID
717,23,MID
717,24,MID
717,25,MID
717,26,MID
717,27,MID
717,28,MID
717,29,MID
717,30,MID
717,31,MID
717,32,MID
717,33,MID
717,34,MID
717,35,MID
717,36,MID
717,37,MID
717,38,MID
726,4,FWD
726,5,FWD
726,6,FWD
726,7,FWD
726,8,FWD
726,9,FWD
726,10,FWD
726,11,FWD
726,12,FWD
726,13,FWD
726,14,FWD
726,15,FWD
726,16,FWD
726,17,FWD
726,18,FWD
726,19,FWD
726,20,FWD
726,21,FWD
726,22,FWD
726,23,FWD
726,24,FWD
726,25,FWD
726,26,FWD
726,27,FWD
726,28,FWD
726,29,FWD
726,30,FWD
726,31,FWD
726,32,FWD
726,33,FWD
726,34,FWD
726,35,FWD
726,36,FWD
726,37,FWD
726,38,FWD
745,8,DEF
745,9,DEF
745,10,DEF
745,11,DEF
745,12,DEF
745,13,DEF
745,14,DEF
745,15,DEF
745,16,DEF
745,17,DEF
745,18,DEF
745,19,DEF
745,20,DEF
745,21,DEF
745,22,DEF
745,23,DEF
745,24,DEF
745,25,DEF
745,26,DEF
745,27,DEF
745,28,DEF
745,29,DEF
745,30,DEF
745,31,DEF
745,32,DEF
745,33,DEF
745,34,DEF
745,35,DEF
745,36,DEF
745,37,DEF
745,38,DEF
750,11,DEF
750,12,DEF
750,13,DEF
750,14,DEF
750,15,DEF
750,16,DEF
750,17,DEF
750,18,DEF
750,19,DEF
750,20,DEF
750,21,DEF
750,22,DEF
750,23,DEF
750,24,DEF
750,25,DEF
750,26,DEF
750,27,DEF
750,28,DEF
750,29,DEF
750,30,DEF
750,31,DEF
750,32,DEF
750,33,DEF
750,34,DEF
750,35,DEF
750,36,DEF
750,37,DEF
750,38,DEF
751,11,MID
751,12,MID
751,13,MID
751,14,MID
751,15,MID
751,16,MID
751,17,MID
751,18,MID
751,19,MID
751,20,MID
751,21,MID
751,22,MID
751,23,MID
751,24,MID
751,25,MID
751,26,MID
751,27,MID
751,28,MID
751,29,MID
751,30,MID
751,31,MID
751,32,MID
751,33,MID
751,34,MID
751,35,MID
751,36,MID
751,37,MID
751,38,MID
790,20,MID
790,21,MID
790,22,MID
790,23,MID
790,24,MID
790,25,MID
790,26,MID
790,27,MID
790,28,MID
790,29,MID
790,30,MID
790,31,MID
790,32,MID
790,33,MID
790,34,MID
790,35,MID
790,36,MID
790,37,MID
790,38,MID
796,22,MID
796,23,MID
796,24,MID
796,25,MID
796,26,MID
796,27,MID
796,28,MID
796,29,MID
796,30,MID
796,31,MID
796,32,MID
796,33,MID
796,34,MID
796,35,MID
796,36,MID
796,37,MID
796,38,MID
804,24,DEF
804,25,DEF
804,26,DEF
804,27,DEF
804,28,DEF
804,29,DEF
804,30,DEF
804,31,DEF
804,32,DEF
804,33,DEF
804,34,DEF
804,35,DEF
804,36,DEF
804,37,DEF
804,38,DEF
811,24,MID
811,25,MID
811,26,MID
811,27,MID
811,28,MID
811,29,MID
811,30,MID
811,31,MID
811,32,MID
811,33,MID
811,34,MID
811,35,MID
811,36,MID
811,37,MID
811,38,MID
818,27,FWD
818,28,FWD
818,29,FWD
818,30,FWD
818,31,FWD
818,32,FWD
818,33,FWD
818,34,FWD
818,35,FWD
818,36,FWD
818,37,FWD
818,38,FWD
326,1,MID
326,2,MID
326,3,MID
326,4,MID
326,5,MID
326,6,MID
326,7,MID
326,8,MID
326,9,MID
326,10,MID
326,11,MID
326,12,MID
326,13,MID
326,14,MID
326,15,MID
326,16,MID
326,17,MID
326,18,MID
326,19,MID
326,20,MID
326,21,MID
326,22,MID
326,23,MID
326,24,MID
326,25,MID
326,26,MID
326,27,MID
326,28,MID
326,29,MID
326,30,MID
326,31,MID
326,32,MID
326,33,MID
326,34,MID
326,35,MID
326,36,MID
326,37,MID
326,38,MID
600,1,GK
600,2,GK
600,3,GK
600,4,GK
600,5,GK
600,6,GK
600,7,GK
600,8,GK
600,9,GK
600,10,GK
600,11,GK
600,12,GK
600,13,GK
600,14,GK
600,15,GK
600,16,GK
600,17,GK
600,18,GK
600,19,GK
600,20,GK
600,21,GK
600,22,GK
600,23,GK
600,24,GK
600,25,GK
600,26,GK
600,27,GK
600,28,GK
600,29,GK
600,30,GK
600,31,GK
600,32,GK
600,33,GK
600,34,GK
600,35,GK
600,36,GK
600,37,GK
600,38,GK
601,1,GK
601,2,GK
601,3,GK
601,4,GK
601,5,GK
601,6,GK
601,7,GK
601,8,GK
601,9,GK
601,10,GK
601,11,GK
601,12,GK
601,13,GK
601,14,GK
601,15,GK
601,16,GK
601,17,GK
601,18,GK
601,19,GK
601,20,GK
601,21,GK
601,22,GK
601,23,GK
601,24,GK
601,25,GK
601,26,GK
601,27,GK
601,28,GK
601,29,GK
601,30,GK
601,31,GK
601,32,GK
601,33,GK
601,34,GK
601,35,GK
601,36,GK
601,37,GK
601,38,GK
602,1,GK
602,2,GK
602,3,GK
602,4,GK
602,5,GK
602,6,GK
602,7,GK
602,8,GK
602,9,GK
602,10,GK
602,11,GK
602,12,GK
602,13,GK
602,14,GK
602,15,GK
602,16,GK
602,17,GK
602,18,GK
602,19,GK
602,20,GK
602,21,GK
602,22,GK
602,23,GK
602,24,GK
602,25,GK
602,26,GK
602,27,GK
602,28,GK
602,29,GK
602,30,GK
602,31,GK
602,32,GK
602,33,GK
602,34,GK
602,35,GK
602,36,GK
602,37,GK
602,38,GK
603,1,DEF
603,2,DEF
603,3,DEF
603,4,DEF
603,5,DEF
603,6,DEF
603,7,DEF
603,8,DEF
603,9,DEF
603,10,DEF
603,11,DEF
603,12,DEF
603,13,DEF
603,14,DEF
603,15,DEF
603,16,DEF
603,17,DEF
603,18,DEF
603,19,DEF
603,20,DEF
603,21,DEF
603,22,DEF
603,23,DEF
603,24,DEF
603,25,DEF
603,26,DEF
603,27,DEF
603,28,DEF
603,29,DEF
603,30,DEF
603,31,DEF
603,32,DEF
603,33,DEF
603,34,DEF
603,35,DEF
603,36,DEF
603,37,DEF
603,38,DEF
604,1,DEF
604,2,DEF
604,3,DEF
604,4,DEF
604,5,DEF
604,6,DEF
604,7,DEF
604,8,DEF
604,9,DEF
604,10,DEF
604,11,DEF
604,12,DEF
604,13,DEF
604,14,DEF
604,15,DEF
604,16,DEF
604,17,DEF
604,18,DEF
604,19,DEF
604,20,DEF
604,21,DEF
604,22,DEF
604,23,DEF
604,24,DEF
604,25,DEF
604,26,DEF
604,27,DEF
604,28,DEF
604,29,DEF
604,30,DEF
604,31,DEF
604,32,DEF
604,33,DEF
604,34,DEF
604,35,DEF
604,36,DEF
604,37,DEF
604,38,DEF
605,1,DEF
605,2,DEF
605,3,DEF
605,4,DEF
605,5,DEF
605,6,DEF
605,7,DEF
605,8,DEF
605,9,DEF
605,10,DEF
605,11,DEF
605,12,DEF
605,13,DEF
605,14,DEF
605,15,DEF
605,16,DEF
605,17,DEF
605,18,DEF
605,19,DEF
605,20,DEF
605,21,DEF
605,22,DEF
605,23,DEF
605,24,DEF
605,25,DEF
605,26,DEF
605,27,DEF
605,28,DEF
605,29,DEF
605,30,DEF
605,31,DEF
605,32,DEF
605,33,DEF
605,34,DEF
605,35,DEF
605,36,DEF
605,37,DEF
605,38,DEF
606,1,DEF
606,2,DEF
606,3,DEF
606,4,DEF
606,5,DEF
606,6,DEF
606,7,DEF
606,8,DEF
606,9,DEF
606,10,DEF
606,11,DEF
606,12,DEF
606,13,DEF
606,14,DEF
606,15,DEF
606,16,DEF
606,17,DEF
606,18,DEF
606,19,DEF
606,20,DEF
606,21,DEF
606,22,DEF
606,23,DEF
606,24,DEF
606,25,DEF
606,26,DEF
606,27,DEF
606,28,DEF
606,29,DEF
606,30,DEF
606,31,DEF
606,32,DEF
606,33,DEF
606,34,DEF
606,35,DEF
606,36,DEF
606,37,DEF
606,38,DEF
607,1,DEF
607,2,DEF
607,3,DEF
607,4,DEF
607,5,DEF
607,6,DEF
607,7,DEF
607,8,DEF
607,9,DEF
607,10,DEF
607,11,DEF
607,12,DEF
607,13,DEF
607,14,DEF
607,15,DEF
607,16,DEF
607,17,DEF
607,18,DEF
607,19,DEF
607,20,DEF
607,21,DEF
607,22,DEF
607,23,DEF
607,24,DEF
607,25,DEF
607,26,DEF
607,27,DEF
607,28,DEF
607,29,DEF
607,30,DEF
607,31,DEF
607,32,DEF
607,33,DEF
607,34,DEF
607,35,DEF
607,36,DEF
607,37,DEF
607,38,DEF
608,1,DEF
608,2,DEF
608,3,DEF
608,4,DEF
608,5,DEF
608,6,DEF
608,7,DEF
608,8,DEF
608,9,DEF
608,10,DEF
608,11,DEF
608,12,DEF
608,13,DEF
608,14,DEF
608,15,DEF
608,16,DEF
608,17,DEF
608,18,DEF
608,19,DEF
608,20,DEF
608,21,DEF
608,22,DEF
608,23,DEF
608,24,DEF
608,25,DEF
608,26,DEF
608,27,DEF
608,28,DEF
608,29,DEF
608,30,DEF
608,31,DEF
608,32,DEF
608,33,DEF
608,34,DEF
608,35,DEF
608,36,DEF
608,37,DEF
608,38,DEF
609,1,DEF
609,2,DEF
609,3,DEF
609,4,DEF
609,5,DEF
609,6,DEF
609,7,DEF
609,8,DEF
609,9,DEF
609,10,DEF
609,11,DEF
609,12,DEF
609,13,DEF
609,14,DEF
609,15,DEF
609,16,DEF
609,17,DEF
609,18,DEF
609,19,DEF
609,20,DEF
609,21,DEF
609,22,DEF
609,23,DEF
609,24,DEF
609,25,DEF
609,26,DEF
609,27,DEF
609,28,DEF
609,29,DEF
609,30,DEF
609,31,DEF
609,32,DEF
609,33,DEF
609,34,DEF
609,35,DEF
609,36,DEF
609,37,DEF
609,38,DEF
610,1,DEF
610,2,DEF
610,3,DEF
610,4,DEF
610,5,DEF
610,6,DEF
610,7,DEF
610,8,DEF
610,9,DEF
610,10,DEF
610,11,DEF
610,12,DEF
610,13,DEF
610,14,DEF
610,15,DEF
610,16,DEF
610,17,DEF
610,18,DEF
610,19,DEF
610,20,DEF
610,21,DEF
610,22,DEF
610,23,DEF
610,24,DEF
610,25,DEF
610,26,DEF
610,27,DEF
610,28,DEF
610,29,DEF
610,30,DEF
610,31,DEF
610,32,DEF
610,33,DEF
610,34,DEF
610,35,DEF
610,36,DEF
610,37,DEF
610,38,DEF
611,1,DEF
611,2,DEF
611,3,DEF
611,4,DEF
611,5,DEF
611,6,DEF
611,7,DEF
611,8,DEF
611,9,DEF
611,10,DEF
611,11,DEF
611,12,DEF
611,13,DEF
611,14,DEF
611,15,DEF
611,16,DEF
611,17,DEF
611,18,DEF
611,19,DEF
611,20,DEF
611,21,DEF
611,22,DEF
611,23,DEF
611,24,DEF
611,25,DEF
611,26,DEF
611,27,DEF
611,28,DEF
611,29,DEF
611,30,DEF
611,31,DEF
611,32,DEF
611,33,DEF
611,34,DEF
611,35,DEF
611,36,DEF
611,37,DEF
611,38,DEF
612,1,MID
612,2,MID
612,3,MID
612,4,MID
612,5,MID
612,6,MID
612,7,MID
612,8,MID
612,9,MID
612,10,MID
612,11,MID
612,12,MID
612,13,MID
612,14,MID
612,15,MID
612,16,MID
612,17,MID
612,18,MID
612,19,MID
612,20,MID
612,21,MID
612,22,MID
612,23,MID
612,24,MID
612,25,MID
612,26,MID
612,27,MID
612,28,MID
612,29,MID
612,30,MID
612,31,MID
612,32,MID
612,33,MID
612,34,MID
612,35,MID
612,36,MID
612,37,MID
612,38,MID
613,1,MID
613,2,MID
613,3,MID
613,4,MID
613,5,MID
613,6,MID
613,7,MID
613,8,MID
613,9,MID
613,10,MID
613,11,MID
613,12,MID
613,13,MID
613,14,MID
613,15,MID
613,16,MID
613,17,MID
613,18,MID
613,19,MID
613,20,MID
613,21,MID
613,22,MID
613,23,MID
613,24,MID
613,25,MID
613,26,MID
613,27,MID
613,28,MID
613,29,MID
613,30,MID
613,31,MID
613,32,MID
613,33,MID
613,34,MID
613,35,MID
613,36,MID
613,37,MID
613,38,MID
615,1,MID
615,2,MID
615,3,MID
615,4,MID
615,5,MID
615,6,MID
615,7,MID
615,8,MID
615,9,MID
615,10,MID
615,11,MID
615,12,MID
615,13,MID
615,14,MID
615,15,MID
615,16,MID
615,17,MID
615,18,MID
615,19,MID
615,20,MID
615,21,MID
615,22,MID
615,23,MID
615,24,MID
615,25,MID
615,26,MID
615,27,MID
615,28,MID
615,29,MID
615,30,MID
615,31,MID
615,32,MID
615,33,MID
615,34,MID
615,35,MID
615,36,MID
615,37,MID
615,38,MID
616,1,MID
616,2,MID
616,3,MID
616,4,MID
616,5,MID
616,6,MID
616,7,MID
616,8,MID
616,9,MID
616,10,MID
616,11,MID
616,12,MID
616,13,MID
616,14,MID
616,15,MID
616,16,MID
616,17,MID
616,18,MID
616,19,MID
616,20,MID
616,21,MID
616,22,MID
616,23,MID
616,24,MID
616,25,MID
616,26,MID
616,27,MID
616,28,MID
616,29,MID
616,30,MID
616,31,MID
616,32,MID
616,33,MID
616,34,MID
616,35,MID
616,36,MID
616,37,MID
616,38,MID
617,1,MID
617,2,MID
617,3,MID
617,4,MID
617,5,MID
617,6,MID
617,7,MID
617,8,MID
617,9,MID
617,10,MID
617,11,MID
617,12,MID
617,13,MID
617,14,MID
617,15,MID
617,16,MID
617,17,MID
617,18,MID
617,19,MID
617,20,MID
617,21,MID
617,22,MID
617,23,MID
617,24,MID
617,25,MID
617,26,MID
617,27,MID
617,28,MID
617,29,MID
617,30,MID
617,31,MID
617,32,MID
617,33,MID
617,34,MID
617,35,MID
617,36,MID
617,37,MID
617,38,MID
618,1,MID
618,2,MID
618,3,MID
618,4,MID
618,5,MID
618,6,MID
618,7,MID
618,8,MID
618,9,MID
618,10,MID
618,11,MID
618,12,MID
618,13,MID
618,14,MID
618,15,MID
618,16,MID
618,17,MID
618,18,MID
618,19,MID
618,20,MID
618,21,MID
618,22,MID
618,23,MID
618,24,MID
618,25,MID
618,26,MID
618,27,MID
618,28,MID
618,29,MID
618,30,MID
618,31,MID
618,32,MID
618,33,MID
618,34,MID
618,35,MID
618,36,MID
618,37,MID
618,38,MID
619,1,MID
619,2,MID
619,3,MID
619,4,MID
619,5,MID
619,6,MID
619,7,MID
619,8,MID
619,9,MID
619,10,MID
619,11,MID
619,12,MID
619,13,MID
619,14,MID
619,15,MID
619,16,MID
619,17,MID
619,18,MID
619,19,MID
619,20,MID
619,21,MID
619,22,MID
619,23,MID
619,24,MID
619,25,MID
619,26,MID
619,27,MID
619,28,MID
619,29,MID
619,30,MID
619,31,MID
619,32,MID
619,33,MID
619,34,MID
619,35,MID
619,36,MID
619,37,MID
619,38,MID
620,1,MID
620,2,MID
620,3,MID
620,4,MID
620,5,MID
620,6,MID
620,7,MID
620,8,MID
620,9,MID
620,10,MID
620,11,MID
620,12,MID
620,13,MID
620,14,MID
620,15,MID
620,16,MID
620,17,MID
620,18,MID
620,19,MID
620,20,MID
620,21,MID
620,22,MID
620,23,MID
620,24,MID
620,25,MID
620,26,MID
620,27,MID
620,28,MID
620,29,MID
620,30,MID
620,31,MID
620,32,MID
620,33,MID
620,34,MID
620,35,MID
620,36,MID
620,37,MID
620,38,MID
621,1,MID
621,2,MID
621,3,MID
621,4,MID
621,5,MID
621,6,MID
621,7,MID
621,8,MID
621,9,MID
621,10,MID
621,11,MID
621,12,MID
621,13,MID
621,14,MID
621,15,MID
621,16,MID
621,17,MID
621,18,MID
621,19,MID
621,20,MID
621,21,MID
621,22,MID
621,23,MID
621,24,MID
621,25,MID
621,26,MID
621,27,MID
621,28,MID
621,29,MID
621,30,MID
621,31,MID
621,32,MID
621,33,MID
621,34,MID
621,35,MID
621,36,MID
621,37,MID
621,38,MID
622,1,MID
622,2,MID
622,3,MID
622,4,MID
622,5,MID
622,6,MID
622,7,MID
622,8,MID
622,9,MID
622,10,MID
622,11,MID
622,12,MID
622,13,MID
622,14,MID
622,15,MID
622,16,MID
622,17,MID
622,18,MID
622,19,MID
622,20,MID
622,21,MID
622,22,MID
622,23,MID
622,24,MID
622,25,MID
622,26,MID
622,27,MID
622,28,MID
622,29,MID
622,30,MID
622,31,MID
622,32,MID
622,33,MID
622,34,MID
622,35,MID
622,36,MID
622,37,MID
622,38,MID
623,1,MID
623,2,MID
623,3,MID
623,4,MID
623,5,MID
623,6,MID
623,7,MID
623,8,MID
623,9,MID
623,10,MID
623,11,MID
623,12,MID
623,13,MID
623,14,MID
623,15,MID
623,16,MID
623,17,MID
623,18,MID
623,19,MID
623,20,MID
623,21,MID
623,22,MID
623,23,MID
623,24,MID
623,25,MID
623,26,MID
623,27,MID
623,28,MID
623,29,MID
623,30,MID
623,31,MID
623,32,MID
623,33,MID
623,34,MID
623,35,MID
623,36,MID
623,37,MID
623,38,MID
624,1,FWD
624,2,FWD
624,3,FWD
624,4,FWD
624,5,FWD
624,6,FWD
624,7,FWD
624,8,FWD
624,9,FWD
624,10,FWD
624,11,FWD
624,12,FWD
624,13,FWD
624,14,FWD
624,15,FWD
624,16,FWD
624,17,FWD
624,18,FWD
624,19,FWD
624,20,FWD
624,21,FWD
624,22,FWD
624,23,FWD
624,24,FWD
624,25,FWD
624,26,FWD
624,27,FWD
624,28,FWD
624,29,FWD
624,30,FWD
624,31,FWD
624,32,FWD
624,33,FWD
624,34,FWD
624,35,FWD
624,36,FWD
624,37,FWD
624,38,FWD
625,1,FWD
625,2,FWD
625,3,FWD
625,4,FWD
625,5,FWD
625,6,FWD
625,7,FWD
625,8,FWD
625,9,FWD
625,10,FWD
625,11,FWD
625,12,FWD
625,13,FWD
625,14,FWD
625,15,FWD
625,16,FWD
625,17,FWD
625,18,FWD
625,19,FWD
625,20,FWD
625,21,FWD
625,22,FWD
625,23,FWD
625,24,FWD
625,25,FWD
625,26,FWD
625,27,FWD
625,28,FWD
625,29,FWD
625,30,FWD
625,31,FWD
625,32,FWD
625,33,FWD
625,34,FWD
625,35,FWD
625,36,FWD
625,37,FWD
625,38,FWD
626,1,FWD
626,2,FWD
626,3,FWD
626,4,FWD
626,5,FWD
626,6,FWD
626,7,FWD
626,8,FWD
626,9,FWD
626,10,FWD
626,11,FWD
626,12,FWD
626,13,FWD
626,14,FWD
626,15,FWD
626,16,FWD
626,17,FWD
626,18,FWD
626,19,FWD
626,20,FWD
626,21,FWD
626,22,FWD
626,23,FWD
626,24,FWD
626,25,FWD
626,26,FWD
626,27,FWD
626,28,FWD
626,29,FWD
626,30,FWD
626,31,FWD
626,32,FWD
626,33,FWD
626,34,FWD
626,35,FWD
626,36,FWD
626,37,FWD
626,38,FWD
659,1,DEF
659,2,DEF
659,3,DEF
659,4,DEF
659,5,DEF
659,6,DEF
659,7,DEF
659,8,DEF
659,9,DEF
659,10,DEF
659,11,DEF
659,12,DEF
659,13,DEF
659,14,DEF
659,15,DEF
659,16,DEF
659,17,DEF
659,18,DEF
659,19,DEF
659,20,DEF
659,21,DEF
659,22,DEF
659,23,DEF
659,24,DEF
659,25,DEF
659,26,DEF
659,27,DEF
659,28,DEF
659,29,DEF
659,30,DEF
659,31,DEF
659,32,DEF
659,33,DEF
659,34,DEF
659,35,DEF
659,36,DEF
659,37,DEF
659,38,DEF
671,1,FWD
671,2,FWD
671,3,FWD
671,4,FWD
671,5,FWD
671,6,FWD
671,7,FWD
671,8,FWD
671,9,FWD
671,10,FWD
671,11,FWD
671,12,FWD
671,13,FWD
671,14,FWD
671,15,FWD
671,16,FWD
671,17,FWD
671,18,FWD
671,19,FWD
671,20,FWD
671,21,FWD
671,22,FWD
671,23,FWD
671,24,FWD
671,25,FWD
671,26,FWD
671,27,FWD
671,28,FWD
671,29,FWD
671,30,FWD
671,31,FWD
671,32,FWD
671,33,FWD
671,34,FWD
671,35,FWD
671,36,FWD
671,37,FWD
671,38,FWD
679,1,GK
679,2,GK
679,3,GK
679,4,GK
679,5,GK
679,6,GK
679,7,GK
679,8,GK
679,9,GK
679,10,GK
679,11,GK
679,12,GK
679,13,GK
679,14,GK
679,15,GK
679,16,GK
679,17,GK
679,18,GK
679,19,GK
679,20,GK
679,21,GK
679,22,GK
679,23,GK
679,24,GK
679,25,GK
679,26,GK
679,27,GK
679,28,GK
679,29,GK
679,30,GK
679,31,GK
679,32,GK
679,33,GK
679,34,GK
679,35,GK
679,36,GK
679,37,GK
679,38,GK
708,3,MID
708,4,MID
708,5,MID
708,6,MID
708,7,MID
708,8,MID
708,9,MID
708,10,MID
708,11,MID
708,12,MID
708,13,MID
708,14,MID
708,15,MID
708,16,MID
708,17,MID
708,18,MID
708,19,MID
708,20,MID
708,21,MID
708,22,MID
708,23,MID
708,24,MID
708,25,MID
708,26,MID
708,27,MID
708,28,MID
708,29,MID
708,30,MID
708,31,MID
708,32,MID
708,33,MID
708,34,MID
708,35,MID
708,36,MID
708,37,MID
708,38,MID
718,4,MID
718,5,MID
718,6,MID
718,7,MID
718,8,MID
718,9,MID
718,10,MID
718,11,MID
718,12,MID
718,13,MID
718,14,MID
718,15,MID
718,16,MID
718,17,MID
718,18,MID
718,19,MID
718,20,MID
718,21,MID
718,22,MID
718,23,MID
718,24,MID
718,25,MID
718,26,MID
718,27,MID
718,28,MID
718,29,MID
718,30,MID
718,31,MID
718,32,MID
718,33,MID
718,34,MID
718,35,MID
718,36,MID
718,37,MID
718,38,MID
738,4,GK
738,5,GK
738,6,GK
738,7,GK
738,8,GK
738,9,GK
738,10,GK
738,11,GK
738,12,GK
738,13,GK
738,14,GK
738,15,GK
738,16,GK
738,17,GK
738,18,GK
738,19,GK
738,20,GK
738,21,GK
738,22,GK
738,23,GK
738,24,GK
738,25,GK
738,26,GK
738,27,GK
738,28,GK
738,29,GK
738,30,GK
738,31,GK
738,32,GK
738,33,GK
738,34,GK
738,35,GK
738,36,GK
738,37,GK
738,38,GK
747,10,DEF
747,11,DEF
747,12,DEF
747,13,DEF
747,14,DEF
747,15,DEF
747,16,DEF
747,17,DEF
747,18,DEF
747,19,DEF
747,20,DEF
747,21,DEF
747,22,DEF
747,23,DEF
747,24,DEF
747,25,DEF
747,26,DEF
747,27,DEF
747,28,DEF
747,29,DEF
747,30,DEF
747,31,DEF
747,32,DEF
747,33,DEF
747,34,DEF
747,35,DEF
747,36,DEF
747,37,DEF
747,38,DEF
752,11,DEF
752,12,DEF
752,13,DEF
752,14,DEF
752,15,DEF
752,16,DEF
752,17,DEF
752,18,DEF
752,19,DEF
752,20,DEF
752,21,DEF
752,22,DEF
752,23,DEF
752,24,DEF
752,25,DEF
752,26,DEF
752,27,DEF
752,28,DEF
752,29,DEF
752,30,DEF
752,31,DEF
752,32,DEF
752,33,DEF
752,34,DEF
752,35,DEF
752,36,DEF
752,37,DEF
752,38,DEF
758,14,MID
758,15,MID
758,16,MID
758,17,MID
758,18,MID
758,19,MID
758,20,MID
758,21,MID
758,22,MID
758,23,MID
758,24,MID
758,25,MID
758,26,MID
758,27,MID
758,28,MID
758,29,MID
758,30,MID
758,31,MID
758,32,MID
758,33,MID
758,34,MID
758,35,MID
758,36,MID
758,37,MID
758,38,MID
785,20,FWD
785,21,FWD
785,22,FWD
785,23,FWD
785,24,FWD
785,25,FWD
785,26,FWD
785,27,FWD
785,28,FWD
785,29,FWD
785,30,FWD
785,31,FWD
785,32,FWD
785,33,FWD
785,34,FWD
785,35,FWD
785,36,FWD
785,37,FWD
785,38,FWD
791,21,FWD
791,22,FWD
791,23,FWD
791,24,FWD
791,25,FWD
791,26,FWD
791,27,FWD
791,28,FWD
791,29,FWD
791,30,FWD
791,31,FWD
791,32,FWD
791,33,FWD
791,34,FWD
791,35,FWD
791,36,FWD
791,37,FWD
791,38,FWD
802,23,MID
802,24,MID
802,25,MID
802,26,MID
802,27,MID
802,28,MID
802,29,MID
802,30,MID
802,31,MID
802,32,MID
802,33,MID
802,34,MID
802,35,MID
802,36,MID
802,37,MID
802,38,MID
815,25,DEF
815,26,DEF
815,27,DEF
815,28,DEF
815,29,DEF
815,30,DEF
815,31,DEF
815,32,DEF
815,33,DEF
815,34,DEF
815,35,DEF
815,36,DEF
815,37,DEF
815,38,DEF
825,31,GK
825,32,GK
825,33,GK
825,34,GK
825,35,GK
825,36,GK
825,37,GK
825,38,GK
627,1,GK
627,2,GK
627,3,GK
627,4,GK
627,5,GK
627,6,GK
627,7,GK
627,8,GK
627,9,GK
627,10,GK
627,11,GK
627,12,GK
627,13,GK
627,14,GK
627,15,GK
627,16,GK
627,17,GK
627,18,GK
627,19,GK
627,20,GK
627,21,GK
627,22,GK
627,23,GK
627,24,GK
627,25,GK
627,26,GK
627,27,GK
627,28,GK
627,29,GK
627,30,GK
627,32,GK
627,33,GK
627,34,GK
627,35,GK
627,36,GK
627,37,GK
627,38,GK
628,1,GK
628,2,GK
628,3,GK
628,4,GK
628,5,GK
628,6,GK
628,7,GK
628,8,GK
628,9,GK
628,10,GK
628,11,GK
628,12,GK
628,13,GK
628,14,GK
628,15,GK
628,16,GK
628,17,GK
628,18,GK
628,19,GK
628,20,GK
628,21,GK
628,22,GK
628,23,GK
628,24,GK
628,25,GK
628,26,GK
628,27,GK
628,28,GK
628,29,GK
628,30,GK
628,32,GK
628,33,GK
628,34,GK
628,35,GK
628,36,GK
628,37,GK
628,38,GK
629,1,GK
629,2,GK
629,3,GK
629,4,GK
629,5,GK
629,6,GK
629,7,GK
629,8,GK
629,9,GK
629,10,GK
629,11,GK
629,12,GK
629,13,GK
629,14,GK
629,15,GK
629,16,GK
629,17,GK
629,18,GK
629,19,GK
629,20,GK
629,21,GK
629,22,GK
629,23,GK
629,24,GK
629,25,GK
629,26,GK
629,27,GK
629,28,GK
629,29,GK
629,30,GK
629,32,GK
629,33,GK
629,34,GK
629,35,GK
629,36,GK
629,37,GK
629,38,GK
631,1,DEF
631,2,DEF
631,3,DEF
631,4,DEF
631,5,DEF
631,6,DEF
631,7,DEF
631,8,DEF
631,9,DEF
631,10,DEF
631,11,DEF
631,12,DEF
631,13,DEF
631,14,DEF
631,15,DEF
631,16,DEF
631,17,DEF
631,18,DEF
631,19,DEF
631,20,DEF
631,21,DEF
631,22,DEF
631,23,DEF
631,24,DEF
631,25,DEF
631,26,DEF
631,27,DEF
631,28,DEF
631,29,DEF
631,30,DEF
631,32,DEF
631,33,DEF
631,34,DEF
631,35,DEF
631,36,DEF
631,37,DEF
631,38,DEF
632,1,DEF
632,2,DEF
632,3,DEF
632,4,DEF
632,5,DEF
632,6,DEF
632,7,DEF
632,8,DEF
632,9,DEF
632,10,DEF
632,11,DEF
632,12,DEF
632,13,DEF
632,14,DEF
632,15,DEF
632,16,DEF
632,17,DEF
632,18,DEF
632,19,DEF
632,20,DEF
632,21,DEF
632,22,DEF
632,23,DEF
632,24,DEF
632,25,DEF
632,26,DEF
632,27,DEF
632,28,DEF
632,29,DEF
632,30,DEF
632,32,DEF
632,33,DEF
632,34,DEF
632,35,DEF
632,36,DEF
632,37,DEF
632,38,DEF
633,1,DEF
633,2,DEF
633,3,DEF
633,4,DEF
633,5,DEF
633,6,DEF
633,7,DEF
633,8,DEF
633,9,DEF
633,10,DEF
633,11,DEF
633,12,DEF
633,13,DEF
633,14,DEF
633,15,DEF
633,16,DEF
633,17,DEF
633,18,DEF
633,19,DEF
633,20,DEF
633,21,DEF
633,22,DEF
633,23,DEF
633,24,DEF
633,25,DEF
633,26,DEF
633,27,DEF
633,28,DEF
633,29,DEF
633,30,DEF
633,32,DEF
633,33,DEF
633,34,DEF
633,35,DEF
633,36,DEF
633,37,DEF
633,38,DEF
634,1,DEF
634,2,DEF
634,3,DEF
634,4,DEF
634,5,DEF
634,6,DEF
634,7,DEF
634,8,DEF
634,9,DEF
634,10,DEF
634,11,DEF
634,12,DEF
634,13,DEF
634,14,DEF
634,15,DEF
634,16,DEF
634,17,DEF
634,18,DEF
634,19,DEF
634,20,DEF
634,21,DEF
634,22,DEF
634,23,DEF
634,24,DEF
634,25,DEF
634,26,DEF
634,27,DEF
634,28,DEF
634,29,DEF
634,30,DEF
634,32,DEF
634,33,DEF
634,34,DEF
634,35,DEF
634,36,DEF
634,37,DEF
634,38,DEF
635,1,DEF
635,2,DEF
635,3,DEF
635,4,DEF
635,5,DEF
635,6,DEF
635,7,DEF
635,8,DEF
635,9,DEF
635,10,DEF
635,11,DEF
635,12,DEF
635,13,DEF
635,14,DEF
635,15,DEF
635,16,DEF
635,17,DEF
635,18,DEF
635,19,DEF
635,20,DEF
635,21,DEF
635,22,DEF
635,23,DEF
635,24,DEF
635,25,DEF
635,26,DEF
635,27,DEF
635,28,DEF
635,29,DEF
635,30,DEF
635,32,DEF
635,33,DEF
635,34,DEF
635,35,DEF
635,36,DEF
635,37,DEF
635,38,DEF
636,1,DEF
636,2,DEF
636,3,DEF
636,4,DEF
636,5,DEF
636,6,DEF
636,7,DEF
636,8,DEF
636,9,DEF
636,10,DEF
636,11,DEF
636,12,DEF
636,13,DEF
636,14,DEF
636,15,DEF
636,16,DEF
636,17,DEF
636,18,DEF
636,19,DEF
636,20,DEF
636,21,DEF
636,22,DEF
636,23,DEF
636,24,DEF
636,25,DEF
636,26,DEF
636,27,DEF
636,28,DEF
636,29,DEF
636,30,DEF
636,32,DEF
636,33,DEF
636,34,DEF
636,35,DEF
636,36,DEF
636,37,DEF
636,38,DEF
637,1,DEF
637,2,DEF
637,3,DEF
637,4,DEF
637,5,DEF
637,6,DEF
637,7,DEF
637,8,DEF
637,9,DEF
637,10,DEF
637,11,DEF
637,12,DEF
637,13,DEF
637,14,DEF
637,15,DEF
637,16,DEF
637,17,DEF
637,18,DEF
637,19,DEF
637,20,DEF
637,21,DEF
637,22,DEF
637,23,DEF
637,24,DEF
637,25,DEF
637,26,DEF
637,27,DEF
637,28,DEF
637,29,DEF
637,30,DEF
637,32,DEF
637,33,DEF
637,34,DEF
637,35,DEF
637,36,DEF
637,37,DEF
637,38,DEF
638,1,DEF
638,2,DEF
638,3,DEF
638,4,DEF
638,5,DEF
638,6,DEF
638,7,DEF
638,8,DEF
638,9,DEF
638,10,DEF
638,11,DEF
638,12,DEF
638,13,DEF
638,14,DEF
638,15,DEF
638,16,DEF
638,17,DEF
638,18,DEF
638,19,DEF
638,20,DEF
638,21,DEF
638,22,DEF
638,23,DEF
638,24,DEF
638,25,DEF
638,26,DEF
638,27,DEF
638,28,DEF
638,29,DEF
638,30,DEF
638,32,DEF
638,33,DEF
638,34,DEF
638,35,DEF
638,36,DEF
638,37,DEF
638,38,DEF
639,1,DEF
639,2,DEF
639,3,DEF
639,4,DEF
639,5,DEF
639,6,DEF
639,7,DEF
639,8,DEF
639,9,DEF
639,10,DEF
639,11,DEF
639,12,DEF
639,13,DEF
639,14,DEF
639,15,DEF
639,16,DEF
639,17,DEF
639,18,DEF
639,19,DEF
639,20,DEF
639,21,DEF
639,22,DEF
639,23,DEF
639,24,DEF
639,25,DEF
639,26,DEF
639,27,DEF
639,28,DEF
639,29,DEF
639,30,DEF
639,32,DEF
639,33,DEF
639,34,DEF
639,35,DEF
639,36,DEF
639,37,DEF
639,38,DEF
640,1,DEF
640,2,DEF
640,3,DEF
640,4,DEF
640,5,DEF
640,6,DEF
640,7,DEF
640,8,DEF
640,9,DEF
640,10,DEF
640,11,DEF
640,12,DEF
640,13,DEF
640,14,DEF
640,15,DEF
640,16,DEF
640,17,DEF
640,18,DEF
640,19,DEF
640,20,DEF
640,21,DEF
640,22,DEF
640,23,DEF
640,24,DEF
640,25,DEF
640,26,DEF
640,27,DEF
640,28,DEF
640,29,DEF
640,30,DEF
640,32,DEF
640,33,DEF
640,34,DEF
640,35,DEF
640,36,DEF
640,37,DEF
640,38,DEF
641,1,DEF
641,2,DEF
641,3,DEF
641,4,DEF
641,5,DEF
641,6,DEF
641,7,DEF
641,8,DEF
641,9,DEF
641,10,DEF
641,11,DEF
641,12,DEF
641,13,DEF
641,14,DEF
641,15,DEF
641,16,DEF
641,17,DEF
641,18,DEF
641,19,DEF
641,20,DEF
641,21,DEF
641,22,DEF
641,23,DEF
641,24,DEF
641,25,DEF
641,26,DEF
641,27,DEF
641,28,DEF
641,29,DEF
641,30,DEF
641,32,DEF
641,33,DEF
641,34,DEF
641,35,DEF
641,36,DEF
641,37,DEF
641,38,DEF
642,1,MID
642,2,MID
642,3,MID
642,4,MID
642,5,MID
642,6,MID
642,7,MID
642,8,MID
642,9,MID
642,10,MID
642,11,MID
642,12,MID
642,13,MID
642,14,MID
642,15,MID
642,16,MID
642,17,MID
642,18,MID
642,19,MID
642,20,MID
642,21,MID
642,22,MID
642,23,MID
642,24,MID
642,25,MID
642,26,MID
642,27,MID
642,28,MID
642,29,MID
642,30,MID
642,32,MID
642,33,MID
642,34,MID
642,35,MID
642,36,MID
642,37,MID
642,38,MID
643,1,MID
643,2,MID
643,3,MID
643,4,MID
643,5,MID
643,6,MID
643,7,MID
643,8,MID
643,9,MID
643,10,MID
643,11,MID
643,12,MID
643,13,MID
643,14,MID
643,15,MID
643,16,MID
643,17,MID
643,18,MID
643,19,MID
643,20,MID
643,21,MID
643,22,MID
643,23,MID
643,24,MID
643,25,MID
643,26,MID
643,27,MID
643,28,MID
643,29,MID
643,30,MID
643,32,MID
643,33,MID
643,34,MID
643,35,MID
643,36,MID
643,37,MID
643,38,MID
644,1,MID
644,2,MID
644,3,MID
644,4,MID
644,5,MID
644,6,MID
644,7,MID
644,8,MID
644,9,MID
644,10,MID
644,11,MID
644,12,MID
644,13,MID
644,14,MID
644,15,MID
644,16,MID
644,17,MID
644,18,MID
644,19,MID
644,20,MID
644,21,MID
644,22,MID
644,23,MID
644,24,MID
644,25,MID
644,26,MID
644,27,MID
644,28,MID
644,29,MID
644,30,MID
644,32,MID
644,33,MID
644,34,MID
644,35,MID
644,36,MID
644,37,MID
644,38,MID
645,1,MID
645,2,MID
645,3,MID
645,4,MID
645,5,MID
645,6,MID
645,7,MID
645,8,MID
645,9,MID
645,10,MID
645,11,MID
645,12,MID
645,13,MID
645,14,MID
645,15,MID
645,16,MID
645,17,MID
645,18,MID
645,19,MID
645,20,MID
645,21,MID
645,22,MID
645,23,MID
645,24,MID
645,25,MID
645,26,MID
645,27,MID
645,28,MID
645,29,MID
645,30,MID
645,32,MID
645,33,MID
645,34,MID
645,35,MID
645,36,MID
645,37,MID
645,38,MID
646,1,MID
646,2,MID
646,3,MID
646,4,MID
646,5,MID
646,6,MID
646,7,MID
646,8,MID
646,9,MID
646,10,MID
646,11,MID
646,12,MID
646,13,MID
646,14,MID
646,15,MID
646,16,MID
646,17,MID
646,18,MID
646,19,MID
646,20,MID
646,21,MID
646,22,MID
646,23,MID
646,24,MID
646,25,MID
646,26,MID
646,27,MID
646,28,MID
646,29,MID
646,30,MID
646,32,MID
646,33,MID
646,34,MID
646,35,MID
646,36,MID
646,37,MID
646,38,MID
647,1,MID
647,2,MID
647,3,MID
647,4,MID
647,5,MID
647,6,MID
647,7,MID
647,8,MID
647,9,MID
647,10,MID
647,11,MID
647,12,MID
647,13,MID
647,14,MID
647,15,MID
647,16,MID
647,17,MID
647,18,MID
647,19,MID
647,20,MID
647,21,MID
647,22,MID
647,23,MID
647,24,MID
647,25,MID
647,26,MID
647,27,MID
647,28,MID
647,29,MID
647,30,MID
647,32,MID
647,33,MID
647,34,MID
647,35,MID
647,36,MID
647,37,MID
647,38,MID
648,1,MID
648,2,MID
648,3,MID
648,4,MID
648,5,MID
648,6,MID
648,7,MID
648,8,MID
648,9,MID
648,10,MID
648,11,MID
648,12,MID
648,13,MID
648,14,MID
648,15,MID
648,16,MID
648,17,MID
648,18,MID
648,19,MID
648,20,MID
648,21,MID
648,22,MID
648,23,MID
648,24,MID
648,25,MID
648,26,MID
648,27,MID
648,28,MID
648,29,MID
648,30,MID
648,32,MID
648,33,MID
648,34,MID
648,35,MID
648,36,MID
648,37,MID
648,38,MID
649,1,MID
649,2,MID
649,3,MID
649,4,MID
649,5,MID
649,6,MID
649,7,MID
649,8,MID
649,9,MID
649,10,MID
649,11,MID
649,12,MID
649,13,MID
649,14,MID
649,15,MID
649,16,MID
649,17,MID
649,18,MID
649,19,MID
649,20,MID
649,21,MID
649,22,MID
649,23,MID
649,24,MID
649,25,MID
649,26,MID
649,27,MID
649,28,MID
649,29,MID
649,30,MID
649,32,MID
649,33,MID
649,34,MID
649,35,MID
649,36,MID
649,37,MID
649,38,MID
650,1,MID
650,2,MID
650,3,MID
650,4,MID
650,5,MID
650,6,MID
650,7,MID
650,8,MID
650,9,MID
650,10,MID
650,11,MID
650,12,MID
650,13,MID
650,14,MID
650,15,MID
650,16,MID
650,17,MID
650,18,MID
650,19,MID
650,20,MID
650,21,MID
650,22,MID
650,23,MID
650,24,MID
650,25,MID
650,26,MID
650,27,MID
650,28,MID
650,29,MID
650,30,MID
650,32,MID
650,33,MID
650,34,MID
650,35,MID
650,36,MID
650,37,MID
650,38,MID
651,1,MID
651,2,MID
651,3,MID
651,4,MID
651,5,MID
651,6,MID
651,7,MID
651,8,MID
651,9,MID
651,10,MID
651,11,MID
651,12,MID
651,13,MID
651,14,MID
651,15,MID
651,16,MID
651,17,MID
651,18,MID
651,19,MID
651,20,MID
651,21,MID
651,22,MID
651,23,MID
651,24,MID
651,25,MID
651,26,MID
651,27,MID
651,28,MID
651,29,MID
651,30,MID
651,32,MID
651,33,MID
651,34,MID
651,35,MID
651,36,MID
651,37,MID
651,38,MID
652,1,MID
652,2,MID
652,3,MID
652,4,MID
652,5,MID
652,6,MID
652,7,MID
652,8,MID
652,9,MID
652,10,MID
652,11,MID
652,12,MID
652,13,MID
652,14,MID
652,15,MID
652,16,MID
652,17,MID
652,18,MID
652,19,MID
652,20,MID
652,21,MID
652,22,MID
652,23,MID
652,24,MID
652,25,MID
652,26,MID
652,27,MID
652,28,MID
652,29,MID
652,30,MID
652,32,MID
652,33,MID
652,34,MID
652,35,MID
652,36,MID
652,37,MID
652,38,MID
653,1,MID
653,2,MID
653,3,MID
653,4,MID
653,5,MID
653,6,MID
653,7,MID
653,8,MID
653,9,MID
653,10,MID
653,11,MID
653,12,MID
653,13,MID
653,14,MID
653,15,MID
653,16,MID
653,17,MID
653,18,MID
653,19,MID
653,20,MID
653,21,MID
653,22,MID
653,23,MID
653,24,MID
653,25,MID
653,26,MID
653,27,MID
653,28,MID
653,29,MID
653,30,MID
653,32,MID
653,33,MID
653,34,MID
653,35,MID
653,36,MID
653,37,MID
653,38,MID
655,1,FWD
655,2,FWD
655,3,FWD
655,4,FWD
655,5,FWD
655,6,FWD
655,7,FWD
655,8,FWD
655,9,FWD
655,10,FWD
655,11,FWD
655,12,FWD
655,13,FWD
655,14,FWD
655,15,FWD
655,16,FWD
655,17,FWD
655,18,FWD
655,19,FWD
655,20,FWD
655,21,FWD
655,22,FWD
655,23,FWD
655,24,FWD
655,25,FWD
655,26,FWD
655,27,FWD
655,28,FWD
655,29,FWD
655,30,FWD
655,32,FWD
655,33,FWD
655,34,FWD
655,35,FWD
655,36,FWD
655,37,FWD
655,38,FWD
656,1,FWD
656,2,FWD
656,3,FWD
656,4,FWD
656,5,FWD
656,6,FWD
656,7,FWD
656,8,FWD
656,9,FWD
656,10,FWD
656,11,FWD
656,12,FWD
656,13,FWD
656,14,FWD
656,15,FWD
656,16,FWD
656,17,FWD
656,18,FWD
656,19,FWD
656,20,FWD
656,21,FWD
656,22,FWD
656,23,FWD
656,24,FWD
656,25,FWD
656,26,FWD
656,27,FWD
656,28,FWD
656,29,FWD
656,30,FWD
656,32,FWD
656,33,FWD
656,34,FWD
656,35,FWD
656,36,FWD
656,37,FWD
656,38,FWD
657,1,FWD
657,2,FWD
657,3,FWD
657,4,FWD
657,5,FWD
657,6,FWD
657,7,FWD
657,8,FWD
657,9,FWD
657,10,FWD
657,11,FWD
657,12,FWD
657,13,FWD
657,14,FWD
657,15,FWD
657,16,FWD
657,17,FWD
657,18,FWD
657,19,FWD
657,20,FWD
657,21,FWD
657,22,FWD
657,23,FWD
657,24,FWD
657,25,FWD
657,26,FWD
657,27,FWD
657,28,FWD
657,29,FWD
657,30,FWD
657,32,FWD
657,33,FWD
657,34,FWD
657,35,FWD
657,36,FWD
657,37,FWD
657,38,FWD
658,1,FWD
658,2,FWD
658,3,FWD
658,4,FWD
658,5,FWD
658,6,FWD
658,7,FWD
658,8,FWD
658,9,FWD
658,10,FWD
658,11,FWD
658,12,FWD
658,13,FWD
658,14,FWD
658,15,FWD
658,16,FWD
658,17,FWD
658,18,FWD
658,19,FWD
658,20,FWD
658,21,FWD
658,22,FWD
658,23,FWD
658,24,FWD
658,25,FWD
658,26,FWD
658,27,FWD
658,28,FWD
658,29,FWD
658,30,FWD
658,32,FWD
658,33,FWD
658,34,FWD
658,35,FWD
658,36,FWD
658,37,FWD
658,38,FWD
663,1,MID
663,2,MID
663,3,MID
663,4,MID
663,5,MID
663,6,MID
663,7,MID
663,8,MID
663,9,MID
663,10,MID
663,11,MID
663,12,MID
663,13,MID
663,14,MID
663,15,MID
663,16,MID
663,17,MID
663,18,MID
663,19,MID
663,20,MID
663,21,MID
663,22,MID
663,23,MID
663,24,MID
663,25,MID
663,26,MID
663,27,MID
663,28,MID
663,29,MID
663,30,MID
663,32,MID
663,33,MID
663,34,MID
663,35,MID
663,36,MID
663,37,MID
663,38,MID
682,1,DEF
682,2,DEF
682,3,DEF
682,4,DEF
682,5,DEF
682,6,DEF
682,7,DEF
682,8,DEF
682,9,DEF
682,10,DEF
682,11,DEF
682,12,DEF
682,13,DEF
682,14,DEF
682,15,DEF
682,16,DEF
682,17,DEF
682,18,DEF
682,19,DEF
682,20,DEF
682,21,DEF
682,22,DEF
682,23,DEF
682,24,DEF
682,25,DEF
682,26,DEF
682,27,DEF
682,28,DEF
682,29,DEF
682,30,DEF
682,32,DEF
682,33,DEF
682,34,DEF
682,35,DEF
682,36,DEF
682,37,DEF
682,38,DEF
695,2,DEF
695,3,DEF
695,4,DEF
695,5,DEF
695,6,DEF
695,7,DEF
695,8,DEF
695,9,DEF
695,10,DEF
695,11,DEF
695,12,DEF
695,13,DEF
695,14,DEF
695,15,DEF
695,16,DEF
695,17,DEF
695,18,DEF
695,19,DEF
695,20,DEF
695,21,DEF
695,22,DEF
695,23,DEF
695,24,DEF
695,25,DEF
695,26,DEF
695,27,DEF
695,28,DEF
695,29,DEF
695,30,DEF
695,32,DEF
695,33,DEF
695,34,DEF
695,35,DEF
695,36,DEF
695,37,DEF
695,38,DEF
709,3,DEF
709,4,DEF
709,5,DEF
709,6,DEF
709,7,DEF
709,8,DEF
709,9,DEF
709,10,DEF
709,11,DEF
709,12,DEF
709,13,DEF
709,14,DEF
709,15,DEF
709,16,DEF
709,17,DEF
709,18,DEF
709,19,DEF
709,20,DEF
709,21,DEF
709,22,DEF
709,23,DEF
709,24,DEF
709,25,DEF
709,26,DEF
709,27,DEF
709,28,DEF
709,29,DEF
709,30,DEF
709,32,DEF
709,33,DEF
709,34,DEF
709,35,DEF
709,36,DEF
709,37,DEF
709,38,DEF
720,4,FWD
720,5,FWD
720,6,FWD
720,7,FWD
720,8,FWD
720,9,FWD
720,10,FWD
720,11,FWD
720,12,FWD
720,13,FWD
720,14,FWD
720,15,FWD
720,16,FWD
720,17,FWD
720,18,FWD
720,19,FWD
720,20,FWD
720,21,FWD
720,22,FWD
720,23,FWD
720,24,FWD
720,25,FWD
720,26,FWD
720,27,FWD
720,28,FWD
720,29,FWD
720,30,FWD
720,32,FWD
720,33,FWD
720,34,FWD
720,35,FWD
720,36,FWD
720,37,FWD
720,38,FWD
749,11,FWD
749,12,FWD
749,13,FWD
749,14,FWD
749,15,FWD
749,16,FWD
749,17,FWD
749,18,FWD
749,19,FWD
749,20,FWD
749,21,FWD
749,22,FWD
749,23,FWD
749,24,FWD
749,25,FWD
749,26,FWD
749,27,FWD
749,28,FWD
749,29,FWD
749,30,FWD
749,32,FWD
749,33,FWD
749,34,FWD
749,35,FWD
749,36,FWD
749,37,FWD
749,38,FWD
766,17,DEF
766,18,DEF
766,19,DEF
766,20,DEF
766,21,DEF
766,22,DEF
766,23,DEF
766,24,DEF
766,25,DEF
766,26,DEF
766,27,DEF
766,28,DEF
766,29,DEF
766,30,DEF
766,32,DEF
766,33,DEF
766,34,DEF
766,35,DEF
766,36,DEF
766,37,DEF
766,38,DEF
767,17,MID
767,18,MID
767,19,MID
767,20,MID
767,21,MID
767,22,MID
767,23,MID
767,24,MID
767,25,MID
767,26,MID
767,27,MID
767,28,MID
767,29,MID
767,30,MID
767,32,MID
767,33,MID
767,34,MID
767,35,MID
767,36,MID
767,37,MID
767,38,MID
777,19,MID
777,20,MID
777,21,MID
777,22,MID
777,23,MID
777,24,MID
777,25,MID
777,26,MID
777,27,MID
777,28,MID
777,29,MID
777,30,MID
777,32,MID
777,33,MID
777,34,MID
777,35,MID
777,36,MID
777,37,MID
777,38,MID
778,19,MID
778,20,MID
778,21,MID
778,22,MID
778,23,MID
778,24,MID
778,25,MID
778,26,MID
778,27,MID
778,28,MID
778,29,MID
778,30,MID
778,32,MID
778,33,MID
778,34,MID
778,35,MID
778,36,MID
778,37,MID
778,38,MID
809,24,MID
809,25,MID
809,26,MID
809,27,MID
809,28,MID
809,29,MID
809,30,MID
809,32,MID
809,33,MID
809,34,MID
809,35,MID
809,36,MID
809,37,MID
809,38,MID
816,25,MID
816,26,MID
816,27,MID
816,28,MID
816,29,MID
816,30,MID
816,32,MID
816,33,MID
816,34,MID
816,35,MID
816,36,MID
816,37,MID
816,38,MID
817,25,FWD
817,26,FWD
817,27,FWD
817,28,FWD
817,29,FWD
817,30,FWD
817,32,FWD
817,33,FWD
817,34,FWD
817,35,FWD
817,36,FWD
817,37,FWD
817,38,FWD
828,33,GK
828,34,GK
828,35,GK
828,36,GK
828,37,GK
828,38,GK
831,35,GK
831,36,GK
831,37,GK
831,38,GK
