element,fixture,opponent_team,total_points,was_home,kickoff_time,team_h_score,team_a_score,round,modified,minutes,goals_scored,assists,clean_sheets,goals_conceded,own_goals,penalties_saved,penalties_missed,yellow_cards,red_cards,saves,bonus,bps,influence,creativity,threat,ict_index,clearances_blocks_interceptions,recoveries,tackles,defensive_contribution,starts,expected_goals,expected_assists,expected_goal_involvements,expected_goals_conceded,value,transfers_balance,selected,transfers_in,transfers_out,player_id,player_name,team,position,calculated_points
1,9,14,10,False,2025-08-17T15:30:00Z,0,1,1,False,90,0,0,1,0,0,0,0,1,0,7,3,38,49.2,0.0,0.0,4.9,1,13,0,0,1,0.00,0.00,0.00,1.52,55,0,1531911,0,0,1,Raya,Arsenal,GK,10
1,11,11,6,True,2025-08-23T16:30:00Z,5,0,2,False,90,0,0,1,0,0,0,0,0,0,1,0,28,13.4,0.0,0.0,1.3,0,3,0,0,1,0.00,0.00,0.00,0.17,55,218659,2284634,277339,58680,1,Raya,Arsenal,GK,6
1,25,12,2,False,2025-08-31T15:30:00Z,1,0,3,False,90,0,0,0,1,0,0,0,0,0,2,0,12,20.0,10.0,0.0,3.0,0,12,0,0,1,0.00,0.02,0.02,0.52,55,-12311,2406964,146739,159050,1,Raya,Arsenal,GK,2
1,31,16,6,True,2025-09-13T11:30:00Z,3,0,4,False,90,0,0,1,0,0,0,0,0,0,1,0,24,12.8,0.0,0.0,1.3,0,9,0,0,1,0.00,0.00,0.00,0.20,55,171289,2765759,289041,117752,1,Raya,Arsenal,GK,6
1,41,13,2,True,2025-09-21T15:30:00Z,1,1,5,False,90,0,0,0,1,0,0,0,0,0,2,0,13,21.4,0.0,0.0,2.1,1,6,0,0,1,0.00,0.01,0.01,0.89,55,-9786,2762632,98100,107886,1,Raya,Arsenal,GK,2
1,58,15,2,False,2025-09-28T15:30:00Z,1,2,6,False,90,0,0,0,1,0,0,0,0,0,2,0,11,15.8,0.0,0.0,1.6,2,10,0,0,1,0.00,0.01,0.01,0.61,56,227251,3029654,357846,130595,1,Raya,Arsenal,GK,2
1,61,19,6,True,2025-10-04T14:00:00Z,2,0,7,False,90,0,0,1,0,0,0,0,0,0,0,0,20,3.2,0.0,0.0,0.3,0,8,0,0,1,0.00,0.00,0.00,0.49,56,212315,3297838,287510,75195,1,Raya,Arsenal,GK,6
1,74,10,6,False,2025-10-18T16:30:00Z,0,1,8,False,90,0,0,1,0,0,0,0,0,0,0,0,21,4.6,0.0,0.0,0.5,2,7,0,0,1,0.00,0.00,0.00,0.44,57,120482,3447590,208192,87710,1,Raya,Arsenal,GK,6
1,81,8,6,True,2025-10-26T14:00:00Z,1,0,9,False,90,0,0,1,0,0,0,0,0,0,1,0,25,15.0,0.1,0.0,1.5,2,10,0,0,1,0.00,0.00,0.00,0.47,57,81905,3546345,131150,49245,1,Raya,Arsenal,GK,6
1,92,3,6,False,2025-11-01T15:00:00Z,0,2,10,False,90,0,0,1,0,0,0,0,0,0,0,0,20,2.8,0.1,0.0,0.3,1,7,0,0,1,0.00,0.00,0.00,0.42,58,227648,3816996,267422,39774,1,Raya,Arsenal,GK,6
1,108,17,1,False,2025-11-08T17:30:00Z,2,2,11,False,90,0,0,0,2,0,0,0,0,0,0,0,-2,1.6,0.0,0.0,0.2,0,2,0,0,1,0.00,0.00,0.00,0.44,59,180430,4024229,210442,30012,1,Raya,Arsenal,GK,1
1,111,18,2,True,2025-11-23T16:30:00Z,4,1,12,False,90,0,0,0,1,0,0,0,0,0,1,0,6,6.6,0.0,0.0,0.7,0,5,0,0,1,0.00,0.00,0.00,0.07,59,3055,4013556,81056,78001,1,Raya,Arsenal,GK,2
1,123,7,3,False,2025-11-30T16:30:00Z,1,1,13,False,90,0,0,0,1,0,0,0,0,0,3,0,12,20.0,0.0,0.0,2.0,0,7,0,0,1,0.00,0.00,0.00,0.79,59,-37310,3844111,41034,78344,1,Raya,Arsenal,GK,3
1,131,5,6,True,2025-12-03T19:30:00Z,2,0,14,False,90,0,0,1,0,0,0,0,0,0,1,0,26,15.0,0.0,0.0,1.5,2,12,0,0,1,0.00,0.00,0.00,0.35,59,76542,4109145,105123,28581,1,Raya,Arsenal,GK,6
1,141,2,2,False,2025-12-06T12:30:00Z,2,1,15,False,90,0,0,0,2,0,0,0,0,0,4,0,13,35.2,0.0,0.0,3.5,0,7,0,0,1,0.00,0.00,0.00,2.16,59,124671,4221133,152709,28038,1,Raya,Arsenal,GK,2
1,151,20,2,True,2025-12-13T20:00:00Z,2,1,16,False,90,0,0,0,1,0,0,0,0,0,1,0,8,13.6,0.1,0.0,1.4,1,9,0,0,1,0.00,0.00,0.00,0.38,60,371508,4668846,429199,57691,1,Raya,Arsenal,GK,2
1,164,9,7,False,2025-12-20T20:00:00Z,0,1,17,False,90,0,0,1,0,0,0,0,0,0,1,1,28,16.6,0.0,0.0,1.7,1,14,0,0,1,0.00,0.00,0.00,0.20,60,-23521,4608882,67109,90630,1,Raya,Arsenal,GK,7
1,171,6,2,True,2025-12-27T15:00:00Z,2,1,18,False,90,0,0,0,1,0,0,0,0,0,2,0,11,21.8,10.0,0.0,3.2,0,6,0,0,1,0.00,0.00,0.00,0.85,60,-10413,4572955,53156,63569,1,Raya,Arsenal,GK,2
1,181,2,2,True,2025-12-30T20:15:00Z,4,1,19,False,90,0,0,0,1,0,0,0,0,0,2,0,12,20.0,0.0,0.0,2.0,2,9,0,0,1,0.00,0.00,0.00,2.67,60,-67402,4431485,29380,96782,1,Raya,Arsenal,GK,2
1,192,4,1,False,2026-01-03T17:30:00Z,2,3,20,False,90,0,0,0,2,0,0,0,0,0,1,0,3,7.2,0.0,0.0,0.7,0,8,0,0,1,0.00,0.00,0.00,1.43,60,-96397,4469007,40492,136889,1,Raya,Arsenal,GK,1
1,201,12,6,True,2026-01-08T20:00:00Z,0,0,21,False,90,0,0,1,0,0,0,0,0,0,0,0,19,4.4,0.0,0.0,0.4,1,4,0,0,1,0.00,0.00,0.00,0.36,60,-177932,4289085,27025,204957,1,Raya,Arsenal,GK,6
1,217,16,6,False,2026-01-17T17:30:00Z,0,0,22,False,90,0,0,1,0,0,0,0,0,0,0,0,23,6.2,0.0,0.0,0.6,2,7,1,0,1,0.00,0.00,0.00,0.34,59,-12759,4309674,87850,100609,1,Raya,Arsenal,GK,6
1,221,14,1,True,2026-01-25T16:30:00Z,2,3,23,False,90,0,0,0,3,0,0,0,0,0,0,0,-3,4.8,0.0,0.0,0.5,1,10,0,0,1,0.00,0.01,0.01,0.71,59,-42730,4268252,36057,78787,1,Raya,Arsenal,GK,1
1,234,11,6,False,2026-01-31T15:00:00Z,0,4,24,False,90,0,0,1,0,0,0,0,0,0,1,0,24,9.6,0.0,0.0,1.0,0,11,0,0,1,0.00,0.00,0.00,0.15,59,-19057,4262493,91776,110833,1,Raya,Arsenal,GK,6
1,241,17,7,True,2026-02-07T15:00:00Z,3,0,25,False,90,0,0,1,0,0,0,0,0,0,2,1,30,21.6,10.1,0.0,3.2,1,12,0,0,1,0.00,0.00,0.00,0.19,59,83591,4368114,129012,45421,1,Raya,Arsenal,GK,7
1,252,5,2,False,2026-02-12T20:00:00Z,1,1,26,False,90,0,0,0,1,0,0,0,0,0,2,0,13,20.0,0.0,0.0,2.0,2,11,0,0,1,0.00,0.00,0.00,1.51,59,194830,4576749,245385,50555,1,Raya,Arsenal,GK,2
1,310,20,1,False,2026-02-18T20:00:00Z,2,2,26,False,90,0,0,0,2,0,0,0,0,0,0,0,-3,0.0,0.0,0.0,0.0,1,6,0,0,1,0.00,0.00,0.00,0.29,59,194830,4576749,245385,50555,1,Raya,Arsenal,GK,1
1,269,18,3,False,2026-02-22T16:30:00Z,1,4,27,False,90,0,0,0,1,0,0,0,0,0,4,0,18,28.2,3.0,0.0,3.1,2,14,0,0,1,0.00,0.00,0.00,0.76,60,-65410,4494186,35619,101029,1,Raya,Arsenal,GK,3
1,271,7,3,True,2026-03-01T16:30:00Z,2,1,28,False,90,0,0,0,1,0,0,0,0,0,4,0,12,1.2,0.0,0.0,0.1,1,4,0,0,1,0.00,0.01,0.01,1.05,60,-74523,4419997,20990,95513,1,Raya,Arsenal,GK,3
1,283,6,7,False,2026-03-04T19:30:00Z,0,1,29,False,90,0,0,1,0,0,0,0,0,0,2,1,25,14.0,0.0,0.0,1.4,1,8,0,0,1,0.00,0.00,0.00,0.82,60,-1330,4434286,41768,43098,1,Raya,Arsenal,GK,7
1,291,9,7,True,2026-03-14T17:30:00Z,2,0,30,False,90,0,0,1,0,0,0,0,0,0,3,0,28,20.0,0.0,0.0,2.0,3,6,0,0,1,0.00,0.00,0.00,1.05,60,75254,4525809,101174,25920,1,Raya,Arsenal,GK,7
1,311,4,1,True,2026-04-11T11:30:00Z,1,2,32,False,90,0,0,0,2,0,0,0,0,0,1,0,8,14.4,0.0,0.0,1.4,0,12,0,0,1,0.00,0.00,0.00,1.19,60,-41455,4440947,123268,164723,1,Raya,Arsenal,GK,1
1,327,13,1,False,2026-04-19T15:30:00Z,2,1,33,False,90,0,0,0,2,0,0,0,0,0,2,0,8,21.0,0.0,0.0,2.1,2,8,0,0,1,0.00,0.00,0.00,1.36,60,-121948,4135968,28089,150037,1,Raya,Arsenal,GK,1
1,331,15,10,True,2026-04-25T16:30:00Z,1,0,34,False,90,0,0,1,0,0,0,0,0,0,3,3,31,23.2,0.0,0.0,2.3,1,13,0,0,1,0.00,0.00,0.00,1.00,60,100399,4827695,141673,41274,1,Raya,Arsenal,GK,10
1,341,10,6,True,2026-05-02T16:30:00Z,3,0,35,False,90,0,0,1,0,0,0,0,0,0,1,0,22,11.8,0.1,0.0,1.2,1,4,0,0,1,0.00,0.00,0.00,0.37,60,138356,4569133,182009,43653,1,Raya,Arsenal,GK,6
1,360,19,9,False,2026-05-10T15:30:00Z,0,1,36,False,90,0,0,1,0,0,0,0,0,0,3,2,29,23.2,0.0,0.0,2.3,3,5,0,0,1,0.00,0.00,0.00,1.15,61,61638,4628597,106155,44517,1,Raya,Arsenal,GK,9
1,361,3,6,True,2026-05-18T19:00:00Z,1,0,37,False,90,0,0,1,0,0,0,0,0,0,0,0,20,2.2,0.0,0.0,0.2,0,5,0,0,1,0.00,0.01,0.01,0.19,61,116618,4755793,140005,23387,1,Raya,Arsenal,GK,6
1,373,8,0,False,2026-05-24T15:00:00Z,1,2,38,False,0,0,0,0,0,0,0,0,0,0,0,0,0,0.0,0.0,0.0,0.0,0,0,0,0,0,0.00,0.00,0.00,0.00,62,20488,4774619,88664,68176,1,Raya,Arsenal,GK,0
2,9,14,0,False,2025-08-17T15:30:00Z,0,1,1,False,0,0,0,0,0,0,0,0,0,0,0,0,0,0.0,0.0,0.0,0.0,0,0,0,0,0,0.00,0.00,0.00,0.00,45,0,90618,0,0,2,Arrizabalaga,Arsenal,GK,0
2,11,11,0,True,2025-08-23T16:30:00Z,5,0,2,False,0,0,0,0,0,0,0,0,0,0,0,0,0,0.0,0.0,0.0,0.0,0,0,0,0,0,0.00,0.00,0.00,0.00,45,-9834,89793,2130,11964,2,Arrizabalaga,Arsenal,GK,0
2,25,12,0,False,2025-08-31T15:30:00Z,1,0,3,False,0,0,0,0,0,0,0,0,0,0,0,0,0,0.0,0.0,0.0,0.0,0,0,0,0,0,0.00,0.00,0.00,0.00,44,-11575,81016,1131,12706,2,Arrizabalaga,Arsenal,GK,0
2,31,16,0,True,2025-09-13T11:30:00Z,3,0,4,False,0,0,0,0,0,0,0,0,0,0,0,0,0,0.0,0.0,0.0,0.0,0,0,0,0,0,0.00,0.00,0.00,0.00,44,-6913,76258,1271,8184,2,Arrizabalaga,Arsenal,GK,0
2,41,13,0,True,2025-09-21T15:30:00Z,1,1,5,False,0,0,0,0,0,0,0,0,0,0,0,0,0,0.0,0.0,0.0,0.0,0,0,0,0,0,0.00,0.00,0.00,0.00,44,-5570,71572,689,6259,2,Arrizabalaga,Arsenal,GK,0
2,58,15,0,False,2025-09-28T15:30:00Z,1,2,6,False,0,0,0,0,0,0,0,0,0,0,0,0,0,0.0,0.0,0.0,0.0,0,0,0,0,0,0.00,0.00,0.00,0.00,43,-4229,67990,713,4942,2,Arrizabalaga,Arsenal,GK,0
2,61,19,0,True,2025-10-04T14:00:00Z,2,0,7,False,0,0,0,0,0,0,0,0,0,0,0,0,0,0.0,0.0,0.0,0.0,0,0,0,0,0,0.00,0.00,0.00,0.00,43,-3442,64932,461,3903,2,Arrizabalaga,Arsenal,GK,0
2,74,10,0,False,2025-10-18T16:30:00Z,0,1,8,False,0,0,0,0,0,0,0,0,0,0,0,0,0,0.0,0.0,0.0,0.0,0,0,0,0,0,0.00,0.00,0.00,0.00,43,-3767,61782,442,4209,2,Arrizabalaga,Arsenal,GK,0
2,81,8,0,True,2025-10-26T14:00:00Z,1,0,9,False,0,0,0,0,0,0,0,0,0,0,0,0,0,0.0,0.0,0.0,0.0,0,0,0,0,0,0.00,0.00,0.00,0.00,43,-2402,59724,221,2623,2,Arrizabalaga,Arsenal,GK,0
2,92,3,0,False,2025-11-01T15:00:00Z,0,2,10,False,0,0,0,0,0,0,0,0,0,0,0,0,0,0.0,0.0,0.0,0.0,0,0,0,0,0,0.00,0.00,0.00,0.00,42,-2150,57825,423,2573,2,Arrizabalaga,Arsenal,GK,0
2,108,17,0,False,2025-11-08T17:30:00Z,2,2,11,False,0,0,0,0,0,0,0,0,0,0,0,0,0,0.0,0.0,0.0,0.0,0,0,0,0,0,0.00,0.00,0.00,0.00,42,-2012,56075,386,2398,2,Arrizabalaga,Arsenal,GK,0
2,111,18,0,True,2025-11-23T16:30:00Z,4,1,12,False,0,0,0,0,0,0,0,0,0,0,0,0,0,0.0,0.0,0.0,0.0,0,0,0,0,0,0.00,0.00,0.00,0.00,42,-1215,55291,404,1619,2,Arrizabalaga,Arsenal,GK,0
2,123,7,0,False,2025-11-30T16:30:00Z,1,1,13,False,0,0,0,0,0,0,0,0,0,0,0,0,0,0.0,0.0,0.0,0.0,0,0,0,0,0,0.00,0.00,0.00,0.00,42,-1178,54420,238,1416,2,Arrizabalaga,Arsenal,GK,0
2,131,5,0,True,2025-12-03T19:30:00Z,2,0,14,False,0,0,0,0,0,0,0,0,0,0,0,0,0,0.0,0.0,0.0,0.0,0,0,0,0,0,0.00,0.00,0.00,0.00,42,-668,53843,244,912,2,Arrizabalaga,Arsenal,GK,0
2,141,2,0,False,2025-12-06T12:30:00Z,2,1,15,False,0,0,0,0,0,0,0,0,0,0,0,0,0,0.0,0.0,0.0,0.0,0,0,0,0,0,0.00,0.00,0.00,0.00,42,-794,53294,378,1172,2,Arrizabalaga,Arsenal,GK,0
2,151,20,0,True,2025-12-13T20:00:00Z,2,1,16,False,0,0,0,0,0,0,0,0,0,0,0,0,0,0.0,0.0,0.0,0.0,0,0,0,0,0,0.00,0.00,0.00,0.00,41,-1491,51955,811,2302,2,Arrizabalaga,Arsenal,GK,0
2,164,9,0,False,2025-12-20T20:00:00Z,0,1,17,False,0,0,0,0,0,0,0,0,0,0,0,0,0,0.0,0.0,0.0,0.0,0,0,0,0,0,0.00,0.00,0.00,0.00,41,-499,51812,666,1165,2,Arrizabalaga,Arsenal,GK,0
2,171,6,0,True,2025-12-27T15:00:00Z,2,1,18,False,0,0,0,0,0,0,0,0,0,0,0,0,0,0.0,0.0,0.0,0.0,0,0,0,0,0,0.00,0.00,0.00,0.00,41,-510,51553,573,1083,2,Arrizabalaga,Arsenal,GK,0
2,181,2,0,True,2025-12-30T20:15:00Z,4,1,19,False,0,0,0,0,0,0,0,0,0,0,0,0,0,0.0,0.0,0.0,0.0,0,0,0,0,0,0.00,0.00,0.00,0.00,41,-382,51712,380,762,2,Arrizabalaga,Arsenal,GK,0
2,192,4,0,False,2026-01-03T17:30:00Z,2,3,20,False,0,0,0,0,0,0,0,0,0,0,0,0,0,0.0,0.0,0.0,0.0,0,0,0,0,0,0.00,0.00,0.00,0.00,41,-273,51046,315,588,2,Arrizabalaga,Arsenal,GK,0
2,201,12,0,True,2026-01-08T20:00:00Z,0,0,21,False,0,0,0,0,0,0,0,0,0,0,0,0,0,0.0,0.0,0.0,0.0,0,0,0,0,0,0.00,0.00,0.00,0.00,41,-455,50726,283,738,2,Arrizabalaga,Arsenal,GK,0
2,217,16,0,False,2026-01-17T17:30:00Z,0,0,22,False,0,0,0,0,0,0,0,0,0,0,0,0,0,0.0,0.0,0.0,0.0,0,0,0,0,0,0.00,0.00,0.00,0.00,41,-598,50287,390,988,2,Arrizabalaga,Arsenal,GK,0
2,221,14,0,True,2026-01-25T16:30:00Z,2,3,23,False,0,0,0,0,0,0,0,0,0,0,0,0,0,0.0,0.0,0.0,0.0,0,0,0,0,0,0.00,0.00,0.00,0.00,41,-207,50241,317,524,2,Arrizabalaga,Arsenal,GK,0
2,234,11,0,False,2026-01-31T15:00:00Z,0,4,24,False,0,0,0,0,0,0,0,0,0,0,0,0,0,0.0,0.0,0.0,0.0,0,0,0,0,0,0.00,0.00,0.00,0.00,41,-233,50126,363,596,2,Arrizabalaga,Arsenal,GK,0
2,241,17,0,True,2026-02-07T15:00:00Z,3,0,25,False,0,0,0,0,0,0,0,0,0,0,0,0,0,0.0,0.0,0.0,0.0,0,0,0,0,0,0.00,0.00,0.00,0.00,41,-287,49959,314,601,2,Arrizabalaga,Arsenal,GK,0
2,252,5,0,False,2026-02-12T20:00:00Z,1,1,26,False,0,0,0,0,0,0,0,0,0,0,0,0,0,0.0,0.0,0.0,0.0,0,0,0,0,0,0.00,0.00,0.00,0.00,41,-712,49233,306,1018,2,Arrizabalaga,Arsenal,GK,0
2,310,20,0,False,2026-02-18T20:00:00Z,2,2,26,False,0,0,0,0,0,0,0,0,0,0,0,0,0,0.0,0.0,0.0,0.0,0,0,0,0,0,0.00,0.00,0.00,0.00,41,-712,49233,306,1018,2,Arrizabalaga,Arsenal,GK,0
2,269,18,0,False,2026-02-22T16:30:00Z,1,4,27,False,0,0,0,0,0,0,0,0,0,0,0,0,0,0.0,0.0,0.0,0.0,0,0,0,0,0,0.00,0.00,0.00,0.00,41,-202,49344,302,504,2,Arrizabalaga,Arsenal,GK,0
2,271,7,0,True,2026-03-01T16:30:00Z,2,1,28,False,0,0,0,0,0,0,0,0,0,0,0,0,0,0.0,0.0,0.0,0.0,0,0,0,0,0,0.00,0.00,0.00,0.00,41,-208,49218,184,392,2,Arrizabalaga,Arsenal,GK,0
2,283,6,0,False,2026-03-04T19:30:00Z,0,1,29,False,0,0,0,0,0,0,0,0,0,0,0,0,0,0.0,0.0,0.0,0.0,0,0,0,0,0,0.00,0.00,0.00,0.00,41,-241,49054,128,369,2,Arrizabalaga,Arsenal,GK,0
2,291,9,0,True,2026-03-14T17:30:00Z,2,0,30,False,0,0,0,0,0,0,0,0,0,0,0,0,0,0.0,0.0,0.0,0.0,0,0,0,0,0,0.00,0.00,0.00,0.00,41,-280,48903,188,468,2,Arrizabalaga,Arsenal,GK,0
2,311,4,0,True,2026-04-11T11:30:00Z,1,2,32,False,0,0,0,0,0,0,0,0,0,0,0,0,0,0.0,0.0,0.0,0.0,0,0,0,0,0,0.00,0.00,0.00,0.00,40,21,48893,375,354,2,Arrizabalaga,Arsenal,GK,0
2,327,13,0,False,2026-04-19T15:30:00Z,2,1,33,False,0,0,0,0,0,0,0,0,0,0,0,0,0,0.0,0.0,0.0,0.0,0,0,0,0,0,0.00,0.00,0.00,0.00,40,-106,49062,224,330,2,Arrizabalaga,Arsenal,GK,0
2,331,15,0,True,2026-04-25T16:30:00Z,1,0,34,False,0,0,0,0,0,0,0,0,0,0,0,0,0,0.0,0.0,0.0,0.0,0,0,0,0,0,0.00,0.00,0.00,0.00,40,73,52476,381,308,2,Arrizabalaga,Arsenal,GK,0
2,341,10,0,True,2026-05-02T16:30:00Z,3,0,35,False,0,0,0,0,0,0,0,0,0,0,0,0,0,0.0,0.0,0.0,0.0,0,0,0,0,0,0.00,0.00,0.00,0.00,40,-52,48983,221,273,2,Arrizabalaga,Arsenal,GK,0
2,360,19,0,False,2026-05-10T15:30:00Z,0,1,36,False,0,0,0,0,0,0,0,0,0,0,0,0,0,0.0,0.0,0.0,0.0,0,0,0,0,0,0.00,0.00,0.00,0.00,40,-78,48996,239,317,2,Arrizabalaga,Arsenal,GK,0
2,361,3,0,True,2026-05-18T19:00:00Z,1,0,37,False,0,0,0,0,0,0,0,0,0,0,0,0,0,0.0,0.0,0.0,0.0,0,0,0,0,0,0.00,0.00,0.00,0.00,40,-155,48842,134,289,2,Arrizabalaga,Arsenal,GK,0
2,373,8,2,False,2026-05-24T15:00:00Z,1,2,38,False,90,0,0,0,1,0,0,0,0,0,2,0,11,19.8,0.0,0.0,2.0,3,8,0,0,1,0.00,0.00,0.00,0.98,40,6650,57984,7235,585,2,Arrizabalaga,Arsenal,GK,2
3,9,14,0,False,2025-08-17T15:30:00Z,0,1,1,False,0,0,0,0,0,0,0,0,0,0,0,0,0,0.0,0.0,0.0,0.0,0,0,0,0,0,0.00,0.00,0.00,0.00,40,0,55400,0,0,3,Hein,Arsenal,GK,0
3,11,11,0,True,2025-08-23T16:30:00Z,5,0,2,False,0,0,0,0,0,0,0,0,0,0,0,0,0,0.0,0.0,0.0,0.0,0,0,0,0,0,0.00,0.00,0.00,0.00,40,-1321,64836,3835,5156,3,Hein,Arsenal,GK,0
3,25,12,0,False,2025-08-31T15:30:00Z,1,0,3,False,0,0,0,0,0,0,0,0,0,0,0,0,0,0.0,0.0,0.0,0.0,0,0,0,0,0,0.00,0.00,0.00,0.00,40,-8078,58537,1710,9788,3,Hein,Arsenal,GK,0
3,31,16,0,True,2025-09-13T11:30:00Z,3,0,4,False,0,0,0,0,0,0,0,0,0,0,0,0,0,0.0,0.0,0.0,0.0,0,0,0,0,0,0.00,0.00,0.00,0.00,40,-7317,51317,0,7317,3,Hein,Arsenal,GK,0
3,41,13,0,True,2025-09-21T15:30:00Z,1,1,5,False,0,0,0,0,0,0,0,0,0,0,0,0,0,0.0,0.0,0.0,0.0,0,0,0,0,0,0.00,0.00,0.00,0.00,40,-3824,47871,0,3824,3,Hein,Arsenal,GK,0
3,58,15,0,False,2025-09-28T15:30:00Z,1,2,6,False,0,0,0,0,0,0,0,0,0,0,0,0,0,0.0,0.0,0.0,0.0,0,0,0,0,0,0.00,0.00,0.00,0.00,40,-3374,44510,0,3374,3,Hein,Arsenal,GK,0
3,61,19,0,True,2025-10-04T14:00:00Z,2,0,7,False,0,0,0,0,0,0,0,0,0,0,0,0,0,0.0,0.0,0.0,0.0,0,0,0,0,0,0.00,0.00,0.00,0.00,40,-2897,41629,0,2897,3,Hein,Arsenal,GK,0
3,74,10,0,False,2025-10-18T16:30:00Z,0,1,8,False,0,0,0,0,0,0,0,0,0,0,0,0,0,0.0,0.0,0.0,0.0,0,0,0,0,0,0.00,0.00,0.00,0.00,40,-2704,39034,0,2704,3,Hein,Arsenal,GK,0
3,81,8,0,True,2025-10-26T14:00:00Z,1,0,9,False,0,0,0,0,0,0,0,0,0,0,0,0,0,0.0,0.0,0.0,0.0,0,0,0,0,0,0.00,0.00,0.00,0.00,40,-1749,37371,0,1749,3,Hein,Arsenal,GK,0
3,92,3,0,False,2025-11-01T15:00:00Z,0,2,10,False,0,0,0,0,0,0,0,0,0,0,0,0,0,0.0,0.0,0.0,0.0,0,0,0,0,0,0.00,0.00,0.00,0.00,40,-1888,35449,0,1888,3,Hein,Arsenal,GK,0
3,108,17,0,False,2025-11-08T17:30:00Z,2,2,11,False,0,0,0,0,0,0,0,0,0,0,0,0,0,0.0,0.0,0.0,0.0,0,0,0,0,0,0.00,0.00,0.00,0.00,40,-1526,33938,0,1526,3,Hein,Arsenal,GK,0
3,111,18,0,True,2025-11-23T16:30:00Z,4,1,12,False,0,0,0,0,0,0,0,0,0,0,0,0,0,0.0,0.0,0.0,0.0,0,0,0,0,0,0.00,0.00,0.00,0.00,40,-923,33051,0,923,3,Hein,Arsenal,GK,0
3,123,7,0,False,2025-11-30T16:30:00Z,1,1,13,False,0,0,0,0,0,0,0,0,0,0,0,0,0,0.0,0.0,0.0,0.0,0,0,0,0,0,0.00,0.00,0.00,0.00,40,-773,32283,0,773,3,Hein,Arsenal,GK,0
3,131,5,0,True,2025-12-03T19:30:00Z,2,0,14,False,0,0,0,0,0,0,0,0,0,0,0,0,0,0.0,0.0,0.0,0.0,0,0,0,0,0,0.00,0.00,0.00,0.00,40,-517,31803,0,517,3,Hein,Arsenal,GK,0
3,141,2,0,False,2025-12-06T12:30:00Z,2,1,15,False,0,0,0,0,0,0,0,0,0,0,0,0,0,0.0,0.0,0.0,0.0,0,0,0,0,0,0.00,0.00,0.00,0.00,40,-609,31205,0,609,3,Hein,Arsenal,GK,0
3,151,20,0,True,2025-12-13T20:00:00Z,2,1,16,False,0,0,0,0,0,0,0,0,0,0,0,0,0,0.0,0.0,0.0,0.0,0,0,0,0,0,0.00,0.00,0.00,0.00,40,-1348,29841,0,1348,3,Hein,Arsenal,GK,0
3,164,9,0,False,2025-12-20T20:00:00Z,0,1,17,False,0,0,0,0,0,0,0,0,0,0,0,0,0,0.0,0.0,0.0,0.0,0,0,0,0,0,0.00,0.00,0.00,0.00,40,-588,29272,0,588,3,Hein,Arsenal,GK,0
3,171,6,0,True,2025-12-27T15:00:00Z,2,1,18,False,0,0,0,0,0,0,0,0,0,0,0,0,0,0.0,0.0,0.0,0.0,0,0,0,0,0,0.00,0.00,0.00,0.00,40,-567,28681,0,567,3,Hein,Arsenal,GK,0
3,181,2,0,True,2025-12-30T20:15:00Z,4,1,19,False,0,0,0,0,0,0,0,0,0,0,0,0,0,0.0,0.0,0.0,0.0,0,0,0,0,0,0.00,0.00,0.00,0.00,40,-345,28379,0,345,3,Hein,Arsenal,GK,0
3,192,4,0,False,2026-01-03T17:30:00Z,2,3,20,False,0,0,0,0,0,0,0,0,0,0,0,0,0,0.0,0.0,0.0,0.0,0,0,0,0,0,0.00,0.00,0.00,0.00,40,-200,28210,0,200,3,Hein,Arsenal,GK,0
3,201,12,0,True,2026-01-08T20:00:00Z,0,0,21,False,0,0,0,0,0,0,0,0,0,0,0,0,0,0.0,0.0,0.0,0.0,0,0,0,0,0,0.00,0.00,0.00,0.00,40,-262,27956,0,262,3,Hein,Arsenal,GK,0
3,217,16,0,False,2026-01-17T17:30:00Z,0,0,22,False,0,0,0,0,0,0,0,0,0,0,0,0,0,0.0,0.0,0.0,0.0,0,0,0,0,0,0.00,0.00,0.00,0.00,40,-400,27549,0,400,3,Hein,Arsenal,GK,0
3,221,14,0,True,2026-01-25T16:30:00Z,2,3,23,False,0,0,0,0,0,0,0,0,0,0,0,0,0,0.0,0.0,0.0,0.0,0,0,0,0,0,0.00,0.00,0.00,0.00,40,-194,27373,0,194,3,Hein,Arsenal,GK,0
3,234,11,0,False,2026-01-31T15:00:00Z,0,4,24,False,0,0,0,0,0,0,0,0,0,0,0,0,0,0.0,0.0,0.0,0.0,0,0,0,0,0,0.00,0.00,0.00,0.00,40,-189,27184,0,189,3,Hein,Arsenal,GK,0
3,241,17,0,True,2026-02-07T15:00:00Z,3,0,25,False,0,0,0,0,0,0,0,0,0,0,0,0,0,0.0,0.0,0.0,0.0,0,0,0,0,0,0.00,0.00,0.00,0.00,40,-214,26967,0,214,3,Hein,Arsenal,GK,0
3,252,5,0,False,2026-02-12T20:00:00Z,1,1,26,False,0,0,0,0,0,0,0,0,0,0,0,0,0,0.0,0.0,0.0,0.0,0,0,0,0,0,0.00,0.00,0.00,0.00,40,-413,26486,0,413,3,Hein,Arsenal,GK,0
3,310,20,0,False,2026-02-18T20:00:00Z,2,2,26,False,0,0,0,0,0,0,0,0,0,0,0,0,0,0.0,0.0,0.0,0.0,0,0,0,0,0,0.00,0.00,0.00,0.00,40,-413,26486,0,413,3,Hein,Arsenal,GK,0
3,269,18,0,False,2026-02-22T16:30:00Z,1,4,27,False,0,0,0,0,0,0,0,0,0,0,0,0,0,0.0,0.0,0.0,0.0,0,0,0,0,0,0.00,0.00,0.00,0.00,40,-145,26421,0,145,3,Hein,Arsenal,GK,0
3,271,7,0,True,2026-03-01T16:30:00Z,2,1,28,False,0,0,0,0,0,0,0,0,0,0,0,0,0,0.0,0.0,0.0,0.0,0,0,0,0,0,0.00,0.00,0.00,0.00,40,-100,26325,0,100,3,Hein,Arsenal,GK,0
3,283,6,0,False,2026-03-04T19:30:00Z,0,1,29,False,0,0,0,0,0,0,0,0,0,0,0,0,0,0.0,0.0,0.0,0.0,0,0,0,0,0,0.00,0.00,0.00,0.00,40,-80,26242,0,80,3,Hein,Arsenal,GK,0
3,291,9,0,True,2026-03-14T17:30:00Z,2,0,30,False,0,0,0,0,0,0,0,0,0,0,0,0,0,0.0,0.0,0.0,0.0,0,0,0,0,0,0.00,0.00,0.00,0.00,40,-142,26104,0,142,3,Hein,Arsenal,GK,0
3,311,4,0,True,2026-04-11T11:30:00Z,1,2,32,False,0,0,0,0,0,0,0,0,0,0,0,0,0,0.0,0.0,0.0,0.0,0,0,0,0,0,0.00,0.00,0.00,0.00,40,-85,25957,0,85,3,Hein,Arsenal,GK,0
3,327,13,0,False,2026-04-19T15:30:00Z,2,1,33,False,0,0,0,0,0,0,0,0,0,0,0,0,0,0.0,0.0,0.0,0.0,0,0,0,0,0,0.00,0.00,0.00,0.00,40,-57,25886,0,57,3,Hein,Arsenal,GK,0
3,331,15,0,True,2026-04-25T16:30:00Z,1,0,34,False,0,0,0,0,0,0,0,0,0,0,0,0,0,0.0,0.0,0.0,0.0,0,0,0,0,0,0.00,0.00,0.00,0.00,40,-61,25821,0,61,3,Hein,Arsenal,GK,0
3,341,10,0,True,2026-05-02T16:30:00Z,3,0,35,False,0,0,0,0,0,0,0,0,0,0,0,0,0,0.0,0.0,0.0,0.0,0,0,0,0,0,0.00,0.00,0.00,0.00,40,-49,25792,0,49,3,Hein,Arsenal,GK,0
3,360,19,0,False,2026-05-10T15:30:00Z,0,1,36,False,0,0,0,0,0,0,0,0,0,0,0,0,0,0.0,0.0,0.0,0.0,0,0,0,0,0,0.00,0.00,0.00,0.00,40,-71,25713,0,71,3,Hein,Arsenal,GK,0
3,361,3,0,True,2026-05-18T19:00:00Z,1,0,37,False,0,0,0,0,0,0,0,0,0,0,0,0,0,0.0,0.0,0.0,0.0,0,0,0,0,0,0.00,0.00,0.00,0.00,40,-60,25659,0,60,3,Hein,Arsenal,GK,0
3,373,8,0,False,2026-05-24T15:00:00Z,1,2,38,False,0,0,0,0,0,0,0,0,0,0,0,0,0,0.0,0.0,0.0,0.0,0,0,0,0,0,0.00,0.00,0.00,0.00,40,-78,25580,0,78,3,Hein,Arsenal,GK,0
4,9,14,0,False,2025-08-17T15:30:00Z,0,1,1,False,0,0,0,0,0,0,0,0,0,0,0,0,0,0.0,0.0,0.0,0.0,0,0,0,0,0,0.00,0.00,0.00,0.00,40,0,13373,0,0,4,Setford,Arsenal,GK,0
4,11,11,0,True,2025-08-23T16:30:00Z,5,0,2,False,0,0,0,0,0,0,0,0,0,0,0,0,0,0.0,0.0,0.0,0.0,0,0,0,0,0,0.00,0.00,0.00,0.00,40,-533,16324,982,1515,4,Setford,Arsenal,GK,0
4,25,12,0,False,2025-08-31T15:30:00Z,1,0,3,False,0,0,0,0,0,0,0,0,0,0,0,0,0,0.0,0.0,0.0,0.0,0,0,0,0,0,0.00,0.00,0.00,0.00,40,249,20855,2209,1960,4,Setford,Arsenal,GK,0
4,31,16,0,True,2025-09-13T11:30:00Z,3,0,4,False,0,0,0,0,0,0,0,0,0,0,0,0,0,0.0,0.0,0.0,0.0,0,0,0,0,0,0.00,0.00,0.00,0.00,40,1786,24801,3875,2089,4,Setford,Arsenal,GK,0
4,41,13,0,True,2025-09-21T15:30:00Z,1,1,5,False,0,0,0,0,0,0,0,0,0,0,0,0,0,0.0,0.0,0.0,0.0,0,0,0,0,0,0.00,0.00,0.00,0.00,40,1405,27540,3043,1638,4,Setford,Arsenal,GK,0
4,58,15,0,False,2025-09-28T15:30:00Z,1,2,6,False,0,0,0,0,0,0,0,0,0,0,0,0,0,0.0,0.0,0.0,0.0,0,0,0,0,0,0.00,0.00,0.00,0.00,40,576,28376,2428,1852,4,Setford,Arsenal,GK,0
4,61,19,0,True,2025-10-04T14:00:00Z,2,0,7,False,0,0,0,0,0,0,0,0,0,0,0,0,0,0.0,0.0,0.0,0.0,0,0,0,0,0,0.00,0.00,0.00,0.00,40,-1019,26881,820,1839,4,Setford,Arsenal,GK,0
4,74,10,0,False,2025-10-18T16:30:00Z,0,1,8,False,0,0,0,0,0,0,0,0,0,0,0,0,0,0.0,0.0,0.0,0.0,0,0,0,0,0,0.00,0.00,0.00,0.00,40,-883,26701,915,1798,4,Setford,Arsenal,GK,0
4,81,8,0,True,2025-10-26T14:00:00Z,1,0,9,False,0,0,0,0,0,0,0,0,0,0,0,0,0,0.0,0.0,0.0,0.0,0,0,0,0,0,0.00,0.00,0.00,0.00,40,-688,26279,578,1266,4,Setford,Arsenal,GK,0
4,92,3,0,False,2025-11-01T15:00:00Z,0,2,10,False,0,0,0,0,0,0,0,0,0,0,0,0,0,0.0,0.0,0.0,0.0,0,0,0,0,0,0.00,0.00,0.00,0.00,40,-948,25474,404,1352,4,Setford,Arsenal,GK,0
4,108,17,0,False,2025-11-08T17:30:00Z,2,2,11,False,0,0,0,0,0,0,0,0,0,0,0,0,0,0.0,0.0,0.0,0.0,0,0,0,0,0,0.00,0.00,0.00,0.00,40,-962,24778,316,1278,4,Setford,Arsenal,GK,0
4,111,18,0,True,2025-11-23T16:30:00Z,4,1,12,False,0,0,0,0,0,0,0,0,0,0,0,0,0,0.0,0.0,0.0,0.0,0,0,0,0,0,0.00,0.00,0.00,0.00,40,-370,25070,414,784,4,Setford,Arsenal,GK,0
4,123,7,0,False,2025-11-30T16:30:00Z,1,1,13,False,0,0,0,0,0,0,0,0,0,0,0,0,0,0.0,0.0,0.0,0.0,0,0,0,0,0,0.00,0.00,0.00,0.00,40,-369,25190,280,649,4,Setford,Arsenal,GK,0
4,131,5,0,True,2025-12-03T19:30:00Z,2,0,14,False,0,0,0,0,0,0,0,0,0,0,0,0,0,0.0,0.0,0.0,0.0,0,0,0,0,0,0.00,0.00,0.00,0.00,39,569,28146,1112,543,4,Setford,Arsenal,GK,0
4,141,2,0,False,2025-12-06T12:30:00Z,2,1,15,False,0,0,0,0,0,0,0,0,0,0,0,0,0,0.0,0.0,0.0,0.0,0,0,0,0,0,0.00,0.00,0.00,0.00,39,1145,33152,1858,713,4,Setford,Arsenal,GK,0
4,151,20,0,True,2025-12-13T20:00:00Z,2,1,16,False,0,0,0,0,0,0,0,0,0,0,0,0,0,0.0,0.0,0.0,0.0,0,0,0,0,0,0.00,0.00,0.00,0.00,39,504,28260,2455,1951,4,Setford,Arsenal,GK,0
4,164,9,0,False,2025-12-20T20:00:00Z,0,1,17,False,0,0,0,0,0,0,0,0,0,0,0,0,0,0.0,0.0,0.0,0.0,0,0,0,0,0,0.00,0.00,0.00,0.00,39,1697,33449,2651,954,4,Setford,Arsenal,GK,0
4,171,6,0,True,2025-12-27T15:00:00Z,2,1,18,False,0,0,0,0,0,0,0,0,0,0,0,0,0,0.0,0.0,0.0,0.0,0,0,0,0,0,0.00,0.00,0.00,0.00,39,1314,42592,2512,1198,4,Setford,Arsenal,GK,0
4,181,2,0,True,2025-12-30T20:15:00Z,4,1,19,False,0,0,0,0,0,0,0,0,0,0,0,0,0,0.0,0.0,0.0,0.0,0,0,0,0,0,0.00,0.00,0.00,0.00,39,891,50506,1828,937,4,Setford,Arsenal,GK,0
4,192,4,0,False,2026-01-03T17:30:00Z,2,3,20,False,0,0,0,0,0,0,0,0,0,0,0,0,0,0.0,0.0,0.0,0.0,0,0,0,0,0,0.00,0.00,0.00,0.00,39,183,33010,1222,1039,4,Setford,Arsenal,GK,0
4,201,12,0,True,2026-01-08T20:00:00Z,0,0,21,False,0,0,0,0,0,0,0,0,0,0,0,0,0,0.0,0.0,0.0,0.0,0,0,0,0,0,0.00,0.00,0.00,0.00,39,19,33693,1208,1189,4,Setford,Arsenal,GK,0
4,217,16,0,False,2026-01-17T17:30:00Z,0,0,22,False,0,0,0,0,0,0,0,0,0,0,0,0,0,0.0,0.0,0.0,0.0,0,0,0,0,0,0.00,0.00,0.00,0.00,39,-765,31793,740,1505,4,Setford,Arsenal,GK,0
4,221,14,0,True,2026-01-25T16:30:00Z,2,3,23,False,0,0,0,0,0,0,0,0,0,0,0,0,0,0.0,0.0,0.0,0.0,0,0,0,0,0,0.00,0.00,0.00,0.00,39,-527,31211,215,742,4,Setford,Arsenal,GK,0
4,234,11,0,False,2026-01-31T15:00:00Z,0,4,24,False,0,0,0,0,0,0,0,0,0,0,0,0,0,0.0,0.0,0.0,0.0,0,0,0,0,0,0.00,0.00,0.00,0.00,39,-597,30598,272,869,4,Setford,Arsenal,GK,0
4,241,17,0,True,2026-02-07T15:00:00Z,3,0,25,False,0,0,0,0,0,0,0,0,0,0,0,0,0,0.0,0.0,0.0,0.0,0,0,0,0,0,0.00,0.00,0.00,0.00,39,-562,29998,240,802,4,Setford,Arsenal,GK,0
4,252,5,0,False,2026-02-12T20:00:00Z,1,1,26,False,0,0,0,0,0,0,0,0,0,0,0,0,0,0.0,0.0,0.0,0.0,0,0,0,0,0,0.00,0.00,0.00,0.00,39,-1341,28452,183,1524,4,Setford,Arsenal,GK,0
4,310,20,0,False,2026-02-18T20:00:00Z,2,2,26,False,0,0,0,0,0,0,0,0,0,0,0,0,0,0.0,0.0,0.0,0.0,0,0,0,0,0,0.00,0.00,0.00,0.00,39,-1341,28452,183,1524,4,Setford,Arsenal,GK,0
4,269,18,0,False,2026-02-22T16:30:00Z,1,4,27,False,0,0,0,0,0,0,0,0,0,0,0,0,0,0.0,0.0,0.0,0.0,0,0,0,0,0,0.00,0.00,0.00,0.00,39,-137,28754,329,466,4,Setford,Arsenal,GK,0
4,271,7,0,True,2026-03-01T16:30:00Z,2,1,28,False,0,0,0,0,0,0,0,0,0,0,0,0,0,0.0,0.0,0.0,0.0,0,0,0,0,0,0.00,0.00,0.00,0.00,39,7,29178,341,334,4,Setford,Arsenal,GK,0
4,283,6,0,False,2026-03-04T19:30:00Z,0,1,29,False,0,0,0,0,0,0,0,0,0,0,0,0,0,0.0,0.0,0.0,0.0,0,0,0,0,0,0.00,0.00,0.00,0.00,39,-183,28738,239,422,4,Setford,Arsenal,GK,0
4,291,9,0,True,2026-03-14T17:30:00Z,2,0,30,False,0,0,0,0,0,0,0,0,0,0,0,0,0,0.0,0.0,0.0,0.0,0,0,0,0,0,0.00,0.00,0.00,0.00,39,-347,28270,174,521,4,Setford,Arsenal,GK,0
4,311,4,0,True,2026-04-11T11:30:00Z,1,2,32,False,0,0,0,0,0,0,0,0,0,0,0,0,0,0.0,0.0,0.0,0.0,0,0,0,0,0,0.00,0.00,0.00,0.00,39,-246,27762,96,342,4,Setford,Arsenal,GK,0
4,327,13,0,False,2026-04-19T15:30:00Z,2,1,33,False,0,0,0,0,0,0,0,0,0,0,0,0,0,0.0,0.0,0.0,0.0,0,0,0,0,0,0.00,0.00,0.00,0.00,39,-218,27573,73,291,4,Setford,Arsenal,GK,0
4,331,15,0,True,2026-04-25T16:30:00Z,1,0,34,False,0,0,0,0,0,0,0,0,0,0,0,0,0,0.0,0.0,0.0,0.0,0,0,0,0,0,0.00,0.00,0.00,0.00,39,-169,27584,84,253,4,Setford,Arsenal,GK,0
4,341,10,0,True,2026-05-02T16:30:00Z,3,0,35,False,0,0,0,0,0,0,0,0,0,0,0,0,0,0.0,0.0,0.0,0.0,0,0,0,0,0,0.00,0.00,0.00,0.00,39,-148,27258,81,229,4,Setford,Arsenal,GK,0
4,360,19,0,False,2026-05-10T15:30:00Z,0,1,36,False,0,0,0,0,0,0,0,0,0,0,0,0,0,0.0,0.0,0.0,0.0,0,0,0,0,0,0.00,0.00,0.00,0.00,39,-235,27047,71,306,4,Setford,Arsenal,GK,0
4,361,3,0,True,2026-05-18T19:00:00Z,1,0,37,False,0,0,0,0,0,0,0,0,0,0,0,0,0,0.0,0.0,0.0,0.0,0,0,0,0,0,0.00,0.00,0.00,0.00,39,-190,26848,51,241,4,Setford,Arsenal,GK,0
4,373,8,0,False,2026-05-24T15:00:00Z,1,2,38,False,0,0,0,0,0,0,0,0,0,0,0,0,0,0.0,0.0,0.0,0.0,0,0,0,0,0,0.00,0.00,0.00,0.00,39,-35,26886,217,252,4,Setford,Arsenal,GK,0
5,9,14,6,False,2025-08-17T15:30:00Z,0,1,1,False,90,0,0,1,0,0,0,0,0,0,0,0,23,22.8,0.3,4.0,2.7,6,1,1,7,1,0.00,0.00,0.00,1.52,60,0,1696374,0,0,5,Gabriel,Arsenal,DEF,6
5,11,11,6,True,2025-08-23T16:30:00Z,5,0,2,False,90,0,0,1,0,0,0,0,0,0,0,0,26,13.4,3.3,6.0,2.3,3,4,0,3,1,0.04,0.01,0.05,0.17,60,254939,2292996,335537,80598,5,Gabriel,Arsenal,DEF,6
5,25,12,2,False,2025-08-31T15:30:00Z,1,0,3,False,90,0,0,0,1,0,0,0,0,0,0,0,8,15.4,1.4,2.0,1.9,6,2,1,7,1,0.02,0.01,0.03,0.52,61,-28048,2291736,137723,165771,5,Gabriel,Arsenal,DEF,2
5,31,16,9,True,2025-09-13T11:30:00Z,3,0,4,False,90,0,0,1,0,0,0,0,0,0,0,1,32,28.0,1.3,9.0,3.8,8,3,2,10,1,0.20,0.01,0.21,0.20,61,89836,2531223,230780,140944,5,Gabriel,Arsenal,DEF,9
5,41,13,2,True,2025-09-21T15:30:00Z,1,1,5,False,90,0,0,0,1,0,0,0,0,0,0,0,13,19.6,2.3,0.0,2.2,7,1,1,8,1,0.00,0.01,0.01,0.89,61,45804,2599245,134864,89060,5,Gabriel,Arsenal,DEF,2
5,58,15,13,False,2025-09-28T15:30:00Z,1,2,6,False,90,1,0,0,1,0,0,0,0,0,0,3,34,76.8,2.5,33.0,11.2,16,2,3,19,1,0.22,0.02,0.24,0.61,61,186233,2819407,315054,128821,5,Gabriel,Arsenal,DEF,13
5,61,19,9,True,2025-10-04T14:00:00Z,2,0,7,False,90,0,0,1,0,0,0,0,0,0,0,1,33,24.6,2.0,2.0,2.9,10,0,2,12,1,0.00,0.03,0.03,0.49,62,504651,3404817,596289,91638,5,Gabriel,Arsenal,DEF,9
5,74,10,12,False,2025-10-18T16:30:00Z,0,1,8,False,90,0,1,1,0,0,0,0,0,0,0,3,33,33.4,11.6,15.0,6.0,9,1,0,9,1,0.24,0.02,0.26,0.44,63,410059,3866736,480852,70793,5,Gabriel,Arsenal,DEF,12
5,81,8,9,True,2025-10-26T14:00:00Z,1,0,9,False,90,0,0,1,0,0,0,0,0,0,0,3,32,27.2,11.2,9.0,4.7,9,0,0,9,1,0.10,0.03,0.13,0.47,64,434572,4322773,494883,60311,5,Gabriel,Arsenal,DEF,9
5,92,3,12,False,2025-11-01T15:00:00Z,0,2,10,False,90,0,1,1,0,0,0,0,1,0,0,2,39,36.0,11.3,4.0,5.1,10,1,1,11,1,0.00,0.52,0.52,0.42,65,516984,4909124,567316,50332,5,Gabriel,Arsenal,DEF,12
5,108,17,1,False,2025-11-08T17:30:00Z,2,2,11,False,90,0,0,0,2,0,0,0,0,0,0,0,6,21.4,15.4,4.0,4.1,4,0,1,5,1,0.00,0.03,0.03,0.44,66,473066,5407553,481238,8172,5,Gabriel,Arsenal,DEF,1
5,111,18,0,True,2025-11-23T16:30:00Z,4,1,12,False,0,0,0,0,0,0,0,0,0,0,0,0,0,0.0,0.0,0.0,0.0,0,0,0,0,0,0.00,0.00,0.00,0.00,65,-1569853,3689125,95144,1664997,5,Gabriel,Arsenal,DEF,0
5,123,7,0,False,2025-11-30T16:30:00Z,1,1,13,False,0,0,0,0,0,0,0,0,0,0,0,0,0,0.0,0.0,0.0,0.0,0,0,0,0,0,0.00,0.00,0.00,0.00,64,-1020768,2713183,3915,1024683,5,Gabriel,Arsenal,DEF,0
5,131,5,0,True,2025-12-03T19:30:00Z,2,0,14,False,0,0,0,0,0,0,0,0,0,0,0,0,0,0.0,0.0,0.0,0.0,0,0,0,0,0,0.00,0.00,0.00,0.00,63,-425711,2385345,2694,428405,5,Gabriel,Arsenal,DEF,0
5,141,2,0,False,2025-12-06T12:30:00Z,2,1,15,False,0,0,0,0,0,0,0,0,0,0,0,0,0,0.0,0.0,0.0,0.0,0,0,0,0,0,0.00,0.00,0.00,0.00,63,-307592,2091264,2230,309822,5,Gabriel,Arsenal,DEF,0
5,151,20,0,True,2025-12-13T20:00:00Z,2,1,16,False,0,0,0,0,0,0,0,0,0,0,0,0,0,0.0,0.0,0.0,0.0,0,0,0,0,0,0.00,0.00,0.00,0.00,62,-342767,1755432,5998,348765,5,Gabriel,Arsenal,DEF,0
5,164,9,0,False,2025-12-20T20:00:00Z,0,1,17,False,0,0,0,0,0,0,0,0,0,0,0,0,0,0.0,0.0,0.0,0.0,0,0,0,0,0,0.00,0.00,0.00,0.00,62,-134691,1631350,2498,137189,5,Gabriel,Arsenal,DEF,0
5,171,6,1,True,2025-12-27T15:00:00Z,2,1,18,False,19,0,0,0,0,0,0,0,0,0,0,0,2,0.0,0.2,4.0,0.3,1,1,0,1,0,0.02,0.00,0.02,0.32,62,-73834,1558977,2763,76597,5,Gabriel,Arsenal,DEF,1
5,181,2,15,True,2025-12-30T20:15:00Z,4,1,19,False,76,1,0,1,0,0,0,0,0,0,0,3,40,47.8,1.4,35.0,8.4,4,2,0,4,1,0.41,0.01,0.42,0.67,63,311052,1947230,327050,15998,5,Gabriel,Arsenal,DEF,15
5,192,4,9,False,2026-01-03T17:30:00Z,2,3,20,False,90,1,0,0,2,0,0,0,0,0,0,0,16,55.4,1.5,19.0,7.6,10,0,2,12,1,0.17,0.01,0.18,1.43,65,1000786,2932696,1009482,8696,5,Gabriel,Arsenal,DEF,9
5,201,12,6,True,2026-01-08T20:00:00Z,0,0,21,False,90,0,0,1,0,0,0,0,0,0,0,0,25,21.8,7.3,12.0,4.1,6,3,0,6,1,0.14,0.05,0.19,0.36,66,796394,3718272,813598,17204,5,Gabriel,Arsenal,DEF,6
5,217,16,8,False,2026-01-17T17:30:00Z,0,0,22,False,90,0,0,1,0,0,0,0,0,0,0,2,28,19.6,1.6,5.0,2.6,6,1,1,7,1,0.14,0.01,0.15,0.34,68,713951,4451454,725140,11189,5,Gabriel,Arsenal,DEF,8
5,221,14,1,True,2026-01-25T16:30:00Z,2,3,23,False,90,0,0,0,3,0,0,0,0,0,0,0,1,13.4,4.2,2.0,2.0,5,2,1,6,1,0.00,0.01,0.01,0.71,69,252390,4696723,271425,19035,5,Gabriel,Arsenal,DEF,1
5,234,11,8,False,2026-01-31T15:00:00Z,0,4,24,False,90,0,0,1,0,0,0,0,0,0,0,0,30,33.6,0.8,19.0,5.3,11,2,2,13,1,0.02,0.05,0.07,0.15,70,286288,5009355,313255,26967,5,Gabriel,Arsenal,DEF,8
5,241,17,6,True,2026-02-07T15:00:00Z,3,0,25,False,90,0,0,1,0,0,0,0,0,0,0,0,28,17.2,1.7,0.0,1.9,6,1,1,7,1,0.00,0.01,0.01,0.19,71,264014,5298860,276387,12373,5,Gabriel,Arsenal,DEF,6
5,252,5,3,False,2026-02-12T20:00:00Z,1,1,26,False,90,0,0,0,1,0,0,0,1,0,0,0,14,43.0,6.4,8.0,5.7,14,4,4,18,1,0.12,0.03,0.15,1.51,71,262848,5593857,289752,26904,5,Gabriel,Arsenal,DEF,3
5,310,20,4,False,2026-02-18T20:00:00Z,2,2,26,False,90,0,1,0,2,0,0,0,0,0,0,0,21,32.8,15.0,0.0,4.8,6,5,0,6,1,0.00,0.14,0.14,0.29,71,262848,5593857,289752,26904,5,Gabriel,Arsenal,DEF,4
5,269,18,2,False,2026-02-22T16:30:00Z,1,4,27,False,90,0,0,0,1,0,0,0,0,0,0,0,12,18.2,1.8,0.0,2.0,3,2,3,6,1,0.00,0.01,0.01,0.76,71,4447,5557739,73999,69552,5,Gabriel,Arsenal,DEF,2
5,271,7,9,True,2026-03-01T16:30:00Z,2,1,28,False,90,0,1,0,1,0,0,0,1,0,0,3,27,6.6,0.6,2.0,0.9,7,4,4,11,1,0.03,0.57,0.60,1.05,71,-43971,5510008,41154,85125,5,Gabriel,Arsenal,DEF,9
5,283,6,11,False,2026-03-04T19:30:00Z,0,1,29,False,90,0,0,1,0,0,0,0,0,0,0,3,40,37.6,0.3,2.0,4.0,16,2,1,17,1,0.00,0.00,0.00,0.82,71,63741,5604826,85952,22211,5,Gabriel,Arsenal,DEF,11
5,291,9,9,True,2026-03-14T17:30:00Z,2,0,30,False,90,0,0,1,0,0,0,0,0,0,0,1,30,21.2,3.0,3.0,2.7,9,2,1,10,1,0.03,0.06,0.09,1.05,72,87571,5699276,103697,16126,5,Gabriel,Arsenal,DEF,9
5,311,4,4,True,2026-04-11T11:30:00Z,1,2,32,False,90,0,1,0,2,0,0,0,0,0,0,0,12,16.0,0.6,21.0,3.8,7,5,1,8,1,0.08,0.01,0.09,1.19,72,67855,5650544,209462,141607,5,Gabriel,Arsenal,DEF,4
5,327,13,0,False,2026-04-19T15:30:00Z,2,1,33,False,90,0,0,0,2,0,0,0,1,0,0,0,2,22.6,0.2,5.0,2.8,6,3,1,7,1,0.02,0.01,0.03,1.36,71,-171715,5104085,58425,230140,5,Gabriel,Arsenal,DEF,0
5,331,15,8,True,2026-04-25T16:30:00Z,1,0,34,False,90,0,0,1,0,0,0,0,0,0,0,2,29,27.2,14.5,2.0,4.4,8,2,1,9,1,0.00,0.01,0.01,1.00,71,146121,5933365,182766,36645,5,Gabriel,Arsenal,DEF,8
5,341,10,6,True,2026-05-02T16:30:00Z,3,0,35,False,90,0,0,1,0,0,0,0,0,0,0,0,27,23.6,2.1,52.0,7.8,7,3,1,8,1,0.64,0.02,0.66,0.37,72,184429,5826245,207490,23061,5,Gabriel,Arsenal,DEF,6
5,360,19,11,False,2026-05-10T15:30:00Z,0,1,36,False,90,0,0,1,0,0,0,0,0,0,0,3,32,30.6,1.2,16.0,4.8,11,3,1,12,1,0.30,0.01,0.31,1.15,72,73102,5900073,116094,42992,5,Gabriel,Arsenal,DEF,11
5,361,3,6,True,2026-05-18T19:00:00Z,1,0,37,False,90,0,0,1,0,0,0,0,0,0,0,0,22,6.8,1.1,3.0,1.1,3,1,1,4,1,0.00,0.04,0.04,0.19,73,128753,6041173,140618,11865,5,Gabriel,Arsenal,DEF,6
5,373,8,1,False,2026-05-24T15:00:00Z,1,2,38,False,45,0,0,0,1,0,0,0,0,0,0,0,7,10.4,0.4,0.0,1.1,5,1,0,5,0,0.00,0.00,0.00,0.93,73,-80730,5938633,63485,144215,5,Gabriel,Arsenal,DEF,1
6,9,14,9,False,2025-08-17T15:30:00Z,0,1,1,False,90,0,0,1,0,0,0,0,0,0,0,1,25,31.4,0.1,0.0,3.2,10,3,4,14,1,0.00,0.00,0.00,1.52,60,0,1257079,0,0,6,Saliba,Arsenal,DEF,9
6,11,11,6,True,2025-08-23T16:30:00Z,5,0,2,False,90,0,0,1,0,0,0,0,0,0,0,0,27,18.4,2.1,2.0,2.3,5,4,0,5,1,0.00,0.01,0.01,0.17,60,247702,1933946,311233,63531,6,Saliba,Arsenal,DEF,6
6,25,12,1,False,2025-08-31T15:30:00Z,1,0,3,False,4,0,0,0,0,0,0,0,0,0,0,0,4,3.0,0.0,0.0,0.3,3,0,0,3,1,0.00,0.00,0.00,0.00,61,-10170,2042178,133191,143361,6,Saliba,Arsenal,DEF,1
6,31,16,0,True,2025-09-13T11:30:00Z,3,0,4,False,0,0,0,0,0,0,0,0,0,0,0,0,0,0.0,0.0,0.0,0.0,0,0,0,0,0,0.00,0.00,0.00,0.00,61,-439095,1635010,26222,465317,6,Saliba,Arsenal,DEF,0
6,41,13,2,True,2025-09-21T15:30:00Z,1,1,5,False,90,0,0,0,1,0,0,0,0,0,0,0,15,22.0,3.0,4.0,2.9,5,8,4,9,1,0.13,0.02,0.15,0.89,60,-198404,1469699,9735,208139,6,Saliba,Arsenal,DEF,2
6,58,15,1,False,2025-09-28T15:30:00Z,1,2,6,False,45,0,0,0,0,0,0,0,0,0,0,0,8,5.4,11.8,2.0,1.9,1,1,0,1,0,0.00,0.07,0.07,0.20,60,-13772,1489252,52699,66471,6,Saliba,Arsenal,DEF,1
6,61,19,6,True,2025-10-04T14:00:00Z,2,0,7,False,90,0,0,1,0,0,0,0,0,0,0,0,30,28.2,2.2,0.0,3.0,8,4,0,8,1,0.00,0.02,0.02,0.49,60,10476,1526375,75755,65279,6,Saliba,Arsenal,DEF,6
6,74,10,6,False,2025-10-18T16:30:00Z,0,1,8,False,90,0,0,1,0,0,0,0,0,0,0,0,26,17.4,2.8,2.0,2.2,4,5,0,4,1,0.00,0.05,0.05,0.44,60,-6407,1537530,47792,54199,6,Saliba,Arsenal,DEF,6
6,81,8,1,True,2025-10-26T14:00:00Z,1,0,9,False,45,0,0,0,0,0,0,0,0,0,0,0,10,7.4,1.5,0.0,0.9,1,1,0,1,1,0.00,0.02,0.02,0.08,60,4680,1553786,41394,36714,6,Saliba,Arsenal,DEF,1
6,92,3,6,False,2025-11-01T15:00:00Z,0,2,10,False,90,0,0,1,0,0,0,0,0,0,0,0,29,19.2,6.1,0.0,2.5,4,5,2,6,1,0.00,0.01,0.01,0.42,60,-124697,1429278,30644,155341,6,Saliba,Arsenal,DEF,6
6,108,17,1,False,2025-11-08T17:30:00Z,2,2,11,False,90,0,0,0,2,0,0,0,0,0,0,0,4,17.2,4.5,6.0,2.8,6,1,0,6,1,0.16,0.03,0.19,0.44,60,-3915,1441342,30010,33925,6,Saliba,Arsenal,DEF,1
6,111,18,2,True,2025-11-23T16:30:00Z,4,1,12,False,90,0,0,0,1,0,0,0,0,0,0,0,12,15.6,1.5,0.0,1.7,4,3,1,5,1,0.00,0.01,0.01,0.07,60,106752,1568953,136915,30163,6,Saliba,Arsenal,DEF,2
6,123,7,0,False,2025-11-30T16:30:00Z,1,1,13,False,0,0,0,0,0,0,0,0,0,0,0,0,0,0.0,0.0,0.0,0.0,0,0,0,0,0,0.00,0.00,0.00,0.00,60,43523,1600156,74221,30698,6,Saliba,Arsenal,DEF,0
6,131,5,0,True,2025-12-03T19:30:00Z,2,0,14,False,0,0,0,0,0,0,0,0,0,0,0,0,0,0.0,0.0,0.0,0.0,0,0,0,0,0,0.00,0.00,0.00,0.00,60,-69961,1536880,17116,87077,6,Saliba,Arsenal,DEF,0
6,141,2,0,False,2025-12-06T12:30:00Z,2,1,15,False,0,0,0,0,0,0,0,0,0,0,0,0,0,0.0,0.0,0.0,0.0,0,0,0,0,0,0.00,0.00,0.00,0.00,60,-110815,1426855,4518,115333,6,Saliba,Arsenal,DEF,0
6,151,20,2,True,2025-12-13T20:00:00Z,2,1,16,False,90,0,0,0,1,0,0,0,0,0,0,0,14,16.4,5.1,4.0,2.6,4,4,1,5,1,0.00,0.02,0.02,0.38,60,-137672,1292932,26086,163758,6,Saliba,Arsenal,DEF,2
6,164,9,6,False,2025-12-20T20:00:00Z,0,1,17,False,90,0,0,1,0,0,0,0,0,0,0,0,27,17.0,1.4,0.0,1.8,6,9,0,6,1,0.00,0.02,0.02,0.20,59,66060,1389862,85141,19081,6,Saliba,Arsenal,DEF,6
6,171,6,2,True,2025-12-27T15:00:00Z,2,1,18,False,90,0,0,0,1,0,0,0,0,0,0,0,10,10.4,0.8,2.0,1.3,3,4,0,3,1,0.00,0.00,0.00,0.85,59,67413,1488101,81652,14239,6,Saliba,Arsenal,DEF,2
6,181,2,2,True,2025-12-30T20:15:00Z,4,1,19,False,90,0,0,0,1,0,0,0,0,0,0,0,10,9.4,1.0,0.0,1.0,2,1,2,4,1,0.00,0.01,0.01,2.67,59,39065,1494263,64430,25365,6,Saliba,Arsenal,DEF,2
6,192,4,1,False,2026-01-03T17:30:00Z,2,3,20,False,90,0,0,0,2,0,0,0,0,0,0,0,9,16.8,0.8,0.0,1.8,4,3,4,8,1,0.00,0.00,0.00,1.43,59,11564,1507589,50735,39171,6,Saliba,Arsenal,DEF,1
6,201,12,7,True,2026-01-08T20:00:00Z,0,0,21,False,90,0,0,1,0,0,0,0,0,0,0,1,28,13.8,19.3,0.0,3.3,5,4,0,5,1,0.00,0.15,0.15,0.36,59,-22533,1484334,34141,56674,6,Saliba,Arsenal,DEF,7
6,217,16,8,False,2026-01-17T17:30:00Z,0,0,22,False,90,0,0,1,0,0,0,0,0,0,0,2,28,17.6,11.0,8.0,3.7,3,8,2,5,1,0.09,0.02,0.11,0.34,60,46628,1540665,79734,33106,6,Saliba,Arsenal,DEF,8
6,221,14,1,True,2026-01-25T16:30:00Z,2,3,23,False,90,0,0,0,3,0,0,0,0,0,0,0,5,14.6,34.8,2.0,5.1,4,3,0,4,1,0.00,0.09,0.09,0.71,60,24115,1566646,43637,19522,6,Saliba,Arsenal,DEF,1
6,234,11,6,False,2026-01-31T15:00:00Z,0,4,24,False,90,0,0,1,0,0,0,0,0,0,0,0,21,10.2,3.1,0.0,1.3,3,2,0,3,1,0.00,0.02,0.02,0.15,60,12662,1583683,57655,44993,6,Saliba,Arsenal,DEF,6
6,241,17,7,True,2026-02-07T15:00:00Z,3,0,25,False,90,0,0,1,0,0,0,0,1,0,0,0,28,20.4,6.4,0.0,2.7,10,4,1,11,1,0.00,0.02,0.02,0.19,60,100035,1699262,117931,17896,6,Saliba,Arsenal,DEF,7
6,252,5,0,False,2026-02-12T20:00:00Z,1,1,26,False,0,0,0,0,0,0,0,0,0,0,0,0,0,0.0,0.0,0.0,0.0,0,0,0,0,0,0.00,0.00,0.00,0.00,61,164047,1872059,188142,24095,6,Saliba,Arsenal,DEF,0
6,310,20,1,False,2026-02-18T20:00:00Z,2,2,26,False,90,0,0,0,2,0,0,0,0,0,0,0,7,18.0,2.7,0.0,2.1,5,5,3,8,1,0.00,0.01,0.01,0.29,61,164047,1872059,188142,24095,6,Saliba,Arsenal,DEF,1
6,269,18,2,False,2026-02-22T16:30:00Z,1,4,27,False,90,0,0,0,1,0,0,0,0,0,0,0,9,16.6,2.5,7.0,2.6,7,4,1,8,1,0.24,0.01,0.25,0.76,61,-57009,1804316,24733,81742,6,Saliba,Arsenal,DEF,2
6,271,7,10,True,2026-03-01T16:30:00Z,2,1,28,False,90,1,0,0,1,0,0,0,0,0,0,2,26,33.6,0.1,33.0,6.7,5,3,1,6,1,0.26,0.00,0.26,1.05,61,-65259,1741511,12219,77478,6,Saliba,Arsenal,DEF,10
6,283,6,0,False,2026-03-04T19:30:00Z,0,1,29,False,0,0,0,0,0,0,0,0,0,0,0,0,0,0.0,0.0,0.0,0.0,0,0,0,0,0,0.00,0.00,0.00,0.00,61,14381,1765704,31321,16940,6,Saliba,Arsenal,DEF,0
6,291,9,11,True,2026-03-14T17:30:00Z,2,0,30,False,90,0,0,1,0,0,0,0,0,0,0,3,36,33.6,31.8,2.0,6.7,9,7,3,12,1,0.00,0.09,0.09,1.05,61,-29450,1737007,21155,50605,6,Saliba,Arsenal,DEF,11
6,311,4,1,True,2026-04-11T11:30:00Z,1,2,32,False,90,0,0,0,2,0,0,0,0,0,0,0,12,16.6,10.8,2.0,2.9,5,2,1,6,1,0.00,0.00,0.00,1.19,61,84679,1804813,123956,39277,6,Saliba,Arsenal,DEF,1
6,327,13,3,False,2026-04-19T15:30:00Z,2,1,33,False,90,0,0,0,2,0,0,0,0,0,0,0,13,23.8,2.5,0.0,2.6,8,2,2,10,1,0.00,0.02,0.02,1.36,61,-41281,1726037,27928,69209,6,Saliba,Arsenal,DEF,3
6,331,15,7,True,2026-04-25T16:30:00Z,1,0,34,False,90,0,0,1,0,0,0,0,0,0,0,1,28,14.6,1.9,0.0,1.7,5,3,1,6,1,0.00,0.01,0.01,1.00,61,91649,1955066,109799,18150,6,Saliba,Arsenal,DEF,7
6,341,10,6,True,2026-05-02T16:30:00Z,3,0,35,False,90,0,0,1,0,0,0,0,0,0,0,0,27,22.2,24.4,6.0,5.3,6,3,0,6,1,0.00,0.31,0.31,0.37,61,130186,1991887,159319,29133,6,Saliba,Arsenal,DEF,6
6,360,19,5,False,2026-05-10T15:30:00Z,0,1,36,False,90,0,0,1,0,0,0,0,1,0,0,0,26,22.2,3.2,8.0,3.3,6,5,2,8,1,0.00,0.16,0.16,1.15,62,58691,2052330,86995,28304,6,Saliba,Arsenal,DEF,5
6,361,3,8,True,2026-05-18T19:00:00Z,1,0,37,False,90,0,0,1,0,0,0,0,0,0,0,2,27,19.6,1.8,0.0,2.1,7,2,0,7,1,0.00,0.01,0.01,0.19,62,184367,2243493,202504,18137,6,Saliba,Arsenal,DEF,8
6,373,8,0,False,2026-05-24T15:00:00Z,1,2,38,False,0,0,0,0,0,0,0,0,0,0,0,0,0,0.0,0.0,0.0,0.0,0,0,0,0,0,0.00,0.00,0.00,0.00,63,3022,2240445,62158,59136,6,Saliba,Arsenal,DEF,0
7,9,14,13,False,2025-08-17T15:30:00Z,0,1,1,False,71,1,0,1,0,0,0,0,1,0,0,2,33,36.2,2.1,35.0,7.3,3,5,1,4,1,0.91,0.01,0.92,0.87,55,0,63049,0,0,7,Calafiori,Arsenal,DEF,13
7,11,11,13,True,2025-08-23T16:30:00Z,5,0,2,False,63,0,2,1,0,0,0,0,0,0,0,1,38,38.0,21.4,22.0,8.1,1,1,0,1,1,0.39,0.01,0.40,0.17,55,249257,500185,275549,26292,7,Calafiori,Arsenal,DEF,13
7,25,12,2,False,2025-08-31T15:30:00Z,1,0,3,False,90,0,0,0,1,0,0,0,0,0,0,0,9,9.8,1.9,11.0,2.3,5,3,2,7,1,0.13,0.01,0.14,0.52,56,361084,982437,429321,68237,7,Calafiori,Arsenal,DEF,2
7,31,16,5,True,2025-09-13T11:30:00Z,3,0,4,False,67,0,0,1,0,0,0,0,1,0,0,0,16,5.4,12.6,2.0,2.0,1,1,2,3,1,0.00,0.01,0.01,0.10,57,459197,1569650,534037,74840,7,Calafiori,Arsenal,DEF,5
7,41,13,2,True,2025-09-21T15:30:00Z,1,1,5,False,90,0,0,0,1,0,0,0,0,0,0,0,7,3.6,6.2,19.0,2.9,2,6,3,5,1,0.14,0.05,0.19,0.89,57,75801,1636657,156708,80907,7,Calafiori,Arsenal,DEF,2
7,58,15,1,False,2025-09-28T15:30:00Z,1,2,6,False,69,0,0,0,1,0,0,0,1,0,0,0,0,3.6,16.8,10.0,3.0,3,3,0,3,1,0.10,0.04,0.14,0.53,57,84574,1745426,170270,85696,7,Calafiori,Arsenal,DEF,1
7,61,19,6,True,2025-10-04T14:00:00Z,2,0,7,False,74,0,0,1,0,0,0,0,0,0,0,0,26,8.8,5.4,19.0,3.3,3,5,3,6,1,0.17,0.02,0.19,0.36,57,25129,1786011,121007,95878,7,Calafiori,Arsenal,DEF,6
7,74,10,6,False,2025-10-18T16:30:00Z,0,1,8,False,90,0,0,1,0,0,0,0,0,0,0,0,26,12.6,8.0,9.0,3.0,4,6,1,5,1,0.04,0.02,0.06,0.44,57,7959,1803961,86772,78813,7,Calafiori,Arsenal,DEF,6
7,81,8,6,True,2025-10-26T14:00:00Z,1,0,9,False,81,0,0,1,0,0,0,0,0,0,0,0,26,4.6,3.8,2.0,1.0,1,6,0,1,1,0.07,0.02,0.09,0.46,58,50027,1864253,99941,49914,7,Calafiori,Arsenal,DEF,6
7,92,3,6,False,2025-11-01T15:00:00Z,0,2,10,False,71,0,0,1,0,0,0,0,0,0,0,0,33,16.0,3.3,17.0,3.6,6,3,1,7,1,0.06,0.01,0.07,0.02,58,104799,1981741,151960,47161,7,Calafiori,Arsenal,DEF,6
7,108,17,1,False,2025-11-08T17:30:00Z,2,2,11,False,90,0,0,0,2,0,0,0,0,0,0,0,-1,11.4,7.8,35.0,5.4,5,3,0,5,1,0.23,0.05,0.28,0.44,58,19411,2002722,81322,61911,7,Calafiori,Arsenal,DEF,1
7,111,18,2,True,2025-11-23T16:30:00Z,4,1,12,False,90,0,0,0,1,0,0,0,0,0,0,0,9,9.6,2.3,6.0,1.8,4,3,3,7,1,0.07,0.03,0.10,0.07,58,-147040,1823439,43693,190733,7,Calafiori,Arsenal,DEF,2
7,123,7,0,False,2025-11-30T16:30:00Z,1,1,13,False,45,0,0,0,0,0,0,0,1,0,0,0,5,15.0,1.2,0.0,1.6,6,3,3,9,1,0.00,0.01,0.01,0.31,58,-33961,1786523,47042,81003,7,Calafiori,Arsenal,DEF,0
7,131,5,7,True,2025-12-03T19:30:00Z,2,0,14,False,90,0,0,1,0,0,0,0,0,0,0,1,33,24.8,4.4,26.0,5.5,4,4,5,9,1,0.18,0.03,0.21,0.35,58,21196,1857332,63080,41884,7,Calafiori,Arsenal,DEF,7
7,141,2,1,False,2025-12-06T12:30:00Z,2,1,15,False,85,0,0,0,1,0,0,0,1,0,0,0,2,6.6,3.1,6.0,1.6,3,2,3,6,1,0.00,0.01,0.01,1.36,58,61352,1918268,91476,30124,7,Calafiori,Arsenal,DEF,1
7,151,20,0,True,2025-12-13T20:00:00Z,2,1,16,False,0,0,0,0,0,0,0,0,0,0,0,0,0,0.0,0.0,0.0,0.0,0,0,0,0,0,0.00,0.00,0.00,0.00,57,-689315,1198258,19643,708958,7,Calafiori,Arsenal,DEF,0
7,164,9,6,False,2025-12-20T20:00:00Z,0,1,17,False,90,0,0,1,0,0,0,0,0,0,0,0,25,16.0,4.5,0.0,2.1,6,3,1,7,1,0.00,0.03,0.03,0.20,57,15072,1272519,67726,52654,7,Calafiori,Arsenal,DEF,6
7,171,6,0,True,2025-12-27T15:00:00Z,2,1,18,False,0,0,0,0,0,0,0,0,0,0,0,0,0,0.0,0.0,0.0,0.0,0,0,0,0,0,0.00,0.00,0.00,0.00,57,61843,1366865,82716,20873,7,Calafiori,Arsenal,DEF,0
7,181,2,0,True,2025-12-30T20:15:00Z,4,1,19,False,0,0,0,0,0,0,0,0,0,0,0,0,0,0.0,0.0,0.0,0.0,0,0,0,0,0,0.00,0.00,0.00,0.00,57,-142263,1146771,6411,148674,7,Calafiori,Arsenal,DEF,0
7,192,4,0,False,2026-01-03T17:30:00Z,2,3,20,False,0,0,0,0,0,0,0,0,0,0,0,0,0,0.0,0.0,0.0,0.0,0,0,0,0,0,0.00,0.00,0.00,0.00,57,-172311,1011365,1330,173641,7,Calafiori,Arsenal,DEF,0
7,201,12,0,True,2026-01-08T20:00:00Z,0,0,21,False,0,0,0,0,0,0,0,0,0,0,0,0,0,0.0,0.0,0.0,0.0,0,0,0,0,0,0.00,0.00,0.00,0.00,56,-112473,901798,194,112667,7,Calafiori,Arsenal,DEF,0
7,217,16,0,False,2026-01-17T17:30:00Z,0,0,22,False,0,0,0,0,0,0,0,0,0,0,0,0,0,0.0,0.0,0.0,0.0,0,0,0,0,0,0.00,0.00,0.00,0.00,56,-84702,818516,338,85040,7,Calafiori,Arsenal,DEF,0
7,221,14,0,True,2026-01-25T16:30:00Z,2,3,23,False,0,0,0,0,0,0,0,0,0,0,0,0,0,0.0,0.0,0.0,0.0,0,0,0,0,0,0.00,0.00,0.00,0.00,56,-27695,791987,658,28353,7,Calafiori,Arsenal,DEF,0
7,234,11,1,False,2026-01-31T15:00:00Z,0,4,24,False,15,0,0,0,0,0,0,0,0,0,0,0,2,0.2,0.6,7.0,0.8,1,1,0,1,0,0.25,0.01,0.26,0.03,56,-3359,789745,14719,18078,7,Calafiori,Arsenal,DEF,1
7,241,17,6,True,2026-02-07T15:00:00Z,3,0,25,False,66,0,0,1,0,0,0,0,0,0,0,0,18,4.8,2.3,4.0,1.1,2,1,2,4,1,0.03,0.02,0.05,0.17,56,3057,793704,13700,10643,7,Calafiori,Arsenal,DEF,6
7,252,5,1,False,2026-02-12T20:00:00Z,1,1,26,False,9,0,0,0,0,0,0,0,0,0,0,0,2,1.4,1.3,0.0,0.3,1,0,0,1,0,0.00,0.00,0.00,0.33,56,53825,849400,61848,8023,7,Calafiori,Arsenal,DEF,1
7,310,20,1,False,2026-02-18T20:00:00Z,2,2,26,False,1,0,0,0,1,0,0,0,0,0,0,0,-1,0.2,0.3,0.0,0.1,0,0,0,0,0,0.00,0.01,0.01,0.17,56,53825,849400,61848,8023,7,Calafiori,Arsenal,DEF,1
7,269,18,0,False,2026-02-22T16:30:00Z,1,4,27,False,0,0,0,0,0,0,0,0,0,0,0,0,0,0.0,0.0,0.0,0.0,0,0,0,0,0,0.00,0.00,0.00,0.00,56,-21766,825906,6173,27939,7,Calafiori,Arsenal,DEF,0
7,271,7,0,True,2026-03-01T16:30:00Z,2,1,28,False,0,0,0,0,0,0,0,0,0,0,0,0,0,0.0,0.0,0.0,0.0,0,0,0,0,0,0.00,0.00,0.00,0.00,56,-24695,801590,2129,26824,7,Calafiori,Arsenal,DEF,0
7,283,6,1,False,2026-03-04T19:30:00Z,0,1,29,False,26,0,0,0,0,0,0,0,0,0,0,0,2,4.6,0.9,0.0,0.6,1,0,1,2,0,0.00,0.00,0.00,0.18,56,-14586,787557,1682,16268,7,Calafiori,Arsenal,DEF,1
7,291,9,6,True,2026-03-14T17:30:00Z,2,0,30,False,73,0,0,1,0,0,0,0,0,0,0,0,29,11.2,17.7,19.0,4.8,2,6,0,2,1,0.15,0.09,0.24,0.99,56,-11826,776473,2407,14233,7,Calafiori,Arsenal,DEF,6
7,311,4,0,True,2026-04-11T11:30:00Z,1,2,32,False,0,0,0,0,0,0,0,0,0,0,0,0,0,0.0,0.0,0.0,0.0,0,0,0,0,0,0.00,0.00,0.00,0.00,56,22138,797214,27934,5796,7,Calafiori,Arsenal,DEF,0
7,327,13,0,False,2026-04-19T15:30:00Z,2,1,33,False,0,0,0,0,0,0,0,0,0,0,0,0,0,0.0,0.0,0.0,0.0,0,0,0,0,0,0.00,0.00,0.00,0.00,56,-20043,773117,812,20855,7,Calafiori,Arsenal,DEF,0
7,331,15,0,True,2026-04-25T16:30:00Z,1,0,34,False,0,0,0,0,0,0,0,0,0,0,0,0,0,0.0,0.0,0.0,0.0,0,0,0,0,0,0.00,0.00,0.00,0.00,56,-8825,765211,462,9287,7,Calafiori,Arsenal,DEF,0
7,341,10,6,True,2026-05-02T16:30:00Z,3,0,35,False,90,0,0,1,0,0,0,0,0,0,0,0,20,25.2,12.6,39.0,7.7,5,3,1,6,1,0.23,0.02,0.25,0.37,56,-3802,764141,2103,5905,7,Calafiori,Arsenal,DEF,6
7,360,19,1,False,2026-05-10T15:30:00Z,0,1,36,False,45,0,0,0,0,0,0,0,0,0,0,0,-1,0.4,1.4,15.0,1.7,0,3,0,0,1,0.21,0.02,0.23,0.15,56,12761,778387,15691,2930,7,Calafiori,Arsenal,DEF,1
7,361,3,8,True,2026-05-18T19:00:00Z,1,0,37,False,71,0,0,1,0,0,0,0,0,0,0,2,27,11.8,33.3,6.0,5.1,1,1,0,1,1,0.00,0.13,0.13,0.19,56,-3149,773900,6444,9593,7,Calafiori,Arsenal,DEF,8
7,373,8,1,False,2026-05-24T15:00:00Z,1,2,38,False,45,0,0,0,0,0,0,0,0,0,0,0,4,1.2,7.1,4.0,1.2,0,2,0,0,1,0.00,0.10,0.10,0.05,56,7139,782847,11884,4745,7,Calafiori,Arsenal,DEF,1
8,9,14,0,False,2025-08-17T15:30:00Z,0,1,1,False,19,0,0,0,0,0,0,0,1,0,0,0,-3,3.0,0.3,0.0,0.3,1,1,2,3,0,0.00,0.00,0.00,0.66,55,0,210465,0,0,8,J.Timber,Arsenal,DEF,0
8,11,11,24,True,2025-08-23T16:30:00Z,5,0,2,False,63,2,1,1,0,0,0,0,0,0,0,3,68,95.0,28.5,75.0,19.9,2,1,4,6,1,0.81,0.05,0.86,0.17,55,-23011,219095,14581,37592,8,J.Timber,Arsenal,DEF,24
8,25,12,2,False,2025-08-31T15:30:00Z,1,0,3,False,90,0,0,0,1,0,0,0,0,0,0,0,7,11.4,12.4,11.0,3.5,5,4,2,7,1,0.09,0.05,0.14,0.52,56,449352,828444,509691,60339,8,J.Timber,Arsenal,DEF,2
8,31,16,8,True,2025-09-13T11:30:00Z,3,0,4,False,90,0,0,1,0,0,0,0,0,0,0,2,37,19.8,13.0,35.0,6.8,4,2,2,6,1,0.30,0.02,0.32,0.20,57,310541,1235377,380134,69593,8,J.Timber,Arsenal,DEF,8
8,41,13,1,True,2025-09-21T15:30:00Z,1,1,5,False,79,0,0,0,1,0,0,0,1,0,0,0,16,17.0,13.9,8.0,3.9,1,3,7,8,1,0.00,0.05,0.05,0.65,57,239054,1494975,300378,61324,8,J.Timber,Arsenal,DEF,1
8,58,15,2,False,2025-09-28T15:30:00Z,1,2,6,False,90,0,0,0,1,0,0,0,0,0,0,0,10,24.6,38.2,25.0,8.8,4,4,2,6,1,0.53,0.21,0.74,0.61,58,156869,1679103,250497,93628,8,J.Timber,Arsenal,DEF,2
8,61,19,11,True,2025-10-04T14:00:00Z,2,0,7,False,90,0,1,1,0,0,0,0,0,0,0,2,43,20.2,16.8,29.0,6.6,3,3,6,9,1,0.16,0.03,0.19,0.49,58,197000,1910147,274109,77109,8,J.Timber,Arsenal,DEF,11
8,74,10,6,False,2025-10-18T16:30:00Z,0,1,8,False,90,0,0,1,0,0,0,0,0,0,0,0,27,16.8,31.8,6.0,5.5,2,5,2,4,1,0.00,0.15,0.15,0.44,59,509451,2468281,553581,44130,8,J.Timber,Arsenal,DEF,6
8,81,8,6,True,2025-10-26T14:00:00Z,1,0,9,False,90,0,0,1,0,0,0,0,0,0,0,0,25,11.8,16.7,2.0,3.1,2,4,2,4,1,0.00,0.04,0.04,0.47,60,250337,2724017,290738,40401,8,J.Timber,Arsenal,DEF,6
8,92,3,6,False,2025-11-01T15:00:00Z,0,2,10,False,90,0,0,1,0,0,0,0,0,0,0,0,20,5.4,1.2,17.0,2.4,2,3,2,4,1,0.19,0.01,0.20,0.42,61,340003,3109667,381364,41361,8,J.Timber,Arsenal,DEF,6
8,108,17,1,False,2025-11-08T17:30:00Z,2,2,11,False,90,0,0,0,2,0,0,0,0,0,0,0,7,13.0,6.3,8.0,2.7,1,3,3,4,1,0.00,0.03,0.03,0.44,61,95646,3193975,161573,65927,8,J.Timber,Arsenal,DEF,1
8,111,18,5,True,2025-11-23T16:30:00Z,4,1,12,False,90,0,1,0,1,0,0,0,0,0,0,0,6,15.0,14.8,20.0,5.0,1,4,0,1,1,0.50,0.04,0.54,0.07,62,439841,3668658,523928,84087,8,J.Timber,Arsenal,DEF,5
8,123,7,2,False,2025-11-30T16:30:00Z,1,1,13,False,90,0,0,0,1,0,0,0,0,0,0,0,8,10.2,3.1,6.0,1.9,3,4,3,6,1,0.30,0.03,0.33,0.79,63,323189,3857248,370539,47350,8,J.Timber,Arsenal,DEF,2
8,131,5,1,True,2025-12-03T19:30:00Z,2,0,14,False,46,0,0,0,0,0,0,0,0,0,0,0,3,7.0,0.3,0.0,0.7,3,4,0,3,0,0.00,0.00,0.00,0.09,64,293646,4310049,317562,23916,8,J.Timber,Arsenal,DEF,1
8,141,2,3,False,2025-12-06T12:30:00Z,2,1,15,False,90,0,0,0,2,0,0,0,0,0,0,0,7,24.0,1.8,4.0,3.0,7,4,3,10,1,0.23,0.01,0.24,2.16,64,90726,4349352,166824,76098,8,J.Timber,Arsenal,DEF,3
8,151,20,2,True,2025-12-13T20:00:00Z,2,1,16,False,90,0,0,0,1,0,0,0,0,0,0,0,7,8.0,16.5,10.0,3.5,2,2,0,2,1,0.19,0.02,0.21,0.38,65,-189517,4143467,370255,559772,8,J.Timber,Arsenal,DEF,2
8,164,9,6,False,2025-12-20T20:00:00Z,0,1,17,False,90,0,0,1,0,0,0,0,0,0,0,0,26,9.0,13.3,21.0,4.3,0,6,3,3,1,0.46,0.07,0.53,0.20,65,-26534,4194778,124131,150665,8,J.Timber,Arsenal,DEF,6
8,171,6,0,True,2025-12-27T15:00:00Z,2,1,18,False,0,0,0,0,0,0,0,0,0,0,0,0,0,0.0,0.0,0.0,0.0,0,0,0,0,0,0.00,0.00,0.00,0.00,65,89016,4304991,156936,67920,8,J.Timber,Arsenal,DEF,0
8,181,2,9,True,2025-12-30T20:15:00Z,4,1,19,False,82,0,1,1,0,0,0,0,0,0,0,0,28,21.2,22.3,26.0,7.0,2,1,1,3,1,0.30,0.01,0.31,0.67,64,-674866,3390691,14991,689857,8,J.Timber,Arsenal,DEF,9
8,192,4,3,False,2026-01-03T17:30:00Z,2,3,20,False,90,0,0,0,2,0,0,0,0,0,0,0,8,31.6,22.3,4.0,5.8,8,5,2,10,1,0.00,0.01,0.01,1.43,64,-7092,3646955,137081,144173,8,J.Timber,Arsenal,DEF,3
8,201,12,6,True,2026-01-08T20:00:00Z,0,0,21,False,90,0,0,1,0,0,0,0,0,0,0,0,24,11.0,3.7,8.0,2.3,5,3,0,5,1,0.00,0.02,0.02,0.36,63,-172747,3459669,73112,245859,8,J.Timber,Arsenal,DEF,6
8,217,16,5,False,2026-01-17T17:30:00Z,0,0,22,False,90,0,0,1,0,0,0,0,1,0,0,0,17,0.4,2.2,6.0,0.9,2,1,0,2,1,0.10,0.02,0.12,0.34,63,105007,3596176,211829,106822,8,J.Timber,Arsenal,DEF,5
8,221,14,1,True,2026-01-25T16:30:00Z,2,3,23,False,90,0,0,0,3,0,0,0,0,0,0,0,-2,5.4,2.3,2.0,1.0,0,1,2,2,1,0.00,0.01,0.01,0.71,63,23196,3616868,101467,78271,8,J.Timber,Arsenal,DEF,1
8,234,11,5,False,2026-01-31T15:00:00Z,0,4,24,False,90,0,0,1,0,0,0,0,1,0,0,0,20,8.6,16.5,9.0,3.4,1,5,2,3,1,0.14,0.21,0.35,0.15,63,-35766,3583337,148485,184251,8,J.Timber,Arsenal,DEF,5
8,241,17,6,True,2026-02-07T15:00:00Z,3,0,25,False,90,0,0,1,0,0,0,0,0,0,0,0,24,11.6,3.2,2.0,1.7,3,6,4,7,1,0.00,0.02,0.02,0.19,64,176086,3790180,235244,59158,8,J.Timber,Arsenal,DEF,6
8,252,5,2,False,2026-02-12T20:00:00Z,1,1,26,False,90,0,0,0,1,0,0,0,0,0,0,0,15,13.0,21.8,4.0,3.9,2,4,1,3,1,0.00,0.10,0.10,1.51,64,253679,4060996,321351,67672,8,J.Timber,Arsenal,DEF,2
8,310,20,1,False,2026-02-18T20:00:00Z,2,2,26,False,90,0,0,0,2,0,0,0,0,0,0,0,9,13.2,8.1,6.0,2.7,2,6,2,4,1,0.00,0.03,0.03,0.29,64,253679,4060996,321351,67672,8,J.Timber,Arsenal,DEF,1
8,269,18,3,False,2026-02-22T16:30:00Z,1,4,27,False,56,0,1,0,1,0,0,0,1,0,0,0,14,25.8,38.2,4.0,6.8,0,2,1,1,1,0.00,0.20,0.20,0.35,64,-179248,3851321,44580,223828,8,J.Timber,Arsenal,DEF,3
8,271,7,8,True,2026-03-01T16:30:00Z,2,1,28,False,90,1,0,0,1,0,0,0,0,0,0,0,25,2.6,10.7,0.0,1.3,3,4,1,4,1,0.41,0.01,0.42,1.05,64,-266332,3584211,27745,294077,8,J.Timber,Arsenal,DEF,8
8,283,6,13,False,2026-03-04T19:30:00Z,0,1,29,False,90,0,1,1,0,0,0,0,0,0,0,2,33,36.4,20.8,2.0,5.9,9,1,5,14,1,0.00,0.07,0.07,0.82,63,10414,3618020,74756,64342,8,J.Timber,Arsenal,DEF,13
8,291,9,1,True,2026-03-14T17:30:00Z,2,0,30,False,37,0,0,0,0,0,0,0,0,0,0,0,3,7.0,1.6,2.0,1.1,2,1,2,4,1,0.00,0.01,0.01,0.82,63,129946,3756345,155714,25768,8,J.Timber,Arsenal,DEF,1
8,311,4,0,True,2026-04-11T11:30:00Z,1,2,32,False,0,0,0,0,0,0,0,0,0,0,0,0,0,0.0,0.0,0.0,0.0,0,0,0,0,0,0.00,0.00,0.00,0.00,63,-244192,3245375,59282,303474,8,J.Timber,Arsenal,DEF,0
8,327,13,0,False,2026-04-19T15:30:00Z,2,1,33,False,0,0,0,0,0,0,0,0,0,0,0,0,0,0.0,0.0,0.0,0.0,0,0,0,0,0,0.00,0.00,0.00,0.00,62,-421063,2706001,3728,424791,8,J.Timber,Arsenal,DEF,0
8,331,15,0,True,2026-04-25T16:30:00Z,1,0,34,False,0,0,0,0,0,0,0,0,0,0,0,0,0,0.0,0.0,0.0,0.0,0,0,0,0,0,0.00,0.00,0.00,0.00,61,-239928,2524431,4649,244577,8,J.Timber,Arsenal,DEF,0
8,341,10,0,True,2026-05-02T16:30:00Z,3,0,35,False,0,0,0,0,0,0,0,0,0,0,0,0,0,0.0,0.0,0.0,0.0,0,0,0,0,0,0.00,0.00,0.00,0.00,61,-303746,2296584,269,304015,8,J.Timber,Arsenal,DEF,0
8,360,19,0,False,2026-05-10T15:30:00Z,0,1,36,False,0,0,0,0,0,0,0,0,0,0,0,0,0,0.0,0.0,0.0,0.0,0,0,0,0,0,0.00,0.00,0.00,0.00,60,-188023,2108069,173,188196,8,J.Timber,Arsenal,DEF,0
8,361,3,0,True,2026-05-18T19:00:00Z,1,0,37,False,0,0,0,0,0,0,0,0,0,0,0,0,0,0.0,0.0,0.0,0.0,0,0,0,0,0,0.00,0.00,0.00,0.00,60,-75691,2037142,168,75859,8,J.Timber,Arsenal,DEF,0
8,373,8,0,False,2026-05-24T15:00:00Z,1,2,38,False,0,0,0,0,0,0,0,0,0,0,0,0,0,0.0,0.0,0.0,0.0,0,0,0,0,0,0.00,0.00,0.00,0.00,60,-52153,1984727,316,52469,8,J.Timber,Arsenal,DEF,0
9,9,14,0,False,2025-08-17T15:30:00Z,0,1,1,False,0,0,0,0,0,0,0,0,0,0,0,0,0,0.0,0.0,0.0,0.0,0,0,0,0,0,0.00,0.00,0.00,0.00,55,0,12048,0,0,9,Kiwior,Arsenal,DEF,0
9,11,11,0,True,2025-08-23T16:30:00Z,5,0,2,False,0,0,0,0,0,0,0,0,0,0,0,0,0,0.0,0.0,0.0,0.0,0,0,0,0,0,0.00,0.00,0.00,0.00,55,-1754,12677,397,2151,9,Kiwior,Arsenal,DEF,0
9,25,12,0,False,2025-08-31T15:30:00Z,1,0,3,False,0,0,0,0,0,0,0,0,0,0,0,0,0,0.0,0.0,0.0,0.0,0,0,0,0,0,0.00,0.00,0.00,0.00,54,-1956,11834,529,2485,9,Kiwior,Arsenal,DEF,0
9,31,16,0,True,2025-09-13T11:30:00Z,3,0,4,False,0,0,0,0,0,0,0,0,0,0,0,0,0,0.0,0.0,0.0,0.0,0,0,0,0,0,0.00,0.00,0.00,0.00,54,-2657,9452,193,2850,9,Kiwior,Arsenal,DEF,0
9,41,13,0,True,2025-09-21T15:30:00Z,1,1,5,False,0,0,0,0,0,0,0,0,0,0,0,0,0,0.0,0.0,0.0,0.0,0,0,0,0,0,0.00,0.00,0.00,0.00,54,-1312,8209,0,1312,9,Kiwior,Arsenal,DEF,0
9,58,15,0,False,2025-09-28T15:30:00Z,1,2,6,False,0,0,0,0,0,0,0,0,0,0,0,0,0,0.0,0.0,0.0,0.0,0,0,0,0,0,0.00,0.00,0.00,0.00,54,-653,7578,0,653,9,Kiwior,Arsenal,DEF,0
9,61,19,0,True,2025-10-04T14:00:00Z,2,0,7,False,0,0,0,0,0,0,0,0,0,0,0,0,0,0.0,0.0,0.0,0.0,0,0,0,0,0,0.00,0.00,0.00,0.00,54,-348,7242,0,348,9,Kiwior,Arsenal,DEF,0
9,74,10,0,False,2025-10-18T16:30:00Z,0,1,8,False,0,0,0,0,0,0,0,0,0,0,0,0,0,0.0,0.0,0.0,0.0,0,0,0,0,0,0.00,0.00,0.00,0.00,54,-322,6921,0,322,9,Kiwior,Arsenal,DEF,0
9,81,8,0,True,2025-10-26T14:00:00Z,1,0,9,False,0,0,0,0,0,0,0,0,0,0,0,0,0,0.0,0.0,0.0,0.0,0,0,0,0,0,0.00,0.00,0.00,0.00,54,-130,6794,0,130,9,Kiwior,Arsenal,DEF,0
9,92,3,0,False,2025-11-01T15:00:00Z,0,2,10,False,0,0,0,0,0,0,0,0,0,0,0,0,0,0.0,0.0,0.0,0.0,0,0,0,0,0,0.00,0.00,0.00,0.00,54,-114,6682,0,114,9,Kiwior,Arsenal,DEF,0
9,108,17,0,False,2025-11-08T17:30:00Z,2,2,11,False,0,0,0,0,0,0,0,0,0,0,0,0,0,0.0,0.0,0.0,0.0,0,0,0,0,0,0.00,0.00,0.00,0.00,54,-93,6591,0,93,9,Kiwior,Arsenal,DEF,0
9,111,18,0,True,2025-11-23T16:30:00Z,4,1,12,False,0,0,0,0,0,0,0,0,0,0,0,0,0,0.0,0.0,0.0,0.0,0,0,0,0,0,0.00,0.00,0.00,0.00,54,-86,6506,0,86,9,Kiwior,Arsenal,DEF,0
9,123,7,0,False,2025-11-30T16:30:00Z,1,1,13,False,0,0,0,0,0,0,0,0,0,0,0,0,0,0.0,0.0,0.0,0.0,0,0,0,0,0,0.00,0.00,0.00,0.00,54,-41,6468,0,41,9,Kiwior,Arsenal,DEF,0
9,131,5,0,True,2025-12-03T19:30:00Z,2,0,14,False,0,0,0,0,0,0,0,0,0,0,0,0,0,0.0,0.0,0.0,0.0,0,0,0,0,0,0.00,0.00,0.00,0.00,54,-24,6444,0,24,9,Kiwior,Arsenal,DEF,0
9,141,2,0,False,2025-12-06T12:30:00Z,2,1,15,False,0,0,0,0,0,0,0,0,0,0,0,0,0,0.0,0.0,0.0,0.0,0,0,0,0,0,0.00,0.00,0.00,0.00,54,-29,6415,0,29,9,Kiwior,Arsenal,DEF,0
9,151,20,0,True,2025-12-13T20:00:00Z,2,1,16,False,0,0,0,0,0,0,0,0,0,0,0,0,0,0.0,0.0,0.0,0.0,0,0,0,0,0,0.00,0.00,0.00,0.00,54,-41,6371,0,41,9,Kiwior,Arsenal,DEF,0
9,164,9,0,False,2025-12-20T20:00:00Z,0,1,17,False,0,0,0,0,0,0,0,0,0,0,0,0,0,0.0,0.0,0.0,0.0,0,0,0,0,0,0.00,0.00,0.00,0.00,54,-38,6334,0,38,9,Kiwior,Arsenal,DEF,0
9,171,6,0,True,2025-12-27T15:00:00Z,2,1,18,False,0,0,0,0,0,0,0,0,0,0,0,0,0,0.0,0.0,0.0,0.0,0,0,0,0,0,0.00,0.00,0.00,0.00,54,-30,6306,0,30,9,Kiwior,Arsenal,DEF,0
9,181,2,0,True,2025-12-30T20:15:00Z,4,1,19,False,0,0,0,0,0,0,0,0,0,0,0,0,0,0.0,0.0,0.0,0.0,0,0,0,0,0,0.00,0.00,0.00,0.00,54,-25,6281,0,25,9,Kiwior,Arsenal,DEF,0
9,192,4,0,False,2026-01-03T17:30:00Z,2,3,20,False,0,0,0,0,0,0,0,0,0,0,0,0,0,0.0,0.0,0.0,0.0,0,0,0,0,0,0.00,0.00,0.00,0.00,54,-10,6275,0,10,9,Kiwior,Arsenal,DEF,0
9,201,12,0,True,2026-01-08T20:00:00Z,0,0,21,False,0,0,0,0,0,0,0,0,0,0,0,0,0,0.0,0.0,0.0,0.0,0,0,0,0,0,0.00,0.00,0.00,0.00,54,-15,6260,0,15,9,Kiwior,Arsenal,DEF,0
9,217,16,0,False,2026-01-17T17:30:00Z,0,0,22,False,0,0,0,0,0,0,0,0,0,0,0,0,0,0.0,0.0,0.0,0.0,0,0,0,0,0,0.00,0.00,0.00,0.00,54,-24,6236,0,24,9,Kiwior,Arsenal,DEF,0
9,221,14,0,True,2026-01-25T16:30:00Z,2,3,23,False,0,0,0,0,0,0,0,0,0,0,0,0,0,0.0,0.0,0.0,0.0,0,0,0,0,0,0.00,0.00,0.00,0.00,54,-7,6230,0,7,9,Kiwior,Arsenal,DEF,0
9,234,11,0,False,2026-01-31T15:00:00Z,0,4,24,False,0,0,0,0,0,0,0,0,0,0,0,0,0,0.0,0.0,0.0,0.0,0,0,0,0,0,0.00,0.00,0.00,0.00,54,-17,6213,0,17,9,Kiwior,Arsenal,DEF,0
9,241,17,0,True,2026-02-07T15:00:00Z,3,0,25,False,0,0,0,0,0,0,0,0,0,0,0,0,0,0.0,0.0,0.0,0.0,0,0,0,0,0,0.00,0.00,0.00,0.00,54,-20,6193,0,20,9,Kiwior,Arsenal,DEF,0
9,252,5,0,False,2026-02-12T20:00:00Z,1,1,26,False,0,0,0,0,0,0,0,0,0,0,0,0,0,0.0,0.0,0.0,0.0,0,0,0,0,0,0.00,0.00,0.00,0.00,54,-13,6181,0,13,9,Kiwior,Arsenal,DEF,0
9,310,20,0,False,2026-02-18T20:00:00Z,2,2,26,False,0,0,0,0,0,0,0,0,0,0,0,0,0,0.0,0.0,0.0,0.0,0,0,0,0,0,0.00,0.00,0.00,0.00,54,-13,6181,0,13,9,Kiwior,Arsenal,DEF,0
9,269,18,0,False,2026-02-22T16:30:00Z,1,4,27,False,0,0,0,0,0,0,0,0,0,0,0,0,0,0.0,0.0,0.0,0.0,0,0,0,0,0,0.00,0.00,0.00,0.00,54,-7,6173,0,7,9,Kiwior,Arsenal,DEF,0
9,271,7,0,True,2026-03-01T16:30:00Z,2,1,28,False,0,0,0,0,0,0,0,0,0,0,0,0,0,0.0,0.0,0.0,0.0,0,0,0,0,0,0.00,0.00,0.00,0.00,54,-8,6164,0,8,9,Kiwior,Arsenal,DEF,0
9,283,6,0,False,2026-03-04T19:30:00Z,0,1,29,False,0,0,0,0,0,0,0,0,0,0,0,0,0,0.0,0.0,0.0,0.0,0,0,0,0,0,0.00,0.00,0.00,0.00,54,-5,6161,0,5,9,Kiwior,Arsenal,DEF,0
9,291,9,0,True,2026-03-14T17:30:00Z,2,0,30,False,0,0,0,0,0,0,0,0,0,0,0,0,0,0.0,0.0,0.0,0.0,0,0,0,0,0,0.00,0.00,0.00,0.00,54,-14,6147,0,14,9,Kiwior,Arsenal,DEF,0
9,311,4,0,True,2026-04-11T11:30:00Z,1,2,32,False,0,0,0,0,0,0,0,0,0,0,0,0,0,0.0,0.0,0.0,0.0,0,0,0,0,0,0.00,0.00,0.00,0.00,54,-8,6134,0,8,9,Kiwior,Arsenal,DEF,0
9,327,13,0,False,2026-04-19T15:30:00Z,2,1,33,False,0,0,0,0,0,0,0,0,0,0,0,0,0,0.0,0.0,0.0,0.0,0,0,0,0,0,0.00,0.00,0.00,0.00,54,-6,6128,0,6,9,Kiwior,Arsenal,DEF,0
9,331,15,0,True,2026-04-25T16:30:00Z,1,0,34,False,0,0,0,0,0,0,0,0,0,0,0,0,0,0.0,0.0,0.0,0.0,0,0,0,0,0,0.00,0.00,0.00,0.00,54,-3,6124,0,3,9,Kiwior,Arsenal,DEF,0
9,341,10,0,True,2026-05-02T16:30:00Z,3,0,35,False,0,0,0,0,0,0,0,0,0,0,0,0,0,0.0,0.0,0.0,0.0,0,0,0,0,0,0.00,0.00,0.00,0.00,54,-7,6118,0,7,9,Kiwior,Arsenal,DEF,0
9,360,19,0,False,2026-05-10T15:30:00Z,0,1,36,False,0,0,0,0,0,0,0,0,0,0,0,0,0,0.0,0.0,0.0,0.0,0,0,0,0,0,0.00,0.00,0.00,0.00,54,-5,6113,0,5,9,Kiwior,Arsenal,DEF,0
9,361,3,0,True,2026-05-18T19:00:00Z,1,0,37,False,0,0,0,0,0,0,0,0,0,0,0,0,0,0.0,0.0,0.0,0.0,0,0,0,0,0,0.00,0.00,0.00,0.00,54,-3,6110,0,3,9,Kiwior,Arsenal,DEF,0
9,373,8,0,False,2026-05-24T15:00:00Z,1,2,38,False,0,0,0,0,0,0,0,0,0,0,0,0,0,0.0,0.0,0.0,0.0,0,0,0,0,0,0.00,0.00,0.00,0.00,54,-6,6104,0,6,9,Kiwior,Arsenal,DEF,0
10,9,14,0,False,2025-08-17T15:30:00Z,0,1,1,False,18,0,0,0,0,0,0,0,1,0,0,0,-1,0.2,0.0,0.0,0.0,1,0,0,1,0,0.00,0.00,0.00,0.66,55,0,399029,0,0,10,Lewis-Skelly,Arsenal,DEF,0
10,11,11,1,True,2025-08-23T16:30:00Z,5,0,2,False,26,0,0,0,0,0,0,0,0,0,0,0,7,4.2,3.7,0.0,0.8,0,2,1,1,0,0.00,0.00,0.00,0.00,55,-53448,406745,19189,72637,10,Lewis-Skelly,Arsenal,DEF,1
10,25,12,0,False,2025-08-31T15:30:00Z,1,0,3,False,0,0,0,0,0,0,0,0,0,0,0,0,0,0.0,0.0,0.0,0.0,0,0,0,0,0,0.00,0.00,0.00,0.00,54,-90018,327755,6649,96667,10,Lewis-Skelly,Arsenal,DEF,0
10,31,16,1,True,2025-09-13T11:30:00Z,3,0,4,False,22,0,0,0,0,0,0,0,0,0,0,0,3,0.0,2.0,0.0,0.1,0,2,0,0,0,0.00,0.00,0.00,0.10,54,-51468,290505,5448,56916,10,Lewis-Skelly,Arsenal,DEF,1
10,41,13,0,True,2025-09-21T15:30:00Z,1,1,5,False,0,0,0,0,0,0,0,0,0,0,0,0,0,0.0,0.0,0.0,0.0,0,0,0,0,0,0.00,0.00,0.00,0.00,53,-32509,263244,3125,35634,10,Lewis-Skelly,Arsenal,DEF,0
10,58,15,1,False,2025-09-28T15:30:00Z,1,2,6,False,2,0,0,0,0,0,0,0,0,0,0,0,2,0.0,0.9,2.0,0.2,0,1,0,0,0,0.00,0.00,0.00,0.04,53,-23933,242653,2503,26436,10,Lewis-Skelly,Arsenal,DEF,1
10,61,19,1,True,2025-10-04T14:00:00Z,2,0,7,False,15,0,0,0,0,0,0,0,0,0,0,0,2,3.2,0.3,2.0,0.6,2,1,0,2,0,0.00,0.00,0.00,0.13,53,-14553,230990,2830,17383,10,Lewis-Skelly,Arsenal,DEF,1
10,74,10,0,False,2025-10-18T16:30:00Z,0,1,8,False,0,0,0,0,0,0,0,0,0,0,0,0,0,0.0,0.0,0.0,0.0,0,0,0,0,0,0.00,0.00,0.00,0.00,52,-14937,219108,3195,18132,10,Lewis-Skelly,Arsenal,DEF,0
10,81,8,1,True,2025-10-26T14:00:00Z,1,0,9,False,2,0,0,0,0,0,0,0,0,0,0,0,3,0.2,0.3,0.0,0.1,0,1,0,0,0,0.00,0.00,0.00,0.01,52,-8437,212160,2864,11301,10,Lewis-Skelly,Arsenal,DEF,1
10,92,3,1,False,2025-11-01T15:00:00Z,0,2,10,False,1,0,0,0,0,0,0,0,0,0,0,0,3,2.0,0.0,0.0,0.2,1,0,0,1,0,0.00,0.00,0.00,0.05,52,-6307,207253,3888,10195,10,Lewis-Skelly,Arsenal,DEF,1
10,108,17,0,False,2025-11-08T17:30:00Z,2,2,11,False,0,0,0,0,0,0,0,0,0,0,0,0,0,0.0,0.0,0.0,0.0,0,0,0,0,0,0.00,0.00,0.00,0.00,52,-7841,200366,1467,9308,10,Lewis-Skelly,Arsenal,DEF,0
10,111,18,1,True,2025-11-23T16:30:00Z,4,1,12,False,1,0,0,0,0,0,0,0,0,0,0,0,3,0.2,0.0,0.0,0.0,0,0,0,0,0,0.00,0.00,0.00,0.00,51,-3884,198178,3120,7004,10,Lewis-Skelly,Arsenal,DEF,1
10,123,7,0,False,2025-11-30T16:30:00Z,1,1,13,False,45,0,0,0,1,0,0,0,1,0,0,0,-1,0.4,2.2,0.0,0.3,2,3,1,3,0,0.00,0.02,0.02,0.48,51,-4045,194570,1262,5307,10,Lewis-Skelly,Arsenal,DEF,0
10,131,5,0,True,2025-12-03T19:30:00Z,2,0,14,False,0,0,0,0,0,0,0,0,0,0,0,0,0,0.0,0.0,0.0,0.0,0,0,0,0,0,0.00,0.00,0.00,0.00,51,-1358,193962,1693,3051,10,Lewis-Skelly,Arsenal,DEF,0
10,141,2,1,False,2025-12-06T12:30:00Z,2,1,15,False,4,0,0,0,1,0,0,0,0,0,0,0,-1,1.0,0.0,0.0,0.1,0,0,0,0,0,0.00,0.00,0.00,0.80,51,-2823,191484,1316,4139,10,Lewis-Skelly,Arsenal,DEF,1
10,151,20,1,True,2025-12-13T20:00:00Z,2,1,16,False,59,0,0,0,1,0,0,0,0,0,0,0,8,8.0,23.7,10.0,4.2,1,1,1,2,0,0.05,0.03,0.08,0.23,51,49339,269374,55885,6546,10,Lewis-Skelly,Arsenal,DEF,1
10,164,9,0,False,2025-12-20T20:00:00Z,0,1,17,False,0,0,0,0,0,0,0,0,0,0,0,0,0,0.0,0.0,0.0,0.0,0,0,0,0,0,0.00,0.00,0.00,0.00,51,-18580,221461,3946,22526,10,Lewis-Skelly,Arsenal,DEF,0
10,171,6,1,True,2025-12-27T15:00:00Z,2,1,18,False,70,0,0,0,1,0,0,0,1,0,0,0,4,7.4,2.1,4.0,1.4,3,1,0,3,1,0.00,0.01,0.01,0.54,51,-13011,209541,3059,16070,10,Lewis-Skelly,Arsenal,DEF,1
10,181,2,1,True,2025-12-30T20:15:00Z,4,1,19,False,13,0,0,0,1,0,0,0,0,0,0,0,-1,0.2,0.2,0.0,0.0,0,1,0,0,0,0.00,0.00,0.00,2.00,51,-6426,204947,2566,8992,10,Lewis-Skelly,Arsenal,DEF,1
10,192,4,0,False,2026-01-03T17:30:00Z,2,3,20,False,0,0,0,0,0,0,0,0,0,0,0,0,0,0.0,0.0,0.0,0.0,0,0,0,0,0,0.00,0.00,0.00,0.00,51,-5883,200221,1240,7123,10,Lewis-Skelly,Arsenal,DEF,0
10,201,12,1,True,2026-01-08T20:00:00Z,0,0,21,False,33,0,0,0,0,0,0,0,0,0,0,0,5,4.2,10.1,0.0,1.4,0,1,1,1,0,0.00,0.00,0.00,0.22,51,-5723,194755,697,6420,10,Lewis-Skelly,Arsenal,DEF,1
10,217,16,0,False,2026-01-17T17:30:00Z,0,0,22,False,0,0,0,0,0,0,0,0,0,0,0,0,0,0.0,0.0,0.0,0.0,0,0,0,0,0,0.00,0.00,0.00,0.00,51,-3404,192044,2143,5547,10,Lewis-Skelly,Arsenal,DEF,0
10,221,14,0,True,2026-01-25T16:30:00Z,2,3,23,False,0,0,0,0,0,0,0,0,0,0,0,0,0,0.0,0.0,0.0,0.0,0,0,0,0,0,0.00,0.00,0.00,0.00,51,-2315,190071,1053,3368,10,Lewis-Skelly,Arsenal,DEF,0
10,234,11,0,False,2026-01-31T15:00:00Z,0,4,24,False,0,0,0,0,0,0,0,0,0,0,0,0,0,0.0,0.0,0.0,0.0,0,0,0,0,0,0.00,0.00,0.00,0.00,51,-2041,188387,1295,3336,10,Lewis-Skelly,Arsenal,DEF,0
10,241,17,0,True,2026-02-07T15:00:00Z,3,0,25,False,0,0,0,0,0,0,0,0,0,0,0,0,0,0.0,0.0,0.0,0.0,0,0,0,0,0,0.00,0.00,0.00,0.00,51,-1989,186653,1063,3052,10,Lewis-Skelly,Arsenal,DEF,0
10,252,5,0,False,2026-02-12T20:00:00Z,1,1,26,False,0,0,0,0,0,0,0,0,0,0,0,0,0,0.0,0.0,0.0,0.0,0,0,0,0,0,0.00,0.00,0.00,0.00,51,-2066,184790,1048,3114,10,Lewis-Skelly,Arsenal,DEF,0
10,310,20,0,False,2026-02-18T20:00:00Z,2,2,26,False,0,0,0,0,0,0,0,0,0,0,0,0,0,0.0,0.0,0.0,0.0,0,0,0,0,0,0.00,0.00,0.00,0.00,51,-2066,184790,1048,3114,10,Lewis-Skelly,Arsenal,DEF,0
10,269,18,0,False,2026-02-22T16:30:00Z,1,4,27,False,0,0,0,0,0,0,0,0,0,0,0,0,0,0.0,0.0,0.0,0.0,0,0,0,0,0,0.00,0.00,0.00,0.00,51,-1271,184036,920,2191,10,Lewis-Skelly,Arsenal,DEF,0
10,271,7,0,True,2026-03-01T16:30:00Z,2,1,28,False,0,0,0,0,0,0,0,0,0,0,0,0,0,0.0,0.0,0.0,0.0,0,0,0,0,0,0.00,0.00,0.00,0.00,51,-885,183362,539,1424,10,Lewis-Skelly,Arsenal,DEF,0
10,283,6,0,False,2026-03-04T19:30:00Z,0,1,29,False,0,0,0,0,0,0,0,0,0,0,0,0,0,0.0,0.0,0.0,0.0,0,0,0,0,0,0.00,0.00,0.00,0.00,51,-713,182842,443,1156,10,Lewis-Skelly,Arsenal,DEF,0
10,291,9,0,True,2026-03-14T17:30:00Z,2,0,30,False,0,0,0,0,0,0,0,0,0,0,0,0,0,0.0,0.0,0.0,0.0,0,0,0,0,0,0.00,0.00,0.00,0.00,51,-859,182249,597,1456,10,Lewis-Skelly,Arsenal,DEF,0
10,311,4,1,True,2026-04-11T11:30:00Z,1,2,32,False,90,0,0,0,2,0,0,0,0,0,0,0,5,14.0,2.3,7.0,2.3,3,3,2,5,1,0.05,0.02,0.07,1.19,50,54,181952,829,775,10,Lewis-Skelly,Arsenal,DEF,1
10,327,13,0,False,2026-04-19T15:30:00Z,2,1,33,False,0,0,0,0,0,0,0,0,0,0,0,0,0,0.0,0.0,0.0,0.0,0,0,0,0,0,0.00,0.00,0.00,0.00,50,-189,181911,527,716,10,Lewis-Skelly,Arsenal,DEF,0
10,331,15,1,True,2026-04-25T16:30:00Z,1,0,34,False,9,0,0,0,0,0,0,0,0,0,0,0,3,5.4,0.6,0.0,0.6,1,0,0,1,0,0.00,0.01,0.01,0.06,50,12,182226,598,586,10,Lewis-Skelly,Arsenal,DEF,1
10,341,10,6,True,2026-05-02T16:30:00Z,3,0,35,False,90,0,0,1,0,0,0,0,0,0,0,0,28,11.6,15.5,2.0,2.9,1,6,2,3,1,0.00,0.07,0.07,0.37,50,-181,181987,342,523,10,Lewis-Skelly,Arsenal,DEF,6
10,360,19,6,False,2026-05-10T15:30:00Z,0,1,36,False,90,0,0,1,0,0,0,0,0,0,0,0,23,6.4,5.1,2.0,1.4,1,1,0,1,1,0.00,0.02,0.02,1.15,50,5886,188603,6517,631,10,Lewis-Skelly,Arsenal,DEF,6
10,361,3,1,True,2026-05-18T19:00:00Z,1,0,37,False,17,0,0,0,0,0,0,0,0,0,0,0,3,0.0,0.3,0.0,0.0,0,1,0,0,0,0.00,0.00,0.00,0.00,50,60414,250081,61473,1059,10,Lewis-Skelly,Arsenal,DEF,1
10,373,8,2,False,2026-05-24T15:00:00Z,1,2,38,False,90,0,0,0,1,0,0,0,0,0,0,0,12,4.6,5.3,0.0,1.0,1,5,0,1,1,0.00,0.02,0.02,0.98,50,4888,254436,11434,6546,10,Lewis-Skelly,Arsenal,DEF,2
11,9,14,6,False,2025-08-17T15:30:00Z,0,1,1,False,70,0,0,1,0,0,0,0,0,0,0,0,23,15.4,11.3,1.0,2.8,6,4,2,8,1,0.01,0.01,0.02,0.87,55,0,73566,0,0,11,White,Arsenal,DEF,6
11,11,11,0,True,2025-08-23T16:30:00Z,5,0,2,False,0,0,0,0,0,0,0,0,0,0,0,0,0,0.0,0.0,0.0,0.0,0,0,0,0,0,0.00,0.00,0.00,0.00,55,10746,111857,21413,10667,11,White,Arsenal,DEF,0
11,25,12,0,False,2025-08-31T15:30:00Z,1,0,3,False,0,0,0,0,0,0,0,0,0,0,0,0,0,0.0,0.0,0.0,0.0,0,0,0,0,0,0.00,0.00,0.00,0.00,55,-35801,74667,519,36320,11,White,Arsenal,DEF,0
11,31,16,0,True,2025-09-13T11:30:00Z,3,0,4,False,0,0,0,0,0,0,0,0,0,0,0,0,0,0.0,0.0,0.0,0.0,0,0,0,0,0,0.00,0.00,0.00,0.00,54,-15404,61995,812,16216,11,White,Arsenal,DEF,0
11,41,13,0,True,2025-09-21T15:30:00Z,1,1,5,False,0,0,0,0,0,0,0,0,0,0,0,0,0,0.0,0.0,0.0,0.0,0,0,0,0,0,0.00,0.00,0.00,0.00,54,-7097,56808,1137,8234,11,White,Arsenal,DEF,0
11,58,15,0,False,2025-09-28T15:30:00Z,1,2,6,False,0,0,0,0,0,0,0,0,0,0,0,0,0,0.0,0.0,0.0,0.0,0,0,0,0,0,0.00,0.00,0.00,0.00,54,-4042,53924,1073,5115,11,White,Arsenal,DEF,0
11,61,19,0,True,2025-10-04T14:00:00Z,2,0,7,False,0,0,0,0,0,0,0,0,0,0,0,0,0,0.0,0.0,0.0,0.0,0,0,0,0,0,0.00,0.00,0.00,0.00,54,-1487,53910,1842,3329,11,White,Arsenal,DEF,0
11,74,10,0,False,2025-10-18T16:30:00Z,0,1,8,False,0,0,0,0,0,0,0,0,0,0,0,0,0,0.0,0.0,0.0,0.0,0,0,0,0,0,0.00,0.00,0.00,0.00,54,-2377,53039,1852,4229,11,White,Arsenal,DEF,0
11,81,8,0,True,2025-10-26T14:00:00Z,1,0,9,False,0,0,0,0,0,0,0,0,0,0,0,0,0,0.0,0.0,0.0,0.0,0,0,0,0,0,0.00,0.00,0.00,0.00,54,-2023,51650,902,2925,11,White,Arsenal,DEF,0
11,92,3,0,False,2025-11-01T15:00:00Z,0,2,10,False,0,0,0,0,0,0,0,0,0,0,0,0,0,0.0,0.0,0.0,0.0,0,0,0,0,0,0.00,0.00,0.00,0.00,54,-1203,51263,1493,2696,11,White,Arsenal,DEF,0
11,108,17,0,False,2025-11-08T17:30:00Z,2,2,11,False,0,0,0,0,0,0,0,0,0,0,0,0,0,0.0,0.0,0.0,0.0,0,0,0,0,0,0.00,0.00,0.00,0.00,53,-1981,49822,650,2631,11,White,Arsenal,DEF,0
11,111,18,0,True,2025-11-23T16:30:00Z,4,1,12,False,0,0,0,0,0,0,0,0,0,0,0,0,0,0.0,0.0,0.0,0.0,0,0,0,0,0,0.00,0.00,0.00,0.00,53,-538,50211,1131,1669,11,White,Arsenal,DEF,0
11,123,7,0,False,2025-11-30T16:30:00Z,1,1,13,False,0,0,0,0,0,0,0,0,0,0,0,0,0,0.0,0.0,0.0,0.0,0,0,0,0,0,0.00,0.00,0.00,0.00,53,-560,50047,751,1311,11,White,Arsenal,DEF,0
11,131,5,14,True,2025-12-03T19:30:00Z,2,0,14,False,90,0,1,1,0,0,0,0,0,0,0,3,46,49.8,29.5,8.0,8.7,7,4,6,13,1,0.04,0.14,0.18,0.35,53,-36,50453,790,826,11,White,Arsenal,DEF,14
11,141,2,1,False,2025-12-06T12:30:00Z,2,1,15,False,90,0,0,0,2,0,0,0,0,0,0,0,18,24.0,17.6,23.0,6.5,2,5,3,5,1,0.32,0.26,0.58,2.16,53,12245,65366,13299,1054,11,White,Arsenal,DEF,1
11,151,20,1,True,2025-12-13T20:00:00Z,2,1,16,False,30,0,0,0,0,0,0,0,0,0,0,0,3,0.0,8.4,2.0,1.0,0,3,0,0,1,0.00,0.01,0.01,0.14,54,268732,388026,273837,5105,11,White,Arsenal,DEF,1
11,164,9,0,False,2025-12-20T20:00:00Z,0,1,17,False,0,0,0,0,0,0,0,0,0,0,0,0,0,0.0,0.0,0.0,0.0,0,0,0,0,0,0.00,0.00,0.00,0.00,53,-148327,169888,2346,150673,11,White,Arsenal,DEF,0
11,171,6,0,True,2025-12-27T15:00:00Z,2,1,18,False,0,0,0,0,0,0,0,0,0,0,0,0,0,0.0,0.0,0.0,0.0,0,0,0,0,0,0.00,0.00,0.00,0.00,52,-71810,103664,65,71875,11,White,Arsenal,DEF,0
11,181,2,1,True,2025-12-30T20:15:00Z,4,1,19,False,7,0,0,0,1,0,0,0,0,0,0,0,-1,3.0,10.3,0.0,1.3,1,0,0,1,0,0.00,0.01,0.01,2.00,51,-33351,79888,40,33391,11,White,Arsenal,DEF,1
11,192,4,0,False,2026-01-03T17:30:00Z,2,3,20,False,0,0,0,0,0,0,0,0,0,0,0,0,0,0.0,0.0,0.0,0.0,0,0,0,0,0,0.00,0.00,0.00,0.00,51,-6761,76918,926,7687,11,White,Arsenal,DEF,0
11,201,12,0,True,2026-01-08T20:00:00Z,0,0,21,False,0,0,0,0,0,0,0,0,0,0,0,0,0,0.0,0.0,0.0,0.0,0,0,0,0,0,0.00,0.00,0.00,0.00,51,-6238,70917,537,6775,11,White,Arsenal,DEF,0
11,217,16,6,False,2026-01-17T17:30:00Z,0,0,22,False,90,0,0,1,0,0,0,0,0,0,0,0,21,8.6,14.6,10.0,3.3,3,2,1,4,1,0.06,0.04,0.10,0.34,51,814,72437,6025,5211,11,White,Arsenal,DEF,6
11,221,14,1,True,2026-01-25T16:30:00Z,2,3,23,False,32,0,0,0,1,0,0,0,0,0,0,0,2,10.6,1.0,2.0,1.4,4,0,1,5,0,0.00,0.02,0.02,0.27,51,2526,75139,5205,2679,11,White,Arsenal,DEF,1
11,234,11,0,False,2026-01-31T15:00:00Z,0,4,24,False,0,0,0,0,0,0,0,0,0,0,0,0,0,0.0,0.0,0.0,0.0,0,0,0,0,0,0.00,0.00,0.00,0.00,51,-21,75467,4701,4722,11,White,Arsenal,DEF,0
11,241,17,0,True,2026-02-07T15:00:00Z,3,0,25,False,0,0,0,0,0,0,0,0,0,0,0,0,0,0.0,0.0,0.0,0.0,0,0,0,0,0,0.00,0.00,0.00,0.00,51,-3201,72291,2223,5424,11,White,Arsenal,DEF,0
11,252,5,0,False,2026-02-12T20:00:00Z,1,1,26,False,0,0,0,0,0,0,0,0,0,0,0,0,0,0.0,0.0,0.0,0.0,0,0,0,0,0,0.00,0.00,0.00,0.00,51,-4724,67480,1897,6621,11,White,Arsenal,DEF,0
11,310,20,0,False,2026-02-18T20:00:00Z,2,2,26,False,0,0,0,0,0,0,0,0,0,0,0,0,0,0.0,0.0,0.0,0.0,0,0,0,0,0,0.00,0.00,0.00,0.00,51,-4724,67480,1897,6621,11,White,Arsenal,DEF,0
11,269,18,0,False,2026-02-22T16:30:00Z,1,4,27,False,0,0,0,0,0,0,0,0,0,0,0,0,0,0.0,0.0,0.0,0.0,0,0,0,0,0,0.00,0.00,0.00,0.00,51,-2242,66118,1120,3362,11,White,Arsenal,DEF,0
11,271,7,0,True,2026-03-01T16:30:00Z,2,1,28,False,0,0,0,0,0,0,0,0,0,0,0,0,0,0.0,0.0,0.0,0.0,0,0,0,0,0,0.00,0.00,0.00,0.00,51,-3162,63037,165,3327,11,White,Arsenal,DEF,0
11,283,6,0,False,2026-03-04T19:30:00Z,0,1,29,False,0,0,0,0,0,0,0,0,0,0,0,0,0,0.0,0.0,0.0,0.0,0,0,0,0,0,0.00,0.00,0.00,0.00,51,-2203,60860,39,2242,11,White,Arsenal,DEF,0
11,291,9,0,True,2026-03-14T17:30:00Z,2,0,30,False,0,0,0,0,0,0,0,0,0,0,0,0,0,0.0,0.0,0.0,0.0,0,0,0,0,0,0.00,0.00,0.00,0.00,51,-1881,59119,267,2148,11,White,Arsenal,DEF,0
11,311,4,1,True,2026-04-11T11:30:00Z,1,2,32,False,75,0,0,0,2,0,0,0,0,0,0,0,13,20.2,12.3,2.0,3.5,7,3,2,9,1,0.02,0.02,0.04,1.18,51,5055,64600,5897,842,11,White,Arsenal,DEF,1
11,327,13,1,False,2026-04-19T15:30:00Z,2,1,33,False,16,0,0,0,0,0,0,0,0,0,0,0,3,1.6,3.4,0.0,0.5,1,0,0,1,0,0.00,0.00,0.00,0.00,51,-954,63417,1208,2162,11,White,Arsenal,DEF,1
11,331,15,6,True,2026-04-25T16:30:00Z,1,0,34,False,90,0,0,1,0,0,0,0,0,0,0,0,23,9.4,7.4,0.0,1.7,3,2,0,3,1,0.00,0.03,0.03,1.00,51,1946,67656,2762,816,11,White,Arsenal,DEF,6
11,341,10,6,True,2026-05-02T16:30:00Z,3,0,35,False,82,0,0,1,0,0,0,0,0,0,0,0,27,12.0,14.8,6.0,3.3,4,5,0,4,1,0.00,0.14,0.14,0.37,51,5251,71341,6341,1090,11,White,Arsenal,DEF,6
11,360,19,1,False,2026-05-10T15:30:00Z,0,1,36,False,27,0,0,0,0,0,0,0,0,0,0,0,3,0.2,2.8,0.0,0.3,0,0,0,0,1,0.00,0.01,0.01,0.00,51,12018,83941,13474,1456,11,White,Arsenal,DEF,1
11,361,3,0,True,2026-05-18T19:00:00Z,1,0,37,False,0,0,0,0,0,0,0,0,0,0,0,0,0,0.0,0.0,0.0,0.0,0,0,0,0,0,0.00,0.00,0.00,0.00,51,-12302,70701,1789,14091,11,White,Arsenal,DEF,0
11,373,8,0,False,2026-05-24T15:00:00Z,1,2,38,False,0,0,0,0,0,0,0,0,0,0,0,0,0,0.0,0.0,0.0,0.0,0,0,0,0,0,0.00,0.00,0.00,0.00,51,-5025,65808,81,5106,11,White,Arsenal,DEF,0
13,9,14,0,False,2025-08-17T15:30:00Z,0,1,1,False,0,0,0,0,0,0,0,0,0,0,0,0,0,0.0,0.0,0.0,0.0,0,0,0,0,0,0.00,0.00,0.00,0.00,40,0,51990,0,0,13,Clarke,Arsenal,DEF,0
13,11,11,0,True,2025-08-23T16:30:00Z,5,0,2,False,0,0,0,0,0,0,0,0,0,0,0,0,0,0.0,0.0,0.0,0.0,0,0,0,0,0,0.00,0.00,0.00,0.00,40,-1976,63039,6242,8218,13,Clarke,Arsenal,DEF,0
13,25,12,0,False,2025-08-31T15:30:00Z,1,0,3,False,0,0,0,0,0,0,0,0,0,0,0,0,0,0.0,0.0,0.0,0.0,0,0,0,0,0,0.00,0.00,0.00,0.00,40,-5304,66108,4594,9898,13,Clarke,Arsenal,DEF,0
13,31,16,0,True,2025-09-13T11:30:00Z,3,0,4,False,0,0,0,0,0,0,0,0,0,0,0,0,0,0.0,0.0,0.0,0.0,0,0,0,0,0,0.00,0.00,0.00,0.00,40,-2534,62758,4064,6598,13,Clarke,Arsenal,DEF,0
13,41,13,0,True,2025-09-21T15:30:00Z,1,1,5,False,0,0,0,0,0,0,0,0,0,0,0,0,0,0.0,0.0,0.0,0.0,0,0,0,0,0,0.00,0.00,0.00,0.00,40,-2412,60908,2185,4597,13,Clarke,Arsenal,DEF,0
13,58,15,0,False,2025-09-28T15:30:00Z,1,2,6,False,0,0,0,0,0,0,0,0,0,0,0,0,0,0.0,0.0,0.0,0.0,0,0,0,0,0,0.00,0.00,0.00,0.00,40,-1775,60287,2387,4162,13,Clarke,Arsenal,DEF,0
13,61,19,0,True,2025-10-04T14:00:00Z,2,0,7,False,0,0,0,0,0,0,0,0,0,0,0,0,0,0.0,0.0,0.0,0.0,0,0,0,0,0,0.00,0.00,0.00,0.00,39,-1654,59227,2098,3752,13,Clarke,Arsenal,DEF,0
13,74,10,0,False,2025-10-18T16:30:00Z,0,1,8,False,0,0,0,0,0,0,0,0,0,0,0,0,0,0.0,0.0,0.0,0.0,0,0,0,0,0,0.00,0.00,0.00,0.00,39,-603,60235,3347,3950,13,Clarke,Arsenal,DEF,0
13,81,8,0,True,2025-10-26T14:00:00Z,1,0,9,False,0,0,0,0,0,0,0,0,0,0,0,0,0,0.0,0.0,0.0,0.0,0,0,0,0,0,0.00,0.00,0.00,0.00,39,-1448,59068,1537,2985,13,Clarke,Arsenal,DEF,0
13,92,3,0,False,2025-11-01T15:00:00Z,0,2,10,False,0,0,0,0,0,0,0,0,0,0,0,0,0,0.0,0.0,0.0,0.0,0,0,0,0,0,0.00,0.00,0.00,0.00,39,-2326,56774,917,3243,13,Clarke,Arsenal,DEF,0
13,108,17,0,False,2025-11-08T17:30:00Z,2,2,11,False,0,0,0,0,0,0,0,0,0,0,0,0,0,0.0,0.0,0.0,0.0,0,0,0,0,0,0.00,0.00,0.00,0.00,39,-2231,54756,317,2548,13,Clarke,Arsenal,DEF,0
13,111,18,0,True,2025-11-23T16:30:00Z,4,1,12,False,0,0,0,0,0,0,0,0,0,0,0,0,0,0.0,0.0,0.0,0.0,0,0,0,0,0,0.00,0.00,0.00,0.00,38,724,65965,2589,1865,13,Clarke,Arsenal,DEF,0
13,123,7,0,False,2025-11-30T16:30:00Z,1,1,13,False,0,0,0,0,0,0,0,0,0,0,0,0,0,0.0,0.0,0.0,0.0,0,0,0,0,0,0.00,0.00,0.00,0.00,38,16,82332,1798,1782,13,Clarke,Arsenal,DEF,0
13,131,5,0,True,2025-12-03T19:30:00Z,2,0,14,False,0,0,0,0,0,0,0,0,0,0,0,0,0,0.0,0.0,0.0,0.0,0,0,0,0,0,0.00,0.00,0.00,0.00,38,202,58898,1443,1241,13,Clarke,Arsenal,DEF,0
13,141,2,0,False,2025-12-06T12:30:00Z,2,1,15,False,0,0,0,0,0,0,0,0,0,0,0,0,0,0.0,0.0,0.0,0.0,0,0,0,0,0,0.00,0.00,0.00,0.00,38,708,63522,2122,1414,13,Clarke,Arsenal,DEF,0
13,151,20,0,True,2025-12-13T20:00:00Z,2,1,16,False,0,0,0,0,0,0,0,0,0,0,0,0,0,0.0,0.0,0.0,0.0,0,0,0,0,0,0.00,0.00,0.00,0.00,38,-334,58433,3532,3866,13,Clarke,Arsenal,DEF,0
13,164,9,0,False,2025-12-20T20:00:00Z,0,1,17,False,0,0,0,0,0,0,0,0,0,0,0,0,0,0.0,0.0,0.0,0.0,0,0,0,0,0,0.00,0.00,0.00,0.00,38,1932,64010,3814,1882,13,Clarke,Arsenal,DEF,0
13,171,6,0,True,2025-12-27T15:00:00Z,2,1,18,False,0,0,0,0,0,0,0,0,0,0,0,0,0,0.0,0.0,0.0,0.0,0,0,0,0,0,0.00,0.00,0.00,0.00,38,1009,71601,3261,2252,13,Clarke,Arsenal,DEF,0
13,181,2,0,True,2025-12-30T20:15:00Z,4,1,19,False,0,0,0,0,0,0,0,0,0,0,0,0,0,0.0,0.0,0.0,0.0,0,0,0,0,0,0.00,0.00,0.00,0.00,38,-546,75097,1228,1774,13,Clarke,Arsenal,DEF,0
13,192,4,0,False,2026-01-03T17:30:00Z,2,3,20,False,0,0,0,0,0,0,0,0,0,0,0,0,0,0.0,0.0,0.0,0.0,0,0,0,0,0,0.00,0.00,0.00,0.00,38,-821,60411,699,1520,13,Clarke,Arsenal,DEF,0
13,201,12,0,True,2026-01-08T20:00:00Z,0,0,21,False,0,0,0,0,0,0,0,0,0,0,0,0,0,0.0,0.0,0.0,0.0,0,0,0,0,0,0.00,0.00,0.00,0.00,38,-1175,59473,550,1725,13,Clarke,Arsenal,DEF,0
13,217,16,0,False,2026-01-17T17:30:00Z,0,0,22,False,0,0,0,0,0,0,0,0,0,0,0,0,0,0.0,0.0,0.0,0.0,0,0,0,0,0,0.00,0.00,0.00,0.00,38,-1419,57997,696,2115,13,Clarke,Arsenal,DEF,0
13,221,14,0,True,2026-01-25T16:30:00Z,2,3,23,False,0,0,0,0,0,0,0,0,0,0,0,0,0,0.0,0.0,0.0,0.0,0,0,0,0,0,0.00,0.00,0.00,0.00,38,-531,57683,540,1071,13,Clarke,Arsenal,DEF,0
13,234,11,0,False,2026-01-31T15:00:00Z,0,4,24,False,0,0,0,0,0,0,0,0,0,0,0,0,0,0.0,0.0,0.0,0.0,0,0,0,0,0,0.00,0.00,0.00,0.00,38,-765,56879,500,1265,13,Clarke,Arsenal,DEF,0
13,241,17,0,True,2026-02-07T15:00:00Z,3,0,25,False,0,0,0,0,0,0,0,0,0,0,0,0,0,0.0,0.0,0.0,0.0,0,0,0,0,0,0.00,0.00,0.00,0.00,38,-615,56300,507,1122,13,Clarke,Arsenal,DEF,0
13,252,5,0,False,2026-02-12T20:00:00Z,1,1,26,False,0,0,0,0,0,0,0,0,0,0,0,0,0,0.0,0.0,0.0,0.0,0,0,0,0,0,0.00,0.00,0.00,0.00,38,-1604,54488,259,1863,13,Clarke,Arsenal,DEF,0
13,310,20,0,False,2026-02-18T20:00:00Z,2,2,26,False,0,0,0,0,0,0,0,0,0,0,0,0,0,0.0,0.0,0.0,0.0,0,0,0,0,0,0.00,0.00,0.00,0.00,38,-1604,54488,259,1863,13,Clarke,Arsenal,DEF,0
13,269,18,0,False,2026-02-22T16:30:00Z,1,4,27,False,0,0,0,0,0,0,0,0,0,0,0,0,0,0.0,0.0,0.0,0.0,0,0,0,0,0,0.00,0.00,0.00,0.00,38,-425,54540,262,687,13,Clarke,Arsenal,DEF,0
13,271,7,0,True,2026-03-01T16:30:00Z,2,1,28,False,0,0,0,0,0,0,0,0,0,0,0,0,0,0.0,0.0,0.0,0.0,0,0,0,0,0,0.00,0.00,0.00,0.00,38,-305,54325,155,460,13,Clarke,Arsenal,DEF,0
13,283,6,0,False,2026-03-04T19:30:00Z,0,1,29,False,0,0,0,0,0,0,0,0,0,0,0,0,0,0.0,0.0,0.0,0.0,0,0,0,0,0,0.00,0.00,0.00,0.00,38,-365,54009,131,496,13,Clarke,Arsenal,DEF,0
13,291,9,0,True,2026-03-14T17:30:00Z,2,0,30,False,0,0,0,0,0,0,0,0,0,0,0,0,0,0.0,0.0,0.0,0.0,0,0,0,0,0,0.00,0.00,0.00,0.00,38,-453,53676,138,591,13,Clarke,Arsenal,DEF,0
13,311,4,0,True,2026-04-11T11:30:00Z,1,2,32,False,0,0,0,0,0,0,0,0,0,0,0,0,0,0.0,0.0,0.0,0.0,0,0,0,0,0,0.00,0.00,0.00,0.00,37,682,54447,1197,515,13,Clarke,Arsenal,DEF,0
13,327,13,0,False,2026-04-19T15:30:00Z,2,1,33,False,0,0,0,0,0,0,0,0,0,0,0,0,0,0.0,0.0,0.0,0.0,0,0,0,0,0,0.00,0.00,0.00,0.00,37,908,59653,1573,665,13,Clarke,Arsenal,DEF,0
13,331,15,0,True,2026-04-25T16:30:00Z,1,0,34,False,0,0,0,0,0,0,0,0,0,0,0,0,0,0.0,0.0,0.0,0.0,0,0,0,0,0,0.00,0.00,0.00,0.00,37,1062,74251,1860,798,13,Clarke,Arsenal,DEF,0
13,341,10,0,True,2026-05-02T16:30:00Z,3,0,35,False,0,0,0,0,0,0,0,0,0,0,0,0,0,0.0,0.0,0.0,0.0,0,0,0,0,0,0.00,0.00,0.00,0.00,37,519,57036,1253,734,13,Clarke,Arsenal,DEF,0
13,360,19,0,False,2026-05-10T15:30:00Z,0,1,36,False,0,0,0,0,0,0,0,0,0,0,0,0,0,0.0,0.0,0.0,0.0,0,0,0,0,0,0.00,0.00,0.00,0.00,37,888,58818,1767,879,13,Clarke,Arsenal,DEF,0
13,361,3,0,True,2026-05-18T19:00:00Z,1,0,37,False,0,0,0,0,0,0,0,0,0,0,0,0,0,0.0,0.0,0.0,0.0,0,0,0,0,0,0.00,0.00,0.00,0.00,37,-30,58016,910,940,13,Clarke,Arsenal,DEF,0
13,373,8,0,False,2026-05-24T15:00:00Z,1,2,38,False,0,0,0,0,0,0,0,0,0,0,0,0,0,0.0,0.0,0.0,0.0,0,0,0,0,0,0.00,0.00,0.00,0.00,37,3861,63482,5023,1162,13,Clarke,Arsenal,DEF,0
14,9,14,0,False,2025-08-17T15:30:00Z,0,1,1,False,0,0,0,0,0,0,0,0,0,0,0,0,0,0.0,0.0,0.0,0.0,0,0,0,0,0,0.00,0.00,0.00,0.00,40,0,15532,0,0,14,Kacurri,Arsenal,DEF,0
14,11,11,0,True,2025-08-23T16:30:00Z,5,0,2,False,0,0,0,0,0,0,0,0,0,0,0,0,0,0.0,0.0,0.0,0.0,0,0,0,0,0,0.00,0.00,0.00,0.00,40,-1317,18861,1462,2779,14,Kacurri,Arsenal,DEF,0
14,25,12,0,False,2025-08-31T15:30:00Z,1,0,3,False,0,0,0,0,0,0,0,0,0,0,0,0,0,0.0,0.0,0.0,0.0,0,0,0,0,0,0.00,0.00,0.00,0.00,40,-1984,19634,945,2929,14,Kacurri,Arsenal,DEF,0
14,31,16,0,True,2025-09-13T11:30:00Z,3,0,4,False,0,0,0,0,0,0,0,0,0,0,0,0,0,0.0,0.0,0.0,0.0,0,0,0,0,0,0.00,0.00,0.00,0.00,40,-963,18820,834,1797,14,Kacurri,Arsenal,DEF,0
14,41,13,0,True,2025-09-21T15:30:00Z,1,1,5,False,0,0,0,0,0,0,0,0,0,0,0,0,0,0.0,0.0,0.0,0.0,0,0,0,0,0,0.00,0.00,0.00,0.00,39,2388,24750,4159,1771,14,Kacurri,Arsenal,DEF,0
14,58,15,0,False,2025-09-28T15:30:00Z,1,2,6,False,0,0,0,0,0,0,0,0,0,0,0,0,0,0.0,0.0,0.0,0.0,0,0,0,0,0,0.00,0.00,0.00,0.00,39,-580,22838,2818,3398,14,Kacurri,Arsenal,DEF,0
14,61,19,0,True,2025-10-04T14:00:00Z,2,0,7,False,0,0,0,0,0,0,0,0,0,0,0,0,0,0.0,0.0,0.0,0.0,0,0,0,0,0,0.00,0.00,0.00,0.00,39,-2272,19705,0,2272,14,Kacurri,Arsenal,DEF,0
14,74,10,0,False,2025-10-18T16:30:00Z,0,1,8,False,0,0,0,0,0,0,0,0,0,0,0,0,0,0.0,0.0,0.0,0.0,0,0,0,0,0,0.00,0.00,0.00,0.00,39,-1785,17977,0,1785,14,Kacurri,Arsenal,DEF,0
14,81,8,0,True,2025-10-26T14:00:00Z,1,0,9,False,0,0,0,0,0,0,0,0,0,0,0,0,0,0.0,0.0,0.0,0.0,0,0,0,0,0,0.00,0.00,0.00,0.00,39,-1034,16988,0,1034,14,Kacurri,Arsenal,DEF,0
14,92,3,0,False,2025-11-01T15:00:00Z,0,2,10,False,0,0,0,0,0,0,0,0,0,0,0,0,0,0.0,0.0,0.0,0.0,0,0,0,0,0,0.00,0.00,0.00,0.00,39,-999,15982,0,999,14,Kacurri,Arsenal,DEF,0
14,108,17,0,False,2025-11-08T17:30:00Z,2,2,11,False,0,0,0,0,0,0,0,0,0,0,0,0,0,0.0,0.0,0.0,0.0,0,0,0,0,0,0.00,0.00,0.00,0.00,39,-756,15259,0,756,14,Kacurri,Arsenal,DEF,0
14,111,18,0,True,2025-11-23T16:30:00Z,4,1,12,False,0,0,0,0,0,0,0,0,0,0,0,0,0,0.0,0.0,0.0,0.0,0,0,0,0,0,0.00,0.00,0.00,0.00,39,-517,14754,0,517,14,Kacurri,Arsenal,DEF,0
14,123,7,0,False,2025-11-30T16:30:00Z,1,1,13,False,0,0,0,0,0,0,0,0,0,0,0,0,0,0.0,0.0,0.0,0.0,0,0,0,0,0,0.00,0.00,0.00,0.00,39,-344,14422,0,344,14,Kacurri,Arsenal,DEF,0
14,131,5,0,True,2025-12-03T19:30:00Z,2,0,14,False,0,0,0,0,0,0,0,0,0,0,0,0,0,0.0,0.0,0.0,0.0,0,0,0,0,0,0.00,0.00,0.00,0.00,39,-205,14229,0,205,14,Kacurri,Arsenal,DEF,0
14,141,2,0,False,2025-12-06T12:30:00Z,2,1,15,False,0,0,0,0,0,0,0,0,0,0,0,0,0,0.0,0.0,0.0,0.0,0,0,0,0,0,0.00,0.00,0.00,0.00,39,-216,14017,0,216,14,Kacurri,Arsenal,DEF,0
14,151,20,0,True,2025-12-13T20:00:00Z,2,1,16,False,0,0,0,0,0,0,0,0,0,0,0,0,0,0.0,0.0,0.0,0.0,0,0,0,0,0,0.00,0.00,0.00,0.00,39,-542,13468,0,542,14,Kacurri,Arsenal,DEF,0
14,164,9,0,False,2025-12-20T20:00:00Z,0,1,17,False,0,0,0,0,0,0,0,0,0,0,0,0,0,0.0,0.0,0.0,0.0,0,0,0,0,0,0.00,0.00,0.00,0.00,39,-253,13234,0,253,14,Kacurri,Arsenal,DEF,0
14,171,6,0,True,2025-12-27T15:00:00Z,2,1,18,False,0,0,0,0,0,0,0,0,0,0,0,0,0,0.0,0.0,0.0,0.0,0,0,0,0,0,0.00,0.00,0.00,0.00,39,-200,13031,0,200,14,Kacurri,Arsenal,DEF,0
14,181,2,0,True,2025-12-30T20:15:00Z,4,1,19,False,0,0,0,0,0,0,0,0,0,0,0,0,0,0.0,0.0,0.0,0.0,0,0,0,0,0,0.00,0.00,0.00,0.00,39,-122,12908,0,122,14,Kacurri,Arsenal,DEF,0
14,192,4,0,False,2026-01-03T17:30:00Z,2,3,20,False,0,0,0,0,0,0,0,0,0,0,0,0,0,0.0,0.0,0.0,0.0,0,0,0,0,0,0.00,0.00,0.00,0.00,39,-74,12857,0,74,14,Kacurri,Arsenal,DEF,0
14,201,12,0,True,2026-01-08T20:00:00Z,0,0,21,False,0,0,0,0,0,0,0,0,0,0,0,0,0,0.0,0.0,0.0,0.0,0,0,0,0,0,0.00,0.00,0.00,0.00,39,-95,12762,0,95,14,Kacurri,Arsenal,DEF,0
14,217,16,0,False,2026-01-17T17:30:00Z,0,0,22,False,0,0,0,0,0,0,0,0,0,0,0,0,0,0.0,0.0,0.0,0.0,0,0,0,0,0,0.00,0.00,0.00,0.00,39,-117,12642,0,117,14,Kacurri,Arsenal,DEF,0
14,221,14,0,True,2026-01-25T16:30:00Z,2,3,23,False,0,0,0,0,0,0,0,0,0,0,0,0,0,0.0,0.0,0.0,0.0,0,0,0,0,0,0.00,0.00,0.00,0.00,39,-64,12581,0,64,14,Kacurri,Arsenal,DEF,0
14,234,11,0,False,2026-01-31T15:00:00Z,0,4,24,False,0,0,0,0,0,0,0,0,0,0,0,0,0,0.0,0.0,0.0,0.0,0,0,0,0,0,0.00,0.00,0.00,0.00,39,-63,12517,0,63,14,Kacurri,Arsenal,DEF,0
14,241,17,0,True,2026-02-07T15:00:00Z,3,0,25,False,0,0,0,0,0,0,0,0,0,0,0,0,0,0.0,0.0,0.0,0.0,0,0,0,0,0,0.00,0.00,0.00,0.00,39,-82,12437,0,82,14,Kacurri,Arsenal,DEF,0
14,252,5,0,False,2026-02-12T20:00:00Z,1,1,26,False,0,0,0,0,0,0,0,0,0,0,0,0,0,0.0,0.0,0.0,0.0,0,0,0,0,0,0.00,0.00,0.00,0.00,39,-104,12322,0,104,14,Kacurri,Arsenal,DEF,0
14,310,20,0,False,2026-02-18T20:00:00Z,2,2,26,False,0,0,0,0,0,0,0,0,0,0,0,0,0,0.0,0.0,0.0,0.0,0,0,0,0,0,0.00,0.00,0.00,0.00,39,-104,12322,0,104,14,Kacurri,Arsenal,DEF,0
14,269,18,0,False,2026-02-22T16:30:00Z,1,4,27,False,0,0,0,0,0,0,0,0,0,0,0,0,0,0.0,0.0,0.0,0.0,0,0,0,0,0,0.00,0.00,0.00,0.00,39,-57,12277,0,57,14,Kacurri,Arsenal,DEF,0
14,271,7,0,True,2026-03-01T16:30:00Z,2,1,28,False,0,0,0,0,0,0,0,0,0,0,0,0,0,0.0,0.0,0.0,0.0,0,0,0,0,0,0.00,0.00,0.00,0.00,39,-49,12229,0,49,14,Kacurri,Arsenal,DEF,0
14,283,6,0,False,2026-03-04T19:30:00Z,0,1,29,False,0,0,0,0,0,0,0,0,0,0,0,0,0,0.0,0.0,0.0,0.0,0,0,0,0,0,0.00,0.00,0.00,0.00,39,-25,12206,0,25,14,Kacurri,Arsenal,DEF,0
14,291,9,0,True,2026-03-14T17:30:00Z,2,0,30,False,0,0,0,0,0,0,0,0,0,0,0,0,0,0.0,0.0,0.0,0.0,0,0,0,0,0,0.00,0.00,0.00,0.00,39,-41,12165,0,41,14,Kacurri,Arsenal,DEF,0
14,311,4,0,True,2026-04-11T11:30:00Z,1,2,32,False,0,0,0,0,0,0,0,0,0,0,0,0,0,0.0,0.0,0.0,0.0,0,0,0,0,0,0.00,0.00,0.00,0.00,39,-15,12120,0,15,14,Kacurri,Arsenal,DEF,0
14,327,13,0,False,2026-04-19T15:30:00Z,2,1,33,False,0,0,0,0,0,0,0,0,0,0,0,0,0,0.0,0.0,0.0,0.0,0,0,0,0,0,0.00,0.00,0.00,0.00,39,-14,12102,0,14,14,Kacurri,Arsenal,DEF,0
14,331,15,0,True,2026-04-25T16:30:00Z,1,0,34,False,0,0,0,0,0,0,0,0,0,0,0,0,0,0.0,0.0,0.0,0.0,0,0,0,0,0,0.00,0.00,0.00,0.00,39,-21,12078,0,21,14,Kacurri,Arsenal,DEF,0
14,341,10,0,True,2026-05-02T16:30:00Z,3,0,35,False,0,0,0,0,0,0,0,0,0,0,0,0,0,0.0,0.0,0.0,0.0,0,0,0,0,0,0.00,0.00,0.00,0.00,39,-20,12066,0,20,14,Kacurri,Arsenal,DEF,0
14,360,19,0,False,2026-05-10T15:30:00Z,0,1,36,False,0,0,0,0,0,0,0,0,0,0,0,0,0,0.0,0.0,0.0,0.0,0,0,0,0,0,0.00,0.00,0.00,0.00,39,-20,12048,0,20,14,Kacurri,Arsenal,DEF,0
14,361,3,0,True,2026-05-18T19:00:00Z,1,0,37,False,0,0,0,0,0,0,0,0,0,0,0,0,0,0.0,0.0,0.0,0.0,0,0,0,0,0,0.00,0.00,0.00,0.00,39,-21,12026,0,21,14,Kacurri,Arsenal,DEF,0
14,373,8,0,False,2026-05-24T15:00:00Z,1,2,38,False,0,0,0,0,0,0,0,0,0,0,0,0,0,0.0,0.0,0.0,0.0,0,0,0,0,0,0.00,0.00,0.00,0.00,39,-13,12014,0,13,14,Kacurri,Arsenal,DEF,0
15,9,14,0,False,2025-08-17T15:30:00Z,0,1,1,False,0,0,0,0,0,0,0,0,0,0,0,0,0,0.0,0.0,0.0,0.0,0,0,0,0,0,0.00,0.00,0.00,0.00,40,0,15940,0,0,15,Nichols,Arsenal,DEF,0
15,11,11,0,True,2025-08-23T16:30:00Z,5,0,2,False,0,0,0,0,0,0,0,0,0,0,0,0,0,0.0,0.0,0.0,0.0,0,0,0,0,0,0.00,0.00,0.00,0.00,40,-1258,19597,1107,2365,15,Nichols,Arsenal,DEF,0
15,25,12,0,False,2025-08-31T15:30:00Z,1,0,3,False,0,0,0,0,0,0,0,0,0,0,0,0,0,0.0,0.0,0.0,0.0,0,0,0,0,0,0.00,0.00,0.00,0.00,40,-2120,19494,804,2924,15,Nichols,Arsenal,DEF,0
15,31,16,0,True,2025-09-13T11:30:00Z,3,0,4,False,0,0,0,0,0,0,0,0,0,0,0,0,0,0.0,0.0,0.0,0.0,0,0,0,0,0,0.00,0.00,0.00,0.00,40,-935,19621,826,1761,15,Nichols,Arsenal,DEF,0
15,41,13,0,True,2025-09-21T15:30:00Z,1,1,5,False,0,0,0,0,0,0,0,0,0,0,0,0,0,0.0,0.0,0.0,0.0,0,0,0,0,0,0.00,0.00,0.00,0.00,39,-316,20662,1031,1347,15,Nichols,Arsenal,DEF,0
15,58,15,0,False,2025-09-28T15:30:00Z,1,2,6,False,0,0,0,0,0,0,0,0,0,0,0,0,0,0.0,0.0,0.0,0.0,0,0,0,0,0,0.00,0.00,0.00,0.00,39,3524,28880,5332,1808,15,Nichols,Arsenal,DEF,0
15,61,19,0,True,2025-10-04T14:00:00Z,2,0,7,False,0,0,0,0,0,0,0,0,0,0,0,0,0,0.0,0.0,0.0,0.0,0,0,0,0,0,0.00,0.00,0.00,0.00,39,972,26585,2802,1830,15,Nichols,Arsenal,DEF,0
15,74,10,0,False,2025-10-18T16:30:00Z,0,1,8,False,0,0,0,0,0,0,0,0,0,0,0,0,0,0.0,0.0,0.0,0.0,0,0,0,0,0,0.00,0.00,0.00,0.00,39,-1252,25659,620,1872,15,Nichols,Arsenal,DEF,0
15,81,8,0,True,2025-10-26T14:00:00Z,1,0,9,False,0,0,0,0,0,0,0,0,0,0,0,0,0,0.0,0.0,0.0,0.0,0,0,0,0,0,0.00,0.00,0.00,0.00,39,-1059,24922,301,1360,15,Nichols,Arsenal,DEF,0
15,92,3,0,False,2025-11-01T15:00:00Z,0,2,10,False,0,0,0,0,0,0,0,0,0,0,0,0,0,0.0,0.0,0.0,0.0,0,0,0,0,0,0.00,0.00,0.00,0.00,39,-1215,23937,199,1414,15,Nichols,Arsenal,DEF,0
15,108,17,0,False,2025-11-08T17:30:00Z,2,2,11,False,0,0,0,0,0,0,0,0,0,0,0,0,0,0.0,0.0,0.0,0.0,0,0,0,0,0,0.00,0.00,0.00,0.00,39,-1012,23255,106,1118,15,Nichols,Arsenal,DEF,0
15,111,18,0,True,2025-11-23T16:30:00Z,4,1,12,False,0,0,0,0,0,0,0,0,0,0,0,0,0,0.0,0.0,0.0,0.0,0,0,0,0,0,0.00,0.00,0.00,0.00,39,-564,23205,150,714,15,Nichols,Arsenal,DEF,0
15,123,7,0,False,2025-11-30T16:30:00Z,1,1,13,False,0,0,0,0,0,0,0,0,0,0,0,0,0,0.0,0.0,0.0,0.0,0,0,0,0,0,0.00,0.00,0.00,0.00,38,-389,26426,247,636,15,Nichols,Arsenal,DEF,0
15,131,5,0,True,2025-12-03T19:30:00Z,2,0,14,False,0,0,0,0,0,0,0,0,0,0,0,0,0,0.0,0.0,0.0,0.0,0,0,0,0,0,0.00,0.00,0.00,0.00,38,-169,23326,272,441,15,Nichols,Arsenal,DEF,0
15,141,2,0,False,2025-12-06T12:30:00Z,2,1,15,False,0,0,0,0,0,0,0,0,0,0,0,0,0,0.0,0.0,0.0,0.0,0,0,0,0,0,0.00,0.00,0.00,0.00,38,25,24472,519,494,15,Nichols,Arsenal,DEF,0
15,151,20,0,True,2025-12-13T20:00:00Z,2,1,16,False,0,0,0,0,0,0,0,0,0,0,0,0,0,0.0,0.0,0.0,0.0,0,0,0,0,0,0.00,0.00,0.00,0.00,38,-622,22845,587,1209,15,Nichols,Arsenal,DEF,0
15,164,9,0,False,2025-12-20T20:00:00Z,0,1,17,False,0,0,0,0,0,0,0,0,0,0,0,0,0,0.0,0.0,0.0,0.0,0,0,0,0,0,0.00,0.00,0.00,0.00,38,137,23824,691,554,15,Nichols,Arsenal,DEF,0
15,171,6,0,True,2025-12-27T15:00:00Z,2,1,18,False,0,0,0,0,0,0,0,0,0,0,0,0,0,0.0,0.0,0.0,0.0,0,0,0,0,0,0.00,0.00,0.00,0.00,38,-21,25017,589,610,15,Nichols,Arsenal,DEF,0
15,181,2,0,True,2025-12-30T20:15:00Z,4,1,19,False,0,0,0,0,0,0,0,0,0,0,0,0,0,0.0,0.0,0.0,0.0,0,0,0,0,0,0.00,0.00,0.00,0.00,38,-207,25256,237,444,15,Nichols,Arsenal,DEF,0
15,192,4,0,False,2026-01-03T17:30:00Z,2,3,20,False,0,0,0,0,0,0,0,0,0,0,0,0,0,0.0,0.0,0.0,0.0,0,0,0,0,0,0.00,0.00,0.00,0.00,38,-224,23053,141,365,15,Nichols,Arsenal,DEF,0
15,201,12,0,True,2026-01-08T20:00:00Z,0,0,21,False,0,0,0,0,0,0,0,0,0,0,0,0,0,0.0,0.0,0.0,0.0,0,0,0,0,0,0.00,0.00,0.00,0.00,38,-325,22838,102,427,15,Nichols,Arsenal,DEF,0
15,217,16,0,False,2026-01-17T17:30:00Z,0,0,22,False,0,0,0,0,0,0,0,0,0,0,0,0,0,0.0,0.0,0.0,0.0,0,0,0,0,0,0.00,0.00,0.00,0.00,38,-368,22617,156,524,15,Nichols,Arsenal,DEF,0
15,221,14,0,True,2026-01-25T16:30:00Z,2,3,23,False,0,0,0,0,0,0,0,0,0,0,0,0,0,0.0,0.0,0.0,0.0,0,0,0,0,0,0.00,0.00,0.00,0.00,38,-141,22558,116,257,15,Nichols,Arsenal,DEF,0
15,234,11,0,False,2026-01-31T15:00:00Z,0,4,24,False,0,0,0,0,0,0,0,0,0,0,0,0,0,0.0,0.0,0.0,0.0,0,0,0,0,0,0.00,0.00,0.00,0.00,38,-189,22470,146,335,15,Nichols,Arsenal,DEF,0
15,241,17,0,True,2026-02-07T15:00:00Z,3,0,25,False,0,0,0,0,0,0,0,0,0,0,0,0,0,0.0,0.0,0.0,0.0,0,0,0,0,0,0.00,0.00,0.00,0.00,38,-174,22403,123,297,15,Nichols,Arsenal,DEF,0
15,252,5,0,False,2026-02-12T20:00:00Z,1,1,26,False,0,0,0,0,0,0,0,0,0,0,0,0,0,0.0,0.0,0.0,0.0,0,0,0,0,0,0.00,0.00,0.00,0.00,37,2424,25612,3309,885,15,Nichols,Arsenal,DEF,0
15,310,20,0,False,2026-02-18T20:00:00Z,2,2,26,False,0,0,0,0,0,0,0,0,0,0,0,0,0,0.0,0.0,0.0,0.0,0,0,0,0,0,0.00,0.00,0.00,0.00,37,2424,25612,3309,885,15,Nichols,Arsenal,DEF,0
15,269,18,0,False,2026-02-22T16:30:00Z,1,4,27,False,0,0,0,0,0,0,0,0,0,0,0,0,0,0.0,0.0,0.0,0.0,0,0,0,0,0,0.00,0.00,0.00,0.00,37,3076,30160,3987,911,15,Nichols,Arsenal,DEF,0
15,271,7,0,True,2026-03-01T16:30:00Z,2,1,28,False,0,0,0,0,0,0,0,0,0,0,0,0,0,0.0,0.0,0.0,0.0,0,0,0,0,0,0.00,0.00,0.00,0.00,37,1563,32444,2400,837,15,Nichols,Arsenal,DEF,0
15,283,6,0,False,2026-03-04T19:30:00Z,0,1,29,False,0,0,0,0,0,0,0,0,0,0,0,0,0,0.0,0.0,0.0,0.0,0,0,0,0,0,0.00,0.00,0.00,0.00,37,747,31972,1992,1245,15,Nichols,Arsenal,DEF,0
15,291,9,0,True,2026-03-14T17:30:00Z,2,0,30,False,0,0,0,0,0,0,0,0,0,0,0,0,0,0.0,0.0,0.0,0.0,0,0,0,0,0,0.00,0.00,0.00,0.00,37,622,32425,1847,1225,15,Nichols,Arsenal,DEF,0
15,311,4,0,True,2026-04-11T11:30:00Z,1,2,32,False,0,0,0,0,0,0,0,0,0,0,0,0,0,0.0,0.0,0.0,0.0,0,0,0,0,0,0.00,0.00,0.00,0.00,37,-107,32186,700,807,15,Nichols,Arsenal,DEF,0
15,327,13,0,False,2026-04-19T15:30:00Z,2,1,33,False,0,0,0,0,0,0,0,0,0,0,0,0,0,0.0,0.0,0.0,0.0,0,0,0,0,0,0.00,0.00,0.00,0.00,37,-397,32821,356,753,15,Nichols,Arsenal,DEF,0
15,331,15,0,True,2026-04-25T16:30:00Z,1,0,34,False,0,0,0,0,0,0,0,0,0,0,0,0,0,0.0,0.0,0.0,0.0,0,0,0,0,0,0.00,0.00,0.00,0.00,37,-295,35135,396,691,15,Nichols,Arsenal,DEF,0
15,341,10,0,True,2026-05-02T16:30:00Z,3,0,35,False,0,0,0,0,0,0,0,0,0,0,0,0,0,0.0,0.0,0.0,0.0,0,0,0,0,0,0.00,0.00,0.00,0.00,37,-269,31380,251,520,15,Nichols,Arsenal,DEF,0
15,360,19,0,False,2026-05-10T15:30:00Z,0,1,36,False,0,0,0,0,0,0,0,0,0,0,0,0,0,0.0,0.0,0.0,0.0,0,0,0,0,0,0.00,0.00,0.00,0.00,37,-371,31182,299,670,15,Nichols,Arsenal,DEF,0
15,361,3,0,True,2026-05-18T19:00:00Z,1,0,37,False,0,0,0,0,0,0,0,0,0,0,0,0,0,0.0,0.0,0.0,0.0,0,0,0,0,0,0.00,0.00,0.00,0.00,37,-383,30755,153,536,15,Nichols,Arsenal,DEF,0
15,373,8,0,False,2026-05-24T15:00:00Z,1,2,38,False,0,0,0,0,0,0,0,0,0,0,0,0,0,0.0,0.0,0.0,0.0,0,0,0,0,0,0.00,0.00,0.00,0.00,37,585,31817,1164,579,15,Nichols,Arsenal,DEF,0
16,9,14,3,False,2025-08-17T15:30:00Z,0,1,1,False,90,0,0,1,0,0,0,0,0,0,0,0,7,12.0,16.4,7.0,3.5,0,2,3,5,1,0.15,0.09,0.24,1.52,100,0,1602493,0,0,16,Saka,Arsenal,MID,3
16,11,11,6,True,2025-08-23T16:30:00Z,5,0,2,False,52,1,0,0,0,0,0,0,0,0,0,0,27,40.4,30.4,21.0,9.2,0,4,0,4,1,0.11,0.03,0.14,0.17,100,43708,1870918,152171,108463,16,Saka,Arsenal,MID,6
16,25,12,0,False,2025-08-31T15:30:00Z,1,0,3,False,0,0,0,0,0,0,0,0,0,0,0,0,0,0.0,0.0,0.0,0.0,0,0,0,0,0,0.00,0.00,0.00,0.00,99,-986673,783017,55049,1041722,16,Saka,Arsenal,MID,0
16,31,16,0,True,2025-09-13T11:30:00Z,3,0,4,False,0,0,0,0,0,0,0,0,0,0,0,0,0,0.0,0.0,0.0,0.0,0,0,0,0,0,0.00,0.00,0.00,0.00,98,-368029,500371,5237,373266,16,Saka,Arsenal,MID,0
16,41,13,1,True,2025-09-21T15:30:00Z,1,1,5,False,45,0,0,0,0,0,0,0,0,0,0,0,7,5.6,32.3,7.0,4.5,0,3,0,3,0,0.04,0.21,0.25,0.34,98,-95794,415767,1687,97481,16,Saka,Arsenal,MID,1
16,58,15,2,False,2025-09-28T15:30:00Z,1,2,6,False,69,0,0,0,1,0,0,0,0,0,0,0,10,4.4,11.4,30.0,4.6,0,5,0,5,1,0.08,0.01,0.09,0.53,98,170221,603258,223085,52864,16,Saka,Arsenal,MID,2
16,61,19,8,True,2025-10-04T14:00:00Z,2,0,7,False,90,1,0,1,0,0,0,0,0,0,0,0,22,38.8,23.6,31.0,9.3,1,4,2,7,1,0.84,1.11,1.95,0.49,98,372696,1011817,404709,32013,16,Saka,Arsenal,MID,8
16,74,10,7,False,2025-10-18T16:30:00Z,0,1,8,False,90,0,0,1,0,0,0,0,0,0,0,2,28,28.8,80.3,44.0,15.3,1,9,2,12,1,0.07,0.55,0.62,0.44,99,532857,1559467,571887,39030,16,Saka,Arsenal,MID,7
16,81,8,3,True,2025-10-26T14:00:00Z,1,0,9,False,65,0,0,1,0,0,0,0,0,0,0,0,8,2.2,1.9,3.0,0.7,0,5,2,7,1,0.02,0.01,0.03,0.08,100,448385,2012889,477223,28838,16,Saka,Arsenal,MID,3
16,92,3,3,False,2025-11-01T15:00:00Z,0,2,10,False,90,0,0,1,0,0,0,0,0,0,0,0,3,12.4,24.3,40.0,7.7,0,1,1,2,1,0.58,0.06,0.64,0.42,101,150418,2182241,223126,72708,16,Saka,Arsenal,MID,3
16,108,17,12,False,2025-11-08T17:30:00Z,2,2,11,False,90,1,0,0,2,0,0,0,0,0,0,3,40,49.6,36.7,46.0,13.2,2,8,2,12,1,0.52,0.19,0.71,0.44,101,-40274,2135802,95331,135605,16,Saka,Arsenal,MID,12
16,111,18,4,True,2025-11-23T16:30:00Z,4,1,12,False,90,0,0,0,1,0,0,0,0,0,0,0,16,17.4,27.3,21.0,6.6,3,8,3,14,1,0.11,0.09,0.20,0.07,101,110434,2270799,182099,71665,16,Saka,Arsenal,MID,4
16,123,7,5,False,2025-11-30T16:30:00Z,1,1,13,False,90,0,1,0,1,0,0,0,0,0,0,0,21,22.0,16.6,27.0,6.6,0,4,0,4,1,0.19,0.58,0.77,0.79,101,-35019,2073709,82727,117746,16,Saka,Arsenal,MID,5
16,131,5,6,True,2025-12-03T19:30:00Z,2,0,14,False,29,1,0,0,0,0,0,0,0,0,0,0,22,38.0,1.8,34.0,7.4,0,2,1,3,0,0.60,0.01,0.61,0.07,101,38747,2275134,99865,61118,16,Saka,Arsenal,MID,6
16,141,2,4,False,2025-12-06T12:30:00Z,2,1,15,False,78,0,1,0,1,0,0,0,1,0,0,0,18,12.6,46.3,36.0,9.5,0,5,2,7,1,0.58,0.31,0.89,1.32,101,21121,2285578,103575,82454,16,Saka,Arsenal,MID,4
16,151,20,11,True,2025-12-13T20:00:00Z,2,1,16,False,90,0,2,0,1,0,0,0,0,0,0,3,52,21.6,59.5,14.0,9.5,0,2,0,2,1,0.03,0.42,0.45,0.38,102,479477,2874708,584479,105002,16,Saka,Arsenal,MID,11
16,164,9,3,False,2025-12-20T20:00:00Z,0,1,17,False,90,0,0,1,0,0,0,0,0,0,0,0,17,16.0,19.9,32.0,6.8,0,3,3,6,1,0.29,0.06,0.35,0.20,103,96615,2904022,193870,97255,16,Saka,Arsenal,MID,3
16,171,6,7,True,2025-12-27T15:00:00Z,2,1,18,False,90,0,1,0,1,0,0,0,0,0,0,2,30,36.2,52.3,75.0,16.4,1,5,2,8,1,0.64,0.30,0.94,0.85,103,-103601,2770188,114662,218263,16,Saka,Arsenal,MID,7
16,181,2,6,True,2025-12-30T20:15:00Z,4,1,19,False,82,0,1,1,0,0,0,0,0,0,0,0,10,0.0,13.0,15.0,2.7,0,3,1,4,1,0.38,0.02,0.40,0.67,103,-72704,2647811,73133,145837,16,Saka,Arsenal,MID,6
16,192,4,4,False,2026-01-03T17:30:00Z,2,3,20,False,23,0,1,0,1,0,0,0,0,0,0,0,19,21.0,36.0,9.0,6.6,0,0,1,1,0,0.02,0.23,0.25,0.06,103,43117,2783025,129842,86725,16,Saka,Arsenal,MID,4
16,201,12,3,True,2026-01-08T20:00:00Z,0,0,21,False,77,0,0,1,0,0,0,0,0,0,0,0,6,4.8,3.8,18.0,2.7,0,1,0,1,1,0.13,0.02,0.15,0.30,102,-163150,2600220,44570,207720,16,Saka,Arsenal,MID,3
16,217,16,1,False,2026-01-17T17:30:00Z,0,0,22,False,33,0,0,0,0,0,0,0,0,0,0,0,12,18.8,48.8,21.0,8.9,0,2,1,3,0,0.13,0.38,0.51,0.10,102,-119196,2495807,72403,191599,16,Saka,Arsenal,MID,1
16,221,14,2,True,2026-01-25T16:30:00Z,2,3,23,False,90,0,0,0,3,0,0,0,0,0,0,0,19,18.6,45.5,33.0,9.7,3,5,0,8,1,0.07,0.43,0.50,0.71,101,-234028,2261528,25898,259926,16,Saka,Arsenal,MID,2
16,234,11,0,False,2026-01-31T15:00:00Z,0,4,24,False,0,0,0,0,0,0,0,0,0,0,0,0,0,0.0,0.0,0.0,0.0,0,0,0,0,0,0.00,0.00,0.00,0.00,100,-312353,1954699,49867,362220,16,Saka,Arsenal,MID,0
16,241,17,0,True,2026-02-07T15:00:00Z,3,0,25,False,0,0,0,0,0,0,0,0,0,0,0,0,0,0.0,0.0,0.0,0.0,0,0,0,0,0,0.00,0.00,0.00,0.00,99,-660883,1283974,2586,663469,16,Saka,Arsenal,MID,0
16,252,5,1,False,2026-02-12T20:00:00Z,1,1,26,False,20,0,0,0,1,0,0,0,0,0,0,0,2,0.2,0.3,2.0,0.3,1,0,0,1,0,0.00,0.00,0.00,0.74,99,-286970,1004535,1052,288022,16,Saka,Arsenal,MID,1
16,310,20,12,False,2026-02-18T20:00:00Z,2,2,26,False,72,1,0,0,1,0,0,0,0,0,0,3,37,51.6,20.9,43.0,11.6,6,9,3,18,1,0.55,0.13,0.68,0.12,99,-286970,1004535,1052,288022,16,Saka,Arsenal,MID,12
16,269,18,5,False,2026-02-22T16:30:00Z,1,4,27,False,90,0,1,0,1,0,0,0,0,0,0,0,18,18.2,31.3,89.0,13.9,1,4,3,8,1,0.58,0.12,0.70,0.63,98,-32294,988553,19839,52133,16,Saka,Arsenal,MID,5
16,271,7,2,True,2026-03-01T16:30:00Z,2,1,28,False,90,0,0,0,1,0,0,0,0,0,0,0,9,4.2,14.4,2.0,2.1,1,5,1,7,1,0.01,0.29,0.30,1.05,98,-8375,980765,16690,25065,16,Saka,Arsenal,MID,2
16,283,6,9,False,2026-03-04T19:30:00Z,0,1,29,False,90,1,0,1,0,0,0,0,0,0,0,1,25,34.0,1.1,27.0,6.2,2,1,1,4,1,0.12,0.01,0.13,0.82,98,37738,1029142,51276,13538,16,Saka,Arsenal,MID,9
16,291,9,3,True,2026-03-14T17:30:00Z,2,0,30,False,90,0,0,1,0,0,0,0,0,0,0,0,12,9.4,29.8,35.0,7.4,2,4,1,7,1,0.15,0.09,0.24,1.05,98,45563,1071363,62028,16465,16,Saka,Arsenal,MID,3
16,311,4,0,True,2026-04-11T11:30:00Z,1,2,32,False,0,0,0,0,0,0,0,0,0,0,0,0,0,0.0,0.0,0.0,0.0,0,0,0,0,0,0.00,0.00,0.00,0.00,98,-25444,1005576,22081,47525,16,Saka,Arsenal,MID,0
16,327,13,0,False,2026-04-19T15:30:00Z,2,1,33,False,0,0,0,0,0,0,0,0,0,0,0,0,0,0.0,0.0,0.0,0.0,0,0,0,0,0,0.00,0.00,0.00,0.00,98,-67648,929261,686,68334,16,Saka,Arsenal,MID,0
16,331,15,1,True,2026-04-25T16:30:00Z,1,0,34,False,9,0,0,0,0,0,0,0,0,0,0,0,2,2.2,10.4,9.0,2.2,1,0,0,1,0,0.04,0.01,0.05,0.06,98,-30859,905400,2305,33164,16,Saka,Arsenal,MID,1
16,341,10,11,True,2026-05-02T16:30:00Z,3,0,35,False,45,1,1,0,0,0,0,0,0,0,0,2,46,55.2,49.3,25.0,13.0,0,4,0,4,1,0.30,0.86,1.16,0.03,98,65612,978059,82762,17150,16,Saka,Arsenal,MID,11
16,360,19,2,False,2026-05-10T15:30:00Z,0,1,36,False,79,0,0,1,0,0,0,0,1,0,0,0,-2,6.4,43.3,8.0,5.8,1,2,0,3,1,0.04,0.25,0.29,0.93,99,460717,1457503,470174,9457,16,Saka,Arsenal,MID,2
16,361,3,10,True,2026-05-18T19:00:00Z,1,0,37,False,90,0,1,1,0,0,0,0,0,0,0,2,27,24.4,18.7,24.0,6.7,2,6,5,13,1,0.20,0.29,0.49,0.19,100,253236,1705530,266079,12843,16,Saka,Arsenal,MID,10
16,373,8,0,False,2026-05-24T15:00:00Z,1,2,38,False,0,0,0,0,0,0,0,0,0,0,0,0,0,0.0,0.0,0.0,0.0,0,0,0,0,0,0.00,0.00,0.00,0.00,100,-167082,1519927,55223,222305,16,Saka,Arsenal,MID,0
17,9,14,5,False,2025-08-17T15:30:00Z,0,1,1,False,90,0,0,1,0,0,0,0,0,0,0,0,16,17.8,20.3,17.0,5.5,6,7,1,14,1,0.09,0.29,0.38,1.52,80,0,305385,0,0,17,Ødegaard,Arsenal,MID,5
17,11,11,1,True,2025-08-23T16:30:00Z,5,0,2,False,37,0,0,0,0,0,0,0,0,0,0,0,5,1.6,4.4,3.0,0.9,0,1,1,2,1,0.05,0.05,0.10,0.17,80,14058,421888,48916,34858,17,Ødegaard,Arsenal,MID,1
17,25,12,1,False,2025-08-31T15:30:00Z,1,0,3,False,20,0,0,0,1,0,0,0,0,0,0,0,3,1.4,2.2,2.0,0.6,0,1,0,1,0,0.00,0.01,0.01,0.25,79,-141480,281805,8169,149649,17,Ødegaard,Arsenal,MID,1
17,31,16,1,True,2025-09-13T11:30:00Z,3,0,4,False,17,0,0,0,0,0,0,0,0,0,0,0,3,0.0,5.2,0.0,0.5,0,0,0,0,1,0.00,0.00,0.00,0.00,79,4161,317226,42800,38639,17,Ødegaard,Arsenal,MID,1
17,41,13,0,True,2025-09-21T15:30:00Z,1,1,5,False,0,0,0,0,0,0,0,0,0,0,0,0,0,0.0,0.0,0.0,0.0,0,0,0,0,0,0.00,0.00,0.00,0.00,79,-69806,245860,2332,72138,17,Ødegaard,Arsenal,MID,0
17,58,15,4,False,2025-09-28T15:30:00Z,1,2,6,False,8,0,1,0,0,0,0,0,0,0,0,0,16,19.0,16.4,0.0,3.5,0,1,0,1,0,0.00,0.25,0.25,0.08,79,-33028,215192,569,33597,17,Ødegaard,Arsenal,MID,4
17,61,19,1,True,2025-10-04T14:00:00Z,2,0,7,False,29,0,0,0,0,0,0,0,0,0,0,0,4,3.2,16.5,0.0,2.0,0,0,1,1,1,0.00,0.21,0.21,0.34,79,17816,239807,26642,8826,17,Ødegaard,Arsenal,MID,1
17,74,10,0,False,2025-10-18T16:30:00Z,0,1,8,False,0,0,0,0,0,0,0,0,0,0,0,0,0,0.0,0.0,0.0,0.0,0,0,0,0,0,0.00,0.00,0.00,0.00,79,-38829,200434,3440,42269,17,Ødegaard,Arsenal,MID,0
17,81,8,0,True,2025-10-26T14:00:00Z,1,0,9,False,0,0,0,0,0,0,0,0,0,0,0,0,0,0.0,0.0,0.0,0.0,0,0,0,0,0,0.00,0.00,0.00,0.00,79,-15966,185365,100,16066,17,Ødegaard,Arsenal,MID,0
17,92,3,0,False,2025-11-01T15:00:00Z,0,2,10,False,0,0,0,0,0,0,0,0,0,0,0,0,0,0.0,0.0,0.0,0.0,0,0,0,0,0,0.00,0.00,0.00,0.00,79,-10048,175740,108,10156,17,Ødegaard,Arsenal,MID,0
17,108,17,0,False,2025-11-08T17:30:00Z,2,2,11,False,0,0,0,0,0,0,0,0,0,0,0,0,0,0.0,0.0,0.0,0.0,0,0,0,0,0,0.00,0.00,0.00,0.00,78,-5010,171054,86,5096,17,Ødegaard,Arsenal,MID,0
17,111,18,0,True,2025-11-23T16:30:00Z,4,1,12,False,0,0,0,0,0,0,0,0,0,0,0,0,0,0.0,0.0,0.0,0.0,0,0,0,0,0,0.00,0.00,0.00,0.00,78,-3145,168265,281,3426,17,Ødegaard,Arsenal,MID,0
17,123,7,1,False,2025-11-30T16:30:00Z,1,1,13,False,33,0,0,0,0,0,0,0,0,0,0,0,3,1.4,2.8,0.0,0.4,0,2,0,2,0,0.00,0.04,0.04,0.27,78,406,169500,2085,1679,17,Ødegaard,Arsenal,MID,1
17,131,5,3,True,2025-12-03T19:30:00Z,2,0,14,False,90,0,0,1,0,0,0,0,0,0,0,0,15,18.0,50.0,6.0,7.4,1,4,2,7,1,0.02,0.08,0.10,0.35,78,3440,174338,4446,1006,17,Ødegaard,Arsenal,MID,3
17,141,2,2,False,2025-12-06T12:30:00Z,2,1,15,False,90,0,0,0,2,0,0,0,0,0,0,0,21,25.8,36.2,27.0,8.9,1,7,2,10,1,0.14,0.15,0.29,2.16,78,3917,179420,6090,2173,17,Ødegaard,Arsenal,MID,2
17,151,20,1,True,2025-12-13T20:00:00Z,2,1,16,False,33,0,0,0,1,0,0,0,0,0,0,0,2,0.0,15.9,9.0,2.5,0,3,0,3,0,0.12,0.02,0.14,0.09,78,30091,214311,34830,4739,17,Ødegaard,Arsenal,MID,1
17,164,9,3,False,2025-12-20T20:00:00Z,0,1,17,False,87,0,0,1,0,0,0,0,0,0,0,0,12,12.0,56.8,4.0,7.3,0,1,0,1,1,0.00,0.16,0.16,0.20,78,-7280,204622,7577,14857,17,Ødegaard,Arsenal,MID,3
17,171,6,10,True,2025-12-27T15:00:00Z,2,1,18,False,90,1,0,0,1,0,0,0,0,0,0,3,37,54.4,64.3,14.0,13.3,1,5,2,8,1,0.15,0.07,0.22,0.85,78,1741,208932,9590,7849,17,Ødegaard,Arsenal,MID,10
17,181,2,5,True,2025-12-30T20:15:00Z,4,1,19,False,90,0,1,0,1,0,0,0,0,0,0,0,29,32.8,45.4,41.0,11.9,2,6,2,10,1,0.27,0.61,0.88,2.67,78,21229,237454,25864,4635,17,Ødegaard,Arsenal,MID,5
17,192,4,7,False,2026-01-03T17:30:00Z,2,3,20,False,79,0,1,0,2,0,0,0,0,0,0,2,26,24.8,25.2,3.0,5.3,0,4,3,7,1,0.03,0.15,0.18,1.42,78,64436,301876,73400,8964,17,Ødegaard,Arsenal,MID,7
17,201,12,3,True,2026-01-08T20:00:00Z,0,0,21,False,77,0,0,1,0,0,0,0,0,0,0,0,12,4.2,14.7,4.0,2.3,1,1,0,2,1,0.00,0.04,0.04,0.30,78,13422,312197,30499,17077,17,Ødegaard,Arsenal,MID,3
17,217,16,1,False,2026-01-17T17:30:00Z,0,0,22,False,56,0,0,0,0,0,0,0,0,0,0,0,4,4.6,12.2,0.0,1.7,1,1,0,2,1,0.00,0.46,0.46,0.24,78,3005,316842,23598,20593,17,Ødegaard,Arsenal,MID,1
17,221,14,4,True,2026-01-25T16:30:00Z,2,3,23,False,57,0,1,0,2,0,0,0,0,0,0,0,9,0.0,5.6,4.0,0.8,0,2,2,4,1,0.10,0.02,0.12,0.44,78,-16447,301107,8719,25166,17,Ødegaard,Arsenal,MID,4
17,234,11,4,False,2026-01-31T15:00:00Z,0,4,24,False,29,0,1,0,0,0,0,0,0,0,0,0,16,20.0,26.2,0.0,4.6,0,1,0,1,0,0.00,0.22,0.22,0.03,78,-16444,286069,8985,25429,17,Ødegaard,Arsenal,MID,4
17,241,17,0,True,2026-02-07T15:00:00Z,3,0,25,False,0,0,0,0,0,0,0,0,0,0,0,0,0,0.0,0.0,0.0,0.0,0,0,0,0,0,0.00,0.00,0.00,0.00,78,-27759,258340,4647,32406,17,Ødegaard,Arsenal,MID,0
17,252,5,1,False,2026-02-12T20:00:00Z,1,1,26,False,45,0,0,0,1,0,0,0,0,0,0,0,3,1.0,3.6,10.0,1.5,0,3,1,4,0,0.04,0.07,0.11,1.09,78,-36888,221545,354,37242,17,Ødegaard,Arsenal,MID,1
17,310,20,0,False,2026-02-18T20:00:00Z,2,2,26,False,0,0,0,0,0,0,0,0,0,0,0,0,0,0.0,0.0,0.0,0.0,0,0,0,0,0,0.00,0.00,0.00,0.00,78,-36888,221545,354,37242,17,Ødegaard,Arsenal,MID,0
17,269,18,4,False,2026-02-22T16:30:00Z,1,4,27,False,13,0,1,0,0,0,0,0,0,0,0,0,16,17.6,10.8,0.0,2.8,0,1,0,1,0,0.00,0.01,0.01,0.42,78,-11541,212711,577,12118,17,Ødegaard,Arsenal,MID,4
17,271,7,0,True,2026-03-01T16:30:00Z,2,1,28,False,0,0,0,0,0,0,0,0,0,0,0,0,0,0.0,0.0,0.0,0.0,0,0,0,0,0,0.00,0.00,0.00,0.00,78,-1738,211754,1495,3233,17,Ødegaard,Arsenal,MID,0
17,283,6,0,False,2026-03-04T19:30:00Z,0,1,29,False,0,0,0,0,0,0,0,0,0,0,0,0,0,0.0,0.0,0.0,0.0,0,0,0,0,0,0.00,0.00,0.00,0.00,78,-3529,208397,688,4217,17,Ødegaard,Arsenal,MID,0
17,291,9,0,True,2026-03-14T17:30:00Z,2,0,30,False,0,0,0,0,0,0,0,0,0,0,0,0,0,0.0,0.0,0.0,0.0,0,0,0,0,0,0.00,0.00,0.00,0.00,78,-5372,203250,136,5508,17,Ødegaard,Arsenal,MID,0
17,311,4,0,True,2026-04-11T11:30:00Z,1,2,32,False,0,0,0,0,0,0,0,0,0,0,0,0,0,0.0,0.0,0.0,0.0,0,0,0,0,0,0.00,0.00,0.00,0.00,78,440,202428,2372,1932,17,Ødegaard,Arsenal,MID,0
17,327,13,2,False,2026-04-19T15:30:00Z,2,1,33,False,90,0,0,0,2,0,0,0,0,0,0,0,13,8.2,52.8,2.0,6.3,0,8,0,8,1,0.00,0.35,0.35,1.36,78,-2074,200200,131,2205,17,Ødegaard,Arsenal,MID,2
17,331,15,3,True,2026-04-25T16:30:00Z,1,0,34,False,90,0,0,1,0,0,0,0,0,0,0,0,19,19.2,43.6,13.0,7.6,0,6,2,8,1,0.03,0.20,0.23,1.00,78,9219,217143,10181,962,17,Ødegaard,Arsenal,MID,3
17,341,10,0,True,2026-05-02T16:30:00Z,3,0,35,False,0,0,0,0,0,0,0,0,0,0,0,0,0,0.0,0.0,0.0,0.0,0,0,0,0,0,0.00,0.00,0.00,0.00,78,2808,213248,6089,3281,17,Ødegaard,Arsenal,MID,0
17,360,19,4,False,2026-05-10T15:30:00Z,0,1,36,False,23,0,1,0,0,0,0,0,0,0,0,0,12,18.0,14.6,2.0,3.5,0,2,0,2,0,0.00,0.10,0.10,0.76,78,-4044,209128,1572,5616,17,Ødegaard,Arsenal,MID,4
17,361,3,3,True,2026-05-18T19:00:00Z,1,0,37,False,90,0,0,1,0,0,0,0,0,0,0,0,10,6.8,18.7,7.0,3.3,0,3,0,3,1,0.21,0.09,0.30,0.19,78,7073,217028,8547,1474,17,Ødegaard,Arsenal,MID,3
17,373,8,0,False,2026-05-24T15:00:00Z,1,2,38,False,0,0,0,0,0,0,0,0,0,0,0,0,0,0.0,0.0,0.0,0.0,0,0,0,0,0,0.00,0.00,0.00,0.00,78,-53,217078,3289,3342,17,Ødegaard,Arsenal,MID,0
18,9,14,1,False,2025-08-17T15:30:00Z,0,1,1,False,30,0,0,0,0,0,0,0,0,0,0,0,2,1.6,10.7,2.0,1.4,0,0,0,0,0,0.00,0.02,0.02,0.82,70,0,109369,0,0,18,Madueke,Arsenal,MID,1
18,11,11,3,True,2025-08-23T16:30:00Z,5,0,2,False,63,0,0,1,0,0,0,0,0,0,0,0,10,5.6,26.9,10.0,4.3,0,3,0,3,1,0.00,0.09,0.09,0.17,70,-16415,106477,3424,19839,18,Madueke,Arsenal,MID,3
18,25,12,2,False,2025-08-31T15:30:00Z,1,0,3,False,88,0,0,0,1,0,0,0,0,0,0,0,5,0.0,1.6,38.0,3.9,0,2,0,2,1,0.14,0.03,0.17,0.40,70,-6043,107118,11333,17376,18,Madueke,Arsenal,MID,2
18,31,16,3,True,2025-09-13T11:30:00Z,3,0,4,False,78,0,0,1,0,0,0,0,0,0,0,0,24,22.6,70.8,26.0,11.9,1,3,3,7,1,0.00,0.71,0.71,0.10,70,55350,182063,74076,18726,18,Madueke,Arsenal,MID,3
18,41,13,1,True,2025-09-21T15:30:00Z,1,1,5,False,45,0,0,0,1,0,0,0,0,0,0,0,-2,0.4,1.7,29.0,3.1,0,2,0,2,1,0.15,0.01,0.16,0.55,70,25843,206030,50089,24246,18,Madueke,Arsenal,MID,1
18,58,15,0,False,2025-09-28T15:30:00Z,1,2,6,False,0,0,0,0,0,0,0,0,0,0,0,0,0,0.0,0.0,0.0,0.0,0,0,0,0,0,0.00,0.00,0.00,0.00,70,-74463,129153,9543,84006,18,Madueke,Arsenal,MID,0
18,61,19,0,True,2025-10-04T14:00:00Z,2,0,7,False,0,0,0,0,0,0,0,0,0,0,0,0,0,0.0,0.0,0.0,0.0,0,0,0,0,0,0.00,0.00,0.00,0.00,69,-31901,100197,206,32107,18,Madueke,Arsenal,MID,0
18,74,10,0,False,2025-10-18T16:30:00Z,0,1,8,False,0,0,0,0,0,0,0,0,0,0,0,0,0,0.0,0.0,0.0,0.0,0,0,0,0,0,0.00,0.00,0.00,0.00,69,-17126,83857,109,17235,18,Madueke,Arsenal,MID,0
18,81,8,0,True,2025-10-26T14:00:00Z,1,0,9,False,0,0,0,0,0,0,0,0,0,0,0,0,0,0.0,0.0,0.0,0.0,0,0,0,0,0,0.00,0.00,0.00,0.00,69,-5216,79030,67,5283,18,Madueke,Arsenal,MID,0
18,92,3,0,False,2025-11-01T15:00:00Z,0,2,10,False,0,0,0,0,0,0,0,0,0,0,0,0,0,0.0,0.0,0.0,0.0,0,0,0,0,0,0.00,0.00,0.00,0.00,68,-4072,75047,66,4138,18,Madueke,Arsenal,MID,0
18,108,17,0,False,2025-11-08T17:30:00Z,2,2,11,False,0,0,0,0,0,0,0,0,0,0,0,0,0,0.0,0.0,0.0,0.0,0,0,0,0,0,0.00,0.00,0.00,0.00,68,-2413,72704,54,2467,18,Madueke,Arsenal,MID,0
18,111,18,1,True,2025-11-23T16:30:00Z,4,1,12,False,12,0,0,0,0,0,0,0,0,0,0,0,4,2.4,0.4,2.0,0.5,1,1,0,2,0,0.00,0.01,0.01,0.02,68,-1603,71190,92,1695,18,Madueke,Arsenal,MID,1
18,123,7,1,False,2025-11-30T16:30:00Z,1,1,13,False,33,0,0,0,0,0,0,0,0,0,0,0,2,0.0,2.1,4.0,0.6,0,0,0,0,0,0.00,0.03,0.03,0.27,68,2668,74828,3452,784,18,Madueke,Arsenal,MID,1
18,131,5,3,True,2025-12-03T19:30:00Z,2,0,14,False,60,0,0,1,0,0,0,0,0,0,0,0,6,10.0,3.7,40.0,5.4,2,0,2,4,1,0.13,0.07,0.20,0.27,68,1445,76109,2602,1157,18,Madueke,Arsenal,MID,3
18,141,2,1,False,2025-12-06T12:30:00Z,2,1,15,False,11,0,0,0,1,0,0,0,0,0,0,0,3,0.0,0.3,4.0,0.4,0,0,0,0,0,0.05,0.00,0.05,0.84,68,1599,77951,3562,1963,18,Madueke,Arsenal,MID,1
18,151,20,0,True,2025-12-13T20:00:00Z,2,1,16,False,0,0,0,0,0,0,0,0,0,0,0,0,0,0.0,0.0,0.0,0.0,0,0,0,0,0,0.00,0.00,0.00,0.00,68,32534,114128,36336,3802,18,Madueke,Arsenal,MID,0
18,164,9,0,False,2025-12-20T20:00:00Z,0,1,17,False,0,0,0,0,0,0,0,0,0,0,0,0,0,0.0,0.0,0.0,0.0,0,0,0,0,0,0.00,0.00,0.00,0.00,68,-7874,102689,8159,16033,18,Madueke,Arsenal,MID,0
18,171,6,0,True,2025-12-27T15:00:00Z,2,1,18,False,0,0,0,0,0,0,0,0,0,0,0,0,0,0.0,0.0,0.0,0.0,0,0,0,0,0,0.00,0.00,0.00,0.00,68,-7913,95265,3266,11179,18,Madueke,Arsenal,MID,0
18,181,2,1,True,2025-12-30T20:15:00Z,4,1,19,False,7,0,0,0,1,0,0,0,0,0,0,0,8,4.0,14.0,0.0,1.8,0,0,0,0,0,0.00,0.34,0.34,2.00,68,-6312,89737,1232,7544,18,Madueke,Arsenal,MID,1
18,192,4,2,False,2026-01-03T17:30:00Z,2,3,20,False,66,0,0,0,1,0,0,0,0,0,0,0,8,10.2,12.6,16.0,3.9,3,3,1,7,1,0.07,0.02,0.09,1.37,68,-3217,87404,925,4142,18,Madueke,Arsenal,MID,2
18,201,12,1,True,2026-01-08T20:00:00Z,0,0,21,False,12,0,0,0,0,0,0,0,0,0,0,0,6,2.0,14.5,4.0,2.1,0,0,0,0,0,0.00,0.06,0.06,0.06,68,-1860,85822,1259,3119,18,Madueke,Arsenal,MID,1
18,217,16,1,False,2026-01-17T17:30:00Z,0,0,22,False,56,0,0,0,0,0,0,0,0,0,0,0,9,14.2,30.9,20.0,6.5,2,1,1,4,1,0.06,0.22,0.28,0.24,68,-2115,83965,1305,3420,18,Madueke,Arsenal,MID,1
18,221,14,1,True,2026-01-25T16:30:00Z,2,3,23,False,15,0,0,0,1,0,0,0,0,0,0,0,2,1.2,1.0,2.0,0.4,0,0,0,0,0,0.00,0.00,0.00,0.27,68,-1110,83044,709,1819,18,Madueke,Arsenal,MID,1
18,234,11,14,False,2026-01-31T15:00:00Z,0,4,24,False,60,1,1,1,0,0,0,0,0,0,0,3,43,59.4,34.7,13.0,10.7,2,0,0,2,1,0.01,0.27,0.28,0.12,68,-920,82289,879,1799,18,Madueke,Arsenal,MID,14
18,241,17,1,True,2026-02-07T15:00:00Z,3,0,25,False,59,0,0,0,0,0,0,0,0,0,0,0,3,3.8,1.6,13.0,1.8,0,3,3,6,1,0.02,0.02,0.04,0.17,68,61840,148967,65561,3721,18,Madueke,Arsenal,MID,1
18,252,5,11,False,2026-02-12T20:00:00Z,1,1,26,False,69,1,0,1,0,0,0,0,0,0,0,3,32,42.0,7.1,31.0,8.0,0,1,5,6,1,0.19,0.05,0.24,0.76,68,48533,196947,64787,16254,18,Madueke,Arsenal,MID,11
18,310,20,2,False,2026-02-18T20:00:00Z,2,2,26,False,64,0,0,0,1,0,0,0,0,0,0,0,5,2.6,7.4,30.0,4.0,0,1,0,1,1,0.14,0.03,0.17,0.12,68,48533,196947,64787,16254,18,Madueke,Arsenal,MID,2
18,269,18,1,False,2026-02-22T16:30:00Z,1,4,27,False,1,0,0,0,0,0,0,0,0,0,0,0,4,0.2,0.3,0.0,0.1,0,0,0,0,0,0.00,0.00,0.00,0.13,68,-19100,174297,13669,32769,18,Madueke,Arsenal,MID,1
18,271,7,0,True,2026-03-01T16:30:00Z,2,1,28,False,0,0,0,0,0,0,0,0,0,0,0,0,0,0.0,0.0,0.0,0.0,0,0,0,0,0,0.00,0.00,0.00,0.00,68,-24429,149979,6118,30547,18,Madueke,Arsenal,MID,0
18,283,6,0,False,2026-03-04T19:30:00Z,0,1,29,False,0,0,0,0,0,0,0,0,0,0,0,0,0,0.0,0.0,0.0,0.0,0,0,0,0,0,0.00,0.00,0.00,0.00,68,-18416,131933,3027,21443,18,Madueke,Arsenal,MID,0
18,291,9,3,True,2026-03-14T17:30:00Z,2,0,30,False,60,0,0,1,0,0,0,0,0,0,0,0,12,10.2,24.0,28.0,6.2,0,2,1,3,1,0.07,0.08,0.15,0.98,68,-11897,120826,3324,15221,18,Madueke,Arsenal,MID,3
18,311,4,1,True,2026-04-11T11:30:00Z,1,2,32,False,53,0,0,0,1,0,0,0,0,0,0,0,4,3.4,5.9,4.0,1.3,0,0,2,2,1,0.00,0.07,0.07,0.70,68,47,113582,4889,4842,18,Madueke,Arsenal,MID,1
18,327,13,1,False,2026-04-19T15:30:00Z,2,1,33,False,45,0,0,0,1,0,0,0,0,0,0,0,5,6.2,4.7,4.0,1.5,0,4,3,7,1,0.00,0.01,0.01,0.67,68,-7935,104589,542,8477,18,Madueke,Arsenal,MID,1
18,331,15,3,True,2026-04-25T16:30:00Z,1,0,34,False,80,0,0,1,0,0,0,0,0,0,0,0,5,4.8,14.3,21.0,4.0,0,3,0,3,1,0.03,0.17,0.20,0.94,68,1157,108687,3405,2248,18,Madueke,Arsenal,MID,3
18,341,10,1,True,2026-05-02T16:30:00Z,3,0,35,False,45,0,0,0,0,0,0,0,0,0,0,0,4,0.6,15.5,2.0,1.8,0,3,0,3,0,0.00,0.24,0.24,0.34,68,393,107426,2916,2523,18,Madueke,Arsenal,MID,1
18,360,19,1,False,2026-05-10T15:30:00Z,0,1,36,False,10,0,0,0,0,0,0,0,0,0,0,0,4,2.2,0.8,0.0,0.3,2,0,0,2,0,0.00,0.01,0.01,0.23,68,-3304,104013,952,4256,18,Madueke,Arsenal,MID,1
18,361,3,0,True,2026-05-18T19:00:00Z,1,0,37,False,0,0,0,0,0,0,0,0,0,0,0,0,0,0.0,0.0,0.0,0.0,0,0,0,0,0,0.00,0.00,0.00,0.00,68,-1210,102955,935,2145,18,Madueke,Arsenal,MID,0
18,373,8,11,False,2026-05-24T15:00:00Z,1,2,38,False,83,1,0,1,0,0,0,0,0,0,0,3,46,47.8,45.3,61.0,15.4,1,3,0,4,1,0.17,0.30,0.47,0.23,68,5996,109873,8173,2177,18,Madueke,Arsenal,MID,11
19,9,14,1,False,2025-08-17T15:30:00Z,0,1,1,False,59,0,0,0,0,0,0,0,0,0,0,0,8,6.2,10.3,21.0,3.8,0,3,1,4,1,0.02,0.01,0.03,0.70,70,0,139808,0,0,19,Martinelli,Arsenal,MID,1
19,11,11,0,True,2025-08-23T16:30:00Z,5,0,2,False,0,0,0,0,0,0,0,0,0,0,0,0,0,0.0,0.0,0.0,0.0,0,0,0,0,0,0.00,0.00,0.00,0.00,70,-9841,150752,9660,19501,19,Martinelli,Arsenal,MID,0
19,25,12,3,False,2025-08-31T15:30:00Z,1,0,3,False,69,0,0,1,0,0,0,0,0,0,0,0,9,1.4,0.4,6.0,0.8,0,2,1,3,1,0.00,0.00,0.00,0.28,69,-29290,127440,4767,34057,19,Martinelli,Arsenal,MID,3
19,31,16,1,True,2025-09-13T11:30:00Z,3,0,4,False,12,0,0,0,0,0,0,0,0,0,0,0,4,2.0,4.3,0.0,0.6,0,1,0,1,0,0.00,0.00,0.00,0.10,69,-9513,123532,5235,14748,19,Martinelli,Arsenal,MID,1
19,41,13,7,True,2025-09-21T15:30:00Z,1,1,5,False,10,1,0,0,0,0,0,0,0,0,0,1,22,33.0,0.3,17.0,5.0,0,0,0,0,0,0.16,0.00,0.16,0.25,69,-9879,116281,3506,13385,19,Martinelli,Arsenal,MID,7
19,58,15,1,False,2025-09-28T15:30:00Z,1,2,6,False,20,0,0,0,0,0,0,0,0,0,0,0,5,2.2,0.5,4.0,0.7,1,2,0,3,0,0.05,0.01,0.06,0.08,69,13052,134644,20680,7628,19,Martinelli,Arsenal,MID,1
19,61,19,1,True,2025-10-04T14:00:00Z,2,0,7,False,11,0,0,0,0,0,0,0,0,0,0,0,3,2.0,14.0,2.0,1.8,1,1,0,2,0,0.00,0.06,0.06,0.13,69,11827,149452,21805,9978,19,Martinelli,Arsenal,MID,1
19,74,10,1,False,2025-10-18T16:30:00Z,0,1,8,False,9,0,0,0,0,0,0,0,0,0,0,0,3,3.2,0.5,41.0,4.5,0,1,1,2,0,0.52,0.00,0.52,0.04,69,-4544,147028,13037,17581,19,Martinelli,Arsenal,MID,1
19,81,8,1,True,2025-10-26T14:00:00Z,1,0,9,False,24,0,0,0,0,0,0,0,0,0,0,0,2,1.0,0.3,2.0,0.3,1,0,0,1,0,0.00,0.00,0.00,0.39,69,-2835,145493,8720,11555,19,Martinelli,Arsenal,MID,1
19,92,3,0,False,2025-11-01T15:00:00Z,0,2,10,False,0,0,0,0,0,0,0,0,0,0,0,0,0,0.0,0.0,0.0,0.0,0,0,0,0,0,0.00,0.00,0.00,0.00,69,-19594,126118,3893,23487,19,Martinelli,Arsenal,MID,0
19,108,17,0,False,2025-11-08T17:30:00Z,2,2,11,False,0,0,0,0,0,0,0,0,0,0,0,0,0,0.0,0.0,0.0,0.0,0,0,0,0,0,0.00,0.00,0.00,0.00,68,-17118,109342,89,17207,19,Martinelli,Arsenal,MID,0
19,111,18,0,True,2025-11-23T16:30:00Z,4,1,12,False,0,0,0,0,0,0,0,0,0,0,0,0,0,0.0,0.0,0.0,0.0,0,0,0,0,0,0.00,0.00,0.00,0.00,68,-8107,101618,88,8195,19,Martinelli,Arsenal,MID,0
19,123,7,1,False,2025-11-30T16:30:00Z,1,1,13,False,56,0,0,0,1,0,0,0,0,0,0,0,3,2.2,1.3,9.0,1.3,0,0,0,0,1,0.11,0.01,0.12,0.52,68,271,102790,2608,2337,19,Martinelli,Arsenal,MID,1
19,131,5,3,True,2025-12-03T19:30:00Z,2,0,14,False,60,0,0,1,0,0,0,0,0,0,0,0,4,4.8,13.8,8.0,2.7,1,2,0,3,1,0.09,0.02,0.11,0.27,68,2725,105946,4165,1440,19,Martinelli,Arsenal,MID,3
19,141,2,1,False,2025-12-06T12:30:00Z,2,1,15,False,4,0,0,0,1,0,0,0,0,0,0,0,2,0.0,0.1,0.0,0.0,0,0,0,0,0,0.00,0.00,0.00,0.80,68,1842,108054,4357,2515,19,Martinelli,Arsenal,MID,1
19,151,20,1,True,2025-12-13T20:00:00Z,2,1,16,False,56,0,0,0,0,0,0,0,0,0,0,0,-1,0.0,2.4,24.0,2.0,0,1,0,1,1,0.34,0.03,0.37,0.28,68,12202,121978,17371,5169,19,Martinelli,Arsenal,MID,1
19,164,9,0,False,2025-12-20T20:00:00Z,0,1,17,False,10,0,0,0,0,0,0,0,1,0,0,0,-1,0.0,0.7,8.0,0.9,0,2,0,2,0,0.00,0.00,0.00,0.00,68,-2724,118001,5352,8076,19,Martinelli,Arsenal,MID,0
19,171,6,1,True,2025-12-27T15:00:00Z,2,1,18,False,8,0,0,0,0,0,0,0,0,0,0,0,1,3.6,10.8,6.0,2.0,0,0,1,1,0,0.49,0.01,0.50,0.00,68,-7731,110036,1930,9661,19,Martinelli,Arsenal,MID,1
19,181,2,0,True,2025-12-30T20:15:00Z,4,1,19,False,0,0,0,0,0,0,0,0,0,0,0,0,0,0.0,0.0,0.0,0.0,0,0,0,0,0,0.00,0.00,0.00,0.00,68,-1991,109290,2017,4008,19,Martinelli,Arsenal,MID,0
19,192,4,5,False,2026-01-03T17:30:00Z,2,3,20,False,66,0,1,0,1,0,0,0,0,0,0,0,19,4.4,5.7,7.0,1.7,0,3,1,4,1,0.19,0.02,0.21,1.37,68,-1003,108477,2317,3320,19,Martinelli,Arsenal,MID,5
19,201,12,0,True,2026-01-08T20:00:00Z,0,0,21,False,26,0,0,0,0,0,0,0,1,0,0,0,3,4.2,0.6,17.0,2.2,0,0,0,0,0,0.02,0.01,0.03,0.15,68,-780,107883,1602,2382,19,Martinelli,Arsenal,MID,0
19,217,16,1,False,2026-01-17T17:30:00Z,0,0,22,False,45,0,0,0,0,0,0,0,0,0,0,0,3,8.4,5.4,35.0,4.9,2,3,2,7,1,0.58,0.05,0.63,0.20,68,1555,109952,4732,3177,19,Martinelli,Arsenal,MID,1
19,221,14,0,True,2026-01-25T16:30:00Z,2,3,23,False,0,0,0,0,0,0,0,0,0,0,0,0,0,0.0,0.0,0.0,0.0,0,0,0,0,0,0.00,0.00,0.00,0.00,68,365,110479,2549,2184,19,Martinelli,Arsenal,MID,0
19,234,11,4,False,2026-01-31T15:00:00Z,0,4,24,False,29,0,1,0,0,0,0,0,0,0,0,0,19,23.2,14.2,17.0,5.4,1,3,0,4,0,0.11,0.29,0.40,0.03,68,-534,110214,2539,3073,19,Martinelli,Arsenal,MID,4
19,241,17,4,True,2026-02-07T15:00:00Z,3,0,25,False,30,0,1,0,0,0,0,0,0,0,0,0,20,26.2,13.5,25.0,6.5,1,1,1,3,0,0.04,0.26,0.30,0.02,68,2750,113430,4996,2246,19,Martinelli,Arsenal,MID,4
19,252,5,1,False,2026-02-12T20:00:00Z,1,1,26,False,9,0,0,0,0,0,0,0,0,0,0,0,3,5.2,0.0,17.0,2.2,1,0,0,1,0,0.07,0.00,0.07,0.33,68,29143,145001,32514,3371,19,Martinelli,Arsenal,MID,1
19,310,20,2,False,2026-02-18T20:00:00Z,2,2,26,False,90,0,0,0,2,0,0,0,0,0,0,0,7,13.8,28.8,48.0,9.1,1,7,2,10,1,0.63,0.12,0.75,0.29,68,29143,145001,32514,3371,19,Martinelli,Arsenal,MID,2
19,269,18,1,False,2026-02-22T16:30:00Z,1,4,27,False,14,0,0,0,0,0,0,0,0,0,0,0,3,0.2,0.6,2.0,0.3,0,5,0,5,0,0.00,0.00,0.00,0.42,68,-11745,130683,2136,13881,19,Martinelli,Arsenal,MID,1
19,271,7,1,True,2026-03-01T16:30:00Z,2,1,28,False,34,0,0,0,0,0,0,0,0,0,0,0,3,0.0,0.0,0.0,0.0,0,2,0,2,0,0.00,0.01,0.01,0.22,68,-8072,122879,796,8868,19,Martinelli,Arsenal,MID,1
19,283,6,1,False,2026-03-04T19:30:00Z,0,1,29,False,59,0,0,0,0,0,0,0,0,0,0,0,0,0.0,0.3,4.0,0.2,1,2,0,3,1,0.07,0.00,0.07,0.55,68,-3694,119496,1230,4924,19,Martinelli,Arsenal,MID,1
19,291,9,4,True,2026-03-14T17:30:00Z,2,0,30,False,29,0,1,0,0,0,0,0,0,0,0,0,15,20.0,14.5,11.0,4.6,1,1,0,2,0,0.04,0.09,0.13,0.08,68,-1563,118249,2437,4000,19,Martinelli,Arsenal,MID,4
19,311,4,1,True,2026-04-11T11:30:00Z,1,2,32,False,53,0,0,0,1,0,0,0,0,0,0,0,3,1.2,10.8,2.0,1.4,0,1,0,1,1,0.00,0.01,0.01,0.70,68,2959,118993,4731,1772,19,Martinelli,Arsenal,MID,1
19,327,13,1,False,2026-04-19T15:30:00Z,2,1,33,False,45,0,0,0,1,0,0,0,0,0,0,0,1,2.2,4.4,4.0,1.1,1,1,1,3,0,0.34,0.01,0.35,0.69,68,-2356,116213,958,3314,19,Martinelli,Arsenal,MID,1
19,331,15,0,True,2026-04-25T16:30:00Z,1,0,34,False,37,0,0,0,0,0,0,0,1,0,0,0,1,5.0,12.3,22.0,3.9,0,3,1,4,0,0.12,0.01,0.13,0.64,68,401,117493,1610,1209,19,Martinelli,Arsenal,MID,0
19,341,10,0,True,2026-05-02T16:30:00Z,3,0,35,False,0,0,0,0,0,0,0,0,0,0,0,0,0,0.0,0.0,0.0,0.0,0,0,0,0,0,0.00,0.00,0.00,0.00,68,-615,116532,1109,1724,19,Martinelli,Arsenal,MID,0
19,360,19,0,False,2026-05-10T15:30:00Z,0,1,36,False,0,0,0,0,0,0,0,0,0,0,0,0,0,0.0,0.0,0.0,0.0,0,0,0,0,0,0.00,0.00,0.00,0.00,68,-1702,114838,681,2383,19,Martinelli,Arsenal,MID,0
19,361,3,1,True,2026-05-18T19:00:00Z,1,0,37,False,1,0,0,0,0,0,0,0,0,0,0,0,3,0.0,0.0,2.0,0.2,0,1,0,1,0,0.00,0.00,0.00,0.00,68,-788,114140,574,1362,19,Martinelli,Arsenal,MID,1
19,373,8,7,False,2026-05-24T15:00:00Z,1,2,38,False,90,0,1,0,1,0,0,0,0,0,0,2,28,29.0,31.4,29.0,8.9,0,4,0,4,1,0.13,0.24,0.37,0.98,68,4740,119690,5990,1250,19,Martinelli,Arsenal,MID,7
20,9,14,0,False,2025-08-17T15:30:00Z,0,1,1,False,0,0,0,0,0,0,0,0,0,0,0,0,0,0.0,0.0,0.0,0.0,0,0,0,0,0,0.00,0.00,0.00,0.00,70,0,38245,0,0,20,Trossard,Arsenal,MID,0
20,11,11,1,True,2025-08-23T16:30:00Z,5,0,2,False,37,0,0,0,0,0,0,0,0,0,0,0,4,5.4,21.5,4.0,3.1,0,0,0,0,0,0.07,0.03,0.10,0.00,70,-6276,35043,868,7144,20,Trossard,Arsenal,MID,1
20,25,12,0,False,2025-08-31T15:30:00Z,1,0,3,False,0,0,0,0,0,0,0,0,0,0,0,0,0,0.0,0.0,0.0,0.0,0,0,0,0,0,0.00,0.00,0.00,0.00,69,-4281,33601,1464,5745,20,Trossard,Arsenal,MID,0
20,31,16,4,True,2025-09-13T11:30:00Z,3,0,4,False,11,0,1,0,0,0,0,0,0,0,0,0,12,17.2,10.5,4.0,3.2,0,0,0,0,0,0.00,0.26,0.26,0.10,69,-3952,30724,848,4800,20,Trossard,Arsenal,MID,4
20,41,13,2,True,2025-09-21T15:30:00Z,1,1,5,False,83,0,0,0,1,0,0,0,0,0,0,0,13,7.6,4.3,17.0,2.9,2,1,1,4,1,0.14,0.07,0.21,0.89,69,-407,31485,1557,1964,20,Trossard,Arsenal,MID,2
20,58,15,2,False,2025-09-28T15:30:00Z,1,2,6,False,87,0,0,0,1,0,0,0,0,0,0,0,5,2.4,17.0,12.0,3.1,0,2,0,2,1,0.33,0.12,0.45,0.58,69,361,32855,2339,1978,20,Trossard,Arsenal,MID,2
20,61,19,3,True,2025-10-04T14:00:00Z,2,0,7,False,74,0,0,1,0,0,0,0,0,0,0,0,16,10.8,28.5,20.0,5.9,1,1,2,4,1,0.12,0.09,0.21,0.36,69,1933,35798,3969,2036,20,Trossard,Arsenal,MID,3
20,74,10,10,False,2025-10-18T16:30:00Z,0,1,8,False,80,1,0,1,0,0,0,0,0,0,0,2,28,33.2,18.2,56.0,10.7,2,4,0,6,1,0.60,0.07,0.67,0.40,69,837,37573,3802,2965,20,Trossard,Arsenal,MID,10
20,81,8,3,True,2025-10-26T14:00:00Z,1,0,9,False,90,0,0,1,0,0,0,0,0,0,0,0,4,4.8,7.7,33.0,4.6,1,6,0,7,1,0.34,0.05,0.39,0.47,69,11138,49929,13227,2089,20,Trossard,Arsenal,MID,3
20,92,3,6,False,2025-11-01T15:00:00Z,0,2,10,False,90,0,1,1,0,0,0,0,0,0,0,0,23,30.2,29.0,17.0,7.6,0,2,1,3,1,0.27,0.15,0.42,0.37,69,11545,62888,15471,3926,20,Trossard,Arsenal,MID,6
20,108,17,9,False,2025-11-08T17:30:00Z,2,2,11,False,90,1,0,0,2,0,0,0,0,0,0,2,32,35.4,20.3,11.0,6.7,0,5,0,5,1,0.05,0.31,0.36,0.44,69,20393,85004,25250,4857,20,Trossard,Arsenal,MID,9
20,111,18,12,True,2025-11-23T16:30:00Z,4,1,12,False,77,1,1,0,1,0,0,0,0,0,0,2,39,58.2,25.8,29.0,11.3,0,5,2,7,1,0.22,0.08,0.30,0.06,69,29362,119150,37984,8622,20,Trossard,Arsenal,MID,12
20,123,7,0,False,2025-11-30T16:30:00Z,1,1,13,False,0,0,0,0,0,0,0,0,0,0,0,0,0,0.0,0.0,0.0,0.0,0,0,0,0,0,0.00,0.00,0.00,0.00,69,13882,129751,36751,22869,20,Trossard,Arsenal,MID,0
20,131,5,0,True,2025-12-03T19:30:00Z,2,0,14,False,0,0,0,0,0,0,0,0,0,0,0,0,0,0.0,0.0,0.0,0.0,0,0,0,0,0,0.00,0.00,0.00,0.00,69,-18349,111077,4043,22392,20,Trossard,Arsenal,MID,0
20,141,2,6,False,2025-12-06T12:30:00Z,2,1,15,False,40,1,0,0,0,0,0,0,0,0,0,0,23,37.0,0.6,58.0,9.6,0,1,1,2,0,0.46,0.01,0.47,0.49,69,-23926,87473,1198,25124,20,Trossard,Arsenal,MID,6
20,151,20,1,True,2025-12-13T20:00:00Z,2,1,16,False,33,0,0,0,1,0,0,0,0,0,0,0,9,9.6,38.2,6.0,5.4,1,3,1,5,0,0.03,0.21,0.24,0.09,69,8395,97322,25853,17458,20,Trossard,Arsenal,MID,1
20,164,9,3,False,2025-12-20T20:00:00Z,0,1,17,False,79,0,0,1,0,0,0,0,0,0,0,0,6,2.0,10.0,8.0,2.0,1,6,1,8,1,0.29,0.03,0.32,0.20,69,10544,109703,21484,10940,20,Trossard,Arsenal,MID,3
20,171,6,2,True,2025-12-27T15:00:00Z,2,1,18,False,81,0,0,0,1,0,0,0,0,0,0,0,11,8.0,46.5,30.0,8.5,1,4,0,5,1,0.51,0.26,0.77,0.85,69,20296,136555,29309,9013,20,Trossard,Arsenal,MID,2
20,181,2,13,True,2025-12-30T20:15:00Z,4,1,19,False,90,1,1,0,1,0,0,0,0,0,0,3,40,62.2,42.5,32.0,13.7,1,2,2,5,1,0.63,0.25,0.88,2.67,69,-2133,128067,13592,15725,20,Trossard,Arsenal,MID,13
20,192,4,1,False,2026-01-03T17:30:00Z,2,3,20,False,23,0,0,0,1,0,0,0,0,0,0,0,2,8.4,0.5,5.0,1.4,2,0,1,3,0,0.02,0.00,0.02,0.06,70,147242,285463,161782,14540,20,Trossard,Arsenal,MID,1
20,201,12,2,True,2026-01-08T20:00:00Z,0,0,21,False,63,0,0,1,0,0,0,0,1,0,0,0,7,2.4,1.7,9.0,1.3,0,3,2,5,1,0.09,0.05,0.14,0.21,70,-43877,230658,16786,60663,20,Trossard,Arsenal,MID,2
20,217,16,1,False,2026-01-17T17:30:00Z,0,0,22,False,45,0,0,0,0,0,0,0,0,0,0,0,4,2.0,2.1,0.0,0.4,1,0,0,1,0,0.00,0.01,0.01,0.14,69,-22049,211436,18901,40950,20,Trossard,Arsenal,MID,1
20,221,14,2,True,2026-01-25T16:30:00Z,2,3,23,False,74,0,0,0,2,0,0,0,0,0,0,0,9,0.2,12.5,4.0,1.7,1,3,0,4,1,0.07,0.01,0.08,0.44,69,-20278,191982,9893,30171,20,Trossard,Arsenal,MID,2
20,234,11,3,False,2026-01-31T15:00:00Z,0,4,24,False,80,0,0,1,0,0,0,0,0,0,0,0,13,11.0,15.5,4.0,3.1,4,2,2,8,1,0.02,0.15,0.17,0.12,68,-13609,179082,17328,30937,20,Trossard,Arsenal,MID,3
20,241,17,6,True,2026-02-07T15:00:00Z,3,0,25,False,88,0,1,1,0,0,0,0,0,0,0,0,23,34.8,49.7,20.0,10.5,1,5,1,7,1,0.14,0.19,0.33,0.17,68,11406,192027,32187,20781,20,Trossard,Arsenal,MID,6
20,252,5,2,False,2026-02-12T20:00:00Z,1,1,26,False,80,0,0,0,1,0,0,0,0,0,0,0,14,9.8,21.2,15.0,4.6,1,1,2,4,1,0.17,0.11,0.28,1.18,68,-21610,167327,23965,45575,20,Trossard,Arsenal,MID,2
20,310,20,1,False,2026-02-18T20:00:00Z,2,2,26,False,20,0,0,0,0,0,0,0,0,0,0,0,1,1.2,0.3,5.0,0.7,0,2,1,3,0,0.01,0.00,0.01,0.00,68,-21610,167327,23965,45575,20,Trossard,Arsenal,MID,1
20,269,18,2,False,2026-02-22T16:30:00Z,1,4,27,False,75,0,0,0,1,0,0,0,0,0,0,0,10,7.6,10.8,20.0,3.8,1,4,4,9,1,0.22,0.06,0.28,0.35,68,-25362,144685,3964,29326,20,Trossard,Arsenal,MID,2
20,271,7,1,True,2026-03-01T16:30:00Z,2,1,28,False,55,0,0,0,1,0,0,0,0,0,0,0,4,0.4,0.3,5.0,0.6,0,4,0,4,1,0.02,0.06,0.08,0.83,67,-10089,135332,4526,14615,20,Trossard,Arsenal,MID,1
20,283,6,1,False,2026-03-04T19:30:00Z,0,1,29,False,30,0,0,0,0,0,0,0,0,0,0,0,-1,5.6,14.8,8.0,2.8,1,2,1,4,0,0.14,0.07,0.21,0.27,67,-6270,129801,5494,11764,20,Trossard,Arsenal,MID,1
20,291,9,0,True,2026-03-14T17:30:00Z,2,0,30,False,0,0,0,0,0,0,0,0,0,0,0,0,0,0.0,0.0,0.0,0.0,0,0,0,0,0,0.00,0.00,0.00,0.00,66,-18698,111030,1526,20224,20,Trossard,Arsenal,MID,0
20,311,4,1,True,2026-04-11T11:30:00Z,1,2,32,False,36,0,0,0,1,0,0,0,0,0,0,0,4,8.0,14.0,6.0,2.8,2,0,0,2,0,0.00,0.01,0.01,0.49,65,-831,102350,4134,4965,20,Trossard,Arsenal,MID,1
20,327,13,1,False,2026-04-19T15:30:00Z,2,1,33,False,16,0,0,0,0,0,0,0,0,0,0,0,10,9.2,14.5,2.0,2.6,2,1,1,4,0,0.00,0.09,0.09,0.00,65,-4939,96832,1161,6100,20,Trossard,Arsenal,MID,1
20,331,15,0,True,2026-04-25T16:30:00Z,1,0,34,False,0,0,0,0,0,0,0,0,0,0,0,0,0,0.0,0.0,0.0,0.0,0,0,0,0,0,0.00,0.00,0.00,0.00,65,1389,100389,3516,2127,20,Trossard,Arsenal,MID,0
20,341,10,7,True,2026-05-02T16:30:00Z,3,0,35,False,90,0,1,1,0,0,0,0,0,0,0,1,41,31.0,36.3,35.0,10.2,0,5,0,5,1,0.11,0.64,0.75,0.37,65,-736,98339,2751,3487,20,Trossard,Arsenal,MID,7
20,360,19,8,False,2026-05-10T15:30:00Z,0,1,36,False,90,1,0,1,0,0,0,0,1,0,0,1,27,37.6,16.4,59.0,11.3,0,2,1,3,1,0.45,0.04,0.49,1.15,65,6506,105329,9325,2819,20,Trossard,Arsenal,MID,8
20,361,3,3,True,2026-05-18T19:00:00Z,1,0,37,False,90,0,0,1,0,0,0,0,0,0,0,0,12,0.8,14.3,7.0,2.2,0,4,0,4,1,0.08,0.11,0.18,0.19,65,156428,264730,158681,2253,20,Trossard,Arsenal,MID,3
20,373,8,0,False,2026-05-24T15:00:00Z,1,2,38,False,0,0,0,0,0,0,0,0,0,0,0,0,0,0.0,0.0,0.0,0.0,0,0,0,0,0,0.00,0.00,0.00,0.00,66,-23201,236279,11289,34490,20,Trossard,Arsenal,MID,0
21,9,14,6,False,2025-08-17T15:30:00Z,0,1,1,False,82,0,1,1,0,0,0,0,0,0,0,0,14,2.6,1.3,8.0,1.2,1,3,0,4,1,0.13,0.01,0.14,1.04,65,0,728172,0,0,21,Rice,Arsenal,MID,6
21,11,11,6,True,2025-08-23T16:30:00Z,5,0,2,False,90,0,1,1,0,0,0,0,0,0,0,0,26,25.2,50.0,2.0,7.7,0,3,0,3,1,0.00,0.54,0.54,0.17,65,22586,902701,90194,67608,21,Rice,Arsenal,MID,6
21,25,12,4,False,2025-08-31T15:30:00Z,1,0,3,False,90,0,0,0,1,0,0,0,0,0,0,0,13,13.2,22.7,3.0,3.9,6,7,0,13,1,0.02,0.10,0.12,0.52,65,16588,978824,106036,89448,21,Rice,Arsenal,MID,4
21,31,16,1,True,2025-09-13T11:30:00Z,3,0,4,False,22,0,0,0,0,0,0,0,0,0,0,0,1,3.4,1.3,2.0,0.7,0,2,1,3,0,0.00,0.03,0.03,0.10,65,49222,1084679,125238,76016,21,Rice,Arsenal,MID,1
21,41,13,3,True,2025-09-21T15:30:00Z,1,1,5,False,90,0,0,0,1,0,0,0,0,0,0,1,22,18.8,37.0,0.0,5.6,1,6,2,9,1,0.00,0.16,0.16,0.89,65,-86541,1005474,33687,120228,21,Rice,Arsenal,MID,3
21,58,15,9,False,2025-09-28T15:30:00Z,1,2,6,False,90,0,1,0,1,0,0,0,0,0,0,2,33,47.6,53.7,4.0,10.5,4,5,3,12,1,0.00,0.20,0.20,0.61,65,-69243,949283,28350,97593,21,Rice,Arsenal,MID,9
21,61,19,11,True,2025-10-04T14:00:00Z,2,0,7,False,78,1,0,1,0,0,0,0,0,0,0,3,45,45.6,40.4,23.0,10.9,2,3,0,5,1,0.32,0.12,0.44,0.36,65,62858,1033670,106096,43238,21,Rice,Arsenal,MID,11
21,74,10,3,False,2025-10-18T16:30:00Z,0,1,8,False,90,0,0,1,0,0,0,0,0,0,0,0,10,15.6,19.5,1.0,3.6,3,2,0,5,1,0.03,0.08,0.11,0.44,65,184365,1233335,249814,65449,21,Rice,Arsenal,MID,3
21,81,8,7,True,2025-10-26T14:00:00Z,1,0,9,False,81,0,1,1,0,0,0,0,0,0,0,1,27,21.2,40.8,29.0,9.1,3,3,3,9,1,0.37,0.61,0.98,0.46,66,274464,1522337,312829,38365,21,Rice,Arsenal,MID,7
21,92,3,13,False,2025-11-01T15:00:00Z,0,2,10,False,90,1,0,1,0,0,0,0,0,0,0,3,47,58.2,28.5,17.0,10.4,7,9,5,21,1,0.24,0.33,0.57,0.42,67,274903,1814435,317296,42393,21,Rice,Arsenal,MID,13
21,108,17,2,False,2025-11-08T17:30:00Z,2,2,11,False,90,0,0,0,2,0,0,0,0,0,0,0,16,22.0,22.8,10.0,5.5,5,3,3,11,1,0.07,0.20,0.27,0.44,68,643620,2488362,661250,17630,21,Rice,Arsenal,MID,2
21,111,18,6,True,2025-11-23T16:30:00Z,4,1,12,False,90,0,1,0,1,0,0,0,1,0,0,0,27,37.0,40.8,17.0,9.5,3,6,4,13,1,0.26,0.38,0.64,0.07,69,238709,2728559,311596,72887,21,Rice,Arsenal,MID,6
21,123,7,4,False,2025-11-30T16:30:00Z,1,1,13,False,90,0,0,0,1,0,0,0,0,0,0,0,16,28.0,19.3,0.0,4.7,6,4,2,12,1,0.00,0.07,0.07,0.79,70,143384,2830785,214309,70925,21,Rice,Arsenal,MID,4
21,131,5,3,True,2025-12-03T19:30:00Z,2,0,14,False,82,0,0,1,0,0,0,0,0,0,0,0,19,15.4,40.8,16.0,7.2,1,4,0,5,1,0.08,0.13,0.21,0.27,70,169721,3053721,213389,43668,21,Rice,Arsenal,MID,3
21,141,2,6,False,2025-12-06T12:30:00Z,2,1,15,False,90,0,0,0,2,0,0,0,0,0,0,2,30,36.6,37.7,12.0,8.6,9,10,2,21,1,0.14,0.13,0.27,2.16,71,-297427,2704032,64521,361948,21,Rice,Arsenal,MID,6
21,151,20,2,True,2025-12-13T20:00:00Z,2,1,16,False,90,0,0,0,1,0,0,0,0,0,0,0,12,9.2,26.4,16.0,5.2,2,4,0,6,1,0.14,0.13,0.27,0.38,71,27956,2759843,377088,349132,21,Rice,Arsenal,MID,2
21,164,9,11,False,2025-12-20T20:00:00Z,0,1,17,False,90,0,1,1,0,0,0,0,0,0,0,3,32,24.0,29.8,3.0,5.7,7,10,3,20,1,0.02,0.20,0.22,0.20,71,26603,2810873,194930,168327,21,Rice,Arsenal,MID,11
21,171,6,5,True,2025-12-27T15:00:00Z,2,1,18,False,90,0,1,0,1,0,0,0,0,0,0,0,22,13.4,23.2,16.0,5.3,5,4,1,10,1,0.24,0.15,0.39,0.85,72,450465,3384120,487264,36799,21,Rice,Arsenal,MID,5
21,181,2,0,True,2025-12-30T20:15:00Z,4,1,19,False,0,0,0,0,0,0,0,0,0,0,0,0,0,0.0,0.0,0.0,0.0,0,0,0,0,0,0.00,0.00,0.00,0.00,72,-88311,3090381,163288,251599,21,Rice,Arsenal,MID,0
21,192,4,17,False,2026-01-03T17:30:00Z,2,3,20,False,90,2,0,0,2,0,0,0,0,0,0,3,58,81.2,15.9,24.0,12.1,3,8,3,14,1,0.53,0.06,0.59,1.43,71,-633452,2545901,28864,662316,21,Rice,Arsenal,MID,17
21,201,12,3,True,2026-01-08T20:00:00Z,0,0,21,False,90,0,0,1,0,0,0,0,0,0,0,0,20,18.2,28.8,7.0,5.4,3,4,2,9,1,0.07,0.15,0.22,0.36,72,580910,3182200,621377,40467,21,Rice,Arsenal,MID,3
21,217,16,3,False,2026-01-17T17:30:00Z,0,0,22,False,90,0,0,1,0,0,0,0,0,0,0,0,25,39.0,50.8,21.0,11.1,7,1,3,11,1,0.12,0.44,0.56,0.34,73,580618,3770566,619280,38662,21,Rice,Arsenal,MID,3
21,221,14,1,True,2026-01-25T16:30:00Z,2,3,23,False,90,0,0,0,3,0,0,0,1,0,0,0,18,18.4,54.5,10.0,8.3,2,6,2,10,1,0.11,0.47,0.58,0.71,74,236008,4000773,292292,56284,21,Rice,Arsenal,MID,1
21,234,11,3,False,2026-01-31T15:00:00Z,0,4,24,False,90,0,0,1,0,0,0,0,0,0,0,0,20,19.0,44.4,4.0,6.7,4,3,2,9,1,0.00,0.40,0.40,0.15,74,133129,4137784,299564,166435,21,Rice,Arsenal,MID,3
21,241,17,5,True,2026-02-07T15:00:00Z,3,0,25,False,90,0,0,1,0,0,0,0,0,0,0,0,16,16.4,36.2,3.0,5.6,5,8,0,13,1,0.03,0.16,0.19,0.19,75,175057,4320319,326903,151846,21,Rice,Arsenal,MID,5
21,252,5,5,False,2026-02-12T20:00:00Z,1,1,26,False,90,0,0,0,1,0,0,0,0,0,0,1,23,23.0,45.8,6.0,7.5,3,7,2,12,1,0.00,0.11,0.11,1.51,75,301276,4655944,426772,125496,21,Rice,Arsenal,MID,5
21,310,20,9,False,2026-02-18T20:00:00Z,2,2,26,False,90,0,1,0,2,0,0,0,0,0,0,2,31,33.4,19.8,7.0,6.0,3,9,4,16,1,0.03,0.58,0.61,0.29,75,301276,4655944,426772,125496,21,Rice,Arsenal,MID,9
21,269,18,4,False,2026-02-22T16:30:00Z,1,4,27,False,90,0,0,0,1,0,0,0,0,0,0,0,11,6.4,7.3,4.0,1.8,2,10,3,15,1,0.00,0.04,0.04,0.76,76,-202191,4423920,73449,275640,21,Rice,Arsenal,MID,4
21,271,7,5,True,2026-03-01T16:30:00Z,2,1,28,False,75,0,1,0,1,0,0,0,0,0,0,0,25,1.8,1.2,0.0,0.3,2,2,3,7,1,0.04,0.24,0.28,1.00,76,-141908,4283203,65738,207646,21,Rice,Arsenal,MID,5
21,283,6,3,False,2026-03-04T19:30:00Z,0,1,29,False,90,0,0,1,0,0,0,0,0,0,0,0,19,25.8,27.0,0.0,5.3,6,4,1,11,1,0.00,0.07,0.07,0.82,75,-356072,3914581,51710,407782,21,Rice,Arsenal,MID,3
21,291,9,3,True,2026-03-14T17:30:00Z,2,0,30,False,90,0,0,1,0,0,0,0,0,0,0,0,17,16.6,43.7,8.0,6.8,1,4,2,7,1,0.06,0.14,0.20,1.05,74,-79476,3867946,92249,171725,21,Rice,Arsenal,MID,3
21,311,4,4,True,2026-04-11T11:30:00Z,1,2,32,False,90,0,0,0,2,0,0,0,0,0,0,2,26,20.4,39.3,13.0,7.3,1,4,3,8,1,0.10,0.33,0.43,1.19,73,-65274,3342994,114037,179311,21,Rice,Arsenal,MID,4
21,327,13,2,False,2026-04-19T15:30:00Z,2,1,33,False,90,0,0,0,2,0,0,0,0,0,0,0,13,11.4,22.8,0.0,3.4,3,5,3,11,1,0.00,0.07,0.07,1.36,72,-228268,2987572,32855,261123,21,Rice,Arsenal,MID,2
21,331,15,2,True,2026-04-25T16:30:00Z,1,0,34,False,90,0,0,1,0,0,0,0,1,0,0,0,5,4.2,4.8,4.0,1.3,2,1,0,3,1,0.00,0.02,0.02,1.00,72,74755,3322606,151250,76495,21,Rice,Arsenal,MID,2
21,341,10,5,True,2026-05-02T16:30:00Z,3,0,35,False,63,0,0,1,0,0,0,0,0,0,0,0,14,13.0,6.9,2.0,2.2,5,6,1,12,1,0.00,0.05,0.05,0.20,72,-27952,3169422,107999,135951,21,Rice,Arsenal,MID,5
21,360,19,3,False,2026-05-10T15:30:00Z,0,1,36,False,90,0,0,1,0,0,0,0,0,0,0,0,18,17.4,35.9,2.0,5.5,6,3,1,10,1,0.00,0.38,0.38,1.15,72,-34842,3130869,87913,122755,21,Rice,Arsenal,MID,3
21,361,3,5,True,2026-05-18T19:00:00Z,1,0,37,False,90,0,0,1,0,0,0,0,0,0,0,0,19,24.6,6.3,4.0,3.5,4,7,5,16,1,0.00,0.04,0.04,0.19,72,47183,3183415,131026,83843,21,Rice,Arsenal,MID,5
21,373,8,0,False,2026-05-24T15:00:00Z,1,2,38,False,0,0,0,0,0,0,0,0,0,0,0,0,0,0.0,0.0,0.0,0.0,0,0,0,0,0,0.00,0.00,0.00,0.00,72,-139493,3034823,34123,173616,21,Rice,Arsenal,MID,0
22,9,14,1,False,2025-08-17T15:30:00Z,0,1,1,False,7,0,0,0,0,0,0,0,0,0,0,0,2,1.2,0.0,0.0,0.1,1,0,0,1,0,0.00,0.00,0.00,0.49,60,0,61676,0,0,22,Merino,Arsenal,MID,1
22,11,11,0,True,2025-08-23T16:30:00Z,5,0,2,False,0,0,0,0,0,0,0,0,0,0,0,0,0,0.0,0.0,0.0,0.0,0,0,0,0,0,0.00,0.00,0.00,0.00,60,-12605,58027,4431,17036,22,Merino,Arsenal,MID,0
22,25,12,3,False,2025-08-31T15:30:00Z,1,0,3,False,69,0,0,1,0,0,0,0,0,0,0,0,6,5.2,2.3,0.0,0.8,0,2,3,5,1,0.00,0.02,0.02,0.28,59,-16276,43807,1780,18056,22,Merino,Arsenal,MID,3
22,31,16,3,True,2025-09-13T11:30:00Z,3,0,4,False,90,0,0,1,0,0,0,0,0,0,0,0,15,13.2,20.3,33.0,6.7,2,8,0,10,1,0.13,0.07,0.20,0.20,59,5276,54618,13332,8056,22,Merino,Arsenal,MID,3
22,41,13,1,True,2025-09-21T15:30:00Z,1,1,5,False,45,0,0,0,1,0,0,0,0,0,0,0,6,8.8,17.3,0.0,2.6,2,4,1,7,1,0.00,0.03,0.03,0.55,59,5709,63562,14232,8523,22,Merino,Arsenal,MID,1
22,58,15,6,False,2025-09-28T15:30:00Z,1,2,6,False,20,1,0,0,0,0,0,0,0,0,0,0,23,35.2,0.1,19.0,5.4,1,1,1,3,0,0.05,0.00,0.05,0.08,59,-1712,63505,8536,10248,22,Merino,Arsenal,MID,6
22,61,19,1,True,2025-10-04T14:00:00Z,2,0,7,False,11,0,0,0,0,0,0,0,0,0,0,0,0,0.0,3.7,12.0,1.2,0,0,0,0,0,0.16,0.00,0.16,0.13,59,10019,76226,15936,5917,22,Merino,Arsenal,MID,1
22,74,10,1,False,2025-10-18T16:30:00Z,0,1,8,False,28,0,0,0,0,0,0,0,0,0,0,0,5,5.4,1.1,4.0,1.1,1,2,2,5,0,0.00,0.01,0.01,0.04,59,73,77678,11902,11829,22,Merino,Arsenal,MID,1
22,81,8,1,True,2025-10-26T14:00:00Z,1,0,9,False,8,0,0,0,0,0,0,0,0,0,0,0,4,4.0,0.3,0.0,0.4,2,0,0,2,0,0.00,0.00,0.00,0.01,59,-4290,73928,5074,9364,22,Merino,Arsenal,MID,1
22,92,3,1,False,2025-11-01T15:00:00Z,0,2,10,False,45,0,0,0,0,0,0,0,0,0,0,0,4,2.6,12.8,0.0,1.5,0,4,0,4,0,0.00,0.05,0.05,0.42,59,-6701,67590,2903,9604,22,Merino,Arsenal,MID,1
22,108,17,5,False,2025-11-08T17:30:00Z,2,2,11,False,90,0,1,0,2,0,0,0,0,0,0,0,15,22.8,16.6,16.0,5.5,2,5,0,7,1,0.38,0.05,0.43,0.44,59,49786,127655,57067,7281,22,Merino,Arsenal,MID,5
22,111,18,5,True,2025-11-23T16:30:00Z,4,1,12,False,87,0,1,0,1,0,0,0,0,0,0,0,24,24.4,15.8,5.0,4.5,0,4,5,9,1,0.06,0.44,0.50,0.07,59,-396,120560,14420,14816,22,Merino,Arsenal,MID,5
22,123,7,9,False,2025-11-30T16:30:00Z,1,1,13,False,90,1,0,0,1,0,0,0,0,0,0,2,28,34.2,2.3,35.0,7.2,2,1,1,4,1,0.65,0.02,0.67,0.79,59,-1418,117316,10669,12087,22,Merino,Arsenal,MID,9
22,131,5,13,True,2025-12-03T19:30:00Z,2,0,14,False,90,1,1,1,0,0,0,0,0,0,0,2,42,66.8,25.8,29.0,12.2,2,3,5,10,1,0.66,0.18,0.84,0.35,59,45114,169062,52201,7087,22,Merino,Arsenal,MID,13
22,141,2,1,False,2025-12-06T12:30:00Z,2,1,15,False,45,0,0,0,1,0,0,0,0,0,0,0,4,4.0,1.6,2.0,0.8,2,3,0,5,1,0.00,0.01,0.01,0.87,60,252975,442621,260787,7812,22,Merino,Arsenal,MID,1
22,151,20,1,True,2025-12-13T20:00:00Z,2,1,16,False,32,0,0,0,1,0,0,0,0,0,0,0,5,5.8,3.5,5.0,1.4,3,2,0,5,0,0.05,0.00,0.05,0.09,61,156696,587137,253845,97149,22,Merino,Arsenal,MID,1
22,164,9,1,False,2025-12-20T20:00:00Z,0,1,17,False,2,0,0,0,0,0,0,0,0,0,0,0,2,0.0,0.1,0.0,0.0,0,1,0,1,0,0.00,0.00,0.00,0.00,60,-104245,464893,45119,149364,22,Merino,Arsenal,MID,1
22,171,6,2,True,2025-12-27T15:00:00Z,2,1,18,False,90,0,0,0,1,0,0,0,0,0,0,0,12,8.0,14.9,9.0,3.2,3,4,2,9,1,0.10,0.02,0.12,0.85,59,-80450,379464,25009,105459,22,Merino,Arsenal,MID,2
22,181,2,2,True,2025-12-30T20:15:00Z,4,1,19,False,72,0,0,1,0,0,0,0,1,0,0,0,6,14.8,34.9,4.0,5.4,3,4,3,10,1,0.00,0.03,0.03,0.55,58,-56001,331274,11595,67596,22,Merino,Arsenal,MID,2
22,192,4,1,False,2026-01-03T17:30:00Z,2,3,20,False,10,0,0,0,0,0,0,0,0,0,0,0,6,5.8,0.7,12.0,1.9,1,2,0,3,0,0.05,0.00,0.05,0.01,58,-39780,305260,8776,48556,22,Merino,Arsenal,MID,1
22,201,12,0,True,2026-01-08T20:00:00Z,0,0,21,False,0,0,0,0,0,0,0,0,0,0,0,0,0,0.0,0.0,0.0,0.0,0,0,0,0,0,0.00,0.00,0.00,0.00,57,-58704,246997,2584,61288,22,Merino,Arsenal,MID,0
22,217,16,1,False,2026-01-17T17:30:00Z,0,0,22,False,33,0,0,0,0,0,0,0,0,0,0,0,3,3.4,11.6,8.0,2.3,0,2,2,4,0,0.21,0.50,0.71,0.10,56,-45874,202903,2678,48552,22,Merino,Arsenal,MID,1
22,221,14,7,True,2026-01-25T16:30:00Z,2,3,23,False,32,1,0,0,1,0,0,0,0,0,0,1,26,38.8,1.3,44.0,8.4,3,3,1,7,0,0.49,0.02,0.51,0.27,55,-17972,186153,2403,20375,22,Merino,Arsenal,MID,7
22,234,11,0,False,2026-01-31T15:00:00Z,0,4,24,False,0,0,0,0,0,0,0,0,0,0,0,0,0,0.0,0.0,0.0,0.0,0,0,0,0,0,0.00,0.00,0.00,0.00,55,-5948,180905,8805,14753,22,Merino,Arsenal,MID,0
22,241,17,0,True,2026-02-07T15:00:00Z,3,0,25,False,0,0,0,0,0,0,0,0,0,0,0,0,0,0.0,0.0,0.0,0.0,0,0,0,0,0,0.00,0.00,0.00,0.00,55,-31545,148532,1639,33184,22,Merino,Arsenal,MID,0
22,252,5,0,False,2026-02-12T20:00:00Z,1,1,26,False,0,0,0,0,0,0,0,0,0,0,0,0,0,0.0,0.0,0.0,0.0,0,0,0,0,0,0.00,0.00,0.00,0.00,54,-24695,124137,85,24780,22,Merino,Arsenal,MID,0
22,310,20,0,False,2026-02-18T20:00:00Z,2,2,26,False,0,0,0,0,0,0,0,0,0,0,0,0,0,0.0,0.0,0.0,0.0,0,0,0,0,0,0.00,0.00,0.00,0.00,54,-24695,124137,85,24780,22,Merino,Arsenal,MID,0
22,269,18,0,False,2026-02-22T16:30:00Z,1,4,27,False,0,0,0,0,0,0,0,0,0,0,0,0,0,0.0,0.0,0.0,0.0,0,0,0,0,0,0.00,0.00,0.00,0.00,54,-11536,113861,52,11588,22,Merino,Arsenal,MID,0
22,271,7,0,True,2026-03-01T16:30:00Z,2,1,28,False,0,0,0,0,0,0,0,0,0,0,0,0,0,0.0,0.0,0.0,0.0,0,0,0,0,0,0.00,0.00,0.00,0.00,54,-4217,109890,28,4245,22,Merino,Arsenal,MID,0
22,283,6,0,False,2026-03-04T19:30:00Z,0,1,29,False,0,0,0,0,0,0,0,0,0,0,0,0,0,0.0,0.0,0.0,0.0,0,0,0,0,0,0.00,0.00,0.00,0.00,54,-3328,106563,26,3354,22,Merino,Arsenal,MID,0
22,291,9,0,True,2026-03-14T17:30:00Z,2,0,30,False,0,0,0,0,0,0,0,0,0,0,0,0,0,0.0,0.0,0.0,0.0,0,0,0,0,0,0.00,0.00,0.00,0.00,54,-3283,103330,33,3316,22,Merino,Arsenal,MID,0
22,311,4,0,True,2026-04-11T11:30:00Z,1,2,32,False,0,0,0,0,0,0,0,0,0,0,0,0,0,0.0,0.0,0.0,0.0,0,0,0,0,0,0.00,0.00,0.00,0.00,54,-1363,100907,27,1390,22,Merino,Arsenal,MID,0
22,327,13,0,False,2026-04-19T15:30:00Z,2,1,33,False,0,0,0,0,0,0,0,0,0,0,0,0,0,0.0,0.0,0.0,0.0,0,0,0,0,0,0.00,0.00,0.00,0.00,54,-929,99970,26,955,22,Merino,Arsenal,MID,0
22,331,15,0,True,2026-04-25T16:30:00Z,1,0,34,False,0,0,0,0,0,0,0,0,0,0,0,0,0,0.0,0.0,0.0,0.0,0,0,0,0,0,0.00,0.00,0.00,0.00,54,-731,99215,8,739,22,Merino,Arsenal,MID,0
22,341,10,0,True,2026-05-02T16:30:00Z,3,0,35,False,0,0,0,0,0,0,0,0,0,0,0,0,0,0.0,0.0,0.0,0.0,0,0,0,0,0,0.00,0.00,0.00,0.00,54,-590,98744,19,609,22,Merino,Arsenal,MID,0
22,360,19,0,False,2026-05-10T15:30:00Z,0,1,36,False,0,0,0,0,0,0,0,0,0,0,0,0,0,0.0,0.0,0.0,0.0,0,0,0,0,0,0.00,0.00,0.00,0.00,53,-578,98168,20,598,22,Merino,Arsenal,MID,0
22,361,3,0,True,2026-05-18T19:00:00Z,1,0,37,False,0,0,0,0,0,0,0,0,0,0,0,0,0,0.0,0.0,0.0,0.0,0,0,0,0,0,0.00,0.00,0.00,0.00,53,-409,97769,14,423,22,Merino,Arsenal,MID,0
22,373,8,1,False,2026-05-24T15:00:00Z,1,2,38,False,28,0,0,0,1,0,0,0,0,0,0,0,-2,0.0,4.8,7.0,1.0,0,2,0,2,0,0.37,0.00,0.37,0.77,53,-192,97601,236,428,22,Merino,Arsenal,MID,1
23,9,14,0,False,2025-08-17T15:30:00Z,0,1,1,False,0,0,0,0,0,0,0,0,0,0,0,0,0,0.0,0.0,0.0,0.0,0,0,0,0,0,0.00,0.00,0.00,0.00,55,0,3974,0,0,23,Fábio Vieira,Arsenal,MID,0
23,11,11,0,True,2025-08-23T16:30:00Z,5,0,2,False,0,0,0,0,0,0,0,0,0,0,0,0,0,0.0,0.0,0.0,0.0,0,0,0,0,0,0.00,0.00,0.00,0.00,55,-514,4733,494,1008,23,Fábio Vieira,Arsenal,MID,0
23,25,12,0,False,2025-08-31T15:30:00Z,1,0,3,False,0,0,0,0,0,0,0,0,0,0,0,0,0,0.0,0.0,0.0,0.0,0,0,0,0,0,0.00,0.00,0.00,0.00,54,-642,4600,327,969,23,Fábio Vieira,Arsenal,MID,0
23,31,16,0,True,2025-09-13T11:30:00Z,3,0,4,False,0,0,0,0,0,0,0,0,0,0,0,0,0,0.0,0.0,0.0,0.0,0,0,0,0,0,0.00,0.00,0.00,0.00,54,-929,3822,112,1041,23,Fábio Vieira,Arsenal,MID,0
23,41,13,0,True,2025-09-21T15:30:00Z,1,1,5,False,0,0,0,0,0,0,0,0,0,0,0,0,0,0.0,0.0,0.0,0.0,0,0,0,0,0,0.00,0.00,0.00,0.00,54,-554,3289,0,554,23,Fábio Vieira,Arsenal,MID,0
23,58,15,0,False,2025-09-28T15:30:00Z,1,2,6,False,0,0,0,0,0,0,0,0,0,0,0,0,0,0.0,0.0,0.0,0.0,0,0,0,0,0,0.00,0.00,0.00,0.00,54,-276,3027,0,276,23,Fábio Vieira,Arsenal,MID,0
23,61,19,0,True,2025-10-04T14:00:00Z,2,0,7,False,0,0,0,0,0,0,0,0,0,0,0,0,0,0.0,0.0,0.0,0.0,0,0,0,0,0,0.00,0.00,0.00,0.00,54,-133,2899,0,133,23,Fábio Vieira,Arsenal,MID,0
23,74,10,0,False,2025-10-18T16:30:00Z,0,1,8,False,0,0,0,0,0,0,0,0,0,0,0,0,0,0.0,0.0,0.0,0.0,0,0,0,0,0,0.00,0.00,0.00,0.00,54,-151,2753,0,151,23,Fábio Vieira,Arsenal,MID,0
23,81,8,0,True,2025-10-26T14:00:00Z,1,0,9,False,0,0,0,0,0,0,0,0,0,0,0,0,0,0.0,0.0,0.0,0.0,0,0,0,0,0,0.00,0.00,0.00,0.00,54,-49,2703,0,49,23,Fábio Vieira,Arsenal,MID,0
23,92,3,0,False,2025-11-01T15:00:00Z,0,2,10,False,0,0,0,0,0,0,0,0,0,0,0,0,0,0.0,0.0,0.0,0.0,0,0,0,0,0,0.00,0.00,0.00,0.00,54,-42,2663,0,42,23,Fábio Vieira,Arsenal,MID,0
23,108,17,0,False,2025-11-08T17:30:00Z,2,2,11,False,0,0,0,0,0,0,0,0,0,0,0,0,0,0.0,0.0,0.0,0.0,0,0,0,0,0,0.00,0.00,0.00,0.00,54,-37,2625,0,37,23,Fábio Vieira,Arsenal,MID,0
23,111,18,0,True,2025-11-23T16:30:00Z,4,1,12,False,0,0,0,0,0,0,0,0,0,0,0,0,0,0.0,0.0,0.0,0.0,0,0,0,0,0,0.00,0.00,0.00,0.00,54,-25,2601,0,25,23,Fábio Vieira,Arsenal,MID,0
23,123,7,0,False,2025-11-30T16:30:00Z,1,1,13,False,0,0,0,0,0,0,0,0,0,0,0,0,0,0.0,0.0,0.0,0.0,0,0,0,0,0,0.00,0.00,0.00,0.00,54,-17,2583,0,17,23,Fábio Vieira,Arsenal,MID,0
23,131,5,0,True,2025-12-03T19:30:00Z,2,0,14,False,0,0,0,0,0,0,0,0,0,0,0,0,0,0.0,0.0,0.0,0.0,0,0,0,0,0,0.00,0.00,0.00,0.00,54,-1,2582,0,1,23,Fábio Vieira,Arsenal,MID,0
23,141,2,0,False,2025-12-06T12:30:00Z,2,1,15,False,0,0,0,0,0,0,0,0,0,0,0,0,0,0.0,0.0,0.0,0.0,0,0,0,0,0,0.00,0.00,0.00,0.00,54,-16,2567,0,16,23,Fábio Vieira,Arsenal,MID,0
23,151,20,0,True,2025-12-13T20:00:00Z,2,1,16,False,0,0,0,0,0,0,0,0,0,0,0,0,0,0.0,0.0,0.0,0.0,0,0,0,0,0,0.00,0.00,0.00,0.00,54,-17,2550,0,17,23,Fábio Vieira,Arsenal,MID,0
23,164,9,0,False,2025-12-20T20:00:00Z,0,1,17,False,0,0,0,0,0,0,0,0,0,0,0,0,0,0.0,0.0,0.0,0.0,0,0,0,0,0,0.00,0.00,0.00,0.00,54,-10,2541,0,10,23,Fábio Vieira,Arsenal,MID,0
23,171,6,0,True,2025-12-27T15:00:00Z,2,1,18,False,0,0,0,0,0,0,0,0,0,0,0,0,0,0.0,0.0,0.0,0.0,0,0,0,0,0,0.00,0.00,0.00,0.00,54,-14,2526,0,14,23,Fábio Vieira,Arsenal,MID,0
23,181,2,0,True,2025-12-30T20:15:00Z,4,1,19,False,0,0,0,0,0,0,0,0,0,0,0,0,0,0.0,0.0,0.0,0.0,0,0,0,0,0,0.00,0.00,0.00,0.00,54,-4,2524,0,4,23,Fábio Vieira,Arsenal,MID,0
23,192,4,0,False,2026-01-03T17:30:00Z,2,3,20,False,0,0,0,0,0,0,0,0,0,0,0,0,0,0.0,0.0,0.0,0.0,0,0,0,0,0,0.00,0.00,0.00,0.00,54,-5,2519,0,5,23,Fábio Vieira,Arsenal,MID,0
23,201,12,0,True,2026-01-08T20:00:00Z,0,0,21,False,0,0,0,0,0,0,0,0,0,0,0,0,0,0.0,0.0,0.0,0.0,0,0,0,0,0,0.00,0.00,0.00,0.00,54,-4,2514,0,4,23,Fábio Vieira,Arsenal,MID,0
23,217,16,0,False,2026-01-17T17:30:00Z,0,0,22,False,0,0,0,0,0,0,0,0,0,0,0,0,0,0.0,0.0,0.0,0.0,0,0,0,0,0,0.00,0.00,0.00,0.00,54,-13,2501,0,13,23,Fábio Vieira,Arsenal,MID,0
23,221,14,0,True,2026-01-25T16:30:00Z,2,3,23,False,0,0,0,0,0,0,0,0,0,0,0,0,0,0.0,0.0,0.0,0.0,0,0,0,0,0,0.00,0.00,0.00,0.00,54,-6,2496,0,6,23,Fábio Vieira,Arsenal,MID,0
23,234,11,0,False,2026-01-31T15:00:00Z,0,4,24,False,0,0,0,0,0,0,0,0,0,0,0,0,0,0.0,0.0,0.0,0.0,0,0,0,0,0,0.00,0.00,0.00,0.00,54,-6,2489,0,6,23,Fábio Vieira,Arsenal,MID,0
23,241,17,0,True,2026-02-07T15:00:00Z,3,0,25,False,0,0,0,0,0,0,0,0,0,0,0,0,0,0.0,0.0,0.0,0.0,0,0,0,0,0,0.00,0.00,0.00,0.00,54,-7,2482,0,7,23,Fábio Vieira,Arsenal,MID,0
23,252,5,0,False,2026-02-12T20:00:00Z,1,1,26,False,0,0,0,0,0,0,0,0,0,0,0,0,0,0.0,0.0,0.0,0.0,0,0,0,0,0,0.00,0.00,0.00,0.00,54,-7,2476,0,7,23,Fábio Vieira,Arsenal,MID,0
23,310,20,0,False,2026-02-18T20:00:00Z,2,2,26,False,0,0,0,0,0,0,0,0,0,0,0,0,0,0.0,0.0,0.0,0.0,0,0,0,0,0,0.00,0.00,0.00,0.00,54,-7,2476,0,7,23,Fábio Vieira,Arsenal,MID,0
23,269,18,0,False,2026-02-22T16:30:00Z,1,4,27,False,0,0,0,0,0,0,0,0,0,0,0,0,0,0.0,0.0,0.0,0.0,0,0,0,0,0,0.00,0.00,0.00,0.00,54,-8,2466,0,8,23,Fábio Vieira,Arsenal,MID,0
23,271,7,0,True,2026-03-01T16:30:00Z,2,1,28,False,0,0,0,0,0,0,0,0,0,0,0,0,0,0.0,0.0,0.0,0.0,0,0,0,0,0,0.00,0.00,0.00,0.00,54,-5,2464,0,5,23,Fábio Vieira,Arsenal,MID,0
23,283,6,0,False,2026-03-04T19:30:00Z,0,1,29,False,0,0,0,0,0,0,0,0,0,0,0,0,0,0.0,0.0,0.0,0.0,0,0,0,0,0,0.00,0.00,0.00,0.00,54,-3,2461,0,3,23,Fábio Vieira,Arsenal,MID,0
23,291,9,0,True,2026-03-14T17:30:00Z,2,0,30,False,0,0,0,0,0,0,0,0,0,0,0,0,0,0.0,0.0,0.0,0.0,0,0,0,0,0,0.00,0.00,0.00,0.00,54,-2,2459,0,2,23,Fábio Vieira,Arsenal,MID,0
23,311,4,0,True,2026-04-11T11:30:00Z,1,2,32,False,0,0,0,0,0,0,0,0,0,0,0,0,0,0.0,0.0,0.0,0.0,0,0,0,0,0,0.00,0.00,0.00,0.00,54,-1,2457,0,1,23,Fábio Vieira,Arsenal,MID,0
23,327,13,0,False,2026-04-19T15:30:00Z,2,1,33,False,0,0,0,0,0,0,0,0,0,0,0,0,0,0.0,0.0,0.0,0.0,0,0,0,0,0,0.00,0.00,0.00,0.00,54,-3,2453,0,3,23,Fábio Vieira,Arsenal,MID,0
23,331,15,0,True,2026-04-25T16:30:00Z,1,0,34,False,0,0,0,0,0,0,0,0,0,0,0,0,0,0.0,0.0,0.0,0.0,0,0,0,0,0,0.00,0.00,0.00,0.00,54,0,2452,0,0,23,Fábio Vieira,Arsenal,MID,0
23,341,10,0,True,2026-05-02T16:30:00Z,3,0,35,False,0,0,0,0,0,0,0,0,0,0,0,0,0,0.0,0.0,0.0,0.0,0,0,0,0,0,0.00,0.00,0.00,0.00,54,-6,2448,0,6,23,Fábio Vieira,Arsenal,MID,0
23,360,19,0,False,2026-05-10T15:30:00Z,0,1,36,False,0,0,0,0,0,0,0,0,0,0,0,0,0,0.0,0.0,0.0,0.0,0,0,0,0,0,0.00,0.00,0.00,0.00,54,-2,2446,0,2,23,Fábio Vieira,Arsenal,MID,0
23,361,3,0,True,2026-05-18T19:00:00Z,1,0,37,False,0,0,0,0,0,0,0,0,0,0,0,0,0,0.0,0.0,0.0,0.0,0,0,0,0,0,0.00,0.00,0.00,0.00,54,-2,2444,0,2,23,Fábio Vieira,Arsenal,MID,0
23,373,8,0,False,2026-05-24T15:00:00Z,1,2,38,False,0,0,0,0,0,0,0,0,0,0,0,0,0,0.0,0.0,0.0,0.0,0,0,0,0,0,0.00,0.00,0.00,0.00,54,-1,2443,0,1,23,Fábio Vieira,Arsenal,MID,0
24,9,14,0,False,2025-08-17T15:30:00Z,0,1,1,False,0,0,0,0,0,0,0,0,0,0,0,0,0,0.0,0.0,0.0,0.0,0,0,0,0,0,0.00,0.00,0.00,0.00,55,0,63529,0,0,24,Nørgaard,Arsenal,MID,0
24,11,11,0,True,2025-08-23T16:30:00Z,5,0,2,False,0,0,0,0,0,0,0,0,0,0,0,0,0,0.0,0.0,0.0,0.0,0,0,0,0,0,0.00,0.00,0.00,0.00,55,-19307,46343,1125,20432,24,Nørgaard,Arsenal,MID,0
24,25,12,0,False,2025-08-31T15:30:00Z,1,0,3,False,0,0,0,0,0,0,0,0,0,0,0,0,0,0.0,0.0,0.0,0.0,0,0,0,0,0,0.00,0.00,0.00,0.00,54,-18086,28588,70,18156,24,Nørgaard,Arsenal,MID,0
24,31,16,0,True,2025-09-13T11:30:00Z,3,0,4,False,0,0,0,0,0,0,0,0,0,0,0,0,0,0.0,0.0,0.0,0.0,0,0,0,0,0,0.00,0.00,0.00,0.00,54,-6152,23222,200,6352,24,Nørgaard,Arsenal,MID,0
24,41,13,0,True,2025-09-21T15:30:00Z,1,1,5,False,0,0,0,0,0,0,0,0,0,0,0,0,0,0.0,0.0,0.0,0.0,0,0,0,0,0,0.00,0.00,0.00,0.00,54,-2153,21646,499,2652,24,Nørgaard,Arsenal,MID,0
24,58,15,0,False,2025-09-28T15:30:00Z,1,2,6,False,0,0,0,0,0,0,0,0,0,0,0,0,0,0.0,0.0,0.0,0.0,0,0,0,0,0,0.00,0.00,0.00,0.00,53,-1649,20407,476,2125,24,Nørgaard,Arsenal,MID,0
24,61,19,0,True,2025-10-04T14:00:00Z,2,0,7,False,0,0,0,0,0,0,0,0,0,0,0,0,0,0.0,0.0,0.0,0.0,0,0,0,0,0,0.00,0.00,0.00,0.00,53,-1062,19667,460,1522,24,Nørgaard,Arsenal,MID,0
24,74,10,1,False,2025-10-18T16:30:00Z,0,1,8,False,1,0,0,0,0,0,0,0,0,0,0,0,3,1.0,0.0,0.0,0.1,1,1,0,2,0,0.00,0.00,0.00,0.00,53,-1341,18705,427,1768,24,Nørgaard,Arsenal,MID,1
24,81,8,0,True,2025-10-26T14:00:00Z,1,0,9,False,0,0,0,0,0,0,0,0,0,0,0,0,0,0.0,0.0,0.0,0.0,0,0,0,0,0,0.00,0.00,0.00,0.00,53,-543,18360,261,804,24,Nørgaard,Arsenal,MID,0
24,92,3,1,False,2025-11-01T15:00:00Z,0,2,10,False,13,0,0,0,0,0,0,0,0,0,0,0,4,5.4,0.1,7.0,1.3,1,1,0,2,0,0.05,0.00,0.05,0.05,52,-676,17824,228,904,24,Nørgaard,Arsenal,MID,1
24,108,17,0,False,2025-11-08T17:30:00Z,2,2,11,False,0,0,0,0,0,0,0,0,0,0,0,0,0,0.0,0.0,0.0,0.0,0,0,0,0,0,0.00,0.00,0.00,0.00,52,-402,17604,291,693,24,Nørgaard,Arsenal,MID,0
24,111,18,0,True,2025-11-23T16:30:00Z,4,1,12,False,0,0,0,0,0,0,0,0,0,0,0,0,0,0.0,0.0,0.0,0.0,0,0,0,0,0,0.00,0.00,0.00,0.00,52,-356,17481,271,627,24,Nørgaard,Arsenal,MID,0
24,123,7,0,False,2025-11-30T16:30:00Z,1,1,13,False,0,0,0,0,0,0,0,0,0,0,0,0,0,0.0,0.0,0.0,0.0,0,0,0,0,0,0.00,0.00,0.00,0.00,52,-392,17188,121,513,24,Nørgaard,Arsenal,MID,0
24,131,5,0,True,2025-12-03T19:30:00Z,2,0,14,False,0,0,0,0,0,0,0,0,0,0,0,0,0,0.0,0.0,0.0,0.0,0,0,0,0,0,0.00,0.00,0.00,0.00,52,-174,17106,95,269,24,Nørgaard,Arsenal,MID,0
24,141,2,0,False,2025-12-06T12:30:00Z,2,1,15,False,0,0,0,0,0,0,0,0,0,0,0,0,0,0.0,0.0,0.0,0.0,0,0,0,0,0,0.00,0.00,0.00,0.00,52,-187,17017,183,370,24,Nørgaard,Arsenal,MID,0
24,151,20,0,True,2025-12-13T20:00:00Z,2,1,16,False,0,0,0,0,0,0,0,0,0,0,0,0,0,0.0,0.0,0.0,0.0,0,0,0,0,0,0.00,0.00,0.00,0.00,52,-121,16995,398,519,24,Nørgaard,Arsenal,MID,0
24,164,9,0,False,2025-12-20T20:00:00Z,0,1,17,False,0,0,0,0,0,0,0,0,0,0,0,0,0,0.0,0.0,0.0,0.0,0,0,0,0,0,0.00,0.00,0.00,0.00,52,-166,16961,301,467,24,Nørgaard,Arsenal,MID,0
24,171,6,0,True,2025-12-27T15:00:00Z,2,1,18,False,0,0,0,0,0,0,0,0,0,0,0,0,0,0.0,0.0,0.0,0.0,0,0,0,0,0,0.00,0.00,0.00,0.00,52,-181,16894,239,420,24,Nørgaard,Arsenal,MID,0
24,181,2,1,True,2025-12-30T20:15:00Z,4,1,19,False,17,0,0,0,1,0,0,0,0,0,0,0,4,8.2,0.3,0.0,0.9,3,1,0,4,0,0.00,0.00,0.00,2.11,51,-55,16940,220,275,24,Nørgaard,Arsenal,MID,1
24,192,4,0,False,2026-01-03T17:30:00Z,2,3,20,False,0,0,0,0,0,0,0,0,0,0,0,0,0,0.0,0.0,0.0,0.0,0,0,0,0,0,0.00,0.00,0.00,0.00,51,-13,16952,179,192,24,Nørgaard,Arsenal,MID,0
24,201,12,0,True,2026-01-08T20:00:00Z,0,0,21,False,0,0,0,0,0,0,0,0,0,0,0,0,0,0.0,0.0,0.0,0.0,0,0,0,0,0,0.00,0.00,0.00,0.00,51,-193,16811,100,293,24,Nørgaard,Arsenal,MID,0
24,217,16,0,False,2026-01-17T17:30:00Z,0,0,22,False,0,0,0,0,0,0,0,0,0,0,0,0,0,0.0,0.0,0.0,0.0,0,0,0,0,0,0.00,0.00,0.00,0.00,51,-130,16771,191,321,24,Nørgaard,Arsenal,MID,0
24,221,14,0,True,2026-01-25T16:30:00Z,2,3,23,False,0,0,0,0,0,0,0,0,0,0,0,0,0,0.0,0.0,0.0,0.0,0,0,0,0,0,0.00,0.00,0.00,0.00,51,-24,16806,152,176,24,Nørgaard,Arsenal,MID,0
24,234,11,0,False,2026-01-31T15:00:00Z,0,4,24,False,0,0,0,0,0,0,0,0,0,0,0,0,0,0.0,0.0,0.0,0.0,0,0,0,0,0,0.00,0.00,0.00,0.00,51,-3,16880,226,229,24,Nørgaard,Arsenal,MID,0
24,241,17,1,True,2026-02-07T15:00:00Z,3,0,25,False,1,0,0,0,0,0,0,0,0,0,0,0,3,1.0,0.0,0.0,0.1,1,0,0,1,0,0.00,0.00,0.00,0.02,51,-21,16926,198,219,24,Nørgaard,Arsenal,MID,1
24,252,5,0,False,2026-02-12T20:00:00Z,1,1,26,False,0,0,0,0,0,0,0,0,0,0,0,0,0,0.0,0.0,0.0,0.0,0,0,0,0,0,0.00,0.00,0.00,0.00,51,76,17049,325,249,24,Nørgaard,Arsenal,MID,0
24,310,20,0,False,2026-02-18T20:00:00Z,2,2,26,False,0,0,0,0,0,0,0,0,0,0,0,0,0,0.0,0.0,0.0,0.0,0,0,0,0,0,0.00,0.00,0.00,0.00,51,76,17049,325,249,24,Nørgaard,Arsenal,MID,0
24,269,18,0,False,2026-02-22T16:30:00Z,1,4,27,False,0,0,0,0,0,0,0,0,0,0,0,0,0,0.0,0.0,0.0,0.0,0,0,0,0,0,0.00,0.00,0.00,0.00,51,-90,17028,183,273,24,Nørgaard,Arsenal,MID,0
24,271,7,1,True,2026-03-01T16:30:00Z,2,1,28,False,14,0,0,0,0,0,0,0,0,0,0,0,2,0.0,0.0,0.0,0.0,1,0,0,1,0,0.00,0.00,0.00,0.05,51,-74,17024,96,170,24,Nørgaard,Arsenal,MID,1
24,283,6,1,False,2026-03-04T19:30:00Z,0,1,29,False,10,0,0,0,0,0,0,0,0,0,0,0,3,0.2,0.0,0.0,0.0,0,1,0,1,0,0.00,0.00,0.00,0.00,51,-24,17044,84,108,24,Nørgaard,Arsenal,MID,1
24,291,9,0,True,2026-03-14T17:30:00Z,2,0,30,False,0,0,0,0,0,0,0,0,0,0,0,0,0,0.0,0.0,0.0,0.0,0,0,0,0,0,0.00,0.00,0.00,0.00,51,-43,17051,119,162,24,Nørgaard,Arsenal,MID,0
24,311,4,0,True,2026-04-11T11:30:00Z,1,2,32,False,0,0,0,0,0,0,0,0,0,0,0,0,0,0.0,0.0,0.0,0.0,0,0,0,0,0,0.00,0.00,0.00,0.00,51,18,17082,117,99,24,Nørgaard,Arsenal,MID,0
24,327,13,0,False,2026-04-19T15:30:00Z,2,1,33,False,0,0,0,0,0,0,0,0,0,0,0,0,0,0.0,0.0,0.0,0.0,0,0,0,0,0,0.00,0.00,0.00,0.00,51,-31,17084,50,81,24,Nørgaard,Arsenal,MID,0
24,331,15,0,True,2026-04-25T16:30:00Z,1,0,34,False,0,0,0,0,0,0,0,0,0,0,0,0,0,0.0,0.0,0.0,0.0,0,0,0,0,0,0.00,0.00,0.00,0.00,51,-7,17117,69,76,24,Nørgaard,Arsenal,MID,0
24,341,10,0,True,2026-05-02T16:30:00Z,3,0,35,False,0,0,0,0,0,0,0,0,0,0,0,0,0,0.0,0.0,0.0,0.0,0,0,0,0,0,0.00,0.00,0.00,0.00,51,-26,17113,40,66,24,Nørgaard,Arsenal,MID,0
24,360,19,0,False,2026-05-10T15:30:00Z,0,1,36,False,0,0,0,0,0,0,0,0,0,0,0,0,0,0.0,0.0,0.0,0.0,0,0,0,0,0,0.00,0.00,0.00,0.00,51,-22,17126,65,87,24,Nørgaard,Arsenal,MID,0
24,361,3,0,True,2026-05-18T19:00:00Z,1,0,37,False,0,0,0,0,0,0,0,0,0,0,0,0,0,0.0,0.0,0.0,0.0,0,0,0,0,0,0.00,0.00,0.00,0.00,51,-13,17149,52,65,24,Nørgaard,Arsenal,MID,0
24,373,8,1,False,2026-05-24T15:00:00Z,1,2,38,False,45,0,0,0,0,0,0,0,0,0,0,0,9,7.6,5.1,3.0,1.6,2,0,3,5,1,0.03,0.04,0.07,0.05,51,420,17646,522,102,24,Nørgaard,Arsenal,MID,1
25,9,14,0,False,2025-08-17T15:30:00Z,0,1,1,False,0,0,0,0,0,0,0,0,0,0,0,0,0,0.0,0.0,0.0,0.0,0,0,0,0,0,0.00,0.00,0.00,0.00,55,0,28200,0,0,25,Nwaneri,Arsenal,MID,0
25,11,11,1,True,2025-08-23T16:30:00Z,5,0,2,False,52,0,0,0,0,0,0,0,0,0,0,0,3,5.6,1.8,5.0,1.2,0,3,1,4,0,0.02,0.01,0.03,0.00,55,-5342,26978,1650,6992,25,Nwaneri,Arsenal,MID,1
25,25,12,0,False,2025-08-31T15:30:00Z,1,0,3,False,0,0,0,0,0,0,0,0,0,0,0,0,0,0.0,0.0,0.0,0.0,0,0,0,0,0,0.00,0.00,0.00,0.00,54,-3700,24774,2244,5944,25,Nwaneri,Arsenal,MID,0
25,31,16,3,True,2025-09-13T11:30:00Z,3,0,4,False,72,0,0,1,0,0,0,0,0,0,0,0,8,2.4,18.7,15.0,3.6,1,3,0,4,0,0.15,0.03,0.18,0.20,54,-3090,22781,1232,4322,25,Nwaneri,Arsenal,MID,3
25,41,13,1,True,2025-09-21T15:30:00Z,1,1,5,False,6,0,0,0,0,0,0,0,0,0,0,0,3,0.2,0.4,0.0,0.1,0,1,0,1,0,0.00,0.00,0.00,0.00,53,-1145,22320,1243,2388,25,Nwaneri,Arsenal,MID,1
25,58,15,0,False,2025-09-28T15:30:00Z,1,2,6,False,0,0,0,0,0,0,0,0,0,0,0,0,0,0.0,0.0,0.0,0.0,0,0,0,0,0,0.00,0.00,0.00,0.00,53,-1177,21618,1315,2492,25,Nwaneri,Arsenal,MID,0
25,61,19,1,True,2025-10-04T14:00:00Z,2,0,7,False,15,0,0,0,0,0,0,0,0,0,0,0,1,0.0,1.1,1.0,0.1,0,0,0,0,0,0.02,0.04,0.06,0.13,53,-1316,20638,717,2033,25,Nwaneri,Arsenal,MID,1
25,74,10,0,False,2025-10-18T16:30:00Z,0,1,8,False,0,0,0,0,0,0,0,0,0,0,0,0,0,0.0,0.0,0.0,0.0,0,0,0,0,0,0.00,0.00,0.00,0.00,52,-1438,19645,700,2138,25,Nwaneri,Arsenal,MID,0
25,81,8,0,True,2025-10-26T14:00:00Z,1,0,9,False,0,0,0,0,0,0,0,0,0,0,0,0,0,0.0,0.0,0.0,0.0,0,0,0,0,0,0.00,0.00,0.00,0.00,52,-784,19086,479,1263,25,Nwaneri,Arsenal,MID,0
25,92,3,1,False,2025-11-01T15:00:00Z,0,2,10,False,18,0,0,0,0,0,0,0,0,0,0,0,2,0.2,0.4,3.0,0.4,0,3,1,4,0,0.04,0.00,0.04,0.40,52,-839,18383,449,1288,25,Nwaneri,Arsenal,MID,1
25,108,17,0,False,2025-11-08T17:30:00Z,2,2,11,False,0,0,0,0,0,0,0,0,0,0,0,0,0,0.0,0.0,0.0,0.0,0,0,0,0,0,0.00,0.00,0.00,0.00,52,-594,17978,433,1027,25,Nwaneri,Arsenal,MID,0
25,111,18,1,True,2025-11-23T16:30:00Z,4,1,12,False,2,0,0,0,0,0,0,0,0,0,0,0,3,0.2,0.1,0.0,0.0,0,0,0,0,0,0.00,0.00,0.00,0.00,51,-488,17730,347,835,25,Nwaneri,Arsenal,MID,1
25,123,7,0,False,2025-11-30T16:30:00Z,1,1,13,False,0,0,0,0,0,0,0,0,0,0,0,0,0,0.0,0.0,0.0,0.0,0,0,0,0,0,0.00,0.00,0.00,0.00,51,-445,17392,155,600,25,Nwaneri,Arsenal,MID,0
25,131,5,0,True,2025-12-03T19:30:00Z,2,0,14,False,0,0,0,0,0,0,0,0,0,0,0,0,0,0.0,0.0,0.0,0.0,0,0,0,0,0,0.00,0.00,0.00,0.00,51,-218,17245,155,373,25,Nwaneri,Arsenal,MID,0
25,141,2,0,False,2025-12-06T12:30:00Z,2,1,15,False,0,0,0,0,0,0,0,0,0,0,0,0,0,0.0,0.0,0.0,0.0,0,0,0,0,0,0.00,0.00,0.00,0.00,51,-260,17065,177,437,25,Nwaneri,Arsenal,MID,0
25,151,20,0,True,2025-12-13T20:00:00Z,2,1,16,False,0,0,0,0,0,0,0,0,0,0,0,0,0,0.0,0.0,0.0,0.0,0,0,0,0,0,0.00,0.00,0.00,0.00,51,-439,16736,355,794,25,Nwaneri,Arsenal,MID,0
25,164,9,0,False,2025-12-20T20:00:00Z,0,1,17,False,0,0,0,0,0,0,0,0,0,0,0,0,0,0.0,0.0,0.0,0.0,0,0,0,0,0,0.00,0.00,0.00,0.00,51,-227,16639,292,519,25,Nwaneri,Arsenal,MID,0
25,171,6,0,True,2025-12-27T15:00:00Z,2,1,18,False,0,0,0,0,0,0,0,0,0,0,0,0,0,0.0,0.0,0.0,0.0,0,0,0,0,0,0.00,0.00,0.00,0.00,51,-165,16578,266,431,25,Nwaneri,Arsenal,MID,0
25,181,2,0,True,2025-12-30T20:15:00Z,4,1,19,False,0,0,0,0,0,0,0,0,0,0,0,0,0,0.0,0.0,0.0,0.0,0,0,0,0,0,0.00,0.00,0.00,0.00,51,-166,16494,129,295,25,Nwaneri,Arsenal,MID,0
25,192,4,0,False,2026-01-03T17:30:00Z,2,3,20,False,0,0,0,0,0,0,0,0,0,0,0,0,0,0.0,0.0,0.0,0.0,0,0,0,0,0,0.00,0.00,0.00,0.00,50,-30,16533,218,248,25,Nwaneri,Arsenal,MID,0
25,201,12,0,True,2026-01-08T20:00:00Z,0,0,21,False,0,0,0,0,0,0,0,0,0,0,0,0,0,0.0,0.0,0.0,0.0,0,0,0,0,0,0.00,0.00,0.00,0.00,50,-94,16522,185,279,25,Nwaneri,Arsenal,MID,0
25,217,16,0,False,2026-01-17T17:30:00Z,0,0,22,False,0,0,0,0,0,0,0,0,0,0,0,0,0,0.0,0.0,0.0,0.0,0,0,0,0,0,0.00,0.00,0.00,0.00,50,-147,16520,228,375,25,Nwaneri,Arsenal,MID,0
25,221,14,0,True,2026-01-25T16:30:00Z,2,3,23,False,0,0,0,0,0,0,0,0,0,0,0,0,0,0.0,0.0,0.0,0.0,0,0,0,0,0,0.00,0.00,0.00,0.00,50,-133,16453,180,313,25,Nwaneri,Arsenal,MID,0
25,234,11,0,False,2026-01-31T15:00:00Z,0,4,24,False,0,0,0,0,0,0,0,0,0,0,0,0,0,0.0,0.0,0.0,0.0,0,0,0,0,0,0.00,0.00,0.00,0.00,50,-554,15890,0,554,25,Nwaneri,Arsenal,MID,0
25,241,17,0,True,2026-02-07T15:00:00Z,3,0,25,False,0,0,0,0,0,0,0,0,0,0,0,0,0,0.0,0.0,0.0,0.0,0,0,0,0,0,0.00,0.00,0.00,0.00,50,-298,15600,0,298,25,Nwaneri,Arsenal,MID,0
25,252,5,0,False,2026-02-12T20:00:00Z,1,1,26,False,0,0,0,0,0,0,0,0,0,0,0,0,0,0.0,0.0,0.0,0.0,0,0,0,0,0,0.00,0.00,0.00,0.00,50,-252,15353,0,252,25,Nwaneri,Arsenal,MID,0
25,310,20,0,False,2026-02-18T20:00:00Z,2,2,26,False,0,0,0,0,0,0,0,0,0,0,0,0,0,0.0,0.0,0.0,0.0,0,0,0,0,0,0.00,0.00,0.00,0.00,50,-252,15353,0,252,25,Nwaneri,Arsenal,MID,0
25,269,18,0,False,2026-02-22T16:30:00Z,1,4,27,False,0,0,0,0,0,0,0,0,0,0,0,0,0,0.0,0.0,0.0,0.0,0,0,0,0,0,0.00,0.00,0.00,0.00,50,-202,15164,0,202,25,Nwaneri,Arsenal,MID,0
25,271,7,0,True,2026-03-01T16:30:00Z,2,1,28,False,0,0,0,0,0,0,0,0,0,0,0,0,0,0.0,0.0,0.0,0.0,0,0,0,0,0,0.00,0.00,0.00,0.00,50,-76,15089,0,76,25,Nwaneri,Arsenal,MID,0
25,283,6,0,False,2026-03-04T19:30:00Z,0,1,29,False,0,0,0,0,0,0,0,0,0,0,0,0,0,0.0,0.0,0.0,0.0,0,0,0,0,0,0.00,0.00,0.00,0.00,50,-92,14998,0,92,25,Nwaneri,Arsenal,MID,0
25,291,9,0,True,2026-03-14T17:30:00Z,2,0,30,False,0,0,0,0,0,0,0,0,0,0,0,0,0,0.0,0.0,0.0,0.0,0,0,0,0,0,0.00,0.00,0.00,0.00,50,-105,14895,0,105,25,Nwaneri,Arsenal,MID,0
25,311,4,0,True,2026-04-11T11:30:00Z,1,2,32,False,0,0,0,0,0,0,0,0,0,0,0,0,0,0.0,0.0,0.0,0.0,0,0,0,0,0,0.00,0.00,0.00,0.00,50,-72,14783,0,72,25,Nwaneri,Arsenal,MID,0
25,327,13,0,False,2026-04-19T15:30:00Z,2,1,33,False,0,0,0,0,0,0,0,0,0,0,0,0,0,0.0,0.0,0.0,0.0,0,0,0,0,0,0.00,0.00,0.00,0.00,50,-30,14754,0,30,25,Nwaneri,Arsenal,MID,0
25,331,15,0,True,2026-04-25T16:30:00Z,1,0,34,False,0,0,0,0,0,0,0,0,0,0,0,0,0,0.0,0.0,0.0,0.0,0,0,0,0,0,0.00,0.00,0.00,0.00,50,-26,14728,0,26,25,Nwaneri,Arsenal,MID,0
25,341,10,0,True,2026-05-02T16:30:00Z,3,0,35,False,0,0,0,0,0,0,0,0,0,0,0,0,0,0.0,0.0,0.0,0.0,0,0,0,0,0,0.00,0.00,0.00,0.00,50,-21,14712,0,21,25,Nwaneri,Arsenal,MID,0
25,360,19,0,False,2026-05-10T15:30:00Z,0,1,36,False,0,0,0,0,0,0,0,0,0,0,0,0,0,0.0,0.0,0.0,0.0,0,0,0,0,0,0.00,0.00,0.00,0.00,50,-38,14675,0,38,25,Nwaneri,Arsenal,MID,0
25,361,3,0,True,2026-05-18T19:00:00Z,1,0,37,False,0,0,0,0,0,0,0,0,0,0,0,0,0,0.0,0.0,0.0,0.0,0,0,0,0,0,0.00,0.00,0.00,0.00,50,-21,14653,0,21,25,Nwaneri,Arsenal,MID,0
25,373,8,0,False,2026-05-24T15:00:00Z,1,2,38,False,0,0,0,0,0,0,0,0,0,0,0,0,0,0.0,0.0,0.0,0.0,0,0,0,0,0,0.00,0.00,0.00,0.00,50,-29,14624,0,29,25,Nwaneri,Arsenal,MID,0
26,9,14,5,False,2025-08-17T15:30:00Z,0,1,1,False,90,0,0,1,0,0,0,0,0,0,0,0,15,16.0,1.9,2.0,2.0,4,5,3,12,1,0.00,0.01,0.01,1.52,55,0,201395,0,0,26,Zubimendi,Arsenal,MID,5
26,11,11,3,True,2025-08-23T16:30:00Z,5,0,2,False,90,0,0,1,0,0,0,0,0,0,0,0,12,6.4,6.9,1.0,1.4,1,5,2,8,1,0.02,0.02,0.04,0.17,55,3431,247409,36357,32926,26,Zubimendi,Arsenal,MID,3
26,25,12,1,False,2025-08-31T15:30:00Z,1,0,3,False,90,0,0,0,1,0,0,0,1,0,0,0,4,1.4,2.6,5.0,0.9,1,5,1,7,1,0.03,0.02,0.05,0.52,55,-34528,219699,15367,49895,26,Zubimendi,Arsenal,MID,1
26,31,16,16,True,2025-09-13T11:30:00Z,3,0,4,False,90,2,0,1,0,0,0,0,0,0,0,3,52,68.6,14.5,25.0,10.8,1,1,0,2,1,0.16,0.03,0.19,0.20,54,-19784,210114,16584,36368,26,Zubimendi,Arsenal,MID,16
26,41,13,2,True,2025-09-21T15:30:00Z,1,1,5,False,90,0,0,0,1,0,0,0,0,0,0,0,13,8.6,19.0,12.0,4.0,2,3,0,5,1,0.05,0.04,0.09,0.89,54,207243,445650,236749,29506,26,Zubimendi,Arsenal,MID,2
26,58,15,2,False,2025-09-28T15:30:00Z,1,2,6,False,81,0,0,0,1,0,0,0,0,0,0,0,24,17.8,31.9,0.0,5.0,4,2,3,9,1,0.00,0.52,0.52,0.53,55,61003,509381,117717,56714,26,Zubimendi,Arsenal,MID,2
26,61,19,3,True,2025-10-04T14:00:00Z,2,0,7,False,60,0,0,1,0,0,0,0,0,0,0,0,20,22.6,18.4,0.0,4.1,3,3,5,11,0,0.00,0.16,0.16,0.15,55,28817,544196,75192,46375,26,Zubimendi,Arsenal,MID,3
26,74,10,3,False,2025-10-18T16:30:00Z,0,1,8,False,90,0,0,1,0,0,0,0,0,0,0,0,12,11.2,15.6,2.0,2.9,2,2,1,5,1,0.00,0.06,0.06,0.44,55,-31464,516539,44961,76425,26,Zubimendi,Arsenal,MID,3
26,81,8,5,True,2025-10-26T14:00:00Z,1,0,9,False,90,0,0,1,0,0,0,0,0,0,0,0,15,18.2,15.5,0.0,3.4,9,4,2,15,1,0.00,0.03,0.03,0.47,55,-32726,485411,22456,55182,26,Zubimendi,Arsenal,MID,5
26,92,3,3,False,2025-11-01T15:00:00Z,0,2,10,False,76,0,0,1,0,0,0,0,0,0,0,0,10,7.6,14.8,0.0,2.2,2,0,1,3,1,0.00,0.02,0.02,0.37,55,-19826,467158,29733,49559,26,Zubimendi,Arsenal,MID,3
26,108,17,5,False,2025-11-08T17:30:00Z,2,2,11,False,90,0,1,0,2,0,0,0,1,0,0,1,27,36.2,27.8,26.0,9.0,4,4,3,11,1,0.28,0.09,0.37,0.44,54,-105249,360865,2505,107754,26,Zubimendi,Arsenal,MID,5
26,111,18,2,True,2025-11-23T16:30:00Z,4,1,12,False,90,0,0,0,1,0,0,0,0,0,0,0,12,8.8,16.7,2.0,2.8,5,3,2,10,1,0.05,0.01,0.06,0.07,54,-8778,358171,16571,25349,26,Zubimendi,Arsenal,MID,2
26,123,7,0,False,2025-11-30T16:30:00Z,1,1,13,False,56,0,0,0,1,0,0,0,1,0,0,0,1,2.2,11.4,0.0,1.4,1,3,0,4,1,0.00,0.01,0.01,0.52,54,-23999,332164,6998,30997,26,Zubimendi,Arsenal,MID,0
26,131,5,3,True,2025-12-03T19:30:00Z,2,0,14,False,90,0,0,1,0,0,0,0,0,0,0,0,18,8.6,4.1,0.0,1.3,2,6,1,9,1,0.00,0.02,0.02,0.35,53,-11726,323942,7874,19600,26,Zubimendi,Arsenal,MID,3
26,141,2,2,False,2025-12-06T12:30:00Z,2,1,15,False,90,0,0,0,2,0,0,0,0,0,0,0,14,13.2,2.8,0.0,1.6,7,0,1,8,1,0.00,0.02,0.02,2.16,53,-12672,312202,8911,21583,26,Zubimendi,Arsenal,MID,2
26,151,20,1,True,2025-12-13T20:00:00Z,2,1,16,False,57,0,0,0,0,0,0,0,0,0,0,0,6,5.4,16.9,0.0,2.2,2,2,0,4,1,0.00,0.03,0.03,0.28,53,-18957,294550,21502,40459,26,Zubimendi,Arsenal,MID,1
26,164,9,3,False,2025-12-20T20:00:00Z,0,1,17,False,90,0,0,1,0,0,0,0,0,0,0,0,13,8.8,7.4,10.0,2.6,6,2,1,9,1,0.14,0.03,0.17,0.20,52,-12806,282360,11647,24453,26,Zubimendi,Arsenal,MID,3
26,171,6,2,True,2025-12-27T15:00:00Z,2,1,18,False,90,0,0,0,1,0,0,0,0,0,0,0,20,28.8,16.9,23.0,6.9,6,3,1,10,1,0.42,0.06,0.48,0.85,52,-3650,279378,11052,14702,26,Zubimendi,Arsenal,MID,2
26,181,2,8,True,2025-12-30T20:15:00Z,4,1,19,False,90,1,0,0,1,0,0,0,0,0,0,1,37,45.2,24.9,34.0,10.4,2,2,2,6,1,0.72,0.08,0.80,2.67,52,-8898,270136,4716,13614,26,Zubimendi,Arsenal,MID,8
26,192,4,3,False,2026-01-03T17:30:00Z,2,3,20,False,90,0,0,0,2,0,0,0,1,0,0,0,19,21.4,17.4,0.0,3.9,5,12,4,21,1,0.00,0.08,0.08,1.43,52,17434,291279,24237,6803,26,Zubimendi,Arsenal,MID,3
26,201,12,5,True,2026-01-08T20:00:00Z,0,0,21,False,90,0,0,1,0,0,0,0,0,0,0,0,16,17.8,3.8,2.0,2.4,2,5,5,12,1,0.00,0.11,0.11,0.36,52,-8010,281986,6685,14695,26,Zubimendi,Arsenal,MID,5
26,217,16,3,False,2026-01-17T17:30:00Z,0,0,22,False,78,0,0,1,0,0,0,0,0,0,0,0,13,12.8,1.5,2.0,1.6,5,1,1,7,1,0.00,0.01,0.01,0.28,52,-856,282560,12109,12965,26,Zubimendi,Arsenal,MID,3
26,221,14,1,True,2026-01-25T16:30:00Z,2,3,23,False,57,0,0,0,2,0,0,0,0,0,0,0,8,10.0,1.8,40.0,5.2,4,1,1,6,1,0.31,0.01,0.32,0.44,52,1246,284379,10253,9007,26,Zubimendi,Arsenal,MID,1
26,234,11,10,False,2026-01-31T15:00:00Z,0,4,24,False,90,1,0,1,0,0,0,0,0,0,0,2,35,45.4,2.6,35.0,8.3,3,6,2,11,1,0.35,0.01,0.36,0.15,52,-1397,283208,12344,13741,26,Zubimendi,Arsenal,MID,10
26,241,17,10,True,2026-02-07T15:00:00Z,3,0,25,False,90,1,0,1,0,0,0,0,0,0,0,2,39,41.4,5.7,9.0,5.6,4,5,0,9,1,0.03,0.04,0.07,0.19,52,47821,333525,54676,6855,26,Zubimendi,Arsenal,MID,10
26,252,5,2,False,2026-02-12T20:00:00Z,1,1,26,False,90,0,0,0,1,0,0,0,0,0,0,0,13,10.6,4.1,2.0,1.7,4,1,1,6,1,0.00,0.30,0.30,1.51,53,423911,779149,433745,9834,26,Zubimendi,Arsenal,MID,2
26,310,20,4,False,2026-02-18T20:00:00Z,2,2,26,False,90,0,0,0,2,0,0,0,0,0,0,0,17,15.4,7.0,0.0,2.2,5,4,3,12,1,0.00,0.02,0.02,0.29,53,423911,779149,433745,9834,26,Zubimendi,Arsenal,MID,4
26,269,18,2,False,2026-02-22T16:30:00Z,1,4,27,False,90,0,0,0,1,0,0,0,0,0,0,0,14,11.2,4.2,6.0,2.1,1,3,3,7,1,0.00,0.02,0.02,0.76,53,-45369,708242,35682,81051,26,Zubimendi,Arsenal,MID,2
26,271,7,2,True,2026-03-01T16:30:00Z,2,1,28,False,90,0,0,0,1,0,0,0,0,0,0,0,11,0.0,0.3,1.0,0.1,2,2,3,7,1,0.08,0.21,0.29,1.05,53,-61864,646267,15326,77190,26,Zubimendi,Arsenal,MID,2
26,283,6,3,False,2026-03-04T19:30:00Z,0,1,29,False,79,0,0,1,0,0,0,0,0,0,0,0,7,10.0,0.7,4.0,1.5,4,2,1,7,1,0.03,0.00,0.03,0.82,52,-55106,592229,15419,70525,26,Zubimendi,Arsenal,MID,3
26,291,9,3,True,2026-03-14T17:30:00Z,2,0,30,False,73,0,0,1,0,0,0,0,0,0,0,0,13,8.0,16.8,15.0,4.0,1,2,1,4,1,0.10,0.12,0.22,0.99,52,-49786,544852,12877,62663,26,Zubimendi,Arsenal,MID,3
26,311,4,2,True,2026-04-11T11:30:00Z,1,2,32,False,75,0,0,0,2,0,0,0,0,0,0,0,14,10.6,4.9,4.0,2.0,4,3,3,10,1,0.00,0.01,0.01,1.18,51,-24206,450103,10804,35010,26,Zubimendi,Arsenal,MID,2
26,327,13,4,False,2026-04-19T15:30:00Z,2,1,33,False,83,0,0,0,2,0,0,0,0,0,0,0,12,13.8,0.3,0.0,1.4,6,2,4,12,1,0.00,0.00,0.00,1.36,50,-46513,394001,3439,49952,26,Zubimendi,Arsenal,MID,4
26,331,15,5,True,2026-04-25T16:30:00Z,1,0,34,False,80,0,0,1,0,0,0,0,0,0,0,0,19,16.6,13.4,9.0,3.9,5,6,5,16,1,0.07,0.02,0.09,0.94,50,-1916,402036,13918,15834,26,Zubimendi,Arsenal,MID,5
26,341,10,1,True,2026-05-02T16:30:00Z,3,0,35,False,26,0,0,0,0,0,0,0,0,0,0,0,5,4.6,10.3,0.0,1.5,0,2,1,3,0,0.00,0.00,0.00,0.17,50,1310,404694,17671,16361,26,Zubimendi,Arsenal,MID,1
26,360,19,1,False,2026-05-10T15:30:00Z,0,1,36,False,39,0,0,0,0,0,0,0,0,0,0,0,7,2.0,1.8,0.0,0.4,1,1,0,2,0,0.00,0.01,0.01,0.39,50,-19523,384521,6707,26230,26,Zubimendi,Arsenal,MID,1
26,361,3,1,True,2026-05-18T19:00:00Z,1,0,37,False,1,0,0,0,0,0,0,0,0,0,0,0,3,0.0,0.0,0.0,0.0,0,0,0,0,0,0.00,0.00,0.00,0.00,49,-14839,369999,4659,19498,26,Zubimendi,Arsenal,MID,1
26,373,8,2,False,2026-05-24T15:00:00Z,1,2,38,False,90,0,0,0,1,0,0,0,0,0,0,0,14,16.0,18.5,0.0,3.5,3,3,1,7,1,0.00,0.04,0.04,0.98,49,-13581,356300,4052,17633,26,Zubimendi,Arsenal,MID,2
28,9,14,0,False,2025-08-17T15:30:00Z,0,1,1,False,0,0,0,0,0,0,0,0,0,0,0,0,0,0.0,0.0,0.0,0.0,0,0,0,0,0,0.00,0.00,0.00,0.00,45,0,26438,0,0,28,Kabia,Arsenal,MID,0
28,11,11,0,True,2025-08-23T16:30:00Z,5,0,2,False,0,0,0,0,0,0,0,0,0,0,0,0,0,0.0,0.0,0.0,0.0,0,0,0,0,0,0.00,0.00,0.00,0.00,45,-1635,31592,3710,5345,28,Kabia,Arsenal,MID,0
28,25,12,0,False,2025-08-31T15:30:00Z,1,0,3,False,0,0,0,0,0,0,0,0,0,0,0,0,0,0.0,0.0,0.0,0.0,0,0,0,0,0,0.00,0.00,0.00,0.00,45,-3703,30300,2247,5950,28,Kabia,Arsenal,MID,0
28,31,16,0,True,2025-09-13T11:30:00Z,3,0,4,False,0,0,0,0,0,0,0,0,0,0,0,0,0,0.0,0.0,0.0,0.0,0,0,0,0,0,0.00,0.00,0.00,0.00,45,-5337,24940,774,6111,28,Kabia,Arsenal,MID,0
28,41,13,0,True,2025-09-21T15:30:00Z,1,1,5,False,0,0,0,0,0,0,0,0,0,0,0,0,0,0.0,0.0,0.0,0.0,0,0,0,0,0,0.00,0.00,0.00,0.00,45,-3382,21723,0,3382,28,Kabia,Arsenal,MID,0
28,58,15,0,False,2025-09-28T15:30:00Z,1,2,6,False,0,0,0,0,0,0,0,0,0,0,0,0,0,0.0,0.0,0.0,0.0,0,0,0,0,0,0.00,0.00,0.00,0.00,45,-2263,19494,0,2263,28,Kabia,Arsenal,MID,0
28,61,19,0,True,2025-10-04T14:00:00Z,2,0,7,False,0,0,0,0,0,0,0,0,0,0,0,0,0,0.0,0.0,0.0,0.0,0,0,0,0,0,0.00,0.00,0.00,0.00,45,-1481,18099,0,1481,28,Kabia,Arsenal,MID,0
28,74,10,0,False,2025-10-18T16:30:00Z,0,1,8,False,0,0,0,0,0,0,0,0,0,0,0,0,0,0.0,0.0,0.0,0.0,0,0,0,0,0,0.00,0.00,0.00,0.00,45,-1376,16760,0,1376,28,Kabia,Arsenal,MID,0
28,81,8,0,True,2025-10-26T14:00:00Z,1,0,9,False,0,0,0,0,0,0,0,0,0,0,0,0,0,0.0,0.0,0.0,0.0,0,0,0,0,0,0.00,0.00,0.00,0.00,45,-778,16004,0,778,28,Kabia,Arsenal,MID,0
28,92,3,0,False,2025-11-01T15:00:00Z,0,2,10,False,0,0,0,0,0,0,0,0,0,0,0,0,0,0.0,0.0,0.0,0.0,0,0,0,0,0,0.00,0.00,0.00,0.00,45,-722,15279,0,722,28,Kabia,Arsenal,MID,0
28,108,17,0,False,2025-11-08T17:30:00Z,2,2,11,False,0,0,0,0,0,0,0,0,0,0,0,0,0,0.0,0.0,0.0,0.0,0,0,0,0,0,0.00,0.00,0.00,0.00,45,-530,14777,0,530,28,Kabia,Arsenal,MID,0
28,111,18,0,True,2025-11-23T16:30:00Z,4,1,12,False,0,0,0,0,0,0,0,0,0,0,0,0,0,0.0,0.0,0.0,0.0,0,0,0,0,0,0.00,0.00,0.00,0.00,45,-375,14409,0,375,28,Kabia,Arsenal,MID,0
28,123,7,0,False,2025-11-30T16:30:00Z,1,1,13,False,0,0,0,0,0,0,0,0,0,0,0,0,0,0.0,0.0,0.0,0.0,0,0,0,0,0,0.00,0.00,0.00,0.00,45,-276,14125,0,276,28,Kabia,Arsenal,MID,0
28,131,5,0,True,2025-12-03T19:30:00Z,2,0,14,False,0,0,0,0,0,0,0,0,0,0,0,0,0,0.0,0.0,0.0,0.0,0,0,0,0,0,0.00,0.00,0.00,0.00,45,-171,13972,0,171,28,Kabia,Arsenal,MID,0
28,141,2,0,False,2025-12-06T12:30:00Z,2,1,15,False,0,0,0,0,0,0,0,0,0,0,0,0,0,0.0,0.0,0.0,0.0,0,0,0,0,0,0.00,0.00,0.00,0.00,45,-189,13788,0,189,28,Kabia,Arsenal,MID,0
28,151,20,0,True,2025-12-13T20:00:00Z,2,1,16,False,0,0,0,0,0,0,0,0,0,0,0,0,0,0.0,0.0,0.0,0.0,0,0,0,0,0,0.00,0.00,0.00,0.00,45,-331,13453,0,331,28,Kabia,Arsenal,MID,0
28,164,9,0,False,2025-12-20T20:00:00Z,0,1,17,False,0,0,0,0,0,0,0,0,0,0,0,0,0,0.0,0.0,0.0,0.0,0,0,0,0,0,0.00,0.00,0.00,0.00,45,-210,13252,0,210,28,Kabia,Arsenal,MID,0
28,171,6,0,True,2025-12-27T15:00:00Z,2,1,18,False,0,0,0,0,0,0,0,0,0,0,0,0,0,0.0,0.0,0.0,0.0,0,0,0,0,0,0.00,0.00,0.00,0.00,45,-148,13093,0,148,28,Kabia,Arsenal,MID,0
28,181,2,0,True,2025-12-30T20:15:00Z,4,1,19,False,0,0,0,0,0,0,0,0,0,0,0,0,0,0.0,0.0,0.0,0.0,0,0,0,0,0,0.00,0.00,0.00,0.00,45,-89,13015,0,89,28,Kabia,Arsenal,MID,0
28,192,4,0,False,2026-01-03T17:30:00Z,2,3,20,False,0,0,0,0,0,0,0,0,0,0,0,0,0,0.0,0.0,0.0,0.0,0,0,0,0,0,0.00,0.00,0.00,0.00,45,-50,12973,0,50,28,Kabia,Arsenal,MID,0
28,201,12,0,True,2026-01-08T20:00:00Z,0,0,21,False,0,0,0,0,0,0,0,0,0,0,0,0,0,0.0,0.0,0.0,0.0,0,0,0,0,0,0.00,0.00,0.00,0.00,45,-48,12926,0,48,28,Kabia,Arsenal,MID,0
28,217,16,0,False,2026-01-17T17:30:00Z,0,0,22,False,0,0,0,0,0,0,0,0,0,0,0,0,0,0.0,0.0,0.0,0.0,0,0,0,0,0,0.00,0.00,0.00,0.00,45,-100,12826,0,100,28,Kabia,Arsenal,MID,0
28,221,14,0,True,2026-01-25T16:30:00Z,2,3,23,False,0,0,0,0,0,0,0,0,0,0,0,0,0,0.0,0.0,0.0,0.0,0,0,0,0,0,0.00,0.00,0.00,0.00,45,-50,12778,0,50,28,Kabia,Arsenal,MID,0
28,234,11,0,False,2026-01-31T15:00:00Z,0,4,24,False,0,0,0,0,0,0,0,0,0,0,0,0,0,0.0,0.0,0.0,0.0,0,0,0,0,0,0.00,0.00,0.00,0.00,45,-50,12727,0,50,28,Kabia,Arsenal,MID,0
28,241,17,0,True,2026-02-07T15:00:00Z,3,0,25,False,0,0,0,0,0,0,0,0,0,0,0,0,0,0.0,0.0,0.0,0.0,0,0,0,0,0,0.00,0.00,0.00,0.00,45,-42,12687,0,42,28,Kabia,Arsenal,MID,0
28,252,5,0,False,2026-02-12T20:00:00Z,1,1,26,False,0,0,0,0,0,0,0,0,0,0,0,0,0,0.0,0.0,0.0,0.0,0,0,0,0,0,0.00,0.00,0.00,0.00,45,-76,12604,0,76,28,Kabia,Arsenal,MID,0
28,310,20,0,False,2026-02-18T20:00:00Z,2,2,26,False,0,0,0,0,0,0,0,0,0,0,0,0,0,0.0,0.0,0.0,0.0,0,0,0,0,0,0.00,0.00,0.00,0.00,45,-76,12604,0,76,28,Kabia,Arsenal,MID,0
28,269,18,0,False,2026-02-22T16:30:00Z,1,4,27,False,0,0,0,0,0,0,0,0,0,0,0,0,0,0.0,0.0,0.0,0.0,0,0,0,0,0,0.00,0.00,0.00,0.00,45,-48,12563,0,48,28,Kabia,Arsenal,MID,0
28,271,7,0,True,2026-03-01T16:30:00Z,2,1,28,False,0,0,0,0,0,0,0,0,0,0,0,0,0,0.0,0.0,0.0,0.0,0,0,0,0,0,0.00,0.00,0.00,0.00,45,-28,12537,0,28,28,Kabia,Arsenal,MID,0
28,283,6,0,False,2026-03-04T19:30:00Z,0,1,29,False,0,0,0,0,0,0,0,0,0,0,0,0,0,0.0,0.0,0.0,0.0,0,0,0,0,0,0.00,0.00,0.00,0.00,45,-23,12512,0,23,28,Kabia,Arsenal,MID,0
28,291,9,0,True,2026-03-14T17:30:00Z,2,0,30,False,0,0,0,0,0,0,0,0,0,0,0,0,0,0.0,0.0,0.0,0.0,0,0,0,0,0,0.00,0.00,0.00,0.00,45,-31,12484,0,31,28,Kabia,Arsenal,MID,0
28,311,4,0,True,2026-04-11T11:30:00Z,1,2,32,False,0,0,0,0,0,0,0,0,0,0,0,0,0,0.0,0.0,0.0,0.0,0,0,0,0,0,0.00,0.00,0.00,0.00,45,-19,12447,0,19,28,Kabia,Arsenal,MID,0
28,327,13,0,False,2026-04-19T15:30:00Z,2,1,33,False,0,0,0,0,0,0,0,0,0,0,0,0,0,0.0,0.0,0.0,0.0,0,0,0,0,0,0.00,0.00,0.00,0.00,45,-8,12442,0,8,28,Kabia,Arsenal,MID,0
28,331,15,0,True,2026-04-25T16:30:00Z,1,0,34,False,0,0,0,0,0,0,0,0,0,0,0,0,0,0.0,0.0,0.0,0.0,0,0,0,0,0,0.00,0.00,0.00,0.00,45,-15,12425,0,15,28,Kabia,Arsenal,MID,0
28,341,10,0,True,2026-05-02T16:30:00Z,3,0,35,False,0,0,0,0,0,0,0,0,0,0,0,0,0,0.0,0.0,0.0,0.0,0,0,0,0,0,0.00,0.00,0.00,0.00,45,-11,12416,0,11,28,Kabia,Arsenal,MID,0
28,360,19,0,False,2026-05-10T15:30:00Z,0,1,36,False,0,0,0,0,0,0,0,0,0,0,0,0,0,0.0,0.0,0.0,0.0,0,0,0,0,0,0.00,0.00,0.00,0.00,45,-20,12398,0,20,28,Kabia,Arsenal,MID,0
28,361,3,0,True,2026-05-18T19:00:00Z,1,0,37,False,0,0,0,0,0,0,0,0,0,0,0,0,0,0.0,0.0,0.0,0.0,0,0,0,0,0,0.00,0.00,0.00,0.00,45,-13,12382,0,13,28,Kabia,Arsenal,MID,0
28,373,8,0,False,2026-05-24T15:00:00Z,1,2,38,False,0,0,0,0,0,0,0,0,0,0,0,0,0,0.0,0.0,0.0,0.0,0,0,0,0,0,0.00,0.00,0.00,0.00,45,-18,12366,0,18,28,Kabia,Arsenal,MID,0
29,9,14,0,False,2025-08-17T15:30:00Z,0,1,1,False,0,0,0,0,0,0,0,0,0,0,0,0,0,0.0,0.0,0.0,0.0,0,0,0,0,0,0.00,0.00,0.00,0.00,45,0,12350,0,0,29,Sambi,Arsenal,MID,0
29,11,11,0,True,2025-08-23T16:30:00Z,5,0,2,False,0,0,0,0,0,0,0,0,0,0,0,0,0,0.0,0.0,0.0,0.0,0,0,0,0,0,0.00,0.00,0.00,0.00,45,-836,15114,1611,2447,29,Sambi,Arsenal,MID,0
29,25,12,0,False,2025-08-31T15:30:00Z,1,0,3,False,0,0,0,0,0,0,0,0,0,0,0,0,0,0.0,0.0,0.0,0.0,0,0,0,0,0,0.00,0.00,0.00,0.00,45,-1810,14501,964,2774,29,Sambi,Arsenal,MID,0
29,31,16,0,True,2025-09-13T11:30:00Z,3,0,4,False,0,0,0,0,0,0,0,0,0,0,0,0,0,0.0,0.0,0.0,0.0,0,0,0,0,0,0.00,0.00,0.00,0.00,45,-2721,11909,377,3098,29,Sambi,Arsenal,MID,0
29,41,13,0,True,2025-09-21T15:30:00Z,1,1,5,False,0,0,0,0,0,0,0,0,0,0,0,0,0,0.0,0.0,0.0,0.0,0,0,0,0,0,0.00,0.00,0.00,0.00,45,-1683,10333,0,1683,29,Sambi,Arsenal,MID,0
29,58,15,0,False,2025-09-28T15:30:00Z,1,2,6,False,0,0,0,0,0,0,0,0,0,0,0,0,0,0.0,0.0,0.0,0.0,0,0,0,0,0,0.00,0.00,0.00,0.00,45,-994,9353,0,994,29,Sambi,Arsenal,MID,0
29,61,19,0,True,2025-10-04T14:00:00Z,2,0,7,False,0,0,0,0,0,0,0,0,0,0,0,0,0,0.0,0.0,0.0,0.0,0,0,0,0,0,0.00,0.00,0.00,0.00,45,-636,8757,0,636,29,Sambi,Arsenal,MID,0
29,74,10,0,False,2025-10-18T16:30:00Z,0,1,8,False,0,0,0,0,0,0,0,0,0,0,0,0,0,0.0,0.0,0.0,0.0,0,0,0,0,0,0.00,0.00,0.00,0.00,45,-608,8160,0,608,29,Sambi,Arsenal,MID,0
29,81,8,0,True,2025-10-26T14:00:00Z,1,0,9,False,0,0,0,0,0,0,0,0,0,0,0,0,0,0.0,0.0,0.0,0.0,0,0,0,0,0,0.00,0.00,0.00,0.00,45,-307,7873,0,307,29,Sambi,Arsenal,MID,0
29,92,3,0,False,2025-11-01T15:00:00Z,0,2,10,False,0,0,0,0,0,0,0,0,0,0,0,0,0,0.0,0.0,0.0,0.0,0,0,0,0,0,0.00,0.00,0.00,0.00,45,-318,7545,0,318,29,Sambi,Arsenal,MID,0
29,108,17,0,False,2025-11-08T17:30:00Z,2,2,11,False,0,0,0,0,0,0,0,0,0,0,0,0,0,0.0,0.0,0.0,0.0,0,0,0,0,0,0.00,0.00,0.00,0.00,45,-223,7337,0,223,29,Sambi,Arsenal,MID,0
29,111,18,0,True,2025-11-23T16:30:00Z,4,1,12,False,0,0,0,0,0,0,0,0,0,0,0,0,0,0.0,0.0,0.0,0.0,0,0,0,0,0,0.00,0.00,0.00,0.00,45,-173,7164,0,173,29,Sambi,Arsenal,MID,0
29,123,7,0,False,2025-11-30T16:30:00Z,1,1,13,False,0,0,0,0,0,0,0,0,0,0,0,0,0,0.0,0.0,0.0,0.0,0,0,0,0,0,0.00,0.00,0.00,0.00,45,-125,7038,0,125,29,Sambi,Arsenal,MID,0
29,131,5,0,True,2025-12-03T19:30:00Z,2,0,14,False,0,0,0,0,0,0,0,0,0,0,0,0,0,0.0,0.0,0.0,0.0,0,0,0,0,0,0.00,0.00,0.00,0.00,45,-69,6977,0,69,29,Sambi,Arsenal,MID,0
29,141,2,0,False,2025-12-06T12:30:00Z,2,1,15,False,0,0,0,0,0,0,0,0,0,0,0,0,0,0.0,0.0,0.0,0.0,0,0,0,0,0,0.00,0.00,0.00,0.00,45,-67,6911,0,67,29,Sambi,Arsenal,MID,0
29,151,20,0,True,2025-12-13T20:00:00Z,2,1,16,False,0,0,0,0,0,0,0,0,0,0,0,0,0,0.0,0.0,0.0,0.0,0,0,0,0,0,0.00,0.00,0.00,0.00,45,-143,6765,0,143,29,Sambi,Arsenal,MID,0
29,164,9,0,False,2025-12-20T20:00:00Z,0,1,17,False,0,0,0,0,0,0,0,0,0,0,0,0,0,0.0,0.0,0.0,0.0,0,0,0,0,0,0.00,0.00,0.00,0.00,45,-69,6701,0,69,29,Sambi,Arsenal,MID,0
29,171,6,0,True,2025-12-27T15:00:00Z,2,1,18,False,0,0,0,0,0,0,0,0,0,0,0,0,0,0.0,0.0,0.0,0.0,0,0,0,0,0,0.00,0.00,0.00,0.00,45,-72,6627,0,72,29,Sambi,Arsenal,MID,0
29,181,2,0,True,2025-12-30T20:15:00Z,4,1,19,False,0,0,0,0,0,0,0,0,0,0,0,0,0,0.0,0.0,0.0,0.0,0,0,0,0,0,0.00,0.00,0.00,0.00,45,-30,6604,0,30,29,Sambi,Arsenal,MID,0
29,192,4,0,False,2026-01-03T17:30:00Z,2,3,20,False,0,0,0,0,0,0,0,0,0,0,0,0,0,0.0,0.0,0.0,0.0,0,0,0,0,0,0.00,0.00,0.00,0.00,45,-24,6580,0,24,29,Sambi,Arsenal,MID,0
29,201,12,0,True,2026-01-08T20:00:00Z,0,0,21,False,0,0,0,0,0,0,0,0,0,0,0,0,0,0.0,0.0,0.0,0.0,0,0,0,0,0,0.00,0.00,0.00,0.00,45,-30,6550,0,30,29,Sambi,Arsenal,MID,0
29,217,16,0,False,2026-01-17T17:30:00Z,0,0,22,False,0,0,0,0,0,0,0,0,0,0,0,0,0,0.0,0.0,0.0,0.0,0,0,0,0,0,0.00,0.00,0.00,0.00,45,-37,6516,0,37,29,Sambi,Arsenal,MID,0
29,221,14,0,True,2026-01-25T16:30:00Z,2,3,23,False,0,0,0,0,0,0,0,0,0,0,0,0,0,0.0,0.0,0.0,0.0,0,0,0,0,0,0.00,0.00,0.00,0.00,45,-17,6498,0,17,29,Sambi,Arsenal,MID,0
29,234,11,0,False,2026-01-31T15:00:00Z,0,4,24,False,0,0,0,0,0,0,0,0,0,0,0,0,0,0.0,0.0,0.0,0.0,0,0,0,0,0,0.00,0.00,0.00,0.00,45,-29,6468,0,29,29,Sambi,Arsenal,MID,0
29,241,17,0,True,2026-02-07T15:00:00Z,3,0,25,False,0,0,0,0,0,0,0,0,0,0,0,0,0,0.0,0.0,0.0,0.0,0,0,0,0,0,0.00,0.00,0.00,0.00,45,-22,6448,0,22,29,Sambi,Arsenal,MID,0
29,252,5,0,False,2026-02-12T20:00:00Z,1,1,26,False,0,0,0,0,0,0,0,0,0,0,0,0,0,0.0,0.0,0.0,0.0,0,0,0,0,0,0.00,0.00,0.00,0.00,45,-28,6416,0,28,29,Sambi,Arsenal,MID,0
29,310,20,0,False,2026-02-18T20:00:00Z,2,2,26,False,0,0,0,0,0,0,0,0,0,0,0,0,0,0.0,0.0,0.0,0.0,0,0,0,0,0,0.00,0.00,0.00,0.00,45,-28,6416,0,28,29,Sambi,Arsenal,MID,0
29,269,18,0,False,2026-02-22T16:30:00Z,1,4,27,False,0,0,0,0,0,0,0,0,0,0,0,0,0,0.0,0.0,0.0,0.0,0,0,0,0,0,0.00,0.00,0.00,0.00,45,-14,6405,0,14,29,Sambi,Arsenal,MID,0
29,271,7,0,True,2026-03-01T16:30:00Z,2,1,28,False,0,0,0,0,0,0,0,0,0,0,0,0,0,0.0,0.0,0.0,0.0,0,0,0,0,0,0.00,0.00,0.00,0.00,45,-13,6393,0,13,29,Sambi,Arsenal,MID,0
29,283,6,0,False,2026-03-04T19:30:00Z,0,1,29,False,0,0,0,0,0,0,0,0,0,0,0,0,0,0.0,0.0,0.0,0.0,0,0,0,0,0,0.00,0.00,0.00,0.00,45,-18,6374,0,18,29,Sambi,Arsenal,MID,0
29,291,9,0,True,2026-03-14T17:30:00Z,2,0,30,False,0,0,0,0,0,0,0,0,0,0,0,0,0,0.0,0.0,0.0,0.0,0,0,0,0,0,0.00,0.00,0.00,0.00,45,-16,6359,0,16,29,Sambi,Arsenal,MID,0
29,311,4,0,True,2026-04-11T11:30:00Z,1,2,32,False,0,0,0,0,0,0,0,0,0,0,0,0,0,0.0,0.0,0.0,0.0,0,0,0,0,0,0.00,0.00,0.00,0.00,45,-13,6336,0,13,29,Sambi,Arsenal,MID,0
29,327,13,0,False,2026-04-19T15:30:00Z,2,1,33,False,0,0,0,0,0,0,0,0,0,0,0,0,0,0.0,0.0,0.0,0.0,0,0,0,0,0,0.00,0.00,0.00,0.00,45,-14,6321,0,14,29,Sambi,Arsenal,MID,0
29,331,15,0,True,2026-04-25T16:30:00Z,1,0,34,False,0,0,0,0,0,0,0,0,0,0,0,0,0,0.0,0.0,0.0,0.0,0,0,0,0,0,0.00,0.00,0.00,0.00,45,-10,6310,0,10,29,Sambi,Arsenal,MID,0
29,341,10,0,True,2026-05-02T16:30:00Z,3,0,35,False,0,0,0,0,0,0,0,0,0,0,0,0,0,0.0,0.0,0.0,0.0,0,0,0,0,0,0.00,0.00,0.00,0.00,45,-8,6305,0,8,29,Sambi,Arsenal,MID,0
29,360,19,0,False,2026-05-10T15:30:00Z,0,1,36,False,0,0,0,0,0,0,0,0,0,0,0,0,0,0.0,0.0,0.0,0.0,0,0,0,0,0,0.00,0.00,0.00,0.00,45,-4,6301,0,4,29,Sambi,Arsenal,MID,0
29,361,3,0,True,2026-05-18T19:00:00Z,1,0,37,False,0,0,0,0,0,0,0,0,0,0,0,0,0,0.0,0.0,0.0,0.0,0,0,0,0,0,0.00,0.00,0.00,0.00,45,-4,6296,0,4,29,Sambi,Arsenal,MID,0
29,373,8,0,False,2026-05-24T15:00:00Z,1,2,38,False,0,0,0,0,0,0,0,0,0,0,0,0,0,0.0,0.0,0.0,0.0,0,0,0,0,0,0.00,0.00,0.00,0.00,45,-4,6295,0,4,29,Sambi,Arsenal,MID,0
30,9,14,1,False,2025-08-17T15:30:00Z,0,1,1,False,30,0,0,0,0,0,0,0,0,0,0,0,4,2.8,0.8,2.0,0.6,1,2,0,3,0,0.00,0.01,0.01,0.82,75,0,117967,0,0,30,Havertz,Arsenal,FWD,1
30,11,11,0,True,2025-08-23T16:30:00Z,5,0,2,False,0,0,0,0,0,0,0,0,0,0,0,0,0,0.0,0.0,0.0,0.0,0,0,0,0,0,0.00,0.00,0.00,0.00,75,-34363,102996,7926,42289,30,Havertz,Arsenal,FWD,0
30,25,12,0,False,2025-08-31T15:30:00Z,1,0,3,False,0,0,0,0,0,0,0,0,0,0,0,0,0,0.0,0.0,0.0,0.0,0,0,0,0,0,0.00,0.00,0.00,0.00,74,-42500,61485,185,42685,30,Havertz,Arsenal,FWD,0
30,31,16,0,True,2025-09-13T11:30:00Z,3,0,4,False,0,0,0,0,0,0,0,0,0,0,0,0,0,0.0,0.0,0.0,0.0,0,0,0,0,0,0.00,0.00,0.00,0.00,74,-12322,51020,138,12460,30,Havertz,Arsenal,FWD,0
30,41,13,0,True,2025-09-21T15:30:00Z,1,1,5,False,0,0,0,0,0,0,0,0,0,0,0,0,0,0.0,0.0,0.0,0.0,0,0,0,0,0,0.00,0.00,0.00,0.00,73,-4105,47388,111,4216,30,Havertz,Arsenal,FWD,0
30,58,15,0,False,2025-09-28T15:30:00Z,1,2,6,False,0,0,0,0,0,0,0,0,0,0,0,0,0,0.0,0.0,0.0,0.0,0,0,0,0,0,0.00,0.00,0.00,0.00,73,-2230,45407,111,2341,30,Havertz,Arsenal,FWD,0
30,61,19,0,True,2025-10-04T14:00:00Z,2,0,7,False,0,0,0,0,0,0,0,0,0,0,0,0,0,0.0,0.0,0.0,0.0,0,0,0,0,0,0.00,0.00,0.00,0.00,73,-1395,44160,89,1484,30,Havertz,Arsenal,FWD,0
30,74,10,0,False,2025-10-18T16:30:00Z,0,1,8,False,0,0,0,0,0,0,0,0,0,0,0,0,0,0.0,0.0,0.0,0.0,0,0,0,0,0,0.00,0.00,0.00,0.00,73,-1399,42955,135,1534,30,Havertz,Arsenal,FWD,0
30,81,8,0,True,2025-10-26T14:00:00Z,1,0,9,False,0,0,0,0,0,0,0,0,0,0,0,0,0,0.0,0.0,0.0,0.0,0,0,0,0,0,0.00,0.00,0.00,0.00,73,-614,42469,92,706,30,Havertz,Arsenal,FWD,0
30,92,3,0,False,2025-11-01T15:00:00Z,0,2,10,False,0,0,0,0,0,0,0,0,0,0,0,0,0,0.0,0.0,0.0,0.0,0,0,0,0,0,0.00,0.00,0.00,0.00,73,-579,41987,103,682,30,Havertz,Arsenal,FWD,0
30,108,17,0,False,2025-11-08T17:30:00Z,2,2,11,False,0,0,0,0,0,0,0,0,0,0,0,0,0,0.0,0.0,0.0,0.0,0,0,0,0,0,0.00,0.00,0.00,0.00,73,-438,41625,77,515,30,Havertz,Arsenal,FWD,0
30,111,18,0,True,2025-11-23T16:30:00Z,4,1,12,False,0,0,0,0,0,0,0,0,0,0,0,0,0,0.0,0.0,0.0,0.0,0,0,0,0,0,0.00,0.00,0.00,0.00,73,-290,41508,191,481,30,Havertz,Arsenal,FWD,0
30,123,7,0,False,2025-11-30T16:30:00Z,1,1,13,False,0,0,0,0,0,0,0,0,0,0,0,0,0,0.0,0.0,0.0,0.0,0,0,0,0,0,0.00,0.00,0.00,0.00,73,-125,41495,164,289,30,Havertz,Arsenal,FWD,0
30,131,5,0,True,2025-12-03T19:30:00Z,2,0,14,False,0,0,0,0,0,0,0,0,0,0,0,0,0,0.0,0.0,0.0,0.0,0,0,0,0,0,0.00,0.00,0.00,0.00,73,-102,41449,89,191,30,Havertz,Arsenal,FWD,0
30,141,2,0,False,2025-12-06T12:30:00Z,2,1,15,False,0,0,0,0,0,0,0,0,0,0,0,0,0,0.0,0.0,0.0,0.0,0,0,0,0,0,0.00,0.00,0.00,0.00,73,-222,41275,51,273,30,Havertz,Arsenal,FWD,0
30,151,20,0,True,2025-12-13T20:00:00Z,2,1,16,False,0,0,0,0,0,0,0,0,0,0,0,0,0,0.0,0.0,0.0,0.0,0,0,0,0,0,0.00,0.00,0.00,0.00,73,-236,41110,136,372,30,Havertz,Arsenal,FWD,0
30,164,9,0,False,2025-12-20T20:00:00Z,0,1,17,False,0,0,0,0,0,0,0,0,0,0,0,0,0,0.0,0.0,0.0,0.0,0,0,0,0,0,0.00,0.00,0.00,0.00,73,-235,40960,101,336,30,Havertz,Arsenal,FWD,0
30,171,6,0,True,2025-12-27T15:00:00Z,2,1,18,False,0,0,0,0,0,0,0,0,0,0,0,0,0,0.0,0.0,0.0,0.0,0,0,0,0,0,0.00,0.00,0.00,0.00,73,-171,40854,111,282,30,Havertz,Arsenal,FWD,0
30,181,2,0,True,2025-12-30T20:15:00Z,4,1,19,False,0,0,0,0,0,0,0,0,0,0,0,0,0,0.0,0.0,0.0,0.0,0,0,0,0,0,0.00,0.00,0.00,0.00,73,9,40925,172,163,30,Havertz,Arsenal,FWD,0
30,192,4,0,False,2026-01-03T17:30:00Z,2,3,20,False,0,0,0,0,0,0,0,0,0,0,0,0,0,0.0,0.0,0.0,0.0,0,0,0,0,0,0.00,0.00,0.00,0.00,73,596,41675,811,215,30,Havertz,Arsenal,FWD,0
30,201,12,0,True,2026-01-08T20:00:00Z,0,0,21,False,0,0,0,0,0,0,0,0,0,0,0,0,0,0.0,0.0,0.0,0.0,0,0,0,0,0,0.00,0.00,0.00,0.00,73,296,42177,701,405,30,Havertz,Arsenal,FWD,0
30,217,16,0,False,2026-01-17T17:30:00Z,0,0,22,False,0,0,0,0,0,0,0,0,0,0,0,0,0,0.0,0.0,0.0,0.0,0,0,0,0,0,0.00,0.00,0.00,0.00,73,985,43624,1575,590,30,Havertz,Arsenal,FWD,0
30,221,14,0,True,2026-01-25T16:30:00Z,2,3,23,False,0,0,0,0,0,0,0,0,0,0,0,0,0,0.0,0.0,0.0,0.0,0,0,0,0,0,0.00,0.00,0.00,0.00,73,87,43996,789,702,30,Havertz,Arsenal,FWD,0
30,234,11,2,False,2026-01-31T15:00:00Z,0,4,24,False,60,0,0,1,0,0,0,0,0,0,0,0,11,7.8,10.7,2.0,2.1,2,1,1,4,1,0.00,0.01,0.01,0.12,73,10238,55362,11934,1696,30,Havertz,Arsenal,FWD,2
30,241,17,5,True,2026-02-07T15:00:00Z,3,0,25,False,66,0,1,1,0,0,0,0,0,0,0,0,25,21.6,21.1,18.0,6.1,2,0,1,3,1,0.21,0.04,0.25,0.17,73,14199,70720,17302,3103,30,Havertz,Arsenal,FWD,5
30,252,5,0,False,2026-02-12T20:00:00Z,1,1,26,False,0,0,0,0,0,0,0,0,0,0,0,0,0,0.0,0.0,0.0,0.0,0,0,0,0,0,0.00,0.00,0.00,0.00,73,60072,135400,65113,5041,30,Havertz,Arsenal,FWD,0
30,310,20,0,False,2026-02-18T20:00:00Z,2,2,26,False,0,0,0,0,0,0,0,0,0,0,0,0,0,0.0,0.0,0.0,0.0,0,0,0,0,0,0.00,0.00,0.00,0.00,73,60072,135400,65113,5041,30,Havertz,Arsenal,FWD,0
30,269,18,0,False,2026-02-22T16:30:00Z,1,4,27,False,0,0,0,0,0,0,0,0,0,0,0,0,0,0.0,0.0,0.0,0.0,0,0,0,0,0,0.00,0.00,0.00,0.00,73,-47877,81087,1593,49470,30,Havertz,Arsenal,FWD,0
30,271,7,1,True,2026-03-01T16:30:00Z,2,1,28,False,14,0,0,0,0,0,0,0,0,0,0,0,4,0.0,0.0,0.0,0.0,0,1,1,2,0,0.00,0.00,0.00,0.05,73,-15020,66912,234,15254,30,Havertz,Arsenal,FWD,1
30,283,6,1,False,2026-03-04T19:30:00Z,0,1,29,False,31,0,0,0,0,0,0,0,0,0,0,0,6,3.4,0.7,23.0,2.7,0,2,0,2,0,0.10,0.00,0.10,0.27,73,-5103,62254,738,5841,30,Havertz,Arsenal,FWD,1
30,291,9,2,True,2026-03-14T17:30:00Z,2,0,30,False,60,0,0,1,0,0,0,0,0,0,0,0,7,1.6,14.3,4.0,2.0,0,0,0,0,1,0.00,0.03,0.03,0.98,73,-384,62383,3379,3763,30,Havertz,Arsenal,FWD,2
30,311,4,1,True,2026-04-11T11:30:00Z,1,2,32,False,53,0,0,0,1,0,0,0,0,0,0,0,-5,1.0,1.3,14.0,1.6,2,3,2,7,1,0.96,0.01,0.97,0.70,73,3556,63824,5443,1887,30,Havertz,Arsenal,FWD,1
30,327,13,6,False,2026-04-19T15:30:00Z,2,1,33,False,90,1,0,0,2,0,0,0,0,0,0,0,21,33.4,2.1,69.0,10.5,0,3,0,3,1,1.25,0.00,1.25,1.36,73,-2854,60304,1218,4072,30,Havertz,Arsenal,FWD,6
30,331,15,4,True,2026-04-25T16:30:00Z,1,0,34,False,33,0,1,0,0,0,0,0,0,0,0,0,13,18.2,11.0,4.0,3.3,1,0,0,1,1,0.00,0.03,0.03,0.33,73,47688,152770,50384,2696,30,Havertz,Arsenal,FWD,4
30,341,10,0,True,2026-05-02T16:30:00Z,3,0,35,False,0,0,0,0,0,0,0,0,0,0,0,0,0,0.0,0.0,0.0,0.0,0,0,0,0,0,0.00,0.00,0.00,0.00,73,-22713,85089,2827,25540,30,Havertz,Arsenal,FWD,0
30,360,19,1,False,2026-05-10T15:30:00Z,0,1,36,False,23,0,0,0,0,0,0,0,0,0,0,0,6,3.8,0.7,4.0,0.9,0,0,2,2,0,0.00,0.00,0.00,0.76,73,-10308,74917,1838,12146,30,Havertz,Arsenal,FWD,1
30,361,3,8,True,2026-05-18T19:00:00Z,1,0,37,False,72,1,0,1,0,0,0,0,1,0,0,3,34,35.4,36.2,54.0,12.6,0,2,0,2,1,0.39,0.33,0.72,0.19,73,-606,74912,3609,4215,30,Havertz,Arsenal,FWD,8
30,373,8,4,False,2026-05-24T15:00:00Z,1,2,38,False,45,0,1,0,1,0,0,0,0,0,0,0,17,23.6,35.7,16.0,7.5,2,0,1,3,0,0.40,0.18,0.58,0.93,73,13708,90159,17902,4194,30,Havertz,Arsenal,FWD,4
31,9,14,0,False,2025-08-17T15:30:00Z,0,1,1,False,0,0,0,0,0,0,0,0,0,0,0,0,0,0.0,0.0,0.0,0.0,0,0,0,0,0,0.00,0.00,0.00,0.00,65,0,4244,0,0,31,G.Jesus,Arsenal,FWD,0
31,11,11,0,True,2025-08-23T16:30:00Z,5,0,2,False,0,0,0,0,0,0,0,0,0,0,0,0,0,0.0,0.0,0.0,0.0,0,0,0,0,0,0.00,0.00,0.00,0.00,65,-792,4756,243,1035,31,G.Jesus,Arsenal,FWD,0
31,25,12,0,False,2025-08-31T15:30:00Z,1,0,3,False,0,0,0,0,0,0,0,0,0,0,0,0,0,0.0,0.0,0.0,0.0,0,0,0,0,0,0.00,0.00,0.00,0.00,65,-631,4606,173,804,31,G.Jesus,Arsenal,FWD,0
31,31,16,0,True,2025-09-13T11:30:00Z,3,0,4,False,0,0,0,0,0,0,0,0,0,0,0,0,0,0.0,0.0,0.0,0.0,0,0,0,0,0,0.00,0.00,0.00,0.00,65,-386,4645,167,553,31,G.Jesus,Arsenal,FWD,0
31,41,13,0,True,2025-09-21T15:30:00Z,1,1,5,False,0,0,0,0,0,0,0,0,0,0,0,0,0,0.0,0.0,0.0,0.0,0,0,0,0,0,0.00,0.00,0.00,0.00,65,-226,4603,81,307,31,G.Jesus,Arsenal,FWD,0
31,58,15,0,False,2025-09-28T15:30:00Z,1,2,6,False,0,0,0,0,0,0,0,0,0,0,0,0,0,0.0,0.0,0.0,0.0,0,0,0,0,0,0.00,0.00,0.00,0.00,64,-139,4630,110,249,31,G.Jesus,Arsenal,FWD,0
31,61,19,0,True,2025-10-04T14:00:00Z,2,0,7,False,0,0,0,0,0,0,0,0,0,0,0,0,0,0.0,0.0,0.0,0.0,0,0,0,0,0,0.00,0.00,0.00,0.00,64,-101,4680,84,185,31,G.Jesus,Arsenal,FWD,0
31,74,10,0,False,2025-10-18T16:30:00Z,0,1,8,False,0,0,0,0,0,0,0,0,0,0,0,0,0,0.0,0.0,0.0,0.0,0,0,0,0,0,0.00,0.00,0.00,0.00,64,-143,4718,117,260,31,G.Jesus,Arsenal,FWD,0
31,81,8,0,True,2025-10-26T14:00:00Z,1,0,9,False,0,0,0,0,0,0,0,0,0,0,0,0,0,0.0,0.0,0.0,0.0,0,0,0,0,0,0.00,0.00,0.00,0.00,64,-53,4792,77,130,31,G.Jesus,Arsenal,FWD,0
31,92,3,0,False,2025-11-01T15:00:00Z,0,2,10,False,0,0,0,0,0,0,0,0,0,0,0,0,0,0.0,0.0,0.0,0.0,0,0,0,0,0,0.00,0.00,0.00,0.00,64,-10,4885,96,106,31,G.Jesus,Arsenal,FWD,0
31,108,17,0,False,2025-11-08T17:30:00Z,2,2,11,False,0,0,0,0,0,0,0,0,0,0,0,0,0,0.0,0.0,0.0,0.0,0,0,0,0,0,0.00,0.00,0.00,0.00,64,18,5006,161,143,31,G.Jesus,Arsenal,FWD,0
31,111,18,0,True,2025-11-23T16:30:00Z,4,1,12,False,0,0,0,0,0,0,0,0,0,0,0,0,0,0.0,0.0,0.0,0.0,0,0,0,0,0,0.00,0.00,0.00,0.00,64,29,5219,208,179,31,G.Jesus,Arsenal,FWD,0
31,123,7,0,False,2025-11-30T16:30:00Z,1,1,13,False,0,0,0,0,0,0,0,0,0,0,0,0,0,0.0,0.0,0.0,0.0,0,0,0,0,0,0.00,0.00,0.00,0.00,64,-80,5228,115,195,31,G.Jesus,Arsenal,FWD,0
31,131,5,0,True,2025-12-03T19:30:00Z,2,0,14,False,0,0,0,0,0,0,0,0,0,0,0,0,0,0.0,0.0,0.0,0.0,0,0,0,0,0,0.00,0.00,0.00,0.00,64,369,5949,493,124,31,G.Jesus,Arsenal,FWD,0
31,141,2,0,False,2025-12-06T12:30:00Z,2,1,15,False,0,0,0,0,0,0,0,0,0,0,0,0,0,0.0,0.0,0.0,0.0,0,0,0,0,0,0.00,0.00,0.00,0.00,64,555,7149,856,301,31,G.Jesus,Arsenal,FWD,0
31,151,20,1,True,2025-12-13T20:00:00Z,2,1,16,False,9,0,0,0,1,0,0,0,0,0,0,0,5,4.2,0.6,17.0,2.2,1,2,0,3,0,0.12,0.00,0.12,0.09,64,7437,16239,8455,1018,31,G.Jesus,Arsenal,FWD,1
31,164,9,1,False,2025-12-20T20:00:00Z,0,1,17,False,25,0,0,0,0,0,0,0,0,0,0,0,0,0.0,4.3,8.0,1.2,0,1,0,1,0,0.02,0.02,0.04,0.03,64,7452,24944,10467,3015,31,G.Jesus,Arsenal,FWD,1
31,171,6,1,True,2025-12-27T15:00:00Z,2,1,18,False,19,0,0,0,0,0,0,0,0,0,0,0,1,2.8,1.3,20.0,2.4,0,1,1,2,0,0.09,0.01,0.10,0.32,64,-1320,23738,3974,5294,31,G.Jesus,Arsenal,FWD,1
31,181,2,4,True,2025-12-30T20:15:00Z,4,1,19,False,13,1,0,0,1,0,0,0,1,0,0,0,25,35.2,0.0,9.0,4.4,0,1,2,3,0,0.09,0.00,0.09,2.00,64,-2037,22334,1827,3864,31,G.Jesus,Arsenal,FWD,4
31,192,4,1,False,2026-01-03T17:30:00Z,2,3,20,False,24,0,0,0,1,0,0,0,0,0,0,0,4,9.4,0.0,19.0,2.8,2,2,1,5,0,0.02,0.00,0.02,0.06,64,10603,34531,13214,2611,31,G.Jesus,Arsenal,FWD,1
31,201,12,1,True,2026-01-08T20:00:00Z,0,0,21,False,26,0,0,0,0,0,0,0,0,0,0,0,4,2.0,0.3,21.0,2.3,0,0,0,0,0,0.13,0.00,0.13,0.15,64,-1941,32495,4654,6595,31,G.Jesus,Arsenal,FWD,1
31,217,16,1,False,2026-01-17T17:30:00Z,0,0,22,False,33,0,0,0,0,0,0,0,0,0,0,0,2,3.6,0.8,35.0,3.9,0,3,0,3,0,0.51,0.09,0.60,0.10,64,-1898,31726,4782,6680,31,G.Jesus,Arsenal,FWD,1
31,221,14,1,True,2026-01-25T16:30:00Z,2,3,23,False,57,0,0,0,2,0,0,0,0,0,0,0,1,2.8,14.6,10.0,2.7,1,3,0,4,1,0.02,0.03,0.05,0.44,64,12434,45889,16080,3646,31,G.Jesus,Arsenal,FWD,1
31,234,11,5,False,2026-01-31T15:00:00Z,0,4,24,False,14,1,0,0,0,0,0,0,0,0,0,0,26,38.4,0.3,45.0,8.4,0,0,0,0,0,0.74,0.00,0.74,0.03,64,15569,63059,23727,8158,31,G.Jesus,Arsenal,FWD,5
31,241,17,1,True,2026-02-07T15:00:00Z,3,0,25,False,59,0,0,0,0,0,0,0,0,0,0,0,1,2.2,1.0,19.0,2.2,0,2,0,2,1,0.01,0.03,0.04,0.17,64,12402,76300,19830,7428,31,G.Jesus,Arsenal,FWD,1
31,252,5,0,False,2026-02-12T20:00:00Z,1,1,26,False,0,0,0,0,0,0,0,0,0,0,0,0,0,0.0,0.0,0.0,0.0,0,0,0,0,0,0.00,0.00,0.00,0.00,64,16944,93999,29937,12993,31,G.Jesus,Arsenal,FWD,0
31,310,20,0,False,2026-02-18T20:00:00Z,2,2,26,False,25,0,0,0,1,0,0,0,1,0,0,0,-1,0.0,1.7,4.0,0.5,0,3,0,3,0,0.00,0.01,0.01,0.17,64,16944,93999,29937,12993,31,G.Jesus,Arsenal,FWD,0
31,269,18,0,False,2026-02-22T16:30:00Z,1,4,27,False,0,0,0,0,0,0,0,0,0,0,0,0,0,0.0,0.0,0.0,0.0,0,0,0,0,0,0.00,0.00,0.00,0.00,64,-20466,73414,4557,25023,31,G.Jesus,Arsenal,FWD,0
31,271,7,0,True,2026-03-01T16:30:00Z,2,1,28,False,0,0,0,0,0,0,0,0,0,0,0,0,0,0.0,0.0,0.0,0.0,0,0,0,0,0,0.00,0.00,0.00,0.00,64,-14220,59894,1187,15407,31,G.Jesus,Arsenal,FWD,0
31,283,6,0,False,2026-03-04T19:30:00Z,0,1,29,False,0,0,0,0,0,0,0,0,0,0,0,0,0,0.0,0.0,0.0,0.0,0,0,0,0,0,0.00,0.00,0.00,0.00,64,-8170,52393,847,9017,31,G.Jesus,Arsenal,FWD,0
31,291,9,0,True,2026-03-14T17:30:00Z,2,0,30,False,0,0,0,0,0,0,0,0,0,0,0,0,0,0.0,0.0,0.0,0.0,0,0,0,0,0,0.00,0.00,0.00,0.00,64,-6087,47139,1062,7149,31,G.Jesus,Arsenal,FWD,0
31,311,4,1,True,2026-04-11T11:30:00Z,1,2,32,False,14,0,0,0,0,0,0,0,0,0,0,0,5,6.4,11.5,21.0,3.9,0,0,0,0,0,0.08,0.04,0.12,0.01,64,-1502,43855,701,2203,31,G.Jesus,Arsenal,FWD,1
31,327,13,0,False,2026-04-19T15:30:00Z,2,1,33,False,0,0,0,0,0,0,0,0,0,0,0,0,0,0.0,0.0,0.0,0.0,0,0,0,0,0,0.00,0.00,0.00,0.00,64,-1425,42596,338,1763,31,G.Jesus,Arsenal,FWD,0
31,331,15,0,True,2026-04-25T16:30:00Z,1,0,34,False,0,0,0,0,0,0,0,0,0,0,0,0,0,0.0,0.0,0.0,0.0,0,0,0,0,0,0.00,0.00,0.00,0.00,64,-245,43014,823,1068,31,G.Jesus,Arsenal,FWD,0
31,341,10,1,True,2026-05-02T16:30:00Z,3,0,35,False,26,0,0,0,0,0,0,0,0,0,0,0,0,1.0,1.0,0.0,0.2,1,0,0,1,0,0.00,0.00,0.00,0.17,64,-413,42682,664,1077,31,G.Jesus,Arsenal,FWD,1
31,360,19,0,False,2026-05-10T15:30:00Z,0,1,36,False,0,0,0,0,0,0,0,0,0,0,0,0,0,0.0,0.0,0.0,0.0,0,0,0,0,0,0.00,0.00,0.00,0.00,64,-765,42184,507,1272,31,G.Jesus,Arsenal,FWD,0
31,361,3,0,True,2026-05-18T19:00:00Z,1,0,37,False,0,0,0,0,0,0,0,0,0,0,0,0,0,0.0,0.0,0.0,0.0,0,0,0,0,0,0.00,0.00,0.00,0.00,64,-421,42030,353,774,31,G.Jesus,Arsenal,FWD,0
31,373,8,5,False,2026-05-24T15:00:00Z,1,2,38,False,74,1,0,1,0,0,0,0,1,0,0,0,19,33.8,16.9,53.0,10.4,2,1,0,3,1,0.88,0.03,0.91,0.23,64,4583,47527,5610,1027,31,G.Jesus,Arsenal,FWD,5
266,8,7,3,False,2025-08-17T13:00:00Z,0,0,1,False,83,0,0,1,0,0,0,0,0,0,0,0,10,7.2,2.6,26.0,3.6,1,5,1,7,1,0.24,0.00,0.24,1.22,75,0,992634,0,0,266,Eze,Arsenal,MID,3
266,15,16,0,True,2025-08-24T13:00:00Z,1,1,2,False,0,0,0,0,0,0,0,0,0,0,0,0,0,0.0,0.0,0.0,0.0,0,0,0,0,0,0.00,0.00,0.00,0.00,75,-72383,1098794,96988,169371,266,Eze,Arsenal,MID,0
266,25,12,1,False,2025-08-31T15:30:00Z,1,0,3,False,20,0,0,0,1,0,0,0,0,0,0,0,4,1.8,2.8,2.0,0.7,0,1,0,1,0,0.00,0.03,0.03,0.25,75,48061,1209497,261423,213362,266,Eze,Arsenal,MID,1
266,31,16,6,True,2025-09-13T11:30:00Z,3,0,4,False,78,0,1,1,0,0,0,0,0,0,0,0,19,20.4,16.3,11.0,4.8,0,2,0,2,1,0.06,0.44,0.50,0.10,75,128638,1389714,288422,159784,266,Eze,Arsenal,MID,6
266,41,13,4,True,2025-09-21T15:30:00Z,1,1,5,False,45,0,1,0,0,0,0,0,0,0,0,0,16,24.6,16.6,21.0,6.2,1,2,1,4,0,0.14,0.23,0.37,0.34,75,38534,1431073,141011,102477,266,Eze,Arsenal,MID,4
266,58,15,2,False,2025-09-28T15:30:00Z,1,2,6,False,90,0,0,0,1,0,0,0,0,0,0,0,11,10.6,17.1,47.0,7.5,1,5,0,6,1,0.42,0.09,0.51,0.61,75,24915,1467608,150210,125295,266,Eze,Arsenal,MID,2
266,61,19,6,True,2025-10-04T14:00:00Z,2,0,7,False,78,0,1,1,0,0,0,0,0,0,0,0,22,5.6,6.8,35.0,4.7,1,2,2,5,1,0.49,0.05,0.54,0.36,76,123093,1613380,213289,90196,266,Eze,Arsenal,MID,6
266,74,10,3,False,2025-10-18T16:30:00Z,0,1,8,False,61,0,0,1,0,0,0,0,0,0,0,0,9,6.2,21.0,4.0,3.1,1,1,0,2,1,0.01,0.03,0.04,0.40,76,105221,1729293,204897,99676,266,Eze,Arsenal,MID,3
266,81,8,11,True,2025-10-26T14:00:00Z,1,0,9,False,87,1,0,1,0,0,0,0,0,0,0,3,32,42.6,4.6,19.0,6.6,1,1,2,4,1,0.08,0.02,0.10,0.46,76,-83247,1643296,47018,130265,266,Eze,Arsenal,MID,11
266,92,3,3,False,2025-11-01T15:00:00Z,0,2,10,False,71,0,0,1,0,0,0,0,0,0,0,0,9,3.2,2.9,5.0,1.1,0,4,1,5,1,0.12,0.01,0.13,0.02,76,121360,1783675,179397,58037,266,Eze,Arsenal,MID,3
266,108,17,2,False,2025-11-08T17:30:00Z,2,2,11,False,87,0,0,0,1,0,0,0,0,0,0,0,14,4.8,14.2,32.0,5.1,1,4,0,5,1,0.32,0.05,0.37,0.33,76,-58743,1718458,66770,125513,266,Eze,Arsenal,MID,2
266,111,18,20,True,2025-11-23T16:30:00Z,4,1,12,False,90,3,0,0,1,0,0,0,0,0,0,3,81,110.2,18.0,77.0,20.5,2,4,2,8,1,0.66,0.37,1.03,0.07,76,-94039,1623465,47136,141175,266,Eze,Arsenal,MID,20
266,123,7,2,False,2025-11-30T16:30:00Z,1,1,13,False,71,0,0,0,1,0,0,0,0,0,0,0,14,6.6,12.4,0.0,1.9,2,3,1,6,1,0.00,0.03,0.03,0.62,77,640470,2321961,665258,24788,266,Eze,Arsenal,MID,2
266,131,5,1,True,2025-12-03T19:30:00Z,2,0,14,False,29,0,0,0,0,0,0,0,0,0,0,0,5,4.2,11.0,0.0,1.5,0,5,1,6,0,0.00,0.02,0.02,0.07,78,213748,2522075,257828,44080,266,Eze,Arsenal,MID,1
266,141,2,1,False,2025-12-06T12:30:00Z,2,1,15,False,45,0,0,0,1,0,0,0,0,0,0,0,4,0.0,1.3,0.0,0.1,0,0,0,0,1,0.00,0.01,0.01,0.87,78,-29827,2463667,124030,153857,266,Eze,Arsenal,MID,1
266,151,20,1,True,2025-12-13T20:00:00Z,2,1,16,False,56,0,0,0,0,0,0,0,0,0,0,0,4,4.4,10.9,2.0,1.7,2,1,0,3,1,0.00,0.03,0.03,0.28,78,-15313,2495820,352871,368184,266,Eze,Arsenal,MID,1
266,164,9,0,False,2025-12-20T20:00:00Z,0,1,17,False,0,0,0,0,0,0,0,0,0,0,0,0,0,0.0,0.0,0.0,0.0,0,0,0,0,0,0.00,0.00,0.00,0.00,77,-370397,2079333,70337,440734,266,Eze,Arsenal,MID,0
266,171,6,0,True,2025-12-27T15:00:00Z,2,1,18,False,0,0,0,0,0,0,0,0,0,0,0,0,0,0.0,0.0,0.0,0.0,0,0,0,0,0,0.00,0.00,0.00,0.00,76,-315423,1753556,30064,345487,266,Eze,Arsenal,MID,0
266,181,2,0,True,2025-12-30T20:15:00Z,4,1,19,False,0,0,0,0,0,0,0,0,0,0,0,0,0,0.0,0.0,0.0,0.0,0,0,0,0,0,0.00,0.00,0.00,0.00,75,-267735,1506740,10568,278303,266,Eze,Arsenal,MID,0
266,192,4,0,False,2026-01-03T17:30:00Z,2,3,20,False,0,0,0,0,0,0,0,0,0,0,0,0,0,0.0,0.0,0.0,0.0,0,0,0,0,0,0.00,0.00,0.00,0.00,74,-168246,1381984,8393,176639,266,Eze,Arsenal,MID,0
266,201,12,1,True,2026-01-08T20:00:00Z,0,0,21,False,12,0,0,0,0,0,0,0,0,0,0,0,4,0.2,0.3,0.0,0.1,0,1,0,1,0,0.00,0.00,0.00,0.06,74,-155792,1228783,2962,158754,266,Eze,Arsenal,MID,1
266,217,16,1,False,2026-01-17T17:30:00Z,0,0,22,False,11,0,0,0,0,0,0,0,0,0,0,0,5,2.2,0.1,2.0,0.4,0,0,1,1,0,0.00,0.00,0.00,0.07,73,-107017,1125128,4082,111099,266,Eze,Arsenal,MID,1
266,221,14,0,True,2026-01-25T16:30:00Z,2,3,23,False,32,0,0,0,1,0,0,0,1,0,0,0,-1,2.0,18.0,4.0,2.4,1,1,0,2,0,0.00,0.26,0.26,0.27,73,-44194,1083049,2809,47003,266,Eze,Arsenal,MID,0
266,234,11,1,False,2026-01-31T15:00:00Z,0,4,24,False,9,0,0,0,0,0,0,0,0,0,0,0,4,1.6,0.1,0.0,0.2,0,1,0,1,0,0.00,0.00,0.00,0.03,73,-42327,1041725,4341,46668,266,Eze,Arsenal,MID,1
266,241,17,1,True,2026-02-07T15:00:00Z,3,0,25,False,23,0,0,0,0,0,0,0,0,0,0,0,4,0.0,1.2,10.0,1.1,0,2,1,3,0,0.06,0.01,0.07,0.02,72,-22933,1020378,8771,31704,266,Eze,Arsenal,MID,1
266,252,5,1,False,2026-02-12T20:00:00Z,1,1,26,False,45,0,0,0,0,0,0,0,0,0,0,0,4,1.2,2.3,2.0,0.6,2,0,0,2,1,0.00,0.02,0.02,0.41,72,-10875,1010740,18174,29049,266,Eze,Arsenal,MID,1
266,310,20,1,False,2026-02-18T20:00:00Z,2,2,26,False,25,0,0,0,1,0,0,0,0,0,0,0,3,0.0,2.0,4.0,0.6,0,1,0,1,0,0.20,0.01,0.21,0.17,72,-10875,1010740,18174,29049,266,Eze,Arsenal,MID,1
266,269,18,14,False,2026-02-22T16:30:00Z,1,4,27,False,76,2,0,0,1,0,0,0,0,0,0,2,47,70.6,29.2,46.0,14.6,1,5,0,6,1,0.68,0.29,0.97,0.35,72,-23273,987965,4395,27668,266,Eze,Arsenal,MID,14
266,271,7,2,True,2026-03-01T16:30:00Z,2,1,28,False,90,0,0,0,1,0,0,0,0,0,0,0,11,0.0,0.6,2.0,0.1,0,3,1,4,1,0.25,0.07,0.32,1.05,72,37999,1029751,45786,7787,266,Eze,Arsenal,MID,2
266,283,6,3,False,2026-03-04T19:30:00Z,0,1,29,False,90,0,0,1,0,0,0,0,0,0,0,0,11,5.2,11.0,0.0,1.6,1,4,1,6,1,0.00,0.07,0.07,0.82,72,20370,1051025,31933,11563,266,Eze,Arsenal,MID,3
266,291,9,3,True,2026-03-14T17:30:00Z,2,0,30,False,90,0,0,1,0,0,0,0,0,0,0,0,12,3.0,19.5,22.0,4.5,1,3,1,5,1,0.15,0.09,0.24,1.05,72,4465,1055014,22724,18259,266,Eze,Arsenal,MID,3
266,311,4,1,True,2026-04-11T11:30:00Z,1,2,32,False,36,0,0,0,1,0,0,0,0,0,0,0,8,6.8,12.4,0.0,1.9,0,4,1,5,0,0.00,0.08,0.08,0.49,72,-22547,1010343,10437,32984,266,Eze,Arsenal,MID,1
266,327,13,2,False,2026-04-19T15:30:00Z,2,1,33,False,73,0,0,0,2,0,0,0,0,0,0,0,4,0.0,7.2,1.0,0.7,2,3,1,6,1,0.08,0.20,0.28,1.36,72,-11390,997814,5553,16943,266,Eze,Arsenal,MID,2
266,331,15,6,True,2026-04-25T16:30:00Z,1,0,34,False,52,1,0,0,0,0,0,0,0,0,0,0,25,29.4,6.1,14.0,5.0,0,1,0,1,1,0.17,0.00,0.17,0.36,72,40356,1100639,47389,7033,266,Eze,Arsenal,MID,6
266,341,10,3,True,2026-05-02T16:30:00Z,3,0,35,False,77,0,0,1,0,0,0,0,0,0,0,0,4,0.0,5.8,10.0,1.5,0,2,0,2,1,0.21,0.07,0.28,0.37,72,109237,1152071,129467,20230,266,Eze,Arsenal,MID,3
266,360,19,3,False,2026-05-10T15:30:00Z,0,1,36,False,66,0,0,1,0,0,0,0,0,0,0,0,16,6.2,16.8,10.0,3.3,0,3,0,3,1,0.07,0.03,0.10,0.39,73,1328,1151604,33560,32232,266,Eze,Arsenal,MID,3
266,361,3,3,True,2026-05-18T19:00:00Z,1,0,37,False,72,0,0,1,0,0,0,0,0,0,0,0,19,5.2,13.8,30.0,4.9,0,4,0,4,1,0.41,0.04,0.45,0.19,73,14402,1166537,43833,29431,266,Eze,Arsenal,MID,3
266,373,8,1,False,2026-05-24T15:00:00Z,1,2,38,False,15,0,0,0,1,0,0,0,0,0,0,0,5,7.4,0.8,17.0,2.5,1,1,1,3,0,0.36,0.01,0.37,0.75,73,-23246,1141706,15404,38650,266,Eze,Arsenal,MID,1
662,9,14,0,False,2025-08-17T15:30:00Z,0,1,1,False,0,0,0,0,0,0,0,0,0,0,0,0,0,0.0,0.0,0.0,0.0,0,0,0,0,0,0.00,0.00,0.00,0.00,55,0,12283,0,0,662,Mosquera,Arsenal,DEF,0
662,11,11,1,True,2025-08-23T16:30:00Z,5,0,2,False,26,0,0,0,0,0,0,0,0,0,0,0,7,4.8,0.0,0.0,0.5,0,0,2,2,0,0.00,0.00,0.00,0.00,55,-1858,12598,415,2273,662,Mosquera,Arsenal,DEF,1
662,25,12,2,False,2025-08-31T15:30:00Z,1,0,3,False,85,0,0,0,1,0,0,0,0,0,0,0,14,25.2,0.8,2.0,2.8,5,3,4,9,0,0.00,0.00,0.00,0.52,54,-1768,11666,273,2041,662,Mosquera,Arsenal,DEF,2
662,31,16,7,True,2025-09-13T11:30:00Z,3,0,4,False,90,0,0,1,0,0,0,0,0,0,0,1,32,21.4,1.6,2.0,2.5,6,6,2,8,1,0.00,0.04,0.04,0.20,54,3528,17470,6073,2545,662,Mosquera,Arsenal,DEF,7
662,41,13,1,True,2025-09-21T15:30:00Z,1,1,5,False,1,0,0,0,0,0,0,0,0,0,0,0,3,0.0,0.0,0.0,0.0,0,1,0,0,0,0.00,0.00,0.00,0.00,54,6647,26595,9049,2402,662,Mosquera,Arsenal,DEF,1
662,58,15,1,False,2025-09-28T15:30:00Z,1,2,6,False,45,0,0,0,1,0,0,0,0,0,0,0,1,3.8,0.2,0.0,0.4,4,0,0,4,1,0.00,0.00,0.00,0.41,54,-2170,25151,2561,4731,662,Mosquera,Arsenal,DEF,1
662,61,19,0,True,2025-10-04T14:00:00Z,2,0,7,False,0,0,0,0,0,0,0,0,0,0,0,0,0,0.0,0.0,0.0,0.0,0,0,0,0,0,0.00,0.00,0.00,0.00,54,-701,25306,2426,3127,662,Mosquera,Arsenal,DEF,0
662,74,10,0,False,2025-10-18T16:30:00Z,0,1,8,False,0,0,0,0,0,0,0,0,0,0,0,0,0,0.0,0.0,0.0,0.0,0,0,0,0,0,0.00,0.00,0.00,0.00,54,-2984,22920,1201,4185,662,Mosquera,Arsenal,DEF,0
662,81,8,1,True,2025-10-26T14:00:00Z,1,0,9,False,45,0,0,0,0,0,0,0,0,0,0,0,7,11.8,10.8,4.0,2.7,5,3,0,5,0,0.00,0.05,0.05,0.39,54,-1849,21322,408,2257,662,Mosquera,Arsenal,DEF,1
662,92,3,0,False,2025-11-01T15:00:00Z,0,2,10,False,0,0,0,0,0,0,0,0,0,0,0,0,0,0.0,0.0,0.0,0.0,0,0,0,0,0,0.00,0.00,0.00,0.00,54,346,22098,2076,1730,662,Mosquera,Arsenal,DEF,0
662,108,17,1,False,2025-11-08T17:30:00Z,2,2,11,False,2,0,0,0,1,0,0,0,0,0,0,0,0,0.4,0.5,0.0,0.1,0,0,0,0,0,0.00,0.00,0.00,0.11,54,-2164,19970,231,2395,662,Mosquera,Arsenal,DEF,1
662,111,18,1,True,2025-11-23T16:30:00Z,4,1,12,False,2,0,0,0,0,0,0,0,0,0,0,0,3,0.2,0.0,0.0,0.0,0,0,0,0,0,0.00,0.00,0.00,0.00,54,6790,27927,8124,1334,662,Mosquera,Arsenal,DEF,1
662,123,7,1,False,2025-11-30T16:30:00Z,1,1,13,False,90,0,0,0,1,0,0,0,1,0,0,0,9,12.4,5.0,0.0,1.7,3,1,2,5,1,0.00,0.03,0.03,0.79,54,-1465,25577,1560,3025,662,Mosquera,Arsenal,DEF,1
662,131,5,1,True,2025-12-03T19:30:00Z,2,0,14,False,43,0,0,0,0,0,0,0,0,0,0,0,9,4.0,4.3,0.0,0.8,1,3,1,2,1,0.00,0.31,0.31,0.26,54,5270,32737,6428,1158,662,Mosquera,Arsenal,DEF,1
662,141,2,0,False,2025-12-06T12:30:00Z,2,1,15,False,0,0,0,0,0,0,0,0,0,0,0,0,0,0.0,0.0,0.0,0.0,0,0,0,0,0,0.00,0.00,0.00,0.00,54,-5590,25732,1056,6646,662,Mosquera,Arsenal,DEF,0
662,151,20,0,True,2025-12-13T20:00:00Z,2,1,16,False,0,0,0,0,0,0,0,0,0,0,0,0,0,0.0,0.0,0.0,0.0,0,0,0,0,0,0.00,0.00,0.00,0.00,54,-6228,19747,52,6280,662,Mosquera,Arsenal,DEF,0
662,164,9,0,False,2025-12-20T20:00:00Z,0,1,17,False,0,0,0,0,0,0,0,0,0,0,0,0,0,0.0,0.0,0.0,0.0,0,0,0,0,0,0.00,0.00,0.00,0.00,54,-1794,18156,37,1831,662,Mosquera,Arsenal,DEF,0
662,171,6,0,True,2025-12-27T15:00:00Z,2,1,18,False,0,0,0,0,0,0,0,0,0,0,0,0,0,0.0,0.0,0.0,0.0,0,0,0,0,0,0.00,0.00,0.00,0.00,54,-888,17341,15,903,662,Mosquera,Arsenal,DEF,0
662,181,2,0,True,2025-12-30T20:15:00Z,4,1,19,False,0,0,0,0,0,0,0,0,0,0,0,0,0,0.0,0.0,0.0,0.0,0,0,0,0,0,0.00,0.00,0.00,0.00,54,-388,16990,18,406,662,Mosquera,Arsenal,DEF,0
662,192,4,0,False,2026-01-03T17:30:00Z,2,3,20,False,0,0,0,0,0,0,0,0,0,0,0,0,0,0.0,0.0,0.0,0.0,0,0,0,0,0,0.00,0.00,0.00,0.00,53,-245,16769,19,264,662,Mosquera,Arsenal,DEF,0
662,201,12,0,True,2026-01-08T20:00:00Z,0,0,21,False,0,0,0,0,0,0,0,0,0,0,0,0,0,0.0,0.0,0.0,0.0,0,0,0,0,0,0.00,0.00,0.00,0.00,53,-222,16554,20,242,662,Mosquera,Arsenal,DEF,0
662,217,16,0,False,2026-01-17T17:30:00Z,0,0,22,False,0,0,0,0,0,0,0,0,0,0,0,0,0,0.0,0.0,0.0,0.0,0,0,0,0,0,0.00,0.00,0.00,0.00,53,-299,16255,16,315,662,Mosquera,Arsenal,DEF,0
662,221,14,0,True,2026-01-25T16:30:00Z,2,3,23,False,0,0,0,0,0,0,0,0,0,0,0,0,0,0.0,0.0,0.0,0.0,0,0,0,0,0,0.00,0.00,0.00,0.00,53,176,16501,315,139,662,Mosquera,Arsenal,DEF,0
662,234,11,0,False,2026-01-31T15:00:00Z,0,4,24,False,0,0,0,0,0,0,0,0,0,0,0,0,0,0.0,0.0,0.0,0.0,0,0,0,0,0,0.00,0.00,0.00,0.00,53,327,16933,581,254,662,Mosquera,Arsenal,DEF,0
662,241,17,0,True,2026-02-07T15:00:00Z,3,0,25,False,0,0,0,0,0,0,0,0,0,0,0,0,0,0.0,0.0,0.0,0.0,0,0,0,0,0,0.00,0.00,0.00,0.00,53,127,17128,433,306,662,Mosquera,Arsenal,DEF,0
662,252,5,4,False,2026-02-12T20:00:00Z,1,1,26,False,90,0,0,0,1,0,0,0,0,0,0,0,13,29.4,2.8,0.0,3.2,10,5,3,13,1,0.00,0.01,0.01,1.51,53,162,17365,497,335,662,Mosquera,Arsenal,DEF,4
662,310,20,0,False,2026-02-18T20:00:00Z,2,2,26,False,0,0,0,0,0,0,0,0,0,0,0,0,0,0.0,0.0,0.0,0.0,0,0,0,0,0,0.00,0.00,0.00,0.00,53,162,17365,497,335,662,Mosquera,Arsenal,DEF,0
662,269,18,1,False,2026-02-22T16:30:00Z,1,4,27,False,33,0,0,0,0,0,0,0,0,0,0,0,15,14.8,11.3,0.0,2.6,2,0,5,7,0,0.00,0.02,0.02,0.42,53,348,17824,674,326,662,Mosquera,Arsenal,DEF,1
662,271,7,0,True,2026-03-01T16:30:00Z,2,1,28,False,0,0,0,0,0,0,0,0,0,0,0,0,0,0.0,0.0,0.0,0.0,0,0,0,0,0,0.00,0.00,0.00,0.00,53,103,17986,342,239,662,Mosquera,Arsenal,DEF,0
662,283,6,5,False,2026-03-04T19:30:00Z,0,1,29,False,63,0,0,1,0,0,0,0,1,0,0,0,24,15.2,0.3,0.0,1.6,8,1,1,9,1,0.00,0.00,0.00,0.64,53,26,18053,295,269,662,Mosquera,Arsenal,DEF,5
662,291,9,1,True,2026-03-14T17:30:00Z,2,0,30,False,52,0,0,0,0,0,0,0,0,0,0,0,12,10.4,13.4,2.0,2.6,2,1,3,5,0,0.00,0.03,0.03,0.24,53,470,18638,750,280,662,Mosquera,Arsenal,DEF,1
662,311,4,1,True,2026-04-11T11:30:00Z,1,2,32,False,14,0,0,0,0,0,0,0,0,0,0,0,3,3.0,0.9,0.0,0.4,1,1,0,1,0,0.00,0.01,0.01,0.01,53,1186,19970,1559,373,662,Mosquera,Arsenal,DEF,1
662,327,13,0,False,2026-04-19T15:30:00Z,2,1,33,False,73,0,0,0,2,0,0,0,1,0,0,0,6,9.8,1.3,4.0,1.5,4,3,3,7,1,0.10,0.01,0.11,1.36,53,19,20008,552,533,662,Mosquera,Arsenal,DEF,0
662,331,15,0,True,2026-04-25T16:30:00Z,1,0,34,False,0,0,0,0,0,0,0,0,0,0,0,0,0,0.0,0.0,0.0,0.0,0,0,0,0,0,0.00,0.00,0.00,0.00,53,1981,24038,2372,391,662,Mosquera,Arsenal,DEF,0
662,341,10,1,True,2026-05-02T16:30:00Z,3,0,35,False,7,0,0,0,0,0,0,0,0,0,0,0,2,0.2,0.3,0.0,0.1,1,0,0,1,0,0.00,0.00,0.00,0.00,53,290,22407,1062,772,662,Mosquera,Arsenal,DEF,1
662,360,19,0,False,2026-05-10T15:30:00Z,0,1,36,False,45,0,0,0,0,0,0,0,1,0,0,0,1,4.4,13.1,2.0,2.0,1,3,1,2,0,0.00,0.03,0.03,1.01,53,-476,21931,445,921,662,Mosquera,Arsenal,DEF,0
662,361,3,6,True,2026-05-18T19:00:00Z,1,0,37,False,90,0,0,1,0,0,0,0,0,0,0,0,23,17.2,19.5,4.0,4.1,1,3,4,5,1,0.00,0.08,0.08,0.19,53,9184,31429,9816,632,662,Mosquera,Arsenal,DEF,6
662,373,8,4,False,2026-05-24T15:00:00Z,1,2,38,False,90,0,0,0,1,0,0,0,0,0,0,0,11,30.8,2.6,0.0,3.3,9,1,1,10,1,0.00,0.01,0.01,0.98,53,9207,41959,10241,1034,662,Mosquera,Arsenal,DEF,4
666,9,14,1,False,2025-08-17T15:30:00Z,0,1,1,False,59,0,0,0,0,0,0,0,0,0,0,0,0,0.4,5.5,6.0,1.2,1,1,0,2,1,0.00,0.06,0.06,0.70,90,0,2446382,0,0,666,Gyökeres,Arsenal,FWD,1
666,11,11,12,True,2025-08-23T16:30:00Z,5,0,2,False,90,2,0,1,0,0,0,0,0,0,0,2,44,67.0,1.6,44.0,11.3,2,3,0,5,1,1.28,0.03,1.31,0.17,90,-60979,2685766,203416,264395,666,Gyökeres,Arsenal,FWD,12
666,25,12,1,False,2025-08-31T15:30:00Z,1,0,3,False,90,0,0,0,1,0,0,0,1,0,0,0,8,7.0,26.0,4.0,3.7,1,1,0,2,1,0.00,0.16,0.16,0.52,90,65903,2805037,322756,256853,666,Gyökeres,Arsenal,FWD,1
666,31,16,6,True,2025-09-13T11:30:00Z,3,0,4,False,67,1,0,1,0,0,0,0,0,0,0,0,30,34.6,11.3,44.0,9.0,1,1,1,3,1,0.84,0.02,0.86,0.10,90,-5116,2960689,333371,338487,666,Gyökeres,Arsenal,FWD,6
666,41,13,2,True,2025-09-21T15:30:00Z,1,1,5,False,90,0,0,0,1,0,0,0,0,0,0,0,3,0.2,1.8,12.0,1.4,0,3,0,3,1,0.00,0.01,0.01,0.89,90,49418,3016420,250497,201079,666,Gyökeres,Arsenal,FWD,2
666,58,15,2,False,2025-09-28T15:30:00Z,1,2,6,False,90,0,0,0,1,0,0,0,0,0,0,0,9,7.6,21.7,52.0,8.1,1,4,1,6,1,0.26,0.12,0.38,0.61,90,19159,3054386,429849,410690,666,Gyökeres,Arsenal,FWD,2
666,61,19,2,True,2025-10-04T14:00:00Z,2,0,7,False,90,0,0,1,0,0,0,0,0,0,0,0,-1,1.4,1.3,52.0,5.5,0,1,0,1,1,0.63,0.05,0.68,0.49,90,268069,3392158,491582,223513,666,Gyökeres,Arsenal,FWD,2
666,74,10,2,False,2025-10-18T16:30:00Z,0,1,8,False,90,0,0,1,0,0,0,0,0,0,0,0,11,3.4,0.9,48.0,5.2,0,2,0,2,1,0.40,0.02,0.42,0.44,91,-309631,3063379,134799,444430,666,Gyökeres,Arsenal,FWD,2
666,81,8,2,True,2025-10-26T14:00:00Z,1,0,9,False,90,0,0,1,0,0,0,0,0,0,0,0,0,0.0,3.3,13.0,1.5,1,2,0,3,1,0.17,0.02,0.19,0.47,90,-298334,2776130,89972,388306,666,Gyökeres,Arsenal,FWD,2
666,92,3,7,False,2025-11-01T15:00:00Z,0,2,10,False,45,1,0,0,0,0,0,0,0,0,0,2,39,37.0,33.5,37.0,10.8,0,2,0,2,1,0.87,0.17,1.04,0.00,90,-166696,2620064,120568,287264,666,Gyökeres,Arsenal,FWD,7
666,108,17,0,False,2025-11-08T17:30:00Z,2,2,11,False,0,0,0,0,0,0,0,0,0,0,0,0,0,0.0,0.0,0.0,0.0,0,0,0,0,0,0.00,0.00,0.00,0.00,89,-787520,1816118,16740,804260,666,Gyökeres,Arsenal,FWD,0
666,111,18,0,True,2025-11-23T16:30:00Z,4,1,12,False,0,0,0,0,0,0,0,0,0,0,0,0,0,0.0,0.0,0.0,0.0,0,0,0,0,0,0.00,0.00,0.00,0.00,88,-358502,1471063,2898,361400,666,Gyökeres,Arsenal,FWD,0
666,123,7,0,False,2025-11-30T16:30:00Z,1,1,13,False,18,0,0,0,0,0,0,0,1,0,0,0,0,0.0,0.3,2.0,0.2,0,0,0,0,0,0.00,0.00,0.00,0.17,88,-144049,1339971,2949,146998,666,Gyökeres,Arsenal,FWD,0
666,131,5,1,True,2025-12-03T19:30:00Z,2,0,14,False,7,0,0,0,0,0,0,0,0,0,0,0,3,0.0,1.3,0.0,0.1,0,0,0,0,0,0.00,0.00,0.00,0.07,88,-15660,1339225,22390,38050,666,Gyökeres,Arsenal,FWD,1
666,141,2,1,False,2025-12-06T12:30:00Z,2,1,15,False,45,0,0,0,1,0,0,0,0,0,0,0,3,1.2,0.8,4.0,0.6,1,1,0,2,0,0.00,0.03,0.03,1.30,88,-29895,1309245,15138,45033,666,Gyökeres,Arsenal,FWD,1
666,151,20,2,True,2025-12-13T20:00:00Z,2,1,16,False,80,0,0,1,0,0,0,0,0,0,0,0,4,0.0,0.3,12.0,1.0,0,1,1,2,1,0.04,0.00,0.04,0.28,88,64294,1392430,121051,56757,666,Gyökeres,Arsenal,FWD,2
666,164,9,5,False,2025-12-20T20:00:00Z,0,1,17,False,64,1,0,1,0,0,0,0,1,0,0,0,17,31.2,10.6,33.0,7.5,0,0,1,1,1,0.91,0.15,1.06,0.18,88,-74635,1302160,12372,87007,666,Gyökeres,Arsenal,FWD,5
666,171,6,2,True,2025-12-27T15:00:00Z,2,1,18,False,70,0,0,0,1,0,0,0,0,0,0,0,5,5.0,0.7,40.0,4.6,1,1,0,2,1,0.60,0.01,0.61,0.54,88,-25018,1288330,19471,44489,666,Gyökeres,Arsenal,FWD,2
666,181,2,2,True,2025-12-30T20:15:00Z,4,1,19,False,76,0,0,1,0,0,0,0,0,0,0,0,-3,0.0,0.6,15.0,1.4,3,1,0,4,1,0.24,0.01,0.25,0.67,88,-34289,1249422,5964,40253,666,Gyökeres,Arsenal,FWD,2
666,192,4,2,False,2026-01-03T17:30:00Z,2,3,20,False,65,0,0,0,1,0,0,0,0,0,0,0,5,2.4,1.7,10.0,1.4,2,2,0,4,1,0.03,0.00,0.03,1.37,88,-22332,1232903,8470,30802,666,Gyökeres,Arsenal,FWD,2
666,201,12,2,True,2026-01-08T20:00:00Z,0,0,21,False,63,0,0,1,0,0,0,0,0,0,0,0,6,1.4,13.2,2.0,1.7,0,1,0,1,1,0.00,0.02,0.02,0.21,88,-23274,1210950,9458,32732,666,Gyökeres,Arsenal,FWD,2
666,217,16,1,False,2026-01-17T17:30:00Z,0,0,22,False,56,0,0,0,0,0,0,0,0,0,0,0,1,0.0,2.4,6.0,0.7,0,3,0,3,1,0.10,0.02,0.12,0.24,87,-14412,1200610,16167,30579,666,Gyökeres,Arsenal,FWD,1
666,221,14,1,True,2026-01-25T16:30:00Z,2,3,23,False,32,0,0,0,1,0,0,0,0,0,0,0,1,0.0,0.5,4.0,0.2,0,1,0,1,0,0.03,0.00,0.03,0.27,87,-9333,1192434,9489,18822,666,Gyökeres,Arsenal,FWD,1
666,234,11,7,False,2026-01-31T15:00:00Z,0,4,24,False,75,1,0,1,0,0,0,0,0,0,0,1,32,36.2,12.4,44.0,9.3,2,2,1,5,1,0.56,0.01,0.57,0.12,87,7024,1204119,28466,21442,666,Gyökeres,Arsenal,FWD,7
666,241,17,12,True,2026-02-07T15:00:00Z,3,0,25,False,30,2,0,0,0,0,0,0,0,0,0,3,54,66.0,0.3,50.0,11.6,0,1,0,1,0,0.92,0.00,0.92,0.02,87,41376,1253568,56158,14782,666,Gyökeres,Arsenal,FWD,12
666,252,5,1,False,2026-02-12T20:00:00Z,1,1,26,False,90,0,0,0,1,0,0,0,1,0,0,0,2,2.2,15.3,6.0,2.4,1,1,0,2,1,0.00,0.41,0.41,1.51,88,482757,1806438,497352,14595,666,Gyökeres,Arsenal,FWD,1
666,310,20,2,False,2026-02-18T20:00:00Z,2,2,26,False,64,0,0,0,1,0,0,0,0,0,0,0,7,2.4,10.7,2.0,1.5,1,0,0,1,1,0.00,0.01,0.01,0.12,88,482757,1806438,497352,14595,666,Gyökeres,Arsenal,FWD,2
666,269,18,13,False,2026-02-22T16:30:00Z,1,4,27,False,90,2,0,0,1,0,0,0,0,0,0,3,66,67.0,14.4,39.0,12.0,0,4,1,5,1,0.32,0.36,0.68,0.76,88,-201194,1527367,21508,222702,666,Gyökeres,Arsenal,FWD,13
666,271,7,2,True,2026-03-01T16:30:00Z,2,1,28,False,75,0,0,0,1,0,0,0,0,0,0,0,3,0.2,3.6,2.0,0.6,0,4,0,4,1,0.03,0.05,0.08,1.00,88,49376,1587066,92583,43207,666,Gyökeres,Arsenal,FWD,2
666,283,6,1,False,2026-03-04T19:30:00Z,0,1,29,False,58,0,0,0,0,0,0,0,0,0,0,0,-1,0.0,14.8,6.0,2.0,0,4,0,4,1,0.00,0.02,0.02,0.55,88,9593,1603810,68512,58919,666,Gyökeres,Arsenal,FWD,1
666,291,9,7,True,2026-03-14T17:30:00Z,2,0,30,False,29,1,0,0,0,0,0,0,0,0,0,2,34,40.0,0.5,33.0,7.4,2,0,0,2,0,1.00,0.00,0.99,0.08,88,-54288,1545202,34535,88823,666,Gyökeres,Arsenal,FWD,7
666,311,4,5,True,2026-04-11T11:30:00Z,1,2,32,False,90,1,0,0,2,0,0,0,1,0,0,0,6,26.2,3.1,36.0,6.5,0,0,0,0,1,1.02,0.01,1.03,1.19,88,55438,1547887,83677,28239,666,Gyökeres,Arsenal,FWD,5
666,327,13,1,False,2026-04-19T15:30:00Z,2,1,33,False,6,0,0,0,0,0,0,0,0,0,0,0,3,0.0,0.0,0.0,0.0,0,0,0,0,0,0.00,0.00,0.00,0.00,88,-41255,1480943,35537,76792,666,Gyökeres,Arsenal,FWD,1
666,331,15,1,True,2026-04-25T16:30:00Z,1,0,34,False,56,0,0,0,0,0,0,0,0,0,0,0,5,6.0,10.6,7.0,2.4,2,0,0,2,0,0.03,0.01,0.04,0.67,88,93118,1677687,121693,28575,666,Gyökeres,Arsenal,FWD,1
666,341,10,16,True,2026-05-02T16:30:00Z,3,0,35,False,63,2,1,1,0,0,0,0,0,0,0,3,66,88.2,13.4,88.0,19.0,0,2,0,2,1,1.70,0.02,1.72,0.20,88,-11602,1585802,51537,63139,666,Gyökeres,Arsenal,FWD,16
666,360,19,2,False,2026-05-10T15:30:00Z,0,1,36,False,90,0,0,1,0,0,0,0,0,0,0,0,5,0.0,14.4,9.0,2.2,1,3,0,4,1,0.12,0.03,0.15,1.15,89,386691,1990532,410147,23456,666,Gyökeres,Arsenal,FWD,2
666,361,3,1,True,2026-05-18T19:00:00Z,1,0,37,False,17,0,0,0,0,0,0,0,0,0,0,0,3,2.0,0.5,4.0,0.7,0,1,1,2,0,0.00,0.01,0.01,0.00,90,395946,2388342,413927,17981,666,Gyökeres,Arsenal,FWD,1
666,373,8,1,False,2026-05-24T15:00:00Z,1,2,38,False,7,0,0,0,1,0,0,0,0,0,0,0,4,3.4,18.4,6.0,2.8,0,2,0,2,0,0.16,0.10,0.26,0.75,91,-220550,2137484,55540,276090,666,Gyökeres,Arsenal,FWD,1
700,11,11,4,True,2025-08-23T16:30:00Z,5,0,2,False,26,0,1,0,0,0,0,0,0,0,0,0,13,1.0,0.5,15.0,1.7,0,1,2,3,0,0.08,0.02,0.10,0.00,45,0,0,0,0,700,Dowman,Arsenal,MID,4
700,25,12,1,False,2025-08-31T15:30:00Z,1,0,3,False,1,0,0,0,0,0,0,0,0,0,0,0,0,0.0,0.3,11.0,1.1,0,0,0,0,0,0.06,0.00,0.06,0.12,45,20355,31938,26751,6396,700,Dowman,Arsenal,MID,1
700,31,16,0,True,2025-09-13T11:30:00Z,3,0,4,False,0,0,0,0,0,0,0,0,0,0,0,0,0,0.0,0.0,0.0,0.0,0,0,0,0,0,0.00,0.00,0.00,0.00,45,16509,49572,25843,9334,700,Dowman,Arsenal,MID,0
700,41,13,0,True,2025-09-21T15:30:00Z,1,1,5,False,0,0,0,0,0,0,0,0,0,0,0,0,0,0.0,0.0,0.0,0.0,0,0,0,0,0,0.00,0.00,0.00,0.00,45,2281,50056,9112,6831,700,Dowman,Arsenal,MID,0
700,58,15,0,False,2025-09-28T15:30:00Z,1,2,6,False,0,0,0,0,0,0,0,0,0,0,0,0,0,0.0,0.0,0.0,0.0,0,0,0,0,0,0.00,0.00,0.00,0.00,45,-1937,48126,4993,6930,700,Dowman,Arsenal,MID,0
700,61,19,0,True,2025-10-04T14:00:00Z,2,0,7,False,0,0,0,0,0,0,0,0,0,0,0,0,0,0.0,0.0,0.0,0.0,0,0,0,0,0,0.00,0.00,0.00,0.00,45,-3747,44480,2112,5859,700,Dowman,Arsenal,MID,0
700,74,10,0,False,2025-10-18T16:30:00Z,0,1,8,False,0,0,0,0,0,0,0,0,0,0,0,0,0,0.0,0.0,0.0,0.0,0,0,0,0,0,0.00,0.00,0.00,0.00,44,-4656,40491,2309,6965,700,Dowman,Arsenal,MID,0
700,81,8,0,True,2025-10-26T14:00:00Z,1,0,9,False,0,0,0,0,0,0,0,0,0,0,0,0,0,0.0,0.0,0.0,0.0,0,0,0,0,0,0.00,0.00,0.00,0.00,44,-1337,40339,3948,5285,700,Dowman,Arsenal,MID,0
700,92,3,0,False,2025-11-01T15:00:00Z,0,2,10,False,0,0,0,0,0,0,0,0,0,0,0,0,0,0.0,0.0,0.0,0.0,0,0,0,0,0,0.00,0.00,0.00,0.00,44,-3452,36923,1991,5443,700,Dowman,Arsenal,MID,0
700,108,17,0,False,2025-11-08T17:30:00Z,2,2,11,False,0,0,0,0,0,0,0,0,0,0,0,0,0,0.0,0.0,0.0,0.0,0,0,0,0,0,0.00,0.00,0.00,0.00,43,5692,45224,10363,4671,700,Dowman,Arsenal,MID,0
700,111,18,0,True,2025-11-23T16:30:00Z,4,1,12,False,0,0,0,0,0,0,0,0,0,0,0,0,0,0.0,0.0,0.0,0.0,0,0,0,0,0,0.00,0.00,0.00,0.00,43,7276,65713,12029,4753,700,Dowman,Arsenal,MID,0
700,123,7,0,False,2025-11-30T16:30:00Z,1,1,13,False,0,0,0,0,0,0,0,0,0,0,0,0,0,0.0,0.0,0.0,0.0,0,0,0,0,0,0.00,0.00,0.00,0.00,43,-530,64558,4826,5356,700,Dowman,Arsenal,MID,0
700,131,5,0,True,2025-12-03T19:30:00Z,2,0,14,False,0,0,0,0,0,0,0,0,0,0,0,0,0,0.0,0.0,0.0,0.0,0,0,0,0,0,0.00,0.00,0.00,0.00,43,1393,58520,5379,3986,700,Dowman,Arsenal,MID,0
700,141,2,0,False,2025-12-06T12:30:00Z,2,1,15,False,0,0,0,0,0,0,0,0,0,0,0,0,0,0.0,0.0,0.0,0.0,0,0,0,0,0,0.00,0.00,0.00,0.00,43,1891,62615,6809,4918,700,Dowman,Arsenal,MID,0
700,151,20,0,True,2025-12-13T20:00:00Z,2,1,16,False,0,0,0,0,0,0,0,0,0,0,0,0,0,0.0,0.0,0.0,0.0,0,0,0,0,0,0.00,0.00,0.00,0.00,43,-8197,50824,5693,13890,700,Dowman,Arsenal,MID,0
700,164,9,0,False,2025-12-20T20:00:00Z,0,1,17,False,0,0,0,0,0,0,0,0,0,0,0,0,0,0.0,0.0,0.0,0.0,0,0,0,0,0,0.00,0.00,0.00,0.00,43,-4689,47164,2262,6951,700,Dowman,Arsenal,MID,0
700,171,6,0,True,2025-12-27T15:00:00Z,2,1,18,False,0,0,0,0,0,0,0,0,0,0,0,0,0,0.0,0.0,0.0,0.0,0,0,0,0,0,0.00,0.00,0.00,0.00,43,-2335,47073,2339,4674,700,Dowman,Arsenal,MID,0
700,181,2,0,True,2025-12-30T20:15:00Z,4,1,19,False,0,0,0,0,0,0,0,0,0,0,0,0,0,0.0,0.0,0.0,0.0,0,0,0,0,0,0.00,0.00,0.00,0.00,43,-1478,46323,1407,2885,700,Dowman,Arsenal,MID,0
700,192,4,0,False,2026-01-03T17:30:00Z,2,3,20,False,0,0,0,0,0,0,0,0,0,0,0,0,0,0.0,0.0,0.0,0.0,0,0,0,0,0,0.00,0.00,0.00,0.00,43,-1270,42289,1032,2302,700,Dowman,Arsenal,MID,0
700,201,12,0,True,2026-01-08T20:00:00Z,0,0,21,False,0,0,0,0,0,0,0,0,0,0,0,0,0,0.0,0.0,0.0,0.0,0,0,0,0,0,0.00,0.00,0.00,0.00,43,-1556,40841,789,2345,700,Dowman,Arsenal,MID,0
700,217,16,0,False,2026-01-17T17:30:00Z,0,0,22,False,0,0,0,0,0,0,0,0,0,0,0,0,0,0.0,0.0,0.0,0.0,0,0,0,0,0,0.00,0.00,0.00,0.00,42,-563,40749,2440,3003,700,Dowman,Arsenal,MID,0
700,221,14,0,True,2026-01-25T16:30:00Z,2,3,23,False,0,0,0,0,0,0,0,0,0,0,0,0,0,0.0,0.0,0.0,0.0,0,0,0,0,0,0.00,0.00,0.00,0.00,42,2537,43875,4605,2068,700,Dowman,Arsenal,MID,0
700,234,11,0,False,2026-01-31T15:00:00Z,0,4,24,False,0,0,0,0,0,0,0,0,0,0,0,0,0,0.0,0.0,0.0,0.0,0,0,0,0,0,0.00,0.00,0.00,0.00,42,2896,47229,6307,3411,700,Dowman,Arsenal,MID,0
700,241,17,0,True,2026-02-07T15:00:00Z,3,0,25,False,0,0,0,0,0,0,0,0,0,0,0,0,0,0.0,0.0,0.0,0.0,0,0,0,0,0,0.00,0.00,0.00,0.00,42,3239,50037,6484,3245,700,Dowman,Arsenal,MID,0
700,252,5,0,False,2026-02-12T20:00:00Z,1,1,26,False,0,0,0,0,0,0,0,0,0,0,0,0,0,0.0,0.0,0.0,0.0,0,0,0,0,0,0.00,0.00,0.00,0.00,42,1308,50914,6654,5346,700,Dowman,Arsenal,MID,0
700,310,20,0,False,2026-02-18T20:00:00Z,2,2,26,False,0,0,0,0,0,0,0,0,0,0,0,0,0,0.0,0.0,0.0,0.0,0,0,0,0,0,0.00,0.00,0.00,0.00,42,1308,50914,6654,5346,700,Dowman,Arsenal,MID,0
700,269,18,0,False,2026-02-22T16:30:00Z,1,4,27,False,0,0,0,0,0,0,0,0,0,0,0,0,0,0.0,0.0,0.0,0.0,0,0,0,0,0,0.00,0.00,0.00,0.00,42,6329,59428,9796,3467,700,Dowman,Arsenal,MID,0
700,271,7,0,True,2026-03-01T16:30:00Z,2,1,28,False,0,0,0,0,0,0,0,0,0,0,0,0,0,0.0,0.0,0.0,0.0,0,0,0,0,0,0.00,0.00,0.00,0.00,42,3572,63760,6417,2845,700,Dowman,Arsenal,MID,0
700,283,6,0,False,2026-03-04T19:30:00Z,0,1,29,False,0,0,0,0,0,0,0,0,0,0,0,0,0,0.0,0.0,0.0,0.0,0,0,0,0,0,0.00,0.00,0.00,0.00,42,2164,64410,6555,4391,700,Dowman,Arsenal,MID,0
700,291,9,6,True,2026-03-14T17:30:00Z,2,0,30,False,16,1,0,0,0,0,0,0,0,0,0,0,26,37.2,22.5,21.0,8.1,0,4,0,4,0,0.97,0.02,0.99,0.06,42,6175,71170,10087,3912,700,Dowman,Arsenal,MID,6
700,311,4,1,True,2026-04-11T11:30:00Z,1,2,32,False,36,0,0,0,1,0,0,0,0,0,0,0,4,3.0,15.1,10.0,2.8,0,0,0,0,0,0.00,0.10,0.10,0.49,42,14349,88321,18803,4454,700,Dowman,Arsenal,MID,1
700,327,13,0,False,2026-04-19T15:30:00Z,2,1,33,False,0,0,0,0,0,0,0,0,0,0,0,0,0,0.0,0.0,0.0,0.0,0,0,0,0,0,0.00,0.00,0.00,0.00,42,5622,99191,12015,6393,700,Dowman,Arsenal,MID,0
700,331,15,0,True,2026-04-25T16:30:00Z,1,0,34,False,0,0,0,0,0,0,0,0,0,0,0,0,0,0.0,0.0,0.0,0.0,0,0,0,0,0,0.00,0.00,0.00,0.00,42,3060,149732,9474,6414,700,Dowman,Arsenal,MID,0
700,341,10,1,True,2026-05-02T16:30:00Z,3,0,35,False,12,0,0,0,0,0,0,0,0,0,0,0,4,1.4,0.3,4.0,0.6,1,3,0,4,0,0.08,0.00,0.08,0.00,42,4002,100887,10295,6293,700,Dowman,Arsenal,MID,1
700,360,19,0,False,2026-05-10T15:30:00Z,0,1,36,False,0,0,0,0,0,0,0,0,0,0,0,0,0,0.0,0.0,0.0,0.0,0,0,0,0,0,0.00,0.00,0.00,0.00,42,6403,109683,14304,7901,700,Dowman,Arsenal,MID,0
700,361,3,0,True,2026-05-18T19:00:00Z,1,0,37,False,0,0,0,0,0,0,0,0,0,0,0,0,0,0.0,0.0,0.0,0.0,0,0,0,0,0,0.00,0.00,0.00,0.00,42,-2538,104655,5600,8138,700,Dowman,Arsenal,MID,0
700,373,8,3,False,2026-05-24T15:00:00Z,1,2,38,False,61,0,0,1,0,0,0,0,0,0,0,0,4,2.6,16.8,4.0,2.3,0,5,0,5,1,0.00,0.16,0.16,0.21,42,17366,127316,25166,7800,700,Dowman,Arsenal,MID,3
711,25,12,0,False,2025-08-31T15:30:00Z,1,0,3,False,0,0,0,0,0,0,0,0,0,0,0,0,0,0.0,0.0,0.0,0.0,0,0,0,0,0,0.00,0.00,0.00,0.00,45,0,0,0,0,711,Harriman-Annous,Arsenal,MID,0
711,31,16,0,True,2025-09-13T11:30:00Z,3,0,4,False,0,0,0,0,0,0,0,0,0,0,0,0,0,0.0,0.0,0.0,0.0,0,0,0,0,0,0.00,0.00,0.00,0.00,45,307,791,417,110,711,Harriman-Annous,Arsenal,MID,0
711,41,13,0,True,2025-09-21T15:30:00Z,1,1,5,False,0,0,0,0,0,0,0,0,0,0,0,0,0,0.0,0.0,0.0,0.0,0,0,0,0,0,0.00,0.00,0.00,0.00,45,49,981,183,134,711,Harriman-Annous,Arsenal,MID,0
711,58,15,0,False,2025-09-28T15:30:00Z,1,2,6,False,0,0,0,0,0,0,0,0,0,0,0,0,0,0.0,0.0,0.0,0.0,0,0,0,0,0,0.00,0.00,0.00,0.00,45,44,1151,166,122,711,Harriman-Annous,Arsenal,MID,0
711,61,19,0,True,2025-10-04T14:00:00Z,2,0,7,False,0,0,0,0,0,0,0,0,0,0,0,0,0,0.0,0.0,0.0,0.0,0,0,0,0,0,0.00,0.00,0.00,0.00,45,4,1240,114,110,711,Harriman-Annous,Arsenal,MID,0
711,74,10,0,False,2025-10-18T16:30:00Z,0,1,8,False,0,0,0,0,0,0,0,0,0,0,0,0,0,0.0,0.0,0.0,0.0,0,0,0,0,0,0.00,0.00,0.00,0.00,45,-49,1340,76,125,711,Harriman-Annous,Arsenal,MID,0
711,81,8,0,True,2025-10-26T14:00:00Z,1,0,9,False,0,0,0,0,0,0,0,0,0,0,0,0,0,0.0,0.0,0.0,0.0,0,0,0,0,0,0.00,0.00,0.00,0.00,45,-48,1356,48,96,711,Harriman-Annous,Arsenal,MID,0
711,92,3,0,False,2025-11-01T15:00:00Z,0,2,10,False,0,0,0,0,0,0,0,0,0,0,0,0,0,0.0,0.0,0.0,0.0,0,0,0,0,0,0.00,0.00,0.00,0.00,45,-30,1380,46,76,711,Harriman-Annous,Arsenal,MID,0
711,108,17,0,False,2025-11-08T17:30:00Z,2,2,11,False,0,0,0,0,0,0,0,0,0,0,0,0,0,0.0,0.0,0.0,0.0,0,0,0,0,0,0.00,0.00,0.00,0.00,45,-24,1414,53,77,711,Harriman-Annous,Arsenal,MID,0
711,111,18,0,True,2025-11-23T16:30:00Z,4,1,12,False,0,0,0,0,0,0,0,0,0,0,0,0,0,0.0,0.0,0.0,0.0,0,0,0,0,0,0.00,0.00,0.00,0.00,45,-16,1482,50,66,711,Harriman-Annous,Arsenal,MID,0
711,123,7,0,False,2025-11-30T16:30:00Z,1,1,13,False,0,0,0,0,0,0,0,0,0,0,0,0,0,0.0,0.0,0.0,0.0,0,0,0,0,0,0.00,0.00,0.00,0.00,45,-29,1517,34,63,711,Harriman-Annous,Arsenal,MID,0
711,131,5,0,True,2025-12-03T19:30:00Z,2,0,14,False,0,0,0,0,0,0,0,0,0,0,0,0,0,0.0,0.0,0.0,0.0,0,0,0,0,0,0.00,0.00,0.00,0.00,45,-11,1522,28,39,711,Harriman-Annous,Arsenal,MID,0
711,141,2,0,False,2025-12-06T12:30:00Z,2,1,15,False,0,0,0,0,0,0,0,0,0,0,0,0,0,0.0,0.0,0.0,0.0,0,0,0,0,0,0.00,0.00,0.00,0.00,45,9,1579,57,48,711,Harriman-Annous,Arsenal,MID,0
711,151,20,0,True,2025-12-13T20:00:00Z,2,1,16,False,0,0,0,0,0,0,0,0,0,0,0,0,0,0.0,0.0,0.0,0.0,0,0,0,0,0,0.00,0.00,0.00,0.00,45,-33,1593,77,110,711,Harriman-Annous,Arsenal,MID,0
711,164,9,0,False,2025-12-20T20:00:00Z,0,1,17,False,0,0,0,0,0,0,0,0,0,0,0,0,0,0.0,0.0,0.0,0.0,0,0,0,0,0,0.00,0.00,0.00,0.00,45,6,1672,83,77,711,Harriman-Annous,Arsenal,MID,0
711,171,6,0,True,2025-12-27T15:00:00Z,2,1,18,False,0,0,0,0,0,0,0,0,0,0,0,0,0,0.0,0.0,0.0,0.0,0,0,0,0,0,0.00,0.00,0.00,0.00,45,5,1724,75,70,711,Harriman-Annous,Arsenal,MID,0
711,181,2,0,True,2025-12-30T20:15:00Z,4,1,19,False,0,0,0,0,0,0,0,0,0,0,0,0,0,0.0,0.0,0.0,0.0,0,0,0,0,0,0.00,0.00,0.00,0.00,45,-23,1747,28,51,711,Harriman-Annous,Arsenal,MID,0
711,192,4,0,False,2026-01-03T17:30:00Z,2,3,20,False,0,0,0,0,0,0,0,0,0,0,0,0,0,0.0,0.0,0.0,0.0,0,0,0,0,0,0.00,0.00,0.00,0.00,45,-11,1729,28,39,711,Harriman-Annous,Arsenal,MID,0
711,201,12,0,True,2026-01-08T20:00:00Z,0,0,21,False,0,0,0,0,0,0,0,0,0,0,0,0,0,0.0,0.0,0.0,0.0,0,0,0,0,0,0.00,0.00,0.00,0.00,45,-34,1722,25,59,711,Harriman-Annous,Arsenal,MID,0
711,217,16,0,False,2026-01-17T17:30:00Z,0,0,22,False,0,0,0,0,0,0,0,0,0,0,0,0,0,0.0,0.0,0.0,0.0,0,0,0,0,0,0.00,0.00,0.00,0.00,45,-20,1731,39,59,711,Harriman-Annous,Arsenal,MID,0
711,221,14,0,True,2026-01-25T16:30:00Z,2,3,23,False,0,0,0,0,0,0,0,0,0,0,0,0,0,0.0,0.0,0.0,0.0,0,0,0,0,0,0.00,0.00,0.00,0.00,44,10,1772,32,22,711,Harriman-Annous,Arsenal,MID,0
711,234,11,0,False,2026-01-31T15:00:00Z,0,4,24,False,0,0,0,0,0,0,0,0,0,0,0,0,0,0.0,0.0,0.0,0.0,0,0,0,0,0,0.00,0.00,0.00,0.00,44,6,1812,35,29,711,Harriman-Annous,Arsenal,MID,0
711,241,17,0,True,2026-02-07T15:00:00Z,3,0,25,False,0,0,0,0,0,0,0,0,0,0,0,0,0,0.0,0.0,0.0,0.0,0,0,0,0,0,0.00,0.00,0.00,0.00,44,-8,1836,38,46,711,Harriman-Annous,Arsenal,MID,0
711,252,5,0,False,2026-02-12T20:00:00Z,1,1,26,False,0,0,0,0,0,0,0,0,0,0,0,0,0,0.0,0.0,0.0,0.0,0,0,0,0,0,0.00,0.00,0.00,0.00,44,16,1872,56,40,711,Harriman-Annous,Arsenal,MID,0
711,310,20,0,False,2026-02-18T20:00:00Z,2,2,26,False,0,0,0,0,0,0,0,0,0,0,0,0,0,0.0,0.0,0.0,0.0,0,0,0,0,0,0.00,0.00,0.00,0.00,44,16,1872,56,40,711,Harriman-Annous,Arsenal,MID,0
711,269,18,0,False,2026-02-22T16:30:00Z,1,4,27,False,0,0,0,0,0,0,0,0,0,0,0,0,0,0.0,0.0,0.0,0.0,0,0,0,0,0,0.00,0.00,0.00,0.00,44,10,1933,59,49,711,Harriman-Annous,Arsenal,MID,0
711,271,7,0,True,2026-03-01T16:30:00Z,2,1,28,False,0,0,0,0,0,0,0,0,0,0,0,0,0,0.0,0.0,0.0,0.0,0,0,0,0,0,0.00,0.00,0.00,0.00,44,-4,1956,22,26,711,Harriman-Annous,Arsenal,MID,0
711,283,6,0,False,2026-03-04T19:30:00Z,0,1,29,False,0,0,0,0,0,0,0,0,0,0,0,0,0,0.0,0.0,0.0,0.0,0,0,0,0,0,0.00,0.00,0.00,0.00,44,-4,1969,21,25,711,Harriman-Annous,Arsenal,MID,0
711,291,9,0,True,2026-03-14T17:30:00Z,2,0,30,False,0,0,0,0,0,0,0,0,0,0,0,0,0,0.0,0.0,0.0,0.0,0,0,0,0,0,0.00,0.00,0.00,0.00,44,-5,1990,28,33,711,Harriman-Annous,Arsenal,MID,0
711,311,4,0,True,2026-04-11T11:30:00Z,1,2,32,False,0,0,0,0,0,0,0,0,0,0,0,0,0,0.0,0.0,0.0,0.0,0,0,0,0,0,0.00,0.00,0.00,0.00,44,0,2025,25,25,711,Harriman-Annous,Arsenal,MID,0
711,327,13,0,False,2026-04-19T15:30:00Z,2,1,33,False,0,0,0,0,0,0,0,0,0,0,0,0,0,0.0,0.0,0.0,0.0,0,0,0,0,0,0.00,0.00,0.00,0.00,44,-15,2041,15,30,711,Harriman-Annous,Arsenal,MID,0
711,331,15,0,True,2026-04-25T16:30:00Z,1,0,34,False,0,0,0,0,0,0,0,0,0,0,0,0,0,0.0,0.0,0.0,0.0,0,0,0,0,0,0.00,0.00,0.00,0.00,44,2,2068,16,14,711,Harriman-Annous,Arsenal,MID,0
711,341,10,0,True,2026-05-02T16:30:00Z,3,0,35,False,0,0,0,0,0,0,0,0,0,0,0,0,0,0.0,0.0,0.0,0.0,0,0,0,0,0,0.00,0.00,0.00,0.00,44,6,2065,24,18,711,Harriman-Annous,Arsenal,MID,0
711,360,19,0,False,2026-05-10T15:30:00Z,0,1,36,False,0,0,0,0,0,0,0,0,0,0,0,0,0,0.0,0.0,0.0,0.0,0,0,0,0,0,0.00,0.00,0.00,0.00,44,-4,2074,22,26,711,Harriman-Annous,Arsenal,MID,0
711,361,3,0,True,2026-05-18T19:00:00Z,1,0,37,False,0,0,0,0,0,0,0,0,0,0,0,0,0,0.0,0.0,0.0,0.0,0,0,0,0,0,0.00,0.00,0.00,0.00,44,2,2086,16,14,711,Harriman-Annous,Arsenal,MID,0
711,373,8,0,False,2026-05-24T15:00:00Z,1,2,38,False,0,0,0,0,0,0,0,0,0,0,0,0,0,0.0,0.0,0.0,0.0,0,0,0,0,0,0.00,0.00,0.00,0.00,44,33,2146,53,20,711,Harriman-Annous,Arsenal,MID,0
725,31,16,0,True,2025-09-13T11:30:00Z,3,0,4,False,0,0,0,0,0,0,0,0,0,0,0,0,0,0.0,0.0,0.0,0.0,0,0,0,0,0,0.00,0.00,0.00,0.00,55,1829,3194,2202,373,725,Hincapie,Arsenal,DEF,0
725,41,13,0,True,2025-09-21T15:30:00Z,1,1,5,False,0,0,0,0,0,0,0,0,0,0,0,0,0,0.0,0.0,0.0,0.0,0,0,0,0,0,0.00,0.00,0.00,0.00,55,87,3869,897,810,725,Hincapie,Arsenal,DEF,0
725,58,15,0,False,2025-09-28T15:30:00Z,1,2,6,False,0,0,0,0,0,0,0,0,0,0,0,0,0,0.0,0.0,0.0,0.0,0,0,0,0,0,0.00,0.00,0.00,0.00,55,-640,3593,372,1012,725,Hincapie,Arsenal,DEF,0
725,61,19,0,True,2025-10-04T14:00:00Z,2,0,7,False,0,0,0,0,0,0,0,0,0,0,0,0,0,0.0,0.0,0.0,0.0,0,0,0,0,0,0.00,0.00,0.00,0.00,54,-714,2946,29,743,725,Hincapie,Arsenal,DEF,0
725,74,10,0,False,2025-10-18T16:30:00Z,0,1,8,False,0,0,0,0,0,0,0,0,0,0,0,0,0,0.0,0.0,0.0,0.0,0,0,0,0,0,0.00,0.00,0.00,0.00,54,-297,2768,65,362,725,Hincapie,Arsenal,DEF,0
725,81,8,1,True,2025-10-26T14:00:00Z,1,0,9,False,8,0,0,0,0,0,0,0,0,0,0,0,4,0.0,0.3,0.0,0.0,0,0,0,0,0,0.00,0.00,0.00,0.01,54,80,3037,198,118,725,Hincapie,Arsenal,DEF,1
725,92,3,1,False,2025-11-01T15:00:00Z,0,2,10,False,18,0,0,0,0,0,0,0,0,0,0,0,3,0.8,0.3,0.0,0.1,0,0,0,0,0,0.00,0.00,0.00,0.40,54,165,3394,377,212,725,Hincapie,Arsenal,DEF,1
725,108,17,0,False,2025-11-08T17:30:00Z,2,2,11,False,0,0,0,0,0,0,0,0,0,0,0,0,0,0.0,0.0,0.0,0.0,0,0,0,0,0,0.00,0.00,0.00,0.00,54,25,3579,261,236,725,Hincapie,Arsenal,DEF,0
725,111,18,2,True,2025-11-23T16:30:00Z,4,1,12,False,87,0,0,0,1,0,0,0,0,0,0,0,10,11.4,0.8,2.0,1.4,5,5,1,6,1,0.00,0.01,0.01,0.07,54,2958,7080,3358,400,725,Hincapie,Arsenal,DEF,2
725,123,7,1,False,2025-11-30T16:30:00Z,1,1,13,False,90,0,0,0,1,0,0,0,1,0,0,0,9,14.0,2.1,0.0,1.6,4,6,2,6,1,0.00,0.43,0.43,0.79,54,2819,9982,3569,750,725,Hincapie,Arsenal,DEF,1
725,131,5,8,True,2025-12-03T19:30:00Z,2,0,14,False,90,0,0,1,0,0,0,0,0,0,0,0,30,22.4,1.7,0.0,2.4,8,3,2,10,1,0.00,0.01,0.01,0.35,54,6381,18501,7061,680,725,Hincapie,Arsenal,DEF,8
725,141,2,3,False,2025-12-06T12:30:00Z,2,1,15,False,90,0,0,0,2,0,0,0,0,0,0,0,11,33.2,0.9,0.0,3.4,10,6,3,13,1,0.00,0.01,0.01,2.16,54,11112,29638,12834,1722,725,Hincapie,Arsenal,DEF,3
725,151,20,4,True,2025-12-13T20:00:00Z,2,1,16,False,90,0,0,0,1,0,0,0,0,0,0,0,14,30.8,14.1,4.0,4.9,11,5,1,12,1,0.00,0.02,0.02,0.38,55,331184,417978,336617,5433,725,Hincapie,Arsenal,DEF,4
725,164,9,10,False,2025-12-20T20:00:00Z,0,1,17,False,90,0,0,1,0,0,0,0,0,0,0,2,31,32.6,1.5,4.0,3.8,13,1,1,14,1,0.00,0.02,0.02,0.20,55,8220,374548,36534,28314,725,Hincapie,Arsenal,DEF,10
725,171,6,1,True,2025-12-27T15:00:00Z,2,1,18,False,90,0,0,0,1,0,0,0,1,0,0,0,10,11.8,2.9,2.0,1.7,2,3,4,6,1,0.00,0.01,0.01,0.85,55,-36212,311049,24702,60914,725,Hincapie,Arsenal,DEF,1
725,181,2,2,True,2025-12-30T20:15:00Z,4,1,19,False,90,0,0,0,1,0,0,0,0,0,0,0,15,17.6,16.3,2.0,3.6,4,5,2,6,1,0.00,0.15,0.15,2.67,55,-46252,265675,10120,56372,725,Hincapie,Arsenal,DEF,2
725,192,4,1,False,2026-01-03T17:30:00Z,2,3,20,False,90,0,0,0,2,0,0,0,0,0,0,0,5,10.8,15.6,4.0,3.0,2,0,2,4,1,0.00,0.07,0.07,1.43,54,-46579,241241,11481,58060,725,Hincapie,Arsenal,DEF,1
725,201,12,1,True,2026-01-08T20:00:00Z,0,0,21,False,56,0,0,0,0,0,0,0,0,0,0,0,5,3.2,1.8,2.0,0.7,2,2,1,3,1,0.00,0.01,0.01,0.14,53,-47971,193067,4346,52317,725,Hincapie,Arsenal,DEF,1
725,217,16,0,False,2026-01-17T17:30:00Z,0,0,22,False,0,0,0,0,0,0,0,0,0,0,0,0,0,0.0,0.0,0.0,0.0,0,0,0,0,0,0.00,0.00,0.00,0.00,52,-68121,126004,2471,70592,725,Hincapie,Arsenal,DEF,0
725,221,14,0,True,2026-01-25T16:30:00Z,2,3,23,False,57,0,0,0,2,0,0,0,0,0,0,0,-2,7.8,2.2,0.0,1.0,4,1,1,5,1,0.00,0.01,0.01,0.44,52,-35234,91934,130,35364,725,Hincapie,Arsenal,DEF,1
725,234,11,6,False,2026-01-31T15:00:00Z,0,4,24,False,74,0,0,1,0,0,0,0,0,0,0,0,21,13.2,2.1,4.0,1.9,4,2,2,6,1,0.00,0.01,0.01,0.12,51,-11281,81333,3899,15180,725,Hincapie,Arsenal,DEF,6
725,241,17,1,True,2026-02-07T15:00:00Z,3,0,25,False,23,0,0,0,0,0,0,0,0,0,0,0,3,0.0,1.9,0.0,0.2,0,1,0,0,0,0.00,0.00,0.00,0.02,51,5729,87641,10834,5105,725,Hincapie,Arsenal,DEF,1
725,252,5,7,False,2026-02-12T20:00:00Z,1,1,26,False,80,0,1,0,1,0,0,0,0,0,0,2,27,35.4,18.3,6.0,6.0,4,4,3,7,1,0.00,0.15,0.15,1.18,51,-10131,75833,6559,16690,725,Hincapie,Arsenal,DEF,7
725,310,20,8,False,2026-02-18T20:00:00Z,2,2,26,False,90,1,0,0,2,0,0,0,0,0,0,1,29,61.0,38.4,21.0,12.0,8,2,1,9,1,0.31,0.17,0.48,0.29,51,-10131,75833,6559,16690,725,Hincapie,Arsenal,DEF,8
725,269,18,4,False,2026-02-22T16:30:00Z,1,4,27,False,90,0,0,0,1,0,0,0,0,0,0,0,17,25.0,35.4,2.0,6.2,4,3,7,11,1,0.02,0.27,0.29,0.76,51,8186,86700,12326,4140,725,Hincapie,Arsenal,DEF,4
725,271,7,0,True,2026-03-01T16:30:00Z,2,1,28,False,90,0,0,0,1,1,0,0,0,0,0,0,-3,1.6,0.2,0.0,0.2,3,2,2,5,1,0.00,0.00,0.00,1.05,51,7271,94177,11572,4301,725,Hincapie,Arsenal,DEF,2
725,283,6,9,False,2026-03-04T19:30:00Z,0,1,29,False,90,0,0,1,0,0,0,0,0,0,0,1,25,26.4,0.7,0.0,2.7,13,4,3,16,1,0.00,0.00,0.00,0.82,51,5961,100454,10936,4975,725,Hincapie,Arsenal,DEF,9
725,291,9,4,True,2026-03-14T17:30:00Z,2,0,30,False,16,0,1,0,0,0,0,0,0,0,0,0,18,24.4,10.9,4.0,3.9,1,0,1,2,0,0.00,0.04,0.04,0.06,51,17613,118912,21179,3566,725,Hincapie,Arsenal,DEF,4
725,311,4,0,True,2026-04-11T11:30:00Z,1,2,32,False,0,0,0,0,0,0,0,0,0,0,0,0,0,0.0,0.0,0.0,0.0,0,0,0,0,0,0.00,0.00,0.00,0.00,51,-12405,96674,5775,18180,725,Hincapie,Arsenal,DEF,0
725,327,13,1,False,2026-04-19T15:30:00Z,2,1,33,False,90,0,0,0,2,0,0,0,0,0,0,0,7,21.6,0.8,2.0,2.4,6,1,3,9,1,0.00,0.01,0.01,1.36,51,-8325,85559,1665,9990,725,Hincapie,Arsenal,DEF,1
725,331,15,9,True,2026-04-25T16:30:00Z,1,0,34,False,90,0,0,1,0,0,0,0,0,0,0,1,28,29.8,11.8,2.0,4.4,10,3,5,15,1,0.00,0.25,0.25,1.00,51,13239,115181,16645,3406,725,Hincapie,Arsenal,DEF,9
725,341,10,0,True,2026-05-02T16:30:00Z,3,0,35,False,0,0,0,0,0,0,0,0,0,0,0,0,0,0.0,0.0,0.0,0.0,0,0,0,0,0,0.00,0.00,0.00,0.00,51,34361,137570,41054,6693,725,Hincapie,Arsenal,DEF,0
725,360,19,0,False,2026-05-10T15:30:00Z,0,1,36,False,0,0,0,0,0,0,0,0,0,0,0,0,0,0.0,0.0,0.0,0.0,0,0,0,0,0,0.00,0.00,0.00,0.00,51,-14350,121899,4023,18373,725,Hincapie,Arsenal,DEF,0
725,361,3,1,True,2026-05-18T19:00:00Z,1,0,37,False,18,0,0,0,0,0,0,0,0,0,0,0,5,2.2,0.3,4.0,0.7,0,0,1,1,0,0.00,0.00,0.00,0.00,51,-7034,115314,8956,15990,725,Hincapie,Arsenal,DEF,1
725,373,8,2,False,2026-05-24T15:00:00Z,1,2,38,False,90,0,0,0,1,0,0,0,0,0,0,0,13,16.6,3.4,7.0,2.7,5,4,0,5,1,0.03,0.02,0.05,0.98,51,434,116550,9382,8948,725,Hincapie,Arsenal,DEF,2
759,141,2,0,False,2025-12-06T12:30:00Z,2,1,15,False,0,0,0,0,0,0,0,0,0,0,0,0,0,0.0,0.0,0.0,0.0,0,0,0,0,0,0.00,0.00,0.00,0.00,40,0,0,0,0,759,Salmon,Arsenal,DEF,0
759,151,20,0,True,2025-12-13T20:00:00Z,2,1,16,False,0,0,0,0,0,0,0,0,0,0,0,0,0,0.0,0.0,0.0,0.0,0,0,0,0,0,0.00,0.00,0.00,0.00,40,241,515,260,19,759,Salmon,Arsenal,DEF,0
759,164,9,0,False,2025-12-20T20:00:00Z,0,1,17,False,0,0,0,0,0,0,0,0,0,0,0,0,0,0.0,0.0,0.0,0.0,0,0,0,0,0,0.00,0.00,0.00,0.00,40,102,898,184,82,759,Salmon,Arsenal,DEF,0
759,171,6,0,True,2025-12-27T15:00:00Z,2,1,18,False,0,0,0,0,0,0,0,0,0,0,0,0,0,0.0,0.0,0.0,0.0,0,0,0,0,0,0.00,0.00,0.00,0.00,40,0,1124,115,115,759,Salmon,Arsenal,DEF,0
759,181,2,0,True,2025-12-30T20:15:00Z,4,1,19,False,0,0,0,0,0,0,0,0,0,0,0,0,0,0.0,0.0,0.0,0.0,0,0,0,0,0,0.00,0.00,0.00,0.00,40,-12,1281,87,99,759,Salmon,Arsenal,DEF,0
759,192,4,0,False,2026-01-03T17:30:00Z,2,3,20,False,0,0,0,0,0,0,0,0,0,0,0,0,0,0.0,0.0,0.0,0.0,0,0,0,0,0,0.00,0.00,0.00,0.00,40,-25,1316,55,80,759,Salmon,Arsenal,DEF,0
759,201,12,0,True,2026-01-08T20:00:00Z,0,0,21,False,0,0,0,0,0,0,0,0,0,0,0,0,0,0.0,0.0,0.0,0.0,0,0,0,0,0,0.00,0.00,0.00,0.00,40,-46,1417,51,97,759,Salmon,Arsenal,DEF,0
759,217,16,0,False,2026-01-17T17:30:00Z,0,0,22,False,0,0,0,0,0,0,0,0,0,0,0,0,0,0.0,0.0,0.0,0.0,0,0,0,0,0,0.00,0.00,0.00,0.00,40,-19,1571,82,101,759,Salmon,Arsenal,DEF,0
759,221,14,0,True,2026-01-25T16:30:00Z,2,3,23,False,0,0,0,0,0,0,0,0,0,0,0,0,0,0.0,0.0,0.0,0.0,0,0,0,0,0,0.00,0.00,0.00,0.00,40,-8,1690,52,60,759,Salmon,Arsenal,DEF,0
759,234,11,0,False,2026-01-31T15:00:00Z,0,4,24,False,0,0,0,0,0,0,0,0,0,0,0,0,0,0.0,0.0,0.0,0.0,0,0,0,0,0,0.00,0.00,0.00,0.00,40,3,1826,72,69,759,Salmon,Arsenal,DEF,0
759,241,17,0,True,2026-02-07T15:00:00Z,3,0,25,False,0,0,0,0,0,0,0,0,0,0,0,0,0,0.0,0.0,0.0,0.0,0,0,0,0,0,0.00,0.00,0.00,0.00,40,6,1953,82,76,759,Salmon,Arsenal,DEF,0
759,252,5,0,False,2026-02-12T20:00:00Z,1,1,26,False,0,0,0,0,0,0,0,0,0,0,0,0,0,0.0,0.0,0.0,0.0,0,0,0,0,0,0.00,0.00,0.00,0.00,40,-1,2071,94,95,759,Salmon,Arsenal,DEF,0
759,310,20,0,False,2026-02-18T20:00:00Z,2,2,26,False,0,0,0,0,0,0,0,0,0,0,0,0,0,0.0,0.0,0.0,0.0,0,0,0,0,0,0.00,0.00,0.00,0.00,40,-1,2071,94,95,759,Salmon,Arsenal,DEF,0
759,269,18,0,False,2026-02-22T16:30:00Z,1,4,27,False,0,0,0,0,0,0,0,0,0,0,0,0,0,0.0,0.0,0.0,0.0,0,0,0,0,0,0.00,0.00,0.00,0.00,40,1,2247,83,82,759,Salmon,Arsenal,DEF,0
759,271,7,0,True,2026-03-01T16:30:00Z,2,1,28,False,0,0,0,0,0,0,0,0,0,0,0,0,0,0.0,0.0,0.0,0.0,0,0,0,0,0,0.00,0.00,0.00,0.00,40,3,2348,56,53,759,Salmon,Arsenal,DEF,0
759,283,6,0,False,2026-03-04T19:30:00Z,0,1,29,False,0,0,0,0,0,0,0,0,0,0,0,0,0,0.0,0.0,0.0,0.0,0,0,0,0,0,0.00,0.00,0.00,0.00,40,-45,2389,22,67,759,Salmon,Arsenal,DEF,0
759,291,9,0,True,2026-03-14T17:30:00Z,2,0,30,False,0,0,0,0,0,0,0,0,0,0,0,0,0,0.0,0.0,0.0,0.0,0,0,0,0,0,0.00,0.00,0.00,0.00,40,-12,2561,58,70,759,Salmon,Arsenal,DEF,0
759,311,4,0,True,2026-04-11T11:30:00Z,1,2,32,False,0,0,0,0,0,0,0,0,0,0,0,0,0,0.0,0.0,0.0,0.0,0,0,0,0,0,0.00,0.00,0.00,0.00,40,1,2792,56,55,759,Salmon,Arsenal,DEF,0
759,327,13,0,False,2026-04-19T15:30:00Z,2,1,33,False,0,0,0,0,0,0,0,0,0,0,0,0,0,0.0,0.0,0.0,0.0,0,0,0,0,0,0.00,0.00,0.00,0.00,40,-16,2904,26,42,759,Salmon,Arsenal,DEF,0
759,331,15,0,True,2026-04-25T16:30:00Z,1,0,34,False,0,0,0,0,0,0,0,0,0,0,0,0,0,0.0,0.0,0.0,0.0,0,0,0,0,0,0.00,0.00,0.00,0.00,40,-3,2999,32,35,759,Salmon,Arsenal,DEF,0
759,341,10,0,True,2026-05-02T16:30:00Z,3,0,35,False,0,0,0,0,0,0,0,0,0,0,0,0,0,0.0,0.0,0.0,0.0,0,0,0,0,0,0.00,0.00,0.00,0.00,40,-22,2963,26,48,759,Salmon,Arsenal,DEF,0
759,360,19,0,False,2026-05-10T15:30:00Z,0,1,36,False,0,0,0,0,0,0,0,0,0,0,0,0,0,0.0,0.0,0.0,0.0,0,0,0,0,0,0.00,0.00,0.00,0.00,40,-3,3053,37,40,759,Salmon,Arsenal,DEF,0
759,361,3,0,True,2026-05-18T19:00:00Z,1,0,37,False,0,0,0,0,0,0,0,0,0,0,0,0,0,0.0,0.0,0.0,0.0,0,0,0,0,0,0.00,0.00,0.00,0.00,40,6,3121,28,22,759,Salmon,Arsenal,DEF,0
759,373,8,0,False,2026-05-24T15:00:00Z,1,2,38,False,0,0,0,0,0,0,0,0,0,0,0,0,0,0.0,0.0,0.0,0.0,0,0,0,0,0,0.00,0.00,0.00,0.00,40,278,3535,331,53,759,Salmon,Arsenal,DEF,0
32,2,15,0,True,2025-08-16T11:30:00Z,0,0,1,False,0,0,0,0,0,0,0,0,0,0,0,0,0,0.0,0.0,0.0,0.0,0,0,0,0,0,0.00,0.00,0.00,0.00,50,0,45391,0,0,32,Martinez,Aston Villa,GK,0
32,13,5,2,False,2025-08-23T14:00:00Z,1,0,2,False,90,0,0,0,1,0,0,0,0,0,1,0,15,12.8,0.0,0.0,1.3,0,10,0,0,1,0.00,0.01,0.01,1.21,50,15139,128543,22508,7369,32,Martinez,Aston Villa,GK,2
32,21,8,0,True,2025-08-31T18:00:00Z,0,3,3,False,0,0,0,0,0,0,0,0,0,0,0,0,0,0.0,0.0,0.0,0.0,0,0,0,0,0,0.00,0.00,0.00,0.00,50,17406,190197,34311,16905,32,Martinez,Aston Villa,GK,0
32,36,9,6,False,2025-09-13T14:00:00Z,0,0,4,False,90,0,0,1,0,0,0,0,0,0,2,0,27,20.2,0.0,0.0,2.0,2,3,0,0,1,0.00,0.00,0.00,2.08,50,-4712,204568,20644,25356,32,Martinez,Aston Villa,GK,6
32,48,17,3,False,2025-09-21T13:00:00Z,1,1,5,False,90,0,0,0,1,0,0,0,0,0,3,0,12,18.8,0.0,0.0,1.9,1,7,0,0,1,0.00,0.00,0.00,1.05,50,35566,263473,49073,13507,32,Martinez,Aston Villa,GK,3
32,51,10,3,True,2025-09-28T13:00:00Z,3,1,6,False,90,0,0,0,1,0,0,0,0,0,3,0,13,23.0,3.0,0.0,2.6,1,10,0,0,1,0.00,0.02,0.02,0.92,50,-8346,252175,20281,28627,32,Martinez,Aston Villa,GK,3
32,62,3,1,True,2025-10-05T13:00:00Z,2,1,7,False,90,0,0,0,1,0,0,0,1,0,1,0,9,11.4,0.0,0.0,1.1,1,8,0,0,1,0.00,0.00,0.00,0.42,50,3927,267044,23536,19609,32,Martinez,Aston Villa,GK,1
32,79,18,2,False,2025-10-19T13:00:00Z,1,2,8,False,90,0,0,0,1,0,0,0,0,0,2,0,10,16.4,0.0,0.0,1.6,2,7,0,0,1,0.00,0.00,0.00,0.75,50,-18959,248221,6154,25113,32,Martinez,Aston Villa,GK,2
32,82,13,8,True,2025-10-26T14:00:00Z,1,0,9,False,90,0,0,1,0,0,0,0,0,0,3,1,32,27.2,0.0,0.0,2.7,0,16,0,0,1,0.00,0.00,0.00,1.18,50,-6575,245733,5010,11585,32,Martinez,Aston Villa,GK,8
32,95,12,1,False,2025-11-01T20:00:00Z,2,0,10,False,90,0,0,0,2,0,0,0,0,0,2,0,4,8.6,0.0,0.0,0.9,0,10,0,0,1,0.00,0.00,0.00,1.19,50,-69,250155,8751,8820,32,Martinez,Aston Villa,GK,1
32,101,4,14,True,2025-11-09T14:00:00Z,4,0,11,False,90,0,0,1,0,0,1,0,0,0,3,2,36,41.4,0.0,0.0,4.1,1,9,0,0,1,0.00,0.00,0.00,1.61,50,957,255666,8671,7714,32,Martinez,Aston Villa,GK,14
32,116,11,3,False,2025-11-23T14:00:00Z,1,2,12,False,90,0,0,0,1,0,0,0,0,0,3,0,15,27.8,0.0,0.0,2.8,0,7,0,0,1,0.00,0.00,0.00,1.79,50,93380,385006,99535,6155,32,Martinez,Aston Villa,GK,3
32,121,20,7,True,2025-11-30T14:05:00Z,1,0,13,False,90,0,0,1,0,0,0,0,0,0,4,0,30,31.4,0.0,0.0,3.1,1,4,0,0,1,0.00,0.00,0.00,0.49,50,59659,687113,68967,9308,32,Martinez,Aston Villa,GK,7
32,133,6,0,False,2025-12-03T19:30:00Z,3,4,14,False,0,0,0,0,0,0,0,0,0,0,0,0,0,0.0,0.0,0.0,0.0,0,0,0,0,0,0.00,0.00,0.00,0.00,51,32013,460265,50449,18436,32,Martinez,Aston Villa,GK,0
32,141,1,4,True,2025-12-06T12:30:00Z,2,1,15,False,90,0,0,0,1,0,0,0,0,0,7,0,21,38.4,0.0,0.0,3.8,1,9,0,0,1,0.00,0.00,0.00,1.92,51,-50875,399977,14219,65094,32,Martinez,Aston Villa,GK,4
32,160,19,0,False,2025-12-14T14:00:00Z,2,3,16,False,0,0,0,0,0,0,0,0,0,0,0,0,0,0.0,0.0,0.0,0.0,0,0,0,0,0,0.00,0.00,0.00,0.00,51,50100,471489,89174,39074,32,Martinez,Aston Villa,GK,0
32,161,14,3,True,2025-12-21T16:30:00Z,2,1,17,False,90,0,0,0,1,0,0,0,0,0,5,0,18,29.0,0.0,0.0,2.9,1,13,0,0,1,0.00,0.00,0.00,1.33,51,-55398,399503,3518,58916,32,Martinez,Aston Villa,GK,3
32,174,7,2,False,2025-12-27T17:30:00Z,1,2,18,False,90,0,0,0,1,0,0,0,0,0,2,0,10,17.6,0.0,0.0,1.8,1,4,0,0,1,0.00,0.00,0.00,2.14,50,-9100,394257,11334,20434,32,Martinez,Aston Villa,GK,2
32,181,1,1,False,2025-12-30T20:15:00Z,4,1,19,False,90,0,0,0,4,0,0,0,0,0,3,0,-2,14.8,0.0,0.0,1.5,0,4,0,0,1,0.00,0.00,0.00,3.04,50,-925,397364,11898,12823,32,Martinez,Aston Villa,GK,1
32,191,16,3,True,2026-01-03T12:30:00Z,3,1,20,False,90,0,0,0,1,0,0,0,0,0,4,0,19,28.8,0.0,0.0,2.9,1,8,0,0,1,0.00,0.00,0.00,0.89,50,38652,455011,54572,15920,32,Martinez,Aston Villa,GK,3
32,205,8,1,False,2026-01-07T19:30:00Z,0,0,21,False,45,0,0,0,0,0,0,0,0,0,1,0,13,12.0,0.0,0.0,1.2,0,3,0,0,1,0.00,0.00,0.00,0.31,50,6956,455135,27494,20538,32,Martinez,Aston Villa,GK,1
32,211,9,2,True,2026-01-18T16:30:00Z,0,1,22,False,90,0,0,0,1,0,0,0,0,0,2,0,9,9.6,0.0,0.0,1.0,1,6,0,0,1,0.00,0.00,0.00,0.51,50,-36890,417918,11661,48551,32,Martinez,Aston Villa,GK,2
32,229,15,10,False,2026-01-25T14:00:00Z,0,2,23,False,90,0,0,1,0,0,0,0,0,0,4,3,38,35.6,0.0,0.0,3.6,1,18,0,0,1,0.00,0.01,0.01,2.18,50,-21788,398288,3248,25036,32,Martinez,Aston Villa,GK,10
32,231,5,2,True,2026-02-01T14:00:00Z,0,1,24,False,90,0,0,0,1,0,0,0,0,0,0,0,6,6.4,0.1,0.0,0.7,4,8,0,0,1,0.00,0.00,0.00,0.38,50,23984,429394,40101,16117,32,Martinez,Aston Villa,GK,2
32,242,4,6,False,2026-02-07T15:00:00Z,1,1,25,False,90,0,0,0,1,0,0,0,0,0,7,2,26,49.4,0.0,0.0,4.9,2,9,0,0,1,0.00,0.00,0.00,2.06,50,13497,443925,26825,13328,32,Martinez,Aston Villa,GK,6
32,251,6,8,True,2026-02-11T19:30:00Z,1,0,26,False,90,0,0,1,0,0,0,0,1,0,3,2,29,21.2,0.0,0.0,2.1,1,17,0,0,1,0.00,0.01,0.01,0.50,50,28186,478657,43679,15493,32,Martinez,Aston Villa,GK,8
32,261,11,3,True,2026-02-21T15:00:00Z,1,1,27,False,90,0,0,0,1,0,0,0,0,0,3,0,13,26.0,0.0,0.0,2.6,1,3,0,0,1,0.00,0.00,0.00,1.35,50,113822,601401,122515,8693,32,Martinez,Aston Villa,GK,3
32,280,20,1,False,2026-02-27T20:00:00Z,2,0,28,False,90,0,0,0,2,0,0,0,0,0,0,0,6,6.0,0.1,0.0,0.6,0,6,0,0,1,0.00,0.00,0.00,0.86,51,27974,631376,44908,16934,32,Martinez,Aston Villa,GK,1
32,281,7,1,True,2026-03-04T19:30:00Z,1,4,29,False,90,0,0,0,4,0,0,0,0,0,4,0,13,37.2,10.0,0.0,4.7,2,11,0,0,1,0.00,0.01,0.01,3.60,51,-35226,584993,5516,40742,32,Martinez,Aston Villa,GK,1
32,297,14,2,False,2026-03-15T14:00:00Z,3,1,30,False,90,0,0,0,3,0,0,0,0,0,3,0,5,27.4,0.0,0.0,2.7,0,7,0,0,1,0.00,0.00,0.00,1.10,51,-25336,564191,10377,35713,32,Martinez,Aston Villa,GK,2
32,301,19,6,True,2026-03-22T14:15:00Z,2,0,31,False,90,0,0,1,0,0,0,0,0,0,1,0,26,12.8,0.0,0.0,1.3,0,7,0,0,1,0.00,0.00,0.00,0.94,51,56929,853208,65169,8240,32,Martinez,Aston Villa,GK,6
32,318,16,0,False,2026-04-12T13:00:00Z,1,1,32,False,0,0,0,0,0,0,0,0,0,0,0,0,0,0.0,0.0,0.0,0.0,0,0,0,0,0,0.00,0.00,0.00,0.00,51,654,625249,27961,27307,32,Martinez,Aston Villa,GK,0
32,321,17,2,True,2026-04-19T13:00:00Z,4,3,33,False,90,0,0,0,3,0,0,0,0,0,4,0,9,34.2,0.0,0.0,3.4,1,12,0,0,1,0.00,0.01,0.01,1.73,51,-33176,564123,13740,46916,32,Martinez,Aston Villa,GK,2
32,335,10,3,False,2026-04-25T11:30:00Z,1,0,34,False,90,0,0,0,1,0,0,0,0,0,5,0,24,38.4,0.0,0.0,3.8,0,13,0,0,1,0.00,0.00,0.00,1.18,51,32061,643457,45187,13126,32,Martinez,Aston Villa,GK,3
32,342,18,2,True,2026-05-03T18:00:00Z,1,2,35,False,90,0,0,0,2,0,0,0,0,0,3,0,10,23.4,0.0,0.0,2.3,0,7,0,0,1,0.00,0.00,0.00,0.99,51,-8420,618990,14612,23032,32,Martinez,Aston Villa,GK,2
32,352,3,6,False,2026-05-10T13:00:00Z,2,2,36,False,90,0,1,0,2,0,0,0,0,0,4,1,27,42.0,10.0,0.0,5.2,0,9,0,0,1,0.00,0.00,0.00,1.79,51,4314,626083,19478,15164,32,Martinez,Aston Villa,GK,6
32,362,12,2,True,2026-05-15T19:00:00Z,4,2,37,False,90,0,0,0,2,0,0,0,0,0,3,0,7,20.6,0.0,0.0,2.1,1,7,0,0,1,0.00,0.01,0.01,1.43,51,-27100,596288,3745,30845,32,Martinez,Aston Villa,GK,2
32,376,13,0,False,2026-05-24T15:00:00Z,1,2,38,False,0,0,0,0,0,0,0,0,0,0,0,0,0,0.0,0.0,0.0,0.0,0,0,0,0,0,0.00,0.00,0.00,0.00,50,-23415,572706,4437,27852,32,Martinez,Aston Villa,GK,0
33,2,15,7,True,2025-08-16T11:30:00Z,0,0,1,False,90,0,0,1,0,0,0,0,0,0,3,0,29,19.6,0.0,0.0,2.0,1,12,0,0,1,0.00,0.00,0.00,1.43,45,0,33426,0,0,33,M.Bizot,Aston Villa,GK,7
33,13,5,0,False,2025-08-23T14:00:00Z,1,0,2,False,0,0,0,0,0,0,0,0,0,0,0,0,0,0.0,0.0,0.0,0.0,0,0,0,0,0,0.00,0.00,0.00,0.00,45,35734,105709,51388,15654,33,M.Bizot,Aston Villa,GK,0
33,21,8,0,True,2025-08-31T18:00:00Z,0,3,3,False,90,0,0,0,3,0,0,0,1,0,1,0,-7,5.8,0.0,0.0,0.6,3,7,0,0,1,0.00,0.00,0.00,2.67,45,-15125,90739,8686,23811,33,M.Bizot,Aston Villa,GK,0
33,36,9,0,False,2025-09-13T14:00:00Z,0,0,4,False,0,0,0,0,0,0,0,0,0,0,0,0,0,0.0,0.0,0.0,0.0,0,0,0,0,0,0.00,0.00,0.00,0.00,45,-5410,89126,9512,14922,33,M.Bizot,Aston Villa,GK,0
33,48,17,0,False,2025-09-21T13:00:00Z,1,1,5,False,0,0,0,0,0,0,0,0,0,0,0,0,0,0.0,0.0,0.0,0.0,0,0,0,0,0,0.00,0.00,0.00,0.00,45,-9721,80334,1794,11515,33,M.Bizot,Aston Villa,GK,0
33,51,10,0,True,2025-09-28T13:00:00Z,3,1,6,False,0,0,0,0,0,0,0,0,0,0,0,0,0,0.0,0.0,0.0,0.0,0,0,0,0,0,0.00,0.00,0.00,0.00,45,-7993,73003,1457,9450,33,M.Bizot,Aston Villa,GK,0
33,62,3,0,True,2025-10-05T13:00:00Z,2,1,7,False,0,0,0,0,0,0,0,0,0,0,0,0,0,0.0,0.0,0.0,0.0,0,0,0,0,0,0.00,0.00,0.00,0.00,44,-4038,70101,1391,5429,33,M.Bizot,Aston Villa,GK,0
33,79,18,0,False,2025-10-19T13:00:00Z,1,2,8,False,0,0,0,0,0,0,0,0,0,0,0,0,0,0.0,0.0,0.0,0.0,0,0,0,0,0,0.00,0.00,0.00,0.00,44,-4293,65788,677,4970,33,M.Bizot,Aston Villa,GK,0
33,82,13,0,True,2025-10-26T14:00:00Z,1,0,9,False,0,0,0,0,0,0,0,0,0,0,0,0,0,0.0,0.0,0.0,0.0,0,0,0,0,0,0.00,0.00,0.00,0.00,44,-2890,63178,211,3101,33,M.Bizot,Aston Villa,GK,0
33,95,12,0,False,2025-11-01T20:00:00Z,2,0,10,False,0,0,0,0,0,0,0,0,0,0,0,0,0,0.0,0.0,0.0,0.0,0,0,0,0,0,0.00,0.00,0.00,0.00,43,-2710,60582,249,2959,33,M.Bizot,Aston Villa,GK,0
33,101,4,0,True,2025-11-09T14:00:00Z,4,0,11,False,0,0,0,0,0,0,0,0,0,0,0,0,0,0.0,0.0,0.0,0.0,0,0,0,0,0,0.00,0.00,0.00,0.00,43,-1864,59040,209,2073,33,M.Bizot,Aston Villa,GK,0
33,116,11,0,False,2025-11-23T14:00:00Z,1,2,12,False,0,0,0,0,0,0,0,0,0,0,0,0,0,0.0,0.0,0.0,0.0,0,0,0,0,0,0.00,0.00,0.00,0.00,43,-1749,57503,244,1993,33,M.Bizot,Aston Villa,GK,0
33,121,20,0,True,2025-11-30T14:05:00Z,1,0,13,False,0,0,0,0,0,0,0,0,0,0,0,0,0,0.0,0.0,0.0,0.0,0,0,0,0,0,0.00,0.00,0.00,0.00,43,-1128,56538,183,1311,33,M.Bizot,Aston Villa,GK,0
33,133,6,1,False,2025-12-03T19:30:00Z,3,4,14,False,90,0,0,0,3,0,0,0,1,0,4,0,5,24.0,0.0,0.0,2.4,0,9,0,0,1,0.00,0.00,0.00,2.21,43,-1041,55675,140,1181,33,M.Bizot,Aston Villa,GK,1
33,141,1,0,True,2025-12-06T12:30:00Z,2,1,15,False,0,0,0,0,0,0,0,0,0,0,0,0,0,0.0,0.0,0.0,0.0,0,0,0,0,0,0.00,0.00,0.00,0.00,43,359,56305,1566,1207,33,M.Bizot,Aston Villa,GK,0
33,160,19,1,False,2025-12-14T14:00:00Z,2,3,16,False,90,0,0,0,2,0,0,0,0,0,1,0,7,8.2,0.0,0.0,0.8,1,7,0,0,1,0.00,0.00,0.00,1.03,42,-2673,54650,1018,3691,33,M.Bizot,Aston Villa,GK,1
33,161,14,0,True,2025-12-21T16:30:00Z,2,1,17,False,0,0,0,0,0,0,0,0,0,0,0,0,0,0.0,0.0,0.0,0.0,0,0,0,0,0,0.00,0.00,0.00,0.00,42,-268,53969,1137,1405,33,M.Bizot,Aston Villa,GK,0
33,174,7,0,False,2025-12-27T17:30:00Z,1,2,18,False,0,0,0,0,0,0,0,0,0,0,0,0,0,0.0,0.0,0.0,0.0,0,0,0,0,0,0.00,0.00,0.00,0.00,42,-889,52949,492,1381,33,M.Bizot,Aston Villa,GK,0
33,181,1,0,False,2025-12-30T20:15:00Z,4,1,19,False,0,0,0,0,0,0,0,0,0,0,0,0,0,0.0,0.0,0.0,0.0,0,0,0,0,0,0.00,0.00,0.00,0.00,42,-976,52117,171,1147,33,M.Bizot,Aston Villa,GK,0
33,191,16,0,True,2026-01-03T12:30:00Z,3,1,20,False,0,0,0,0,0,0,0,0,0,0,0,0,0,0.0,0.0,0.0,0.0,0,0,0,0,0,0.00,0.00,0.00,0.00,42,-591,51695,170,761,33,M.Bizot,Aston Villa,GK,0
33,205,8,2,False,2026-01-07T19:30:00Z,0,0,21,False,45,0,0,0,0,0,0,0,0,0,4,0,17,35.2,0.0,0.0,3.5,1,6,0,0,0,0.00,0.00,0.00,1.19,42,-687,51088,176,863,33,M.Bizot,Aston Villa,GK,2
33,211,9,0,True,2026-01-18T16:30:00Z,0,1,22,False,0,0,0,0,0,0,0,0,0,0,0,0,0,0.0,0.0,0.0,0.0,0,0,0,0,0,0.00,0.00,0.00,0.00,42,134,51592,1206,1072,33,M.Bizot,Aston Villa,GK,0
33,229,15,0,False,2026-01-25T14:00:00Z,0,2,23,False,0,0,0,0,0,0,0,0,0,0,0,0,0,0.0,0.0,0.0,0.0,0,0,0,0,0,0.00,0.00,0.00,0.00,42,-419,51102,382,801,33,M.Bizot,Aston Villa,GK,0
33,231,5,0,True,2026-02-01T14:00:00Z,0,1,24,False,0,0,0,0,0,0,0,0,0,0,0,0,0,0.0,0.0,0.0,0.0,0,0,0,0,0,0.00,0.00,0.00,0.00,42,-531,50699,311,842,33,M.Bizot,Aston Villa,GK,0
33,242,4,0,False,2026-02-07T15:00:00Z,1,1,25,False,0,0,0,0,0,0,0,0,0,0,0,0,0,0.0,0.0,0.0,0.0,0,0,0,0,0,0.00,0.00,0.00,0.00,42,-374,50408,235,609,33,M.Bizot,Aston Villa,GK,0
33,251,6,0,True,2026-02-11T19:30:00Z,1,0,26,False,0,0,0,0,0,0,0,0,0,0,0,0,0,0.0,0.0,0.0,0.0,0,0,0,0,0,0.00,0.00,0.00,0.00,42,-405,50080,239,644,33,M.Bizot,Aston Villa,GK,0
33,261,11,0,True,2026-02-21T15:00:00Z,1,1,27,False,0,0,0,0,0,0,0,0,0,0,0,0,0,0.0,0.0,0.0,0.0,0,0,0,0,0,0.00,0.00,0.00,0.00,42,-976,49159,160,1136,33,M.Bizot,Aston Villa,GK,0
33,280,20,0,False,2026-02-27T20:00:00Z,2,0,28,False,0,0,0,0,0,0,0,0,0,0,0,0,0,0.0,0.0,0.0,0.0,0,0,0,0,0,0.00,0.00,0.00,0.00,42,-411,48887,126,537,33,M.Bizot,Aston Villa,GK,0
33,281,7,0,True,2026-03-04T19:30:00Z,1,4,29,False,0,0,0,0,0,0,0,0,0,0,0,0,0,0.0,0.0,0.0,0.0,0,0,0,0,0,0.00,0.00,0.00,0.00,42,-215,48729,107,322,33,M.Bizot,Aston Villa,GK,0
33,297,14,0,False,2026-03-15T14:00:00Z,3,1,30,False,0,0,0,0,0,0,0,0,0,0,0,0,0,0.0,0.0,0.0,0.0,0,0,0,0,0,0.00,0.00,0.00,0.00,42,-288,48544,136,424,33,M.Bizot,Aston Villa,GK,0
33,301,19,0,True,2026-03-22T14:15:00Z,2,0,31,False,0,0,0,0,0,0,0,0,0,0,0,0,0,0.0,0.0,0.0,0.0,0,0,0,0,0,0.00,0.00,0.00,0.00,42,-272,48708,140,412,33,M.Bizot,Aston Villa,GK,0
33,318,16,3,False,2026-04-12T13:00:00Z,1,1,32,False,90,0,0,0,1,0,0,0,0,0,4,0,14,25.4,0.0,0.0,2.5,1,9,0,0,1,0.00,0.00,0.00,1.15,42,-227,48274,125,352,33,M.Bizot,Aston Villa,GK,3
33,321,17,0,True,2026-04-19T13:00:00Z,4,3,33,False,0,0,0,0,0,0,0,0,0,0,0,0,0,0.0,0.0,0.0,0.0,0,0,0,0,0,0.00,0.00,0.00,0.00,42,127,48620,448,321,33,M.Bizot,Aston Villa,GK,0
33,335,10,0,False,2026-04-25T11:30:00Z,1,0,34,False,0,0,0,0,0,0,0,0,0,0,0,0,0,0.0,0.0,0.0,0.0,0,0,0,0,0,0.00,0.00,0.00,0.00,42,279,50313,656,377,33,M.Bizot,Aston Villa,GK,0
33,342,18,0,True,2026-05-03T18:00:00Z,1,2,35,False,0,0,0,0,0,0,0,0,0,0,0,0,0,0.0,0.0,0.0,0.0,0,0,0,0,0,0.00,0.00,0.00,0.00,42,-196,48651,177,373,33,M.Bizot,Aston Villa,GK,0
33,352,3,0,False,2026-05-10T13:00:00Z,2,2,36,False,0,0,0,0,0,0,0,0,0,0,0,0,0,0.0,0.0,0.0,0.0,0,0,0,0,0,0.00,0.00,0.00,0.00,42,-118,48617,220,338,33,M.Bizot,Aston Villa,GK,0
33,362,12,0,True,2026-05-15T19:00:00Z,4,2,37,False,0,0,0,0,0,0,0,0,0,0,0,0,0,0.0,0.0,0.0,0.0,0,0,0,0,0,0.00,0.00,0.00,0.00,42,-191,48454,82,273,33,M.Bizot,Aston Villa,GK,0
33,376,13,2,False,2026-05-24T15:00:00Z,1,2,38,False,90,0,0,0,1,0,0,0,0,0,2,0,10,21.0,0.0,0.0,2.1,3,3,0,0,1,0.00,0.00,0.00,1.34,42,-64,48467,258,322,33,M.Bizot,Aston Villa,GK,2
34,2,15,0,True,2025-08-16T11:30:00Z,0,0,1,False,0,0,0,0,0,0,0,0,0,0,0,0,0,0.0,0.0,0.0,0.0,0,0,0,0,0,0.00,0.00,0.00,0.00,40,0,28905,0,0,34,Gauci,Aston Villa,GK,0
34,13,5,0,False,2025-08-23T14:00:00Z,1,0,2,False,0,0,0,0,0,0,0,0,0,0,0,0,0,0.0,0.0,0.0,0.0,0,0,0,0,0,0.00,0.00,0.00,0.00,40,-3961,24736,0,3961,34,Gauci,Aston Villa,GK,0
34,21,8,0,True,2025-08-31T18:00:00Z,0,3,3,False,0,0,0,0,0,0,0,0,0,0,0,0,0,0.0,0.0,0.0,0.0,0,0,0,0,0,0.00,0.00,0.00,0.00,40,-2751,21879,0,2751,34,Gauci,Aston Villa,GK,0
34,36,9,0,False,2025-09-13T14:00:00Z,0,0,4,False,0,0,0,0,0,0,0,0,0,0,0,0,0,0.0,0.0,0.0,0.0,0,0,0,0,0,0.00,0.00,0.00,0.00,40,-1897,20208,0,1897,34,Gauci,Aston Villa,GK,0
34,48,17,0,False,2025-09-21T13:00:00Z,1,1,5,False,0,0,0,0,0,0,0,0,0,0,0,0,0,0.0,0.0,0.0,0.0,0,0,0,0,0,0.00,0.00,0.00,0.00,40,-1161,19127,0,1161,34,Gauci,Aston Villa,GK,0
34,51,10,0,True,2025-09-28T13:00:00Z,3,1,6,False,0,0,0,0,0,0,0,0,0,0,0,0,0,0.0,0.0,0.0,0.0,0,0,0,0,0,0.00,0.00,0.00,0.00,40,-1121,18030,0,1121,34,Gauci,Aston Villa,GK,0
34,62,3,0,True,2025-10-05T13:00:00Z,2,1,7,False,0,0,0,0,0,0,0,0,0,0,0,0,0,0.0,0.0,0.0,0.0,0,0,0,0,0,0.00,0.00,0.00,0.00,40,-905,17159,0,905,34,Gauci,Aston Villa,GK,0
34,79,18,0,False,2025-10-19T13:00:00Z,1,2,8,False,0,0,0,0,0,0,0,0,0,0,0,0,0,0.0,0.0,0.0,0.0,0,0,0,0,0,0.00,0.00,0.00,0.00,40,-823,16365,0,823,34,Gauci,Aston Villa,GK,0
34,82,13,0,True,2025-10-26T14:00:00Z,1,0,9,False,0,0,0,0,0,0,0,0,0,0,0,0,0,0.0,0.0,0.0,0.0,0,0,0,0,0,0.00,0.00,0.00,0.00,40,-458,15916,0,458,34,Gauci,Aston Villa,GK,0
34,95,12,0,False,2025-11-01T20:00:00Z,2,0,10,False,0,0,0,0,0,0,0,0,0,0,0,0,0,0.0,0.0,0.0,0.0,0,0,0,0,0,0.00,0.00,0.00,0.00,40,-411,15495,0,411,34,Gauci,Aston Villa,GK,0
34,101,4,0,True,2025-11-09T14:00:00Z,4,0,11,False,0,0,0,0,0,0,0,0,0,0,0,0,0,0.0,0.0,0.0,0.0,0,0,0,0,0,0.00,0.00,0.00,0.00,40,-346,15158,0,346,34,Gauci,Aston Villa,GK,0
34,116,11,0,False,2025-11-23T14:00:00Z,1,2,12,False,0,0,0,0,0,0,0,0,0,0,0,0,0,0.0,0.0,0.0,0.0,0,0,0,0,0,0.00,0.00,0.00,0.00,40,-332,14818,0,332,34,Gauci,Aston Villa,GK,0
34,121,20,0,True,2025-11-30T14:05:00Z,1,0,13,False,0,0,0,0,0,0,0,0,0,0,0,0,0,0.0,0.0,0.0,0.0,0,0,0,0,0,0.00,0.00,0.00,0.00,40,-238,14539,0,238,34,Gauci,Aston Villa,GK,0
34,133,6,0,False,2025-12-03T19:30:00Z,3,4,14,False,0,0,0,0,0,0,0,0,0,0,0,0,0,0.0,0.0,0.0,0.0,0,0,0,0,0,0.00,0.00,0.00,0.00,40,-204,14390,0,204,34,Gauci,Aston Villa,GK,0
34,141,1,0,True,2025-12-06T12:30:00Z,2,1,15,False,0,0,0,0,0,0,0,0,0,0,0,0,0,0.0,0.0,0.0,0.0,0,0,0,0,0,0.00,0.00,0.00,0.00,40,-225,14154,0,225,34,Gauci,Aston Villa,GK,0
34,160,19,0,False,2025-12-14T14:00:00Z,2,3,16,False,0,0,0,0,0,0,0,0,0,0,0,0,0,0.0,0.0,0.0,0.0,0,0,0,0,0,0.00,0.00,0.00,0.00,40,-599,13557,0,599,34,Gauci,Aston Villa,GK,0
34,161,14,0,True,2025-12-21T16:30:00Z,2,1,17,False,0,0,0,0,0,0,0,0,0,0,0,0,0,0.0,0.0,0.0,0.0,0,0,0,0,0,0.00,0.00,0.00,0.00,40,-301,13260,0,301,34,Gauci,Aston Villa,GK,0
34,174,7,0,False,2025-12-27T17:30:00Z,1,2,18,False,0,0,0,0,0,0,0,0,0,0,0,0,0,0.0,0.0,0.0,0.0,0,0,0,0,0,0.00,0.00,0.00,0.00,40,-282,12973,0,282,34,Gauci,Aston Villa,GK,0
34,181,1,0,False,2025-12-30T20:15:00Z,4,1,19,False,0,0,0,0,0,0,0,0,0,0,0,0,0,0.0,0.0,0.0,0.0,0,0,0,0,0,0.00,0.00,0.00,0.00,40,-215,12759,0,215,34,Gauci,Aston Villa,GK,0
34,191,16,0,True,2026-01-03T12:30:00Z,3,1,20,False,0,0,0,0,0,0,0,0,0,0,0,0,0,0.0,0.0,0.0,0.0,0,0,0,0,0,0.00,0.00,0.00,0.00,40,-124,12657,0,124,34,Gauci,Aston Villa,GK,0
34,205,8,0,False,2026-01-07T19:30:00Z,0,0,21,False,0,0,0,0,0,0,0,0,0,0,0,0,0,0.0,0.0,0.0,0.0,0,0,0,0,0,0.00,0.00,0.00,0.00,40,-145,12502,0,145,34,Gauci,Aston Villa,GK,0
34,211,9,0,True,2026-01-18T16:30:00Z,0,1,22,False,0,0,0,0,0,0,0,0,0,0,0,0,0,0.0,0.0,0.0,0.0,0,0,0,0,0,0.00,0.00,0.00,0.00,40,-214,12298,0,214,34,Gauci,Aston Villa,GK,0
34,229,15,0,False,2026-01-25T14:00:00Z,0,2,23,False,0,0,0,0,0,0,0,0,0,0,0,0,0,0.0,0.0,0.0,0.0,0,0,0,0,0,0.00,0.00,0.00,0.00,40,-86,12224,0,86,34,Gauci,Aston Villa,GK,0
34,231,5,0,True,2026-02-01T14:00:00Z,0,1,24,False,0,0,0,0,0,0,0,0,0,0,0,0,0,0.0,0.0,0.0,0.0,0,0,0,0,0,0.00,0.00,0.00,0.00,40,-131,12097,0,131,34,Gauci,Aston Villa,GK,0
34,242,4,0,False,2026-02-07T15:00:00Z,1,1,25,False,0,0,0,0,0,0,0,0,0,0,0,0,0,0.0,0.0,0.0,0.0,0,0,0,0,0,0.00,0.00,0.00,0.00,40,-91,12002,0,91,34,Gauci,Aston Villa,GK,0
34,251,6,0,True,2026-02-11T19:30:00Z,1,0,26,False,0,0,0,0,0,0,0,0,0,0,0,0,0,0.0,0.0,0.0,0.0,0,0,0,0,0,0.00,0.00,0.00,0.00,40,-86,11911,0,86,34,Gauci,Aston Villa,GK,0
34,261,11,0,True,2026-02-21T15:00:00Z,1,1,27,False,0,0,0,0,0,0,0,0,0,0,0,0,0,0.0,0.0,0.0,0.0,0,0,0,0,0,0.00,0.00,0.00,0.00,40,-87,11835,0,87,34,Gauci,Aston Villa,GK,0
34,280,20,0,False,2026-02-27T20:00:00Z,2,0,28,False,0,0,0,0,0,0,0,0,0,0,0,0,0,0.0,0.0,0.0,0.0,0,0,0,0,0,0.00,0.00,0.00,0.00,40,-58,11780,0,58,34,Gauci,Aston Villa,GK,0
34,281,7,0,True,2026-03-04T19:30:00Z,1,4,29,False,0,0,0,0,0,0,0,0,0,0,0,0,0,0.0,0.0,0.0,0.0,0,0,0,0,0,0.00,0.00,0.00,0.00,40,-63,11716,0,63,34,Gauci,Aston Villa,GK,0
34,297,14,0,False,2026-03-15T14:00:00Z,3,1,30,False,0,0,0,0,0,0,0,0,0,0,0,0,0,0.0,0.0,0.0,0.0,0,0,0,0,0,0.00,0.00,0.00,0.00,40,-85,11634,0,85,34,Gauci,Aston Villa,GK,0
34,301,19,0,True,2026-03-22T14:15:00Z,2,0,31,False,0,0,0,0,0,0,0,0,0,0,0,0,0,0.0,0.0,0.0,0.0,0,0,0,0,0,0.00,0.00,0.00,0.00,40,-96,11483,0,96,34,Gauci,Aston Villa,GK,0
34,318,16,0,False,2026-04-12T13:00:00Z,1,1,32,False,0,0,0,0,0,0,0,0,0,0,0,0,0,0.0,0.0,0.0,0.0,0,0,0,0,0,0.00,0.00,0.00,0.00,40,-69,11472,0,69,34,Gauci,Aston Villa,GK,0
34,321,17,0,True,2026-04-19T13:00:00Z,4,3,33,False,0,0,0,0,0,0,0,0,0,0,0,0,0,0.0,0.0,0.0,0.0,0,0,0,0,0,0.00,0.00,0.00,0.00,40,-63,11402,0,63,34,Gauci,Aston Villa,GK,0
34,335,10,0,False,2026-04-25T11:30:00Z,1,0,34,False,0,0,0,0,0,0,0,0,0,0,0,0,0,0.0,0.0,0.0,0.0,0,0,0,0,0,0.00,0.00,0.00,0.00,40,-57,11334,0,57,34,Gauci,Aston Villa,GK,0
34,342,18,0,True,2026-05-03T18:00:00Z,1,2,35,False,0,0,0,0,0,0,0,0,0,0,0,0,0,0.0,0.0,0.0,0.0,0,0,0,0,0,0.00,0.00,0.00,0.00,40,-37,11314,0,37,34,Gauci,Aston Villa,GK,0
34,352,3,0,False,2026-05-10T13:00:00Z,2,2,36,False,0,0,0,0,0,0,0,0,0,0,0,0,0,0.0,0.0,0.0,0.0,0,0,0,0,0,0.00,0.00,0.00,0.00,40,-52,11264,0,52,34,Gauci,Aston Villa,GK,0
34,362,12,0,True,2026-05-15T19:00:00Z,4,2,37,False,0,0,0,0,0,0,0,0,0,0,0,0,0,0.0,0.0,0.0,0.0,0,0,0,0,0,0.00,0.00,0.00,0.00,40,-47,11219,0,47,34,Gauci,Aston Villa,GK,0
34,376,13,0,False,2026-05-24T15:00:00Z,1,2,38,False,0,0,0,0,0,0,0,0,0,0,0,0,0,0.0,0.0,0.0,0.0,0,0,0,0,0,0.00,0.00,0.00,0.00,40,-64,11150,0,64,34,Gauci,Aston Villa,GK,0
35,2,15,0,True,2025-08-16T11:30:00Z,0,0,1,False,0,0,0,0,0,0,0,0,0,0,0,0,0,0.0,0.0,0.0,0.0,0,0,0,0,0,0.00,0.00,0.00,0.00,40,0,2325,0,0,35,Marschall,Aston Villa,GK,0
35,13,5,0,False,2025-08-23T14:00:00Z,1,0,2,False,0,0,0,0,0,0,0,0,0,0,0,0,0,0.0,0.0,0.0,0.0,0,0,0,0,0,0.00,0.00,0.00,0.00,40,-330,1979,0,330,35,Marschall,Aston Villa,GK,0
35,21,8,0,True,2025-08-31T18:00:00Z,0,3,3,False,0,0,0,0,0,0,0,0,0,0,0,0,0,0.0,0.0,0.0,0.0,0,0,0,0,0,0.00,0.00,0.00,0.00,40,-217,1757,0,217,35,Marschall,Aston Villa,GK,0
35,36,9,0,False,2025-09-13T14:00:00Z,0,0,4,False,0,0,0,0,0,0,0,0,0,0,0,0,0,0.0,0.0,0.0,0.0,0,0,0,0,0,0.00,0.00,0.00,0.00,40,-132,1645,0,132,35,Marschall,Aston Villa,GK,0
35,48,17,0,False,2025-09-21T13:00:00Z,1,1,5,False,0,0,0,0,0,0,0,0,0,0,0,0,0,0.0,0.0,0.0,0.0,0,0,0,0,0,0.00,0.00,0.00,0.00,40,-70,1582,0,70,35,Marschall,Aston Villa,GK,0
35,51,10,0,True,2025-09-28T13:00:00Z,3,1,6,False,0,0,0,0,0,0,0,0,0,0,0,0,0,0.0,0.0,0.0,0.0,0,0,0,0,0,0.00,0.00,0.00,0.00,40,-70,1513,0,70,35,Marschall,Aston Villa,GK,0
35,62,3,0,True,2025-10-05T13:00:00Z,2,1,7,False,0,0,0,0,0,0,0,0,0,0,0,0,0,0.0,0.0,0.0,0.0,0,0,0,0,0,0.00,0.00,0.00,0.00,40,-68,1445,0,68,35,Marschall,Aston Villa,GK,0
35,79,18,0,False,2025-10-19T13:00:00Z,1,2,8,False,0,0,0,0,0,0,0,0,0,0,0,0,0,0.0,0.0,0.0,0.0,0,0,0,0,0,0.00,0.00,0.00,0.00,40,-54,1392,0,54,35,Marschall,Aston Villa,GK,0
35,82,13,0,True,2025-10-26T14:00:00Z,1,0,9,False,0,0,0,0,0,0,0,0,0,0,0,0,0,0.0,0.0,0.0,0.0,0,0,0,0,0,0.00,0.00,0.00,0.00,40,-31,1362,0,31,35,Marschall,Aston Villa,GK,0
35,95,12,0,False,2025-11-01T20:00:00Z,2,0,10,False,0,0,0,0,0,0,0,0,0,0,0,0,0,0.0,0.0,0.0,0.0,0,0,0,0,0,0.00,0.00,0.00,0.00,40,-25,1337,0,25,35,Marschall,Aston Villa,GK,0
35,101,4,0,True,2025-11-09T14:00:00Z,4,0,11,False,0,0,0,0,0,0,0,0,0,0,0,0,0,0.0,0.0,0.0,0.0,0,0,0,0,0,0.00,0.00,0.00,0.00,40,-27,1311,0,27,35,Marschall,Aston Villa,GK,0
35,116,11,0,False,2025-11-23T14:00:00Z,1,2,12,False,0,0,0,0,0,0,0,0,0,0,0,0,0,0.0,0.0,0.0,0.0,0,0,0,0,0,0.00,0.00,0.00,0.00,40,-18,1292,0,18,35,Marschall,Aston Villa,GK,0
35,121,20,0,True,2025-11-30T14:05:00Z,1,0,13,False,0,0,0,0,0,0,0,0,0,0,0,0,0,0.0,0.0,0.0,0.0,0,0,0,0,0,0.00,0.00,0.00,0.00,40,-20,1271,0,20,35,Marschall,Aston Villa,GK,0
35,133,6,0,False,2025-12-03T19:30:00Z,3,4,14,False,0,0,0,0,0,0,0,0,0,0,0,0,0,0.0,0.0,0.0,0.0,0,0,0,0,0,0.00,0.00,0.00,0.00,40,-15,1258,0,15,35,Marschall,Aston Villa,GK,0
35,141,1,0,True,2025-12-06T12:30:00Z,2,1,15,False,0,0,0,0,0,0,0,0,0,0,0,0,0,0.0,0.0,0.0,0.0,0,0,0,0,0,0.00,0.00,0.00,0.00,40,-15,1240,0,15,35,Marschall,Aston Villa,GK,0
35,160,19,0,False,2025-12-14T14:00:00Z,2,3,16,False,0,0,0,0,0,0,0,0,0,0,0,0,0,0.0,0.0,0.0,0.0,0,0,0,0,0,0.00,0.00,0.00,0.00,40,-31,1213,0,31,35,Marschall,Aston Villa,GK,0
35,161,14,0,True,2025-12-21T16:30:00Z,2,1,17,False,0,0,0,0,0,0,0,0,0,0,0,0,0,0.0,0.0,0.0,0.0,0,0,0,0,0,0.00,0.00,0.00,0.00,40,-26,1188,0,26,35,Marschall,Aston Villa,GK,0
35,174,7,0,False,2025-12-27T17:30:00Z,1,2,18,False,0,0,0,0,0,0,0,0,0,0,0,0,0,0.0,0.0,0.0,0.0,0,0,0,0,0,0.00,0.00,0.00,0.00,40,-17,1169,0,17,35,Marschall,Aston Villa,GK,0
35,181,1,0,False,2025-12-30T20:15:00Z,4,1,19,False,0,0,0,0,0,0,0,0,0,0,0,0,0,0.0,0.0,0.0,0.0,0,0,0,0,0,0.00,0.00,0.00,0.00,40,-15,1156,0,15,35,Marschall,Aston Villa,GK,0
35,191,16,0,True,2026-01-03T12:30:00Z,3,1,20,False,0,0,0,0,0,0,0,0,0,0,0,0,0,0.0,0.0,0.0,0.0,0,0,0,0,0,0.00,0.00,0.00,0.00,40,-7,1151,0,7,35,Marschall,Aston Villa,GK,0
35,205,8,0,False,2026-01-07T19:30:00Z,0,0,21,False,0,0,0,0,0,0,0,0,0,0,0,0,0,0.0,0.0,0.0,0.0,0,0,0,0,0,0.00,0.00,0.00,0.00,40,-15,1136,0,15,35,Marschall,Aston Villa,GK,0
35,211,9,0,True,2026-01-18T16:30:00Z,0,1,22,False,0,0,0,0,0,0,0,0,0,0,0,0,0,0.0,0.0,0.0,0.0,0,0,0,0,0,0.00,0.00,0.00,0.00,40,-17,1117,0,17,35,Marschall,Aston Villa,GK,0
35,229,15,0,False,2026-01-25T14:00:00Z,0,2,23,False,0,0,0,0,0,0,0,0,0,0,0,0,0,0.0,0.0,0.0,0.0,0,0,0,0,0,0.00,0.00,0.00,0.00,40,-7,1111,0,7,35,Marschall,Aston Villa,GK,0
35,231,5,0,True,2026-02-01T14:00:00Z,0,1,24,False,0,0,0,0,0,0,0,0,0,0,0,0,0,0.0,0.0,0.0,0.0,0,0,0,0,0,0.00,0.00,0.00,0.00,40,-8,1104,0,8,35,Marschall,Aston Villa,GK,0
35,242,4,0,False,2026-02-07T15:00:00Z,1,1,25,False,0,0,0,0,0,0,0,0,0,0,0,0,0,0.0,0.0,0.0,0.0,0,0,0,0,0,0.00,0.00,0.00,0.00,40,-6,1096,0,6,35,Marschall,Aston Villa,GK,0
35,251,6,0,True,2026-02-11T19:30:00Z,1,0,26,False,0,0,0,0,0,0,0,0,0,0,0,0,0,0.0,0.0,0.0,0.0,0,0,0,0,0,0.00,0.00,0.00,0.00,40,-4,1092,0,4,35,Marschall,Aston Villa,GK,0
35,261,11,0,True,2026-02-21T15:00:00Z,1,1,27,False,0,0,0,0,0,0,0,0,0,0,0,0,0,0.0,0.0,0.0,0.0,0,0,0,0,0,0.00,0.00,0.00,0.00,40,-9,1086,0,9,35,Marschall,Aston Villa,GK,0
35,280,20,0,False,2026-02-27T20:00:00Z,2,0,28,False,0,0,0,0,0,0,0,0,0,0,0,0,0,0.0,0.0,0.0,0.0,0,0,0,0,0,0.00,0.00,0.00,0.00,40,-4,1080,0,4,35,Marschall,Aston Villa,GK,0
35,281,7,0,True,2026-03-04T19:30:00Z,1,4,29,False,0,0,0,0,0,0,0,0,0,0,0,0,0,0.0,0.0,0.0,0.0,0,0,0,0,0,0.00,0.00,0.00,0.00,40,-7,1074,0,7,35,Marschall,Aston Villa,GK,0
35,297,14,0,False,2026-03-15T14:00:00Z,3,1,30,False,0,0,0,0,0,0,0,0,0,0,0,0,0,0.0,0.0,0.0,0.0,0,0,0,0,0,0.00,0.00,0.00,0.00,40,-3,1072,0,3,35,Marschall,Aston Villa,GK,0
35,301,19,0,True,2026-03-22T14:15:00Z,2,0,31,False,0,0,0,0,0,0,0,0,0,0,0,0,0,0.0,0.0,0.0,0.0,0,0,0,0,0,0.00,0.00,0.00,0.00,40,-9,1060,0,9,35,Marschall,Aston Villa,GK,0
35,318,16,0,False,2026-04-12T13:00:00Z,1,1,32,False,0,0,0,0,0,0,0,0,0,0,0,0,0,0.0,0.0,0.0,0.0,0,0,0,0,0,0.00,0.00,0.00,0.00,40,-6,1057,0,6,35,Marschall,Aston Villa,GK,0
35,321,17,0,True,2026-04-19T13:00:00Z,4,3,33,False,0,0,0,0,0,0,0,0,0,0,0,0,0,0.0,0.0,0.0,0.0,0,0,0,0,0,0.00,0.00,0.00,0.00,40,-2,1054,0,2,35,Marschall,Aston Villa,GK,0
35,335,10,0,False,2026-04-25T11:30:00Z,1,0,34,False,0,0,0,0,0,0,0,0,0,0,0,0,0,0.0,0.0,0.0,0.0,0,0,0,0,0,0.00,0.00,0.00,0.00,40,-5,1049,0,5,35,Marschall,Aston Villa,GK,0
35,342,18,0,True,2026-05-03T18:00:00Z,1,2,35,False,0,0,0,0,0,0,0,0,0,0,0,0,0,0.0,0.0,0.0,0.0,0,0,0,0,0,0.00,0.00,0.00,0.00,40,-6,1044,0,6,35,Marschall,Aston Villa,GK,0
35,352,3,0,False,2026-05-10T13:00:00Z,2,2,36,False,0,0,0,0,0,0,0,0,0,0,0,0,0,0.0,0.0,0.0,0.0,0,0,0,0,0,0.00,0.00,0.00,0.00,40,-1,1042,0,1,35,Marschall,Aston Villa,GK,0
35,362,12,0,True,2026-05-15T19:00:00Z,4,2,37,False,0,0,0,0,0,0,0,0,0,0,0,0,0,0.0,0.0,0.0,0.0,0,0,0,0,0,0.00,0.00,0.00,0.00,40,-3,1040,0,3,35,Marschall,Aston Villa,GK,0
35,376,13,0,False,2026-05-24T15:00:00Z,1,2,38,False,0,0,0,0,0,0,0,0,0,0,0,0,0,0.0,0.0,0.0,0.0,0,0,0,0,0,0.00,0.00,0.00,0.00,40,-3,1037,0,3,35,Marschall,Aston Villa,GK,0
36,2,15,8,True,2025-08-16T11:30:00Z,0,0,1,False,90,0,0,1,0,0,0,0,0,0,0,0,25,37.6,1.1,2.0,4.1,9,2,2,11,1,0.00,0.00,0.00,1.43,45,0,176115,0,0,36,Cash,Aston Villa,DEF,8
36,13,5,2,False,2025-08-23T14:00:00Z,1,0,2,False,90,0,0,0,1,0,0,0,0,0,0,0,18,20.4,25.4,4.0,5.0,3,5,3,6,1,0.00,0.23,0.23,1.21,45,234037,545718,275430,41393,36,Cash,Aston Villa,DEF,2
36,21,8,0,True,2025-08-31T18:00:00Z,0,3,3,False,73,0,0,0,2,0,0,0,1,0,0,0,-1,6.2,22.3,1.0,3.0,3,1,0,3,1,0.01,0.11,0.12,1.77,45,38806,594931,110477,71671,36,Cash,Aston Villa,DEF,0
36,36,9,5,False,2025-09-13T14:00:00Z,0,0,4,False,90,0,0,1,0,0,0,0,1,0,0,0,13,13.2,16.6,2.0,3.2,1,0,3,4,1,0.00,0.14,0.14,2.08,45,-37384,563357,44341,81725,36,Cash,Aston Villa,DEF,5
36,48,17,10,False,2025-09-21T13:00:00Z,1,1,5,False,90,1,0,0,1,0,0,0,0,0,0,2,29,44.4,7.2,11.0,6.3,3,3,2,5,1,0.05,0.05,0.10,1.05,45,13758,590688,41918,28160,36,Cash,Aston Villa,DEF,10
36,51,10,2,True,2025-09-28T13:00:00Z,3,1,6,False,90,0,0,0,1,0,0,0,0,0,0,0,8,18.0,1.5,1.0,2.1,7,7,2,9,1,0.01,0.01,0.02,0.92,46,40085,637026,68734,28649,36,Cash,Aston Villa,DEF,2
36,62,3,2,True,2025-10-05T13:00:00Z,2,1,7,False,83,0,0,0,1,0,0,0,0,0,0,0,9,10.6,16.4,9.0,3.6,2,2,1,3,1,0.01,0.03,0.04,0.39,46,26256,673353,51368,25112,36,Cash,Aston Villa,DEF,2
36,79,18,2,False,2025-10-19T13:00:00Z,1,2,8,False,90,0,0,0,1,0,0,0,0,0,0,0,13,6.4,12.0,3.0,2.1,4,1,1,5,1,0.04,0.02,0.06,0.75,46,-35626,631587,20634,56260,36,Cash,Aston Villa,DEF,2
36,82,13,15,True,2025-10-26T14:00:00Z,1,0,9,False,90,1,0,1,0,0,0,0,0,0,0,3,44,48.0,19.8,7.0,7.5,5,2,2,7,1,0.06,0.07,0.13,1.18,46,-41189,592594,10706,51895,36,Cash,Aston Villa,DEF,15
36,95,12,0,False,2025-11-01T20:00:00Z,2,0,10,False,90,0,0,0,2,0,0,0,1,0,0,0,0,16.4,15.9,8.0,4.0,7,0,0,7,1,0.03,0.04,0.07,1.19,46,36537,635682,57280,20743,36,Cash,Aston Villa,DEF,0
36,101,4,6,True,2025-11-09T14:00:00Z,4,0,11,False,90,0,0,1,0,0,0,0,0,0,0,0,21,12.4,1.0,9.0,2.2,3,1,2,5,1,0.01,0.01,0.02,1.61,46,18993,661296,42849,23856,36,Cash,Aston Villa,DEF,6
36,116,11,2,False,2025-11-23T14:00:00Z,1,2,12,False,90,0,0,0,1,0,0,0,0,0,0,0,10,14.2,29.8,4.0,4.8,2,3,3,5,1,0.09,0.26,0.35,1.79,46,44504,709503,84278,39774,36,Cash,Aston Villa,DEF,2
36,121,20,6,True,2025-11-30T14:05:00Z,1,0,13,False,90,0,0,1,0,0,0,0,0,0,0,0,28,14.0,6.0,21.0,4.1,3,2,2,5,1,0.03,0.03,0.06,0.49,46,96505,1131281,115420,18915,36,Cash,Aston Villa,DEF,6
36,133,6,4,False,2025-12-03T19:30:00Z,3,4,14,False,90,0,1,0,3,0,0,0,0,0,0,0,15,35.2,29.2,0.0,6.4,6,1,2,8,1,0.00,0.34,0.34,2.21,47,32759,839228,53871,21112,36,Cash,Aston Villa,DEF,4
36,141,1,9,True,2025-12-06T12:30:00Z,2,1,15,False,86,1,0,0,1,0,0,0,0,0,0,1,24,47.0,15.2,24.0,8.6,5,1,1,6,1,0.25,0.05,0.30,1.87,47,5346,835590,40497,35151,36,Cash,Aston Villa,DEF,9
36,160,19,0,False,2025-12-14T14:00:00Z,2,3,16,False,90,0,0,0,2,0,0,0,1,0,0,0,7,11.6,12.8,0.0,2.4,3,4,3,6,1,0.00,0.01,0.01,1.03,49,846901,1785756,861515,14614,36,Cash,Aston Villa,DEF,0
36,161,14,2,True,2025-12-21T16:30:00Z,2,1,17,False,90,0,0,0,1,0,0,0,0,0,0,0,1,6.6,1.1,5.0,1.3,3,2,1,4,1,0.07,0.01,0.08,1.33,49,6715,1682375,112904,106189,36,Cash,Aston Villa,DEF,2
36,174,7,1,False,2025-12-27T17:30:00Z,1,2,18,False,90,0,0,0,1,0,0,0,1,0,0,0,2,11.6,10.8,2.0,2.4,3,1,2,5,1,0.00,0.00,0.00,2.14,49,-50302,1581086,58267,108569,36,Cash,Aston Villa,DEF,1
36,181,1,0,False,2025-12-30T20:15:00Z,4,1,19,False,0,0,0,0,0,0,0,0,0,0,0,0,0,0.0,0.0,0.0,0.0,0,0,0,0,0,0.00,0.00,0.00,0.00,49,-410468,1147444,9419,419887,36,Cash,Aston Villa,DEF,0
36,191,16,5,True,2026-01-03T12:30:00Z,3,1,20,False,89,0,1,0,1,0,0,0,0,0,0,0,21,26.4,20.7,6.0,5.3,3,3,0,3,1,0.00,0.16,0.16,0.80,48,10568,1279346,105757,95189,36,Cash,Aston Villa,DEF,5
36,205,8,6,False,2026-01-07T19:30:00Z,0,0,21,False,90,0,0,1,0,0,0,0,0,0,0,0,29,25.0,30.5,4.0,6.0,5,6,3,8,1,0.04,0.19,0.23,1.50,48,48247,1326799,89438,41191,36,Cash,Aston Villa,DEF,6
36,211,9,2,True,2026-01-18T16:30:00Z,0,1,22,False,90,0,0,0,1,0,0,0,0,0,0,0,12,19.8,20.5,4.0,4.4,3,6,1,4,1,0.00,0.15,0.15,0.51,48,111052,1446485,150029,38977,36,Cash,Aston Villa,DEF,2
36,229,15,6,False,2026-01-25T14:00:00Z,0,2,23,False,90,0,0,1,0,0,0,0,0,0,0,0,18,7.8,2.0,5.0,1.5,4,2,0,4,1,0.05,0.01,0.06,2.18,48,-22696,1416555,39762,62458,36,Cash,Aston Villa,DEF,6
36,231,5,2,True,2026-02-01T14:00:00Z,0,1,24,False,90,0,0,0,1,0,0,0,0,0,0,0,16,24.4,40.8,30.0,9.5,4,7,4,8,1,0.23,0.33,0.56,0.38,48,73324,1499457,129439,56115,36,Cash,Aston Villa,DEF,2
36,242,4,2,False,2026-02-07T15:00:00Z,1,1,25,False,90,0,0,0,1,0,0,0,0,0,0,0,5,13.0,0.9,21.0,3.5,2,1,2,4,1,0.04,0.00,0.04,2.06,48,17016,1513523,70078,53062,36,Cash,Aston Villa,DEF,2
36,251,6,0,True,2026-02-11T19:30:00Z,1,0,26,False,0,0,0,0,0,0,0,0,0,0,0,0,0,0.0,0.0,0.0,0.0,0,0,0,0,0,0.00,0.00,0.00,0.00,49,-8968,1495779,54570,63538,36,Cash,Aston Villa,DEF,0
36,261,11,2,True,2026-02-21T15:00:00Z,1,1,27,False,86,0,0,0,1,0,0,0,0,0,0,0,13,18.0,19.8,5.0,4.3,6,3,1,7,1,0.02,0.12,0.14,1.35,49,-82370,1423877,50936,133306,36,Cash,Aston Villa,DEF,2
36,280,20,0,False,2026-02-27T20:00:00Z,2,0,28,False,90,0,0,0,2,0,0,0,1,0,0,0,11,23.0,33.9,0.0,5.7,2,6,5,7,1,0.00,0.07,0.07,0.86,49,1715,1437246,48237,46522,36,Cash,Aston Villa,DEF,0
36,281,7,-1,True,2026-03-04T19:30:00Z,1,4,29,False,45,0,0,0,2,0,0,0,1,0,0,0,-12,1.8,0.5,0.0,0.2,1,2,0,1,1,0.00,0.00,0.00,2.17,48,-116198,1308920,9744,125942,36,Cash,Aston Villa,DEF,0
36,297,14,0,False,2026-03-15T14:00:00Z,3,1,30,False,0,0,0,0,0,0,0,0,0,0,0,0,0,0.0,0.0,0.0,0.0,0,0,0,0,0,0.00,0.00,0.00,0.00,48,-183468,1130186,3112,186580,36,Cash,Aston Villa,DEF,0
36,301,19,6,True,2026-03-22T14:15:00Z,2,0,31,False,90,0,0,1,0,0,0,0,0,0,0,0,24,7.4,7.9,7.0,2.2,1,0,3,4,1,0.05,0.24,0.29,0.94,47,-16706,1124827,35742,52448,36,Cash,Aston Villa,DEF,6
36,318,16,1,False,2026-04-12T13:00:00Z,1,1,32,False,90,0,0,0,1,0,0,0,1,0,0,0,5,11.6,4.3,13.0,2.9,4,2,0,4,1,0.03,0.02,0.05,1.15,47,-23761,1099357,31043,54804,36,Cash,Aston Villa,DEF,1
36,321,17,1,True,2026-04-19T13:00:00Z,4,3,33,False,90,0,0,0,3,0,0,0,0,0,0,0,-4,6.0,1.7,5.0,1.3,2,4,2,4,1,0.01,0.02,0.03,1.73,47,-31849,1017795,17633,49482,36,Cash,Aston Villa,DEF,1
36,335,10,2,False,2026-04-25T11:30:00Z,1,0,34,False,90,0,0,0,1,0,0,0,0,0,0,0,13,19.0,23.2,2.0,4.4,3,0,4,7,1,0.00,0.03,0.03,1.18,47,30196,1106018,55249,25053,36,Cash,Aston Villa,DEF,2
36,342,18,5,True,2026-05-03T18:00:00Z,1,2,35,False,90,0,1,0,2,0,0,0,0,0,0,1,25,41.4,16.2,0.0,5.8,2,3,7,9,1,0.00,0.07,0.07,0.99,47,-29679,1070100,15160,44839,36,Cash,Aston Villa,DEF,5
36,352,3,1,False,2026-05-10T13:00:00Z,2,2,36,False,79,0,0,0,2,0,0,0,0,0,0,0,1,0.0,20.6,2.0,2.2,0,0,0,0,1,0.00,0.10,0.10,1.63,47,-6129,1065989,20768,26897,36,Cash,Aston Villa,DEF,1
36,362,12,0,True,2026-05-15T19:00:00Z,4,2,37,False,90,0,0,0,2,0,0,0,1,0,0,0,3,16.6,12.4,2.0,3.1,5,3,2,7,1,0.01,0.01,0.02,1.43,47,-51084,1010711,3841,54925,36,Cash,Aston Villa,DEF,0
36,376,13,1,False,2026-05-24T15:00:00Z,1,2,38,False,45,0,0,0,0,0,0,0,0,0,0,0,4,8.0,10.7,2.0,2.1,1,2,0,1,0,0.00,0.01,0.01,0.15,46,-50433,959217,4363,54796,36,Cash,Aston Villa,DEF,1
37,2,15,6,True,2025-08-16T11:30:00Z,0,0,1,False,90,0,0,1,0,0,0,0,0,0,0,0,22,11.6,5.8,0.0,1.7,5,3,2,7,1,0.00,0.01,0.01,1.43,45,0,173557,0,0,37,Digne,Aston Villa,DEF,6
37,13,5,2,False,2025-08-23T14:00:00Z,1,0,2,False,63,0,0,0,1,0,0,0,0,0,0,0,8,6.8,8.4,6.0,2.1,1,2,1,2,1,0.00,0.16,0.16,1.11,45,40875,256592,55427,14552,37,Digne,Aston Villa,DEF,2
37,21,8,1,True,2025-08-31T18:00:00Z,0,3,3,False,7,0,0,0,0,0,0,0,0,0,0,0,3,0.0,0.7,0.0,0.1,0,0,0,0,0,0.00,0.00,0.00,0.38,45,-5475,254048,18401,23876,37,Digne,Aston Villa,DEF,1
37,36,9,5,False,2025-09-13T14:00:00Z,0,0,4,False,90,0,0,1,0,0,0,0,1,0,0,0,18,7.4,6.8,9.0,2.3,3,6,1,4,1,0.08,0.01,0.09,2.08,45,-21170,235676,7484,28654,37,Digne,Aston Villa,DEF,5
37,48,17,1,False,2025-09-21T13:00:00Z,1,1,5,False,57,0,0,0,0,0,0,0,0,0,0,0,6,1.2,3.8,2.0,0.7,0,2,0,0,1,0.00,0.04,0.04,0.37,45,-14,240016,10884,10898,37,Digne,Aston Villa,DEF,1
37,51,10,5,True,2025-09-28T13:00:00Z,3,1,6,False,90,0,1,0,1,0,0,0,0,0,0,0,21,28.2,15.2,11.0,5.4,3,3,0,3,1,0.05,0.33,0.38,0.92,45,-12877,226658,4945,17822,37,Digne,Aston Villa,DEF,5
37,62,3,1,True,2025-10-05T13:00:00Z,2,1,7,False,90,0,0,0,1,0,0,0,1,0,0,0,20,27.6,81.8,17.0,12.6,4,4,2,6,1,0.08,0.58,0.66,0.42,45,3638,234410,12966,9328,37,Digne,Aston Villa,DEF,1
37,79,18,5,False,2025-10-19T13:00:00Z,1,2,8,False,81,0,1,0,1,0,0,0,0,0,0,0,12,26.6,10.6,2.0,3.9,2,2,3,5,1,0.00,0.01,0.01,0.55,45,-12901,220573,4861,17762,37,Digne,Aston Villa,DEF,5
37,82,13,6,True,2025-10-26T14:00:00Z,1,0,9,False,85,0,0,1,0,0,0,0,0,0,0,0,28,11.2,16.7,11.0,3.9,1,0,3,4,1,0.06,0.06,0.12,0.98,45,-18795,202176,3035,21830,37,Digne,Aston Villa,DEF,6
37,95,12,1,False,2025-11-01T20:00:00Z,2,0,10,False,74,0,0,0,2,0,0,0,0,0,0,0,3,14.8,11.3,0.0,2.6,5,2,2,7,1,0.00,0.01,0.01,1.12,45,-7262,196038,4954,12216,37,Digne,Aston Villa,DEF,1
37,101,4,9,True,2025-11-09T14:00:00Z,4,0,11,False,90,0,1,1,0,0,0,0,0,0,0,0,29,26.0,20.4,0.0,4.6,4,3,0,4,1,0.00,0.12,0.12,1.61,45,-2187,195052,4219,6406,37,Digne,Aston Villa,DEF,9
37,116,11,1,False,2025-11-23T14:00:00Z,1,2,12,False,45,0,0,0,1,0,0,0,0,0,0,0,1,2.6,5.1,0.0,0.8,1,2,1,2,1,0.00,0.06,0.06,1.23,45,42916,251192,47270,4354,37,Digne,Aston Villa,DEF,1
37,121,20,7,True,2025-11-30T14:05:00Z,1,0,13,False,90,0,0,1,0,0,0,0,0,0,0,1,31,11.8,35.6,3.0,5.0,4,5,0,4,1,0.08,0.09,0.17,0.49,45,13558,278393,20703,7145,37,Digne,Aston Villa,DEF,7
37,133,6,1,False,2025-12-03T19:30:00Z,3,4,14,False,20,0,0,0,1,0,0,0,0,0,0,0,-1,3.2,0.0,0.0,0.3,2,1,0,2,0,0.00,0.00,0.00,0.79,45,7633,262880,14436,6803,37,Digne,Aston Villa,DEF,1
37,141,1,0,True,2025-12-06T12:30:00Z,2,1,15,False,0,0,0,0,0,0,0,0,0,0,0,0,0,0.0,0.0,0.0,0.0,0,0,0,0,0,0.00,0.00,0.00,0.00,45,-8607,251429,7537,16144,37,Digne,Aston Villa,DEF,0
37,160,19,1,False,2025-12-14T14:00:00Z,2,3,16,False,15,0,0,0,0,0,0,0,0,0,0,0,8,6.2,0.9,17.0,2.4,0,3,1,1,0,0.01,0.00,0.01,0.04,45,-20244,234790,16268,36512,37,Digne,Aston Villa,DEF,1
37,161,14,1,True,2025-12-21T16:30:00Z,2,1,17,False,15,0,0,0,0,0,0,0,0,0,0,0,4,4.8,0.3,0.0,0.5,1,0,1,2,0,0.00,0.00,0.00,0.13,45,-10426,223417,7252,17678,37,Digne,Aston Villa,DEF,1
37,174,7,1,False,2025-12-27T17:30:00Z,1,2,18,False,7,0,0,0,0,0,0,0,0,0,0,0,5,3.0,0.0,7.0,1.0,0,0,0,0,0,0.10,0.00,0.10,0.03,45,-10895,210621,4791,15686,37,Digne,Aston Villa,DEF,1
37,181,1,0,False,2025-12-30T20:15:00Z,4,1,19,False,90,0,0,0,4,0,0,0,0,0,0,0,-4,19.4,25.7,0.0,4.5,5,0,1,6,1,0.00,0.12,0.12,3.04,45,-8972,203164,5115,14087,37,Digne,Aston Villa,DEF,0
37,191,16,1,True,2026-01-03T12:30:00Z,3,1,20,False,21,0,0,0,0,0,0,0,0,0,0,0,3,4.2,10.6,0.0,1.5,1,1,0,1,0,0.00,0.00,0.00,0.19,45,2101,210012,11014,8913,37,Digne,Aston Villa,DEF,1
37,205,8,9,False,2026-01-07T19:30:00Z,0,0,21,False,72,0,0,1,0,0,0,0,0,0,0,3,33,21.2,17.8,4.0,4.3,3,3,3,6,1,0.03,0.15,0.18,1.50,45,-8376,200668,3290,11666,37,Digne,Aston Villa,DEF,9
37,211,9,1,True,2026-01-18T16:30:00Z,0,1,22,False,17,0,0,0,0,0,0,0,0,0,0,0,5,5.4,0.3,17.0,2.3,1,1,0,1,0,0.05,0.00,0.05,0.00,45,5863,208082,12269,6406,37,Digne,Aston Villa,DEF,1
37,229,15,3,False,2026-01-25T14:00:00Z,0,2,23,False,15,0,1,0,0,0,0,0,1,0,0,0,13,17.4,18.7,2.0,3.8,0,0,0,0,0,0.00,0.44,0.44,0.13,45,-4765,202764,2650,7415,37,Digne,Aston Villa,DEF,3
37,231,5,0,True,2026-02-01T14:00:00Z,0,1,24,False,0,0,0,0,0,0,0,0,0,0,0,0,0,0.0,0.0,0.0,0.0,0,0,0,0,0,0.00,0.00,0.00,0.00,45,-167,203240,7017,7184,37,Digne,Aston Villa,DEF,0
37,242,4,4,False,2026-02-07T15:00:00Z,1,1,25,False,85,0,0,0,1,0,0,0,0,0,0,0,14,17.6,6.1,0.0,2.4,6,9,5,11,1,0.00,0.02,0.02,1.71,45,-2853,200369,4955,7808,37,Digne,Aston Villa,DEF,4
37,251,6,0,True,2026-02-11T19:30:00Z,1,0,26,False,0,0,0,0,0,0,0,0,0,0,0,0,0,0.0,0.0,0.0,0.0,0,0,0,0,0,0.00,0.00,0.00,0.00,45,944,201659,5986,5042,37,Digne,Aston Villa,DEF,0
37,261,11,0,True,2026-02-21T15:00:00Z,1,1,27,False,0,0,0,0,0,0,0,0,0,0,0,0,0,0.0,0.0,0.0,0.0,0,0,0,0,0,0.00,0.00,0.00,0.00,45,771,203345,7214,6443,37,Digne,Aston Villa,DEF,0
37,280,20,2,False,2026-02-27T20:00:00Z,2,0,28,False,69,0,0,0,1,0,0,0,0,0,0,0,7,1.4,6.3,0.0,0.8,1,1,0,1,1,0.00,0.09,0.09,0.39,45,-4388,198934,3059,7447,37,Digne,Aston Villa,DEF,2
37,281,7,0,True,2026-03-04T19:30:00Z,1,4,29,False,0,0,0,0,0,0,0,0,0,0,0,0,0,0.0,0.0,0.0,0.0,0,0,0,0,0,0.00,0.00,0.00,0.00,45,-4598,194155,1465,6063,37,Digne,Aston Villa,DEF,0
37,297,14,4,False,2026-03-15T14:00:00Z,3,1,30,False,81,0,1,0,3,0,0,0,0,0,0,0,15,18.8,32.3,2.0,5.3,6,0,1,7,1,0.00,0.22,0.22,0.83,45,-4406,190261,2319,6725,37,Digne,Aston Villa,DEF,4
37,301,19,7,True,2026-03-22T14:15:00Z,2,0,31,False,90,0,0,1,0,0,0,0,0,0,0,1,30,23.6,36.6,11.0,7.1,5,4,2,7,1,0.07,0.21,0.28,0.94,45,10493,225866,12414,1921,37,Digne,Aston Villa,DEF,7
37,318,16,2,False,2026-04-12T13:00:00Z,1,1,32,False,77,0,0,0,1,0,0,0,0,0,0,0,16,22.8,30.8,4.0,5.8,4,3,4,8,1,0.00,0.07,0.07,1.15,45,2976,204600,6861,3885,37,Digne,Aston Villa,DEF,2
37,321,17,3,True,2026-04-19T13:00:00Z,4,3,33,False,20,0,1,0,2,0,0,0,0,0,0,0,10,21.4,14.1,0.0,3.6,1,0,0,1,0,0.00,0.29,0.29,1.45,45,199,202288,4994,4795,37,Digne,Aston Villa,DEF,4
37,335,10,2,False,2026-04-25T11:30:00Z,1,0,34,False,90,0,0,0,1,0,0,0,0,0,0,0,2,1.0,1.8,1.0,0.4,2,0,1,3,1,0.02,0.01,0.03,1.18,45,8345,218954,11614,3269,37,Digne,Aston Villa,DEF,2
37,342,18,0,True,2026-05-03T18:00:00Z,1,2,35,False,0,0,0,0,0,0,0,0,0,0,0,0,0,0.0,0.0,0.0,0.0,0,0,0,0,0,0.00,0.00,0.00,0.00,45,-1709,211509,2873,4582,37,Digne,Aston Villa,DEF,0
37,352,3,1,False,2026-05-10T13:00:00Z,2,2,36,False,16,0,0,0,0,0,0,0,0,0,0,0,10,9.6,14.7,0.0,2.4,1,1,1,2,0,0.00,0.12,0.12,0.17,45,-3074,208475,2398,5472,37,Digne,Aston Villa,DEF,1
37,362,12,4,True,2026-05-15T19:00:00Z,4,2,37,False,90,0,1,0,2,0,0,0,0,0,0,0,9,23.4,16.3,4.0,4.4,5,2,1,6,1,0.04,0.06,0.10,1.43,45,-5598,202706,859,6457,37,Digne,Aston Villa,DEF,4
37,376,13,0,False,2026-05-24T15:00:00Z,1,2,38,False,0,0,0,0,0,0,0,0,0,0,0,0,0,0.0,0.0,0.0,0.0,0,0,0,0,0,0.00,0.00,0.00,0.00,45,-3578,199269,1895,5473,37,Digne,Aston Villa,DEF,0
38,2,15,3,True,2025-08-16T11:30:00Z,0,0,1,False,65,0,0,1,0,0,0,0,0,1,0,0,15,1.8,1.1,0.0,0.3,3,1,0,3,1,0.00,0.01,0.01,1.11,45,0,2210503,0,0,38,Konsa,Aston Villa,DEF,3
38,13,5,0,False,2025-08-23T14:00:00Z,1,0,2,False,0,0,0,0,0,0,0,0,0,0,0,0,0,0.0,0.0,0.0,0.0,0,0,0,0,0,0.00,0.00,0.00,0.00,45,-517663,1707950,19195,536858,38,Konsa,Aston Villa,DEF,0
38,21,8,1,True,2025-08-31T18:00:00Z,0,3,3,False,90,0,0,0,3,0,0,0,0,0,0,0,3,18.4,14.3,4.0,3.7,5,5,0,5,1,0.00,0.03,0.03,2.67,45,-98345,1624989,46903,145248,38,Konsa,Aston Villa,DEF,1
38,36,9,6,False,2025-09-13T14:00:00Z,0,0,4,False,90,0,0,1,0,0,0,0,0,0,0,0,28,15.4,1.0,0.0,1.6,3,2,1,4,1,0.00,0.01,0.01,2.08,45,-161024,1486987,36044,197068,38,Konsa,Aston Villa,DEF,6
38,48,17,2,False,2025-09-21T13:00:00Z,1,1,5,False,90,0,0,0,1,0,0,0,0,0,0,0,10,26.2,3.0,0.0,2.9,5,4,1,6,1,0.00,0.02,0.02,1.05,45,-9358,1507276,46561,55919,38,Konsa,Aston Villa,DEF,2
38,51,10,2,True,2025-09-28T13:00:00Z,3,1,6,False,90,0,0,0,1,0,0,0,0,0,0,0,21,22.4,0.7,0.0,2.3,5,3,0,5,1,0.00,0.00,0.00,0.92,45,-130208,1372449,26508,156716,38,Konsa,Aston Villa,DEF,2
38,62,3,2,True,2025-10-05T13:00:00Z,2,1,7,False,90,0,0,0,1,0,0,0,0,0,0,0,15,15.8,1.1,19.0,3.6,3,4,0,3,1,0.04,0.01,0.05,0.42,45,-68096,1313722,21254,89350,38,Konsa,Aston Villa,DEF,2
38,79,18,2,False,2025-10-19T13:00:00Z,1,2,8,False,90,0,0,0,1,0,0,0,0,0,0,0,9,17.8,4.1,2.0,2.4,5,2,1,6,1,0.00,0.01,0.01,0.75,45,-118649,1196340,13012,131661,38,Konsa,Aston Villa,DEF,2
38,82,13,8,True,2025-10-26T14:00:00Z,1,0,9,False,90,0,0,1,0,0,0,0,0,0,0,0,31,30.8,0.5,2.0,3.3,11,4,1,12,1,0.00,0.00,0.00,1.18,45,-90058,1108186,6819,96877,38,Konsa,Aston Villa,DEF,8
38,95,12,1,False,2025-11-01T20:00:00Z,2,0,10,False,90,0,0,0,2,0,0,0,0,0,0,0,11,17.4,1.3,0.0,1.9,8,2,0,8,1,0.00,0.01,0.01,1.19,44,-45574,1061518,11187,56761,38,Konsa,Aston Villa,DEF,1
38,101,4,6,True,2025-11-09T14:00:00Z,4,0,11,False,90,0,0,1,0,0,0,0,0,0,0,0,25,12.2,0.3,6.0,1.9,4,3,0,4,1,0.00,0.05,0.05,1.61,44,-29900,1035574,8408,38308,38,Konsa,Aston Villa,DEF,6
38,116,11,2,False,2025-11-23T14:00:00Z,1,2,12,False,90,0,0,0,1,0,0,0,0,0,0,0,19,25.0,0.9,0.0,2.6,5,3,1,6,1,0.00,0.00,0.00,1.79,44,-47474,980637,12797,60271,38,Konsa,Aston Villa,DEF,2
38,121,20,8,True,2025-11-30T14:05:00Z,1,0,13,False,90,0,0,1,0,0,0,0,0,0,0,2,32,27.2,22.3,2.0,5.2,7,3,2,9,1,0.00,0.03,0.03,0.49,44,-4908,998811,18629,23537,38,Konsa,Aston Villa,DEF,8
38,133,6,1,False,2025-12-03T19:30:00Z,3,4,14,False,90,0,0,0,3,0,0,0,0,0,0,0,6,15.4,0.4,25.0,4.1,4,3,1,5,1,0.27,0.01,0.28,2.21,44,5027,994191,18125,13098,38,Konsa,Aston Villa,DEF,1
38,141,1,2,True,2025-12-06T12:30:00Z,2,1,15,False,90,0,0,0,1,0,0,0,0,0,0,0,11,8.2,1.3,0.0,1.0,5,4,0,5,1,0.00,0.01,0.01,1.92,44,-18863,969478,13001,31864,38,Konsa,Aston Villa,DEF,2
38,160,19,1,False,2025-12-14T14:00:00Z,2,3,16,False,90,0,0,0,2,0,0,0,0,0,0,0,2,6.4,2.1,0.0,0.9,2,4,0,2,1,0.00,0.02,0.02,1.03,44,12517,994810,57260,44743,38,Konsa,Aston Villa,DEF,1
38,161,14,2,True,2025-12-21T16:30:00Z,2,1,17,False,90,0,0,0,1,0,0,0,0,0,0,0,8,14.2,0.4,0.0,1.5,6,2,0,6,1,0.00,0.00,0.00,1.33,44,-16870,968405,21809,38679,38,Konsa,Aston Villa,DEF,2
38,174,7,4,False,2025-12-27T17:30:00Z,1,2,18,False,90,0,0,0,1,0,0,0,0,0,0,0,14,23.8,0.2,0.0,2.4,10,1,0,10,1,0.00,0.01,0.01,2.14,44,-20066,937515,17516,37582,38,Konsa,Aston Villa,DEF,4
38,181,1,0,False,2025-12-30T20:15:00Z,4,1,19,False,90,0,0,0,4,0,0,0,0,0,0,0,8,26.8,12.0,0.0,3.9,6,3,1,7,1,0.00,0.11,0.11,3.04,44,-16307,923717,17467,33774,38,Konsa,Aston Villa,DEF,0
38,191,16,2,True,2026-01-03T12:30:00Z,3,1,20,False,90,0,0,0,1,0,0,0,0,0,0,0,15,16.8,3.8,2.0,2.3,2,1,1,3,1,0.00,0.03,0.03,0.89,44,17527,962251,38591,21064,38,Konsa,Aston Villa,DEF,2
38,205,8,7,False,2026-01-07T19:30:00Z,0,0,21,False,90,0,0,1,0,0,0,0,0,0,0,1,30,18.2,0.6,10.0,2.9,7,5,1,8,1,0.05,0.01,0.06,1.50,44,-12760,946722,14642,27402,38,Konsa,Aston Villa,DEF,7
38,211,9,2,True,2026-01-18T16:30:00Z,0,1,22,False,90,0,0,0,1,0,0,0,0,0,0,0,13,24.0,1.3,7.0,3.2,4,4,3,7,1,0.02,0.02,0.04,0.51,44,9254,959214,29043,19789,38,Konsa,Aston Villa,DEF,2
38,229,15,6,False,2026-01-25T14:00:00Z,0,2,23,False,90,0,0,1,0,0,0,0,0,0,0,0,26,12.4,1.1,0.0,1.4,6,4,0,6,1,0.00,0.01,0.01,2.18,44,-13884,944365,8539,22423,38,Konsa,Aston Villa,DEF,6
38,231,5,2,True,2026-02-01T14:00:00Z,0,1,24,False,90,0,0,0,1,0,0,0,0,0,0,0,11,14.2,9.3,4.0,2.8,2,3,2,4,1,0.35,0.08,0.43,0.38,44,21401,968354,43086,21685,38,Konsa,Aston Villa,DEF,2
38,242,4,2,False,2026-02-07T15:00:00Z,1,1,25,False,90,0,0,0,1,0,0,0,0,0,0,0,14,18.2,0.4,0.0,1.9,6,3,0,6,1,0.00,0.00,0.00,2.06,44,10755,978225,29778,19023,38,Konsa,Aston Villa,DEF,2
38,251,6,6,True,2026-02-11T19:30:00Z,1,0,26,False,90,0,0,1,0,0,0,0,0,0,0,0,25,7.0,1.1,11.0,1.9,4,4,0,4,1,0.15,0.02,0.17,0.50,44,-71,975941,20324,20395,38,Konsa,Aston Villa,DEF,6
38,261,11,7,True,2026-02-21T15:00:00Z,1,1,27,False,90,0,1,0,1,0,0,0,0,0,0,0,23,28.8,1.5,10.0,4.0,8,4,2,10,1,0.13,0.01,0.14,1.35,44,55673,1038871,66698,11025,38,Konsa,Aston Villa,DEF,7
38,280,20,1,False,2026-02-27T20:00:00Z,2,0,28,False,90,0,0,0,2,0,0,0,0,0,0,0,11,17.8,0.8,0.0,1.9,6,5,2,8,1,0.00,0.01,0.01,0.86,44,33209,1074597,46073,12864,38,Konsa,Aston Villa,DEF,1
38,281,7,0,True,2026-03-04T19:30:00Z,1,4,29,False,90,0,0,0,4,0,0,0,0,0,0,0,-3,17.0,0.8,0.0,1.8,5,2,0,5,1,0.00,0.00,0.00,3.60,44,-23210,1043800,10228,33438,38,Konsa,Aston Villa,DEF,0
38,297,14,1,False,2026-03-15T14:00:00Z,3,1,30,False,90,0,0,0,3,0,0,0,0,0,0,0,4,25.4,5.1,0.0,3.1,7,1,0,7,1,0.00,0.02,0.02,1.10,44,-20116,1026673,15486,35602,38,Konsa,Aston Villa,DEF,1
38,301,19,6,True,2026-03-22T14:15:00Z,2,0,31,False,90,0,0,1,0,0,0,0,0,0,0,0,24,17.8,11.2,16.0,4.5,3,1,0,3,1,0.26,0.01,0.27,0.94,44,36472,1124818,46032,9560,38,Konsa,Aston Villa,DEF,6
38,318,16,0,False,2026-04-12T13:00:00Z,1,1,32,False,0,0,0,0,0,0,0,0,0,0,0,0,0,0.0,0.0,0.0,0.0,0,0,0,0,0,0.00,0.00,0.00,0.00,44,-15850,1048946,16412,32262,38,Konsa,Aston Villa,DEF,0
38,321,17,1,True,2026-04-19T13:00:00Z,4,3,33,False,90,0,0,0,3,0,0,0,0,0,0,0,4,10.2,0.8,2.0,1.3,3,6,1,4,1,0.00,0.00,0.00,1.73,44,-29505,980231,6664,36169,38,Konsa,Aston Villa,DEF,1
38,335,10,2,False,2026-04-25T11:30:00Z,1,0,34,False,90,0,0,0,1,0,0,0,0,0,0,0,11,19.2,1.3,0.0,2.1,5,4,0,5,1,0.00,0.01,0.01,1.18,44,2950,1010648,17726,14776,38,Konsa,Aston Villa,DEF,2
38,342,18,0,True,2026-05-03T18:00:00Z,1,2,35,False,0,0,0,0,0,0,0,0,0,0,0,0,0,0.0,0.0,0.0,0.0,0,0,0,0,0,0.00,0.00,0.00,0.00,44,-21142,1002607,6058,27200,38,Konsa,Aston Villa,DEF,0
38,352,3,1,False,2026-05-10T13:00:00Z,2,2,36,False,90,0,0,0,2,0,0,0,0,0,0,0,12,15.6,1.3,2.0,1.9,3,4,1,4,1,0.00,0.01,0.01,1.79,44,-20794,980790,4753,25547,38,Konsa,Aston Villa,DEF,1
38,362,12,1,True,2026-05-15T19:00:00Z,4,2,37,False,90,0,0,0,2,0,0,0,0,0,0,0,9,13.6,0.9,0.0,1.5,6,4,0,6,1,0.00,0.01,0.01,1.43,44,-33189,947196,1609,34798,38,Konsa,Aston Villa,DEF,1
38,376,13,0,False,2026-05-24T15:00:00Z,1,2,38,False,0,0,0,0,0,0,0,0,0,0,0,0,0,0.0,0.0,0.0,0.0,0,0,0,0,0,0.00,0.00,0.00,0.00,44,-31395,914726,2279,33674,38,Konsa,Aston Villa,DEF,0
39,2,15,0,True,2025-08-16T11:30:00Z,0,0,1,False,0,0,0,0,0,0,0,0,0,0,0,0,0,0.0,0.0,0.0,0.0,0,0,0,0,0,0.00,0.00,0.00,0.00,45,0,86154,0,0,39,Maatsen,Aston Villa,DEF,0
39,13,5,1,False,2025-08-23T14:00:00Z,1,0,2,False,26,0,0,0,0,0,0,0,0,0,0,0,10,10.6,15.4,2.0,2.8,3,2,1,4,0,0.02,0.06,0.08,0.11,45,-11755,83168,3614,15369,39,Maatsen,Aston Villa,DEF,1
39,21,8,1,True,2025-08-31T18:00:00Z,0,3,3,False,83,0,0,0,3,0,0,0,0,0,0,0,6,19.0,38.1,5.0,6.2,6,5,0,6,1,0.09,0.12,0.21,2.29,44,-9168,76151,2693,11861,39,Maatsen,Aston Villa,DEF,1
39,36,9,0,False,2025-09-13T14:00:00Z,0,0,4,False,0,0,0,0,0,0,0,0,0,0,0,0,0,0.0,0.0,0.0,0.0,0,0,0,0,0,0.00,0.00,0.00,0.00,44,-5665,73052,4222,9887,39,Maatsen,Aston Villa,DEF,0
39,48,17,0,False,2025-09-21T13:00:00Z,1,1,5,False,32,0,0,0,1,0,0,0,1,0,0,0,-2,5.0,3.5,6.0,1.5,2,3,0,2,0,0.00,0.02,0.02,0.68,44,-5565,68341,2051,7616,39,Maatsen,Aston Villa,DEF,0
39,51,10,0,True,2025-09-28T13:00:00Z,3,1,6,False,0,0,0,0,0,0,0,0,0,0,0,0,0,0.0,0.0,0.0,0.0,0,0,0,0,0,0.00,0.00,0.00,0.00,44,-4810,64226,1978,6788,39,Maatsen,Aston Villa,DEF,0
39,62,3,1,True,2025-10-05T13:00:00Z,2,1,7,False,1,0,0,0,0,0,0,0,0,0,0,0,6,2.0,0.0,0.0,0.2,0,0,1,1,0,0.00,0.00,0.00,0.00,43,-2890,61839,1726,4616,39,Maatsen,Aston Villa,DEF,1
39,79,18,1,False,2025-10-19T13:00:00Z,1,2,8,False,8,0,0,0,0,0,0,0,0,0,0,0,8,7.4,10.2,1.0,1.9,2,2,2,4,0,0.04,0.00,0.04,0.20,43,-3057,59364,1578,4635,39,Maatsen,Aston Villa,DEF,1
39,82,13,1,True,2025-10-26T14:00:00Z,1,0,9,False,4,0,0,0,0,0,0,0,0,0,0,0,3,0.0,0.0,0.0,0.0,0,0,0,0,0,0.00,0.00,0.00,0.20,43,-2120,57526,834,2954,39,Maatsen,Aston Villa,DEF,1
39,95,12,1,False,2025-11-01T20:00:00Z,2,0,10,False,15,0,0,0,0,0,0,0,0,0,0,0,2,5.0,11.5,8.0,2.5,1,0,0,1,0,0.00,0.01,0.01,0.06,43,-1975,55837,774,2749,39,Maatsen,Aston Villa,DEF,1
39,101,4,0,True,2025-11-09T14:00:00Z,4,0,11,False,0,0,0,0,0,0,0,0,0,0,0,0,0,0.0,0.0,0.0,0.0,0,0,0,0,0,0.00,0.00,0.00,0.00,43,-1285,54750,723,2008,39,Maatsen,Aston Villa,DEF,0
39,116,11,1,False,2025-11-23T14:00:00Z,1,2,12,False,45,0,0,0,0,0,0,0,0,0,0,0,5,8.4,1.0,7.0,1.6,1,2,3,4,0,0.10,0.00,0.10,0.56,42,-880,54317,980,1860,39,Maatsen,Aston Villa,DEF,1
39,121,20,0,True,2025-11-30T14:05:00Z,1,0,13,False,0,0,0,0,0,0,0,0,0,0,0,0,0,0.0,0.0,0.0,0.0,0,0,0,0,0,0.00,0.00,0.00,0.00,42,-612,53901,779,1391,39,Maatsen,Aston Villa,DEF,0
39,133,6,1,False,2025-12-03T19:30:00Z,3,4,14,False,69,0,0,0,2,0,0,0,0,0,0,0,14,25.8,25.2,25.0,7.6,4,4,4,8,1,0.06,0.50,0.56,1.42,42,-563,53404,525,1088,39,Maatsen,Aston Villa,DEF,1
39,141,1,2,True,2025-12-06T12:30:00Z,2,1,15,False,90,0,0,0,1,0,0,0,0,0,0,0,7,6.2,5.0,9.0,2.0,3,2,1,4,1,0.05,0.03,0.08,1.92,42,-613,52913,789,1402,39,Maatsen,Aston Villa,DEF,2
39,160,19,1,False,2025-12-14T14:00:00Z,2,3,16,False,74,0,0,0,2,0,0,0,0,0,0,0,9,15.4,3.4,2.0,2.1,1,7,4,5,1,0.00,0.02,0.02,0.98,42,4104,58191,6362,2258,39,Maatsen,Aston Villa,DEF,1
39,161,14,2,True,2025-12-21T16:30:00Z,2,1,17,False,74,0,0,0,1,0,0,0,0,0,0,0,15,15.0,20.6,8.0,4.4,5,4,3,8,1,0.03,0.01,0.04,1.20,42,2013,59733,4013,2000,39,Maatsen,Aston Villa,DEF,2
39,174,7,2,False,2025-12-27T17:30:00Z,1,2,18,False,82,0,0,0,1,0,0,0,0,0,0,0,0,10.0,0.6,17.0,2.8,4,5,0,4,1,0.12,0.00,0.12,2.12,42,2167,62298,4189,2022,39,Maatsen,Aston Villa,DEF,2
39,181,1,0,False,2025-12-30T20:15:00Z,4,1,19,False,0,0,0,0,0,0,0,0,0,0,0,0,0,0.0,0.0,0.0,0.0,0,0,0,0,0,0.00,0.00,0.00,0.00,42,1448,63919,3555,2107,39,Maatsen,Aston Villa,DEF,0
39,191,16,2,True,2026-01-03T12:30:00Z,3,1,20,False,68,0,0,0,1,0,0,0,0,0,0,0,10,5.2,3.8,9.0,1.8,4,6,1,5,1,0.11,0.02,0.13,0.70,42,1075,64899,3249,2174,39,Maatsen,Aston Villa,DEF,2
39,205,8,1,False,2026-01-07T19:30:00Z,0,0,21,False,17,0,0,0,0,0,0,0,0,0,0,0,5,4.4,0.2,4.0,0.9,3,2,1,4,0,0.04,0.00,0.04,0.00,42,72,65039,2385,2313,39,Maatsen,Aston Villa,DEF,1
39,211,9,2,True,2026-01-18T16:30:00Z,0,1,22,False,72,0,0,0,1,0,0,0,0,0,0,0,17,14.4,40.3,11.0,6.6,1,3,1,2,1,0.02,0.31,0.33,0.51,42,-410,64910,2300,2710,39,Maatsen,Aston Villa,DEF,2
39,229,15,5,False,2026-01-25T14:00:00Z,0,2,23,False,90,0,0,1,0,0,0,0,1,0,0,0,23,10.4,3.1,4.0,1.8,3,7,2,5,1,0.00,0.14,0.14,2.18,42,-269,64774,1477,1746,39,Maatsen,Aston Villa,DEF,5
39,231,5,2,True,2026-02-01T14:00:00Z,0,1,24,False,90,0,0,0,1,0,0,0,0,0,0,0,23,29.6,45.7,25.0,10.0,2,7,6,8,1,0.15,0.39,0.54,0.38,42,3603,68790,5710,2107,39,Maatsen,Aston Villa,DEF,2
39,242,4,1,False,2026-02-07T15:00:00Z,1,1,25,False,13,0,0,0,0,0,0,0,0,0,0,0,2,0.0,0.3,4.0,0.4,0,0,0,0,0,0.00,0.01,0.01,0.43,42,2500,71287,4416,1916,39,Maatsen,Aston Villa,DEF,1
39,251,6,8,True,2026-02-11T19:30:00Z,1,0,26,False,90,0,0,1,0,0,0,0,0,0,0,0,24,24.6,29.7,12.0,6.6,9,3,2,11,1,0.02,0.08,0.10,0.50,42,894,72364,3357,2463,39,Maatsen,Aston Villa,DEF,8
39,261,11,2,True,2026-02-21T15:00:00Z,1,1,27,False,90,0,0,0,1,0,0,0,0,0,0,0,8,9.8,3.5,2.0,1.5,2,4,2,4,1,0.00,0.02,0.02,1.35,42,10088,83129,11800,1712,39,Maatsen,Aston Villa,DEF,2
39,280,20,1,False,2026-02-27T20:00:00Z,2,0,28,False,20,0,0,0,1,0,0,0,0,0,0,0,3,13.0,25.2,23.0,6.1,2,2,0,2,0,0.20,0.08,0.28,0.47,42,1324,84259,3995,2671,39,Maatsen,Aston Villa,DEF,1
39,281,7,0,True,2026-03-04T19:30:00Z,1,4,29,False,90,0,0,0,4,0,0,0,0,0,0,0,1,17.0,12.7,2.0,3.2,7,3,2,9,1,0.00,0.02,0.02,3.60,42,-2534,81337,1238,3772,39,Maatsen,Aston Villa,DEF,0
39,297,14,1,False,2026-03-15T14:00:00Z,3,1,30,False,8,0,0,0,0,0,0,0,0,0,0,0,3,0.6,0.8,0.0,0.1,0,0,0,0,0,0.00,0.01,0.01,0.27,42,-2054,79616,1457,3511,39,Maatsen,Aston Villa,DEF,1
39,301,19,0,True,2026-03-22T14:15:00Z,2,0,31,False,0,0,0,0,0,0,0,0,0,0,0,0,0,0.0,0.0,0.0,0.0,0,0,0,0,0,0.00,0.00,0.00,0.00,42,-974,77297,746,1720,39,Maatsen,Aston Villa,DEF,0
39,318,16,1,False,2026-04-12T13:00:00Z,1,1,32,False,12,0,0,0,0,0,0,0,0,0,0,0,6,3.4,0.3,19.0,2.3,0,0,0,0,0,0.15,0.00,0.15,0.00,42,-2353,76580,524,2877,39,Maatsen,Aston Villa,DEF,1
39,321,17,5,True,2026-04-19T13:00:00Z,4,3,33,False,69,0,1,0,1,0,0,0,0,0,0,0,16,22.8,26.0,6.0,5.5,2,1,0,2,1,0.00,0.39,0.39,0.28,42,-2596,72610,337,2933,39,Maatsen,Aston Villa,DEF,5
39,335,10,0,False,2026-04-25T11:30:00Z,1,0,34,False,0,0,0,0,0,0,0,0,0,0,0,0,0,0.0,0.0,0.0,0.0,0,0,0,0,0,0.00,0.00,0.00,0.00,42,2300,79431,3535,1235,39,Maatsen,Aston Villa,DEF,0
39,342,18,1,True,2026-05-03T18:00:00Z,1,2,35,False,90,0,0,0,2,0,0,0,0,0,0,0,-6,6.0,10.9,4.0,2.1,3,1,0,3,1,0.00,0.00,0.00,0.99,42,-1786,74636,424,2210,39,Maatsen,Aston Villa,DEF,1
39,352,3,1,False,2026-05-10T13:00:00Z,2,2,36,False,73,0,0,0,2,0,0,0,0,0,0,0,2,17.2,11.1,5.0,3.3,5,4,3,8,1,0.04,0.01,0.05,1.63,42,-1082,73599,665,1747,39,Maatsen,Aston Villa,DEF,1
39,362,12,1,True,2026-05-15T19:00:00Z,4,2,37,False,5,0,0,0,1,0,0,0,0,0,0,0,-1,1.0,0.0,0.0,0.1,0,0,0,0,0,0.00,0.00,0.00,0.27,42,-1459,72159,268,1727,39,Maatsen,Aston Villa,DEF,1
39,376,13,5,False,2026-05-24T15:00:00Z,1,2,38,False,90,0,0,0,1,0,0,0,0,0,0,1,23,27.4,25.3,11.0,6.4,10,3,4,14,1,0.02,0.14,0.16,1.34,42,-1505,70635,327,1832,39,Maatsen,Aston Villa,DEF,5
40,2,15,6,True,2025-08-16T11:30:00Z,0,0,1,False,90,0,0,1,0,0,0,0,0,0,0,0,25,13.0,3.7,0.0,1.7,5,2,0,5,1,0.00,0.00,0.00,1.43,45,0,70548,0,0,40,Mings,Aston Villa,DEF,6
40,13,5,2,False,2025-08-23T14:00:00Z,1,0,2,False,90,0,0,0,1,0,0,0,0,0,0,0,12,17.6,12.3,15.0,4.5,5,6,0,5,1,0.11,0.03,0.14,1.21,45,34577,149359,43991,9414,40,Mings,Aston Villa,DEF,2
40,21,8,1,True,2025-08-31T18:00:00Z,0,3,3,False,90,0,0,0,3,0,0,0,0,0,0,0,1,14.4,2.1,0.0,1.7,3,2,1,4,1,0.00,0.02,0.02,2.67,45,-3181,152031,13403,16584,40,Mings,Aston Villa,DEF,1
40,36,9,9,False,2025-09-13T14:00:00Z,0,0,4,False,90,0,0,1,0,0,0,0,0,0,0,1,30,36.0,1.3,8.0,4.5,12,3,1,13,1,0.22,0.01,0.23,2.08,45,-7621,148348,6698,14319,40,Mings,Aston Villa,DEF,9
40,48,17,4,False,2025-09-21T13:00:00Z,1,1,5,False,90,0,0,0,1,0,0,0,0,0,0,0,16,34.4,24.4,2.0,6.1,12,2,0,12,1,0.00,0.03,0.03,1.05,45,29760,186379,37792,8032,40,Mings,Aston Villa,DEF,4
40,51,10,1,True,2025-09-28T13:00:00Z,3,1,6,False,31,0,0,0,1,0,0,0,0,0,0,0,-1,2.8,0.4,0.0,0.3,1,1,0,1,1,0.00,0.00,0.00,0.28,45,4786,190331,16295,11509,40,Mings,Aston Villa,DEF,1
40,62,3,0,True,2025-10-05T13:00:00Z,2,1,7,False,0,0,0,0,0,0,0,0,0,0,0,0,0,0.0,0.0,0.0,0.0,0,0,0,0,0,0.00,0.00,0.00,0.00,45,-31074,158097,2198,33272,40,Mings,Aston Villa,DEF,0
40,79,18,0,False,2025-10-19T13:00:00Z,1,2,8,False,0,0,0,0,0,0,0,0,0,0,0,0,0,0.0,0.0,0.0,0.0,0,0,0,0,0,0.00,0.00,0.00,0.00,45,-31654,127332,118,31772,40,Mings,Aston Villa,DEF,0
40,82,13,0,True,2025-10-26T14:00:00Z,1,0,9,False,0,0,0,0,0,0,0,0,0,0,0,0,0,0.0,0.0,0.0,0.0,0,0,0,0,0,0.00,0.00,0.00,0.00,45,-10288,118198,501,10789,40,Mings,Aston Villa,DEF,0
40,95,12,1,False,2025-11-01T20:00:00Z,2,0,10,False,16,0,0,0,0,0,0,0,0,0,0,0,4,2.0,0.4,0.0,0.2,1,0,0,1,0,0.00,0.00,0.00,0.06,44,-5072,113569,1112,6184,40,Mings,Aston Villa,DEF,1
40,101,4,0,True,2025-11-09T14:00:00Z,4,0,11,False,0,0,0,0,0,0,0,0,0,0,0,0,0,0.0,0.0,0.0,0.0,0,0,0,0,0,0.00,0.00,0.00,0.00,44,-11441,102218,85,11526,40,Mings,Aston Villa,DEF,0
40,116,11,0,False,2025-11-23T14:00:00Z,1,2,12,False,0,0,0,0,0,0,0,0,0,0,0,0,0,0.0,0.0,0.0,0.0,0,0,0,0,0,0.00,0.00,0.00,0.00,44,-9274,92931,39,9313,40,Mings,Aston Villa,DEF,0
40,121,20,0,True,2025-11-30T14:05:00Z,1,0,13,False,0,0,0,0,0,0,0,0,0,0,0,0,0,0.0,0.0,0.0,0.0,0,0,0,0,0,0.00,0.00,0.00,0.00,44,-5258,87886,35,5293,40,Mings,Aston Villa,DEF,0
40,133,6,0,False,2025-12-03T19:30:00Z,3,4,14,False,0,0,0,0,0,0,0,0,0,0,0,0,0,0.0,0.0,0.0,0.0,0,0,0,0,0,0.00,0.00,0.00,0.00,43,-2986,85291,35,3021,40,Mings,Aston Villa,DEF,0
40,141,1,0,True,2025-12-06T12:30:00Z,2,1,15,False,0,0,0,0,0,0,0,0,0,0,0,0,0,0.0,0.0,0.0,0.0,0,0,0,0,0,0.00,0.00,0.00,0.00,43,-3433,81916,56,3489,40,Mings,Aston Villa,DEF,0
40,160,19,0,False,2025-12-14T14:00:00Z,2,3,16,False,0,0,0,0,0,0,0,0,0,0,0,0,0,0.0,0.0,0.0,0.0,0,0,0,0,0,0.00,0.00,0.00,0.00,43,-5707,76231,50,5757,40,Mings,Aston Villa,DEF,0
40,161,14,0,True,2025-12-21T16:30:00Z,2,1,17,False,0,0,0,0,0,0,0,0,0,0,0,0,0,0.0,0.0,0.0,0.0,0,0,0,0,0,0.00,0.00,0.00,0.00,43,-2458,73902,51,2509,40,Mings,Aston Villa,DEF,0
40,174,7,0,False,2025-12-27T17:30:00Z,1,2,18,False,0,0,0,0,0,0,0,0,0,0,0,0,0,0.0,0.0,0.0,0.0,0,0,0,0,0,0.00,0.00,0.00,0.00,43,-1779,72136,51,1830,40,Mings,Aston Villa,DEF,0
40,181,1,0,False,2025-12-30T20:15:00Z,4,1,19,False,0,0,0,0,0,0,0,0,0,0,0,0,0,0.0,0.0,0.0,0.0,0,0,0,0,0,0.00,0.00,0.00,0.00,43,-1185,71029,40,1225,40,Mings,Aston Villa,DEF,0
40,191,16,0,True,2026-01-03T12:30:00Z,3,1,20,False,0,0,0,0,0,0,0,0,0,0,0,0,0,0.0,0.0,0.0,0.0,0,0,0,0,0,0.00,0.00,0.00,0.00,43,-746,70366,36,782,40,Mings,Aston Villa,DEF,0
40,205,8,0,False,2026-01-07T19:30:00Z,0,0,21,False,0,0,0,0,0,0,0,0,0,0,0,0,0,0.0,0.0,0.0,0.0,0,0,0,0,0,0.00,0.00,0.00,0.00,43,-649,69745,28,677,40,Mings,Aston Villa,DEF,0
40,211,9,0,True,2026-01-18T16:30:00Z,0,1,22,False,0,0,0,0,0,0,0,0,0,0,0,0,0,0.0,0.0,0.0,0.0,0,0,0,0,0,0.00,0.00,0.00,0.00,43,-147,69716,525,672,40,Mings,Aston Villa,DEF,0
40,229,15,1,False,2026-01-25T14:00:00Z,0,2,23,False,15,0,0,0,0,0,0,0,0,0,0,0,4,7.0,0.0,0.0,0.7,3,0,0,3,0,0.00,0.00,0.00,0.13,43,225,70081,593,368,40,Mings,Aston Villa,DEF,1
40,231,5,0,True,2026-02-01T14:00:00Z,0,1,24,False,0,0,0,0,0,0,0,0,0,0,0,0,0,0.0,0.0,0.0,0.0,0,0,0,0,0,0.00,0.00,0.00,0.00,43,987,71293,1442,455,40,Mings,Aston Villa,DEF,0
40,242,4,2,False,2026-02-07T15:00:00Z,1,1,25,False,90,0,0,0,1,0,0,0,0,0,0,0,12,19.2,1.0,10.0,3.0,8,1,0,8,1,0.09,0.01,0.10,2.06,43,587,72007,1184,597,40,Mings,Aston Villa,DEF,2
40,251,6,12,True,2026-02-11T19:30:00Z,1,0,26,False,90,0,1,1,0,0,0,0,0,0,0,3,33,13.4,0.7,9.0,2.3,4,4,1,5,1,0.14,0.00,0.14,0.50,43,1098,73379,1658,560,40,Mings,Aston Villa,DEF,12
40,261,11,2,True,2026-02-21T15:00:00Z,1,1,27,False,90,0,0,0,1,0,0,0,0,0,0,0,12,24.0,21.5,11.0,5.7,8,1,0,8,1,0.09,0.24,0.33,1.35,43,16170,90614,17445,1275,40,Mings,Aston Villa,DEF,2
40,280,20,0,False,2026-02-27T20:00:00Z,2,0,28,False,0,0,0,0,0,0,0,0,0,0,0,0,0,0.0,0.0,0.0,0.0,0,0,0,0,0,0.00,0.00,0.00,0.00,43,740,91068,5096,4356,40,Mings,Aston Villa,DEF,0
40,281,7,0,True,2026-03-04T19:30:00Z,1,4,29,False,90,0,0,0,4,0,0,0,0,0,0,0,0,14.8,1.9,0.0,1.7,3,3,1,4,1,0.00,0.02,0.02,3.60,43,-2356,88313,1478,3834,40,Mings,Aston Villa,DEF,0
40,297,14,3,False,2026-03-15T14:00:00Z,3,1,30,False,90,0,0,0,3,0,0,0,0,0,0,0,0,16.2,1.2,6.0,2.3,11,4,0,11,1,0.36,0.01,0.37,1.10,43,-1225,87401,1853,3078,40,Mings,Aston Villa,DEF,3
40,301,19,0,True,2026-03-22T14:15:00Z,2,0,31,False,0,0,0,0,0,0,0,0,0,0,0,0,0,0.0,0.0,0.0,0.0,0,0,0,0,0,0.00,0.00,0.00,0.00,43,2442,92605,3313,871,40,Mings,Aston Villa,DEF,0
40,318,16,0,False,2026-04-12T13:00:00Z,1,1,32,False,0,0,0,0,0,0,0,0,0,0,0,0,0,0.0,0.0,0.0,0.0,0,0,0,0,0,0.00,0.00,0.00,0.00,43,-1577,88503,981,2558,40,Mings,Aston Villa,DEF,0
40,321,17,1,True,2026-04-19T13:00:00Z,4,3,33,False,90,0,0,0,3,0,0,0,0,0,0,0,4,16.2,1.6,35.0,5.3,6,4,0,6,1,0.07,0.02,0.09,1.73,43,-3380,83757,285,3665,40,Mings,Aston Villa,DEF,1
40,335,10,0,False,2026-04-25T11:30:00Z,1,0,34,False,0,0,0,0,0,0,0,0,0,0,0,0,0,0.0,0.0,0.0,0.0,0,0,0,0,0,0.00,0.00,0.00,0.00,43,225,85990,1262,1037,40,Mings,Aston Villa,DEF,0
40,342,18,1,True,2026-05-03T18:00:00Z,1,2,35,False,90,0,0,0,2,0,0,0,0,0,0,0,3,4.2,1.8,7.0,1.3,2,6,0,2,1,0.22,0.01,0.23,0.99,43,-1405,84183,341,1746,40,Mings,Aston Villa,DEF,1
40,352,3,0,False,2026-05-10T13:00:00Z,2,2,36,False,90,0,0,0,2,0,0,0,1,0,0,0,1,21.0,5.4,2.0,2.8,8,7,0,8,1,0.00,0.02,0.02,1.79,43,-370,83930,820,1190,40,Mings,Aston Villa,DEF,0
40,362,12,0,True,2026-05-15T19:00:00Z,4,2,37,False,0,0,0,0,0,0,0,0,0,0,0,0,0,0.0,0.0,0.0,0.0,0,0,0,0,0,0.00,0.00,0.00,0.00,43,-902,83032,316,1218,40,Mings,Aston Villa,DEF,0
40,376,13,4,False,2026-05-24T15:00:00Z,1,2,38,False,90,0,0,0,1,0,0,0,0,0,0,0,13,26.4,0.8,0.0,2.7,10,1,1,11,1,0.00,0.00,0.00,1.34,43,-947,82071,415,1362,40,Mings,Aston Villa,DEF,4
41,2,15,0,True,2025-08-16T11:30:00Z,0,0,1,False,0,0,0,0,0,0,0,0,0,0,0,0,0,0.0,0.0,0.0,0.0,0,0,0,0,0,0.00,0.00,0.00,0.00,45,0,46913,0,0,41,Pau,Aston Villa,DEF,0
41,13,5,2,False,2025-08-23T14:00:00Z,1,0,2,False,90,0,0,0,1,0,0,0,0,0,0,0,8,17.0,5.8,9.0,3.2,1,8,2,3,1,0.07,0.13,0.20,1.21,45,-4013,51168,3676,7689,41,Pau,Aston Villa,DEF,2
41,21,8,1,True,2025-08-31T18:00:00Z,0,3,3,False,16,0,0,0,1,0,0,0,0,0,0,0,-1,3.4,0.5,0.0,0.4,0,1,1,1,0,0.00,0.00,0.00,0.90,45,-3523,49822,2156,5679,41,Pau,Aston Villa,DEF,1
41,36,9,0,False,2025-09-13T14:00:00Z,0,0,4,False,0,0,0,0,0,0,0,0,0,0,0,0,0,0.0,0.0,0.0,0.0,0,0,0,0,0,0.00,0.00,0.00,0.00,44,-4445,46686,1245,5690,41,Pau,Aston Villa,DEF,0
41,48,17,0,False,2025-09-21T13:00:00Z,1,1,5,False,0,0,0,0,0,0,0,0,0,0,0,0,0,0.0,0.0,0.0,0.0,0,0,0,0,0,0.00,0.00,0.00,0.00,44,-3369,44116,1404,4773,41,Pau,Aston Villa,DEF,0
41,51,10,1,True,2025-09-28T13:00:00Z,3,1,6,False,58,0,0,0,0,0,0,0,0,0,0,0,13,12.6,0.5,0.0,1.3,7,5,0,7,0,0.00,0.01,0.01,0.64,44,-3002,41548,1040,4042,41,Pau,Aston Villa,DEF,1
41,62,3,4,True,2025-10-05T13:00:00Z,2,1,7,False,90,0,0,0,1,0,0,0,0,0,0,0,20,29.4,1.6,4.0,3.5,10,7,3,13,1,0.03,0.01,0.04,0.42,44,-743,41476,1570,2313,41,Pau,Aston Villa,DEF,4
41,79,18,2,False,2025-10-19T13:00:00Z,1,2,8,False,90,0,0,0,1,0,0,0,0,0,0,0,10,12.4,1.1,0.0,1.4,3,4,1,4,1,0.00,0.01,0.01,0.75,44,-1079,40891,1471,2550,41,Pau,Aston Villa,DEF,2
41,82,13,8,True,2025-10-26T14:00:00Z,1,0,9,False,90,0,0,1,0,0,0,0,0,0,0,2,35,20.4,1.3,0.0,2.2,6,1,0,6,1,0.00,0.01,0.01,1.18,43,-582,40631,1220,1802,41,Pau,Aston Villa,DEF,8
41,95,12,1,False,2025-11-01T20:00:00Z,2,0,10,False,73,0,0,0,2,0,0,0,0,0,0,0,8,25.2,0.3,0.0,2.6,8,1,0,8,1,0.00,0.00,0.00,1.12,43,1344,42597,2700,1356,41,Pau,Aston Villa,DEF,1
41,101,4,6,True,2025-11-09T14:00:00Z,4,0,11,False,90,0,0,1,0,0,0,0,0,0,0,0,25,6.4,0.4,2.0,0.9,2,3,0,2,1,0.00,0.00,0.00,1.61,43,654,43463,2136,1482,41,Pau,Aston Villa,DEF,6
41,116,11,4,False,2025-11-23T14:00:00Z,1,2,12,False,90,0,0,0,1,0,0,0,0,0,0,0,17,33.8,0.6,0.0,3.4,8,9,3,11,1,0.00,0.00,0.00,1.79,43,9692,55985,11202,1510,41,Pau,Aston Villa,DEF,4
41,121,20,6,True,2025-11-30T14:05:00Z,1,0,13,False,90,0,0,1,0,0,0,0,0,0,0,0,24,14.4,3.1,7.0,2.5,4,5,1,5,1,0.12,0.02,0.14,0.49,43,6719,66011,8368,1649,41,Pau,Aston Villa,DEF,6
41,133,6,-1,False,2025-12-03T19:30:00Z,3,4,14,False,90,0,0,0,3,1,0,0,0,0,0,0,0,19.4,0.8,0.0,2.0,5,3,3,8,1,0.00,0.01,0.01,2.21,43,3361,64761,5258,1897,41,Pau,Aston Villa,DEF,1
41,141,1,5,True,2025-12-06T12:30:00Z,2,1,15,False,85,0,1,0,1,0,0,0,0,0,0,0,17,13.2,1.3,4.0,1.9,4,5,1,5,1,0.00,0.02,0.02,1.87,43,-954,62993,3442,4396,41,Pau,Aston Villa,DEF,5
41,160,19,0,False,2025-12-14T14:00:00Z,2,3,16,False,0,0,0,0,0,0,0,0,0,0,0,0,0,0.0,0.0,0.0,0.0,0,0,0,0,0,0.00,0.00,0.00,0.00,43,4685,68387,13033,8348,41,Pau,Aston Villa,DEF,0
41,161,14,0,True,2025-12-21T16:30:00Z,2,1,17,False,0,0,0,0,0,0,0,0,0,0,0,0,0,0.0,0.0,0.0,0.0,0,0,0,0,0,0.00,0.00,0.00,0.00,43,-13056,53998,436,13492,41,Pau,Aston Villa,DEF,0
41,174,7,0,False,2025-12-27T17:30:00Z,1,2,18,False,0,0,0,0,0,0,0,0,0,0,0,0,0,0.0,0.0,0.0,0.0,0,0,0,0,0,0.00,0.00,0.00,0.00,43,-8016,45867,110,8126,41,Pau,Aston Villa,DEF,0
41,181,1,0,False,2025-12-30T20:15:00Z,4,1,19,False,0,0,0,0,0,0,0,0,0,0,0,0,0,0.0,0.0,0.0,0.0,0,0,0,0,0,0.00,0.00,0.00,0.00,43,-5412,41376,41,5453,41,Pau,Aston Villa,DEF,0
41,191,16,0,True,2026-01-03T12:30:00Z,3,1,20,False,0,0,0,0,0,0,0,0,0,0,0,0,0,0.0,0.0,0.0,0.0,0,0,0,0,0,0.00,0.00,0.00,0.00,43,-2767,39463,41,2808,41,Pau,Aston Villa,DEF,0
41,205,8,0,False,2026-01-07T19:30:00Z,0,0,21,False,0,0,0,0,0,0,0,0,0,0,0,0,0,0.0,0.0,0.0,0.0,0,0,0,0,0,0.00,0.00,0.00,0.00,43,-2186,37334,48,2234,41,Pau,Aston Villa,DEF,0
41,211,9,2,True,2026-01-18T16:30:00Z,0,1,22,False,90,0,0,0,1,0,0,0,0,0,0,0,7,14.6,11.7,2.0,2.8,3,5,2,5,1,0.00,0.04,0.04,0.51,43,-247,37365,929,1176,41,Pau,Aston Villa,DEF,2
41,229,15,6,False,2026-01-25T14:00:00Z,0,2,23,False,74,0,0,1,0,0,0,0,0,0,0,0,18,4.0,0.8,14.0,1.9,6,3,0,6,1,0.21,0.01,0.22,2.04,43,-9,37457,627,636,41,Pau,Aston Villa,DEF,6
41,231,5,2,True,2026-02-01T14:00:00Z,0,1,24,False,90,0,0,0,1,0,0,0,0,0,0,0,15,9.6,6.5,9.0,2.5,3,3,0,3,1,0.16,0.06,0.22,0.38,43,2230,39985,3247,1017,41,Pau,Aston Villa,DEF,2
41,242,4,0,False,2026-02-07T15:00:00Z,1,1,25,False,0,0,0,0,0,0,0,0,0,0,0,0,0,0.0,0.0,0.0,0.0,0,0,0,0,0,0.00,0.00,0.00,0.00,43,1384,41440,2246,862,41,Pau,Aston Villa,DEF,0
41,251,6,0,True,2026-02-11T19:30:00Z,1,0,26,False,0,0,0,0,0,0,0,0,0,0,0,0,0,0.0,0.0,0.0,0.0,0,0,0,0,0,0.00,0.00,0.00,0.00,43,-235,41268,1383,1618,41,Pau,Aston Villa,DEF,0
41,261,11,0,True,2026-02-21T15:00:00Z,1,1,27,False,0,0,0,0,0,0,0,0,0,0,0,0,0,0.0,0.0,0.0,0.0,0,0,0,0,0,0.00,0.00,0.00,0.00,43,-430,40964,941,1371,41,Pau,Aston Villa,DEF,0
41,280,20,1,False,2026-02-27T20:00:00Z,2,0,28,False,90,0,0,0,2,0,0,0,0,0,0,0,9,16.0,1.5,4.0,2.2,6,3,1,7,1,0.04,0.01,0.05,0.86,43,-961,40066,373,1334,41,Pau,Aston Villa,DEF,1
41,281,7,0,True,2026-03-04T19:30:00Z,1,4,29,False,0,0,0,0,0,0,0,0,0,0,0,0,0,0.0,0.0,0.0,0.0,0,0,0,0,0,0.00,0.00,0.00,0.00,43,-575,39539,310,885,41,Pau,Aston Villa,DEF,0
41,297,14,0,False,2026-03-15T14:00:00Z,3,1,30,False,0,0,0,0,0,0,0,0,0,0,0,0,0,0.0,0.0,0.0,0.0,0,0,0,0,0,0.00,0.00,0.00,0.00,43,-578,39067,355,933,41,Pau,Aston Villa,DEF,0
41,301,19,6,True,2026-03-22T14:15:00Z,2,0,31,False,90,0,0,1,0,0,0,0,0,0,0,0,28,16.0,2.9,0.0,1.9,4,4,1,5,1,0.00,0.02,0.02,0.94,43,-283,38892,332,615,41,Pau,Aston Villa,DEF,6
41,318,16,2,False,2026-04-12T13:00:00Z,1,1,32,False,90,0,0,0,1,0,0,0,0,0,0,0,8,14.4,1.4,0.0,1.6,1,4,1,2,1,0.00,0.01,0.01,1.15,43,308,39404,933,625,41,Pau,Aston Villa,DEF,2
41,321,17,0,True,2026-04-19T13:00:00Z,4,3,33,False,0,0,0,0,0,0,0,0,0,0,0,0,0,0.0,0.0,0.0,0.0,0,0,0,0,0,0.00,0.00,0.00,0.00,43,393,39791,962,569,41,Pau,Aston Villa,DEF,0
41,335,10,1,False,2026-04-25T11:30:00Z,1,0,34,False,90,0,0,0,1,0,0,0,1,0,0,0,6,20.2,4.4,0.0,2.5,3,4,1,4,1,0.00,0.02,0.02,1.18,43,215,40473,744,529,41,Pau,Aston Villa,DEF,1
41,342,18,0,True,2026-05-03T18:00:00Z,1,2,35,False,0,0,0,0,0,0,0,0,0,0,0,0,0,0.0,0.0,0.0,0.0,0,0,0,0,0,0.00,0.00,0.00,0.00,43,-268,39894,352,620,41,Pau,Aston Villa,DEF,0
41,352,3,0,False,2026-05-10T13:00:00Z,2,2,36,False,0,0,0,0,0,0,0,0,0,0,0,0,0,0.0,0.0,0.0,0.0,0,0,0,0,0,0.00,0.00,0.00,0.00,43,-127,39839,435,562,41,Pau,Aston Villa,DEF,0
41,362,12,4,True,2026-05-15T19:00:00Z,4,2,37,False,90,0,1,0,2,0,0,0,0,0,0,0,13,17.6,0.3,17.0,3.5,3,1,1,4,1,0.55,0.00,0.55,1.43,43,-476,39335,149,625,41,Pau,Aston Villa,DEF,4
41,376,13,1,False,2026-05-24T15:00:00Z,1,2,38,False,17,0,0,0,0,0,0,0,0,0,0,0,0,1.8,0.3,7.0,0.9,3,0,0,3,0,0.15,0.00,0.15,0.13,43,-126,39282,397,523,41,Pau,Aston Villa,DEF,1
42,2,15,0,True,2025-08-16T11:30:00Z,0,0,1,False,0,0,0,0,0,0,0,0,0,0,0,0,0,0.0,0.0,0.0,0.0,0,0,0,0,0,0.00,0.00,0.00,0.00,40,0,31266,0,0,42,A.García,Aston Villa,DEF,0
42,13,5,0,False,2025-08-23T14:00:00Z,1,0,2,False,0,0,0,0,0,0,0,0,0,0,0,0,0,0.0,0.0,0.0,0.0,0,0,0,0,0,0.00,0.00,0.00,0.00,40,-4782,27305,472,5254,42,A.García,Aston Villa,DEF,0
42,21,8,0,True,2025-08-31T18:00:00Z,0,3,3,False,0,0,0,0,0,0,0,0,0,0,0,0,0,0.0,0.0,0.0,0.0,0,0,0,0,0,0.00,0.00,0.00,0.00,40,-3716,23768,327,4043,42,A.García,Aston Villa,DEF,0
42,36,9,0,False,2025-09-13T14:00:00Z,0,0,4,False,0,0,0,0,0,0,0,0,0,0,0,0,0,0.0,0.0,0.0,0.0,0,0,0,0,0,0.00,0.00,0.00,0.00,39,209,29802,3607,3398,42,A.García,Aston Villa,DEF,0
42,48,17,0,False,2025-09-21T13:00:00Z,1,1,5,False,0,0,0,0,0,0,0,0,0,0,0,0,0,0.0,0.0,0.0,0.0,0,0,0,0,0,0.00,0.00,0.00,0.00,39,-678,24563,1559,2237,42,A.García,Aston Villa,DEF,0
42,51,10,0,True,2025-09-28T13:00:00Z,3,1,6,False,0,0,0,0,0,0,0,0,0,0,0,0,0,0.0,0.0,0.0,0.0,0,0,0,0,0,0.00,0.00,0.00,0.00,39,1237,27427,3059,1822,42,A.García,Aston Villa,DEF,0
42,62,3,0,True,2025-10-05T13:00:00Z,2,1,7,False,0,0,0,0,0,0,0,0,0,0,0,0,0,0.0,0.0,0.0,0.0,0,0,0,0,0,0.00,0.00,0.00,0.00,39,3844,32930,5554,1710,42,A.García,Aston Villa,DEF,0
42,79,18,0,False,2025-10-19T13:00:00Z,1,2,8,False,0,0,0,0,0,0,0,0,0,0,0,0,0,0.0,0.0,0.0,0.0,0,0,0,0,0,0.00,0.00,0.00,0.00,39,2936,36448,4888,1952,42,A.García,Aston Villa,DEF,0
42,82,13,0,True,2025-10-26T14:00:00Z,1,0,9,False,0,0,0,0,0,0,0,0,0,0,0,0,0,0.0,0.0,0.0,0.0,0,0,0,0,0,0.00,0.00,0.00,0.00,39,-316,35621,1872,2188,42,A.García,Aston Villa,DEF,0
42,95,12,0,False,2025-11-01T20:00:00Z,2,0,10,False,0,0,0,0,0,0,0,0,0,0,0,0,0,0.0,0.0,0.0,0.0,0,0,0,0,0,0.00,0.00,0.00,0.00,39,-2167,33927,467,2634,42,A.García,Aston Villa,DEF,0
42,101,4,0,True,2025-11-09T14:00:00Z,4,0,11,False,0,0,0,0,0,0,0,0,0,0,0,0,0,0.0,0.0,0.0,0.0,0,0,0,0,0,0.00,0.00,0.00,0.00,39,-1696,31155,125,1821,42,A.García,Aston Villa,DEF,0
42,116,11,0,False,2025-11-23T14:00:00Z,1,2,12,False,0,0,0,0,0,0,0,0,0,0,0,0,0,0.0,0.0,0.0,0.0,0,0,0,0,0,0.00,0.00,0.00,0.00,39,-1499,29685,104,1603,42,A.García,Aston Villa,DEF,0
42,121,20,0,True,2025-11-30T14:05:00Z,1,0,13,False,0,0,0,0,0,0,0,0,0,0,0,0,0,0.0,0.0,0.0,0.0,0,0,0,0,0,0.00,0.00,0.00,0.00,39,-732,28880,140,872,42,A.García,Aston Villa,DEF,0
42,133,6,0,False,2025-12-03T19:30:00Z,3,4,14,False,0,0,0,0,0,0,0,0,0,0,0,0,0,0.0,0.0,0.0,0.0,0,0,0,0,0,0.00,0.00,0.00,0.00,39,-137,29232,334,471,42,A.García,Aston Villa,DEF,0
42,141,1,0,True,2025-12-06T12:30:00Z,2,1,15,False,0,0,0,0,0,0,0,0,0,0,0,0,0,0.0,0.0,0.0,0.0,0,0,0,0,0,0.00,0.00,0.00,0.00,39,84,29493,714,630,42,A.García,Aston Villa,DEF,0
42,160,19,0,False,2025-12-14T14:00:00Z,2,3,16,False,0,0,0,0,0,0,0,0,0,0,0,0,0,0.0,0.0,0.0,0.0,0,0,0,0,0,0.00,0.00,0.00,0.00,39,-1147,28567,789,1936,42,A.García,Aston Villa,DEF,0
42,161,14,0,True,2025-12-21T16:30:00Z,2,1,17,False,0,0,0,0,0,0,0,0,0,0,0,0,0,0.0,0.0,0.0,0.0,0,0,0,0,0,0.00,0.00,0.00,0.00,39,-136,28661,660,796,42,A.García,Aston Villa,DEF,0
42,174,7,0,False,2025-12-27T17:30:00Z,1,2,18,False,0,0,0,0,0,0,0,0,0,0,0,0,0,0.0,0.0,0.0,0.0,0,0,0,0,0,0.00,0.00,0.00,0.00,39,-256,28712,593,849,42,A.García,Aston Villa,DEF,0
42,181,1,0,False,2025-12-30T20:15:00Z,4,1,19,False,29,0,0,0,2,0,0,0,0,0,0,0,-6,0.6,1.4,0.0,0.2,0,2,0,0,0,0.00,0.01,0.01,1.43,39,-392,28456,392,784,42,A.García,Aston Villa,DEF,1
42,191,16,1,True,2026-01-03T12:30:00Z,3,1,20,False,1,0,0,0,0,0,0,0,0,0,0,0,3,0.0,0.1,0.0,0.0,0,0,0,0,0,0.00,0.00,0.00,0.09,39,-261,28157,339,600,42,A.García,Aston Villa,DEF,1
42,205,8,0,False,2026-01-07T19:30:00Z,0,0,21,False,0,0,0,0,0,0,0,0,0,0,0,0,0,0.0,0.0,0.0,0.0,0,0,0,0,0,0.00,0.00,0.00,0.00,39,-256,28010,347,603,42,A.García,Aston Villa,DEF,0
42,211,9,0,True,2026-01-18T16:30:00Z,0,1,22,False,0,0,0,0,0,0,0,0,0,0,0,0,0,0.0,0.0,0.0,0.0,0,0,0,0,0,0.00,0.00,0.00,0.00,39,-255,27954,456,711,42,A.García,Aston Villa,DEF,0
42,229,15,0,False,2026-01-25T14:00:00Z,0,2,23,False,0,0,0,0,0,0,0,0,0,0,0,0,0,0.0,0.0,0.0,0.0,0,0,0,0,0,0.00,0.00,0.00,0.00,39,-93,28002,317,410,42,A.García,Aston Villa,DEF,0
42,231,5,0,True,2026-02-01T14:00:00Z,0,1,24,False,0,0,0,0,0,0,0,0,0,0,0,0,0,0.0,0.0,0.0,0.0,0,0,0,0,0,0.00,0.00,0.00,0.00,39,-636,27398,225,861,42,A.García,Aston Villa,DEF,0
42,242,4,0,False,2026-02-07T15:00:00Z,1,1,25,False,0,0,0,0,0,0,0,0,0,0,0,0,0,0.0,0.0,0.0,0.0,0,0,0,0,0,0.00,0.00,0.00,0.00,39,-871,26526,49,920,42,A.García,Aston Villa,DEF,0
42,251,6,0,True,2026-02-11T19:30:00Z,1,0,26,False,0,0,0,0,0,0,0,0,0,0,0,0,0,0.0,0.0,0.0,0.0,0,0,0,0,0,0.00,0.00,0.00,0.00,39,-665,25862,41,706,42,A.García,Aston Villa,DEF,0
42,261,11,1,True,2026-02-21T15:00:00Z,1,1,27,False,3,0,0,0,0,0,0,0,0,0,0,0,3,0.2,0.1,0.0,0.0,0,0,0,0,0,0.00,0.00,0.00,0.00,39,-213,25783,235,448,42,A.García,Aston Villa,DEF,1
42,280,20,0,False,2026-02-27T20:00:00Z,2,0,28,False,0,0,0,0,0,0,0,0,0,0,0,0,0,0.0,0.0,0.0,0.0,0,0,0,0,0,0.00,0.00,0.00,0.00,39,143,26052,374,231,42,A.García,Aston Villa,DEF,0
42,281,7,0,True,2026-03-04T19:30:00Z,1,4,29,False,0,0,0,0,0,0,0,0,0,0,0,0,0,0.0,0.0,0.0,0.0,0,0,0,0,0,0.00,0.00,0.00,0.00,39,46,26198,310,264,42,A.García,Aston Villa,DEF,0
42,297,14,1,False,2026-03-15T14:00:00Z,3,1,30,False,4,0,0,0,0,0,0,0,0,0,0,0,4,2.2,0.8,0.0,0.3,0,0,1,1,0,0.00,0.00,0.00,0.03,39,51,26371,349,298,42,A.García,Aston Villa,DEF,1
42,301,19,0,True,2026-03-22T14:15:00Z,2,0,31,False,0,0,0,0,0,0,0,0,0,0,0,0,0,0.0,0.0,0.0,0.0,0,0,0,0,0,0.00,0.00,0.00,0.00,39,-82,26379,183,265,42,A.García,Aston Villa,DEF,0
42,318,16,1,False,2026-04-12T13:00:00Z,1,1,32,False,1,0,0,0,0,0,0,0,0,0,0,0,3,0.2,0.3,0.0,0.1,0,0,0,0,0,0.00,0.00,0.00,0.00,39,39,26597,295,256,42,A.García,Aston Villa,DEF,1
42,321,17,0,True,2026-04-19T13:00:00Z,4,3,33,False,0,0,0,0,0,0,0,0,0,0,0,0,0,0.0,0.0,0.0,0.0,0,0,0,0,0,0.00,0.00,0.00,0.00,39,-119,26510,209,328,42,A.García,Aston Villa,DEF,0
42,335,10,0,False,2026-04-25T11:30:00Z,1,0,34,False,0,0,0,0,0,0,0,0,0,0,0,0,0,0.0,0.0,0.0,0.0,0,0,0,0,0,0.00,0.00,0.00,0.00,39,68,27764,333,265,42,A.García,Aston Villa,DEF,0
42,342,18,0,True,2026-05-03T18:00:00Z,1,2,35,False,0,0,0,0,0,0,0,0,0,0,0,0,0,0.0,0.0,0.0,0.0,0,0,0,0,0,0.00,0.00,0.00,0.00,39,-117,26609,139,256,42,A.García,Aston Villa,DEF,0
42,352,3,0,False,2026-05-10T13:00:00Z,2,2,36,False,0,0,0,0,0,0,0,0,0,0,0,0,0,0.0,0.0,0.0,0.0,0,0,0,0,0,0.00,0.00,0.00,0.00,39,-49,26628,206,255,42,A.García,Aston Villa,DEF,0
42,362,12,0,True,2026-05-15T19:00:00Z,4,2,37,False,0,0,0,0,0,0,0,0,0,0,0,0,0,0.0,0.0,0.0,0.0,0,0,0,0,0,0.00,0.00,0.00,0.00,39,-71,26616,146,217,42,A.García,Aston Villa,DEF,0
42,376,13,1,False,2026-05-24T15:00:00Z,1,2,38,False,45,0,0,0,1,0,0,0,0,0,0,0,5,14.6,0.5,2.0,1.7,5,2,4,9,1,0.00,0.00,0.00,1.19,39,-50,26631,248,298,42,A.García,Aston Villa,DEF,1
43,2,15,0,True,2025-08-16T11:30:00Z,0,0,1,False,0,0,0,0,0,0,0,0,0,0,0,0,0,0.0,0.0,0.0,0.0,0,0,0,0,0,0.00,0.00,0.00,0.00,40,0,974310,0,0,43,Alex Moreno,Aston Villa,DEF,0
43,13,5,0,False,2025-08-23T14:00:00Z,1,0,2,False,0,0,0,0,0,0,0,0,0,0,0,0,0,0.0,0.0,0.0,0.0,0,0,0,0,0,0.00,0.00,0.00,0.00,40,-57313,978343,32831,90144,43,Alex Moreno,Aston Villa,DEF,0
43,21,8,0,True,2025-08-31T18:00:00Z,0,3,3,False,0,0,0,0,0,0,0,0,0,0,0,0,0,0.0,0.0,0.0,0.0,0,0,0,0,0,0.00,0.00,0.00,0.00,40,-213221,747920,11645,224866,43,Alex Moreno,Aston Villa,DEF,0
43,36,9,0,False,2025-09-13T14:00:00Z,0,0,4,False,0,0,0,0,0,0,0,0,0,0,0,0,0,0.0,0.0,0.0,0.0,0,0,0,0,0,0.00,0.00,0.00,0.00,40,-199471,567204,0,199471,43,Alex Moreno,Aston Villa,DEF,0
43,48,17,0,False,2025-09-21T13:00:00Z,1,1,5,False,0,0,0,0,0,0,0,0,0,0,0,0,0,0.0,0.0,0.0,0.0,0,0,0,0,0,0.00,0.00,0.00,0.00,40,-87004,487442,0,87004,43,Alex Moreno,Aston Villa,DEF,0
43,51,10,0,True,2025-09-28T13:00:00Z,3,1,6,False,0,0,0,0,0,0,0,0,0,0,0,0,0,0.0,0.0,0.0,0.0,0,0,0,0,0,0.00,0.00,0.00,0.00,40,-69932,418323,0,69932,43,Alex Moreno,Aston Villa,DEF,0
43,62,3,0,True,2025-10-05T13:00:00Z,2,1,7,False,0,0,0,0,0,0,0,0,0,0,0,0,0,0.0,0.0,0.0,0.0,0,0,0,0,0,0.00,0.00,0.00,0.00,40,-42441,377781,0,42441,43,Alex Moreno,Aston Villa,DEF,0
43,79,18,0,False,2025-10-19T13:00:00Z,1,2,8,False,0,0,0,0,0,0,0,0,0,0,0,0,0,0.0,0.0,0.0,0.0,0,0,0,0,0,0.00,0.00,0.00,0.00,40,-36370,342389,0,36370,43,Alex Moreno,Aston Villa,DEF,0
43,82,13,0,True,2025-10-26T14:00:00Z,1,0,9,False,0,0,0,0,0,0,0,0,0,0,0,0,0,0.0,0.0,0.0,0.0,0,0,0,0,0,0.00,0.00,0.00,0.00,40,-21764,321116,0,21764,43,Alex Moreno,Aston Villa,DEF,0
43,95,12,0,False,2025-11-01T20:00:00Z,2,0,10,False,0,0,0,0,0,0,0,0,0,0,0,0,0,0.0,0.0,0.0,0.0,0,0,0,0,0,0.00,0.00,0.00,0.00,40,-19146,301876,0,19146,43,Alex Moreno,Aston Villa,DEF,0
43,101,4,0,True,2025-11-09T14:00:00Z,4,0,11,False,0,0,0,0,0,0,0,0,0,0,0,0,0,0.0,0.0,0.0,0.0,0,0,0,0,0,0.00,0.00,0.00,0.00,40,-12592,289507,0,12592,43,Alex Moreno,Aston Villa,DEF,0
43,116,11,0,False,2025-11-23T14:00:00Z,1,2,12,False,0,0,0,0,0,0,0,0,0,0,0,0,0,0.0,0.0,0.0,0.0,0,0,0,0,0,0.00,0.00,0.00,0.00,40,-12833,276371,0,12833,43,Alex Moreno,Aston Villa,DEF,0
43,121,20,0,True,2025-11-30T14:05:00Z,1,0,13,False,0,0,0,0,0,0,0,0,0,0,0,0,0,0.0,0.0,0.0,0.0,0,0,0,0,0,0.00,0.00,0.00,0.00,40,-8333,267528,0,8333,43,Alex Moreno,Aston Villa,DEF,0
43,133,6,0,False,2025-12-03T19:30:00Z,3,4,14,False,0,0,0,0,0,0,0,0,0,0,0,0,0,0.0,0.0,0.0,0.0,0,0,0,0,0,0.00,0.00,0.00,0.00,40,-5218,263476,0,5218,43,Alex Moreno,Aston Villa,DEF,0
43,141,1,0,True,2025-12-06T12:30:00Z,2,1,15,False,0,0,0,0,0,0,0,0,0,0,0,0,0,0.0,0.0,0.0,0.0,0,0,0,0,0,0.00,0.00,0.00,0.00,40,-6889,256517,0,6889,43,Alex Moreno,Aston Villa,DEF,0
43,160,19,0,False,2025-12-14T14:00:00Z,2,3,16,False,0,0,0,0,0,0,0,0,0,0,0,0,0,0.0,0.0,0.0,0.0,0,0,0,0,0,0.00,0.00,0.00,0.00,40,-14884,241601,0,14884,43,Alex Moreno,Aston Villa,DEF,0
43,161,14,0,True,2025-12-21T16:30:00Z,2,1,17,False,0,0,0,0,0,0,0,0,0,0,0,0,0,0.0,0.0,0.0,0.0,0,0,0,0,0,0.00,0.00,0.00,0.00,40,-7586,234211,0,7586,43,Alex Moreno,Aston Villa,DEF,0
43,174,7,0,False,2025-12-27T17:30:00Z,1,2,18,False,0,0,0,0,0,0,0,0,0,0,0,0,0,0.0,0.0,0.0,0.0,0,0,0,0,0,0.00,0.00,0.00,0.00,40,-6573,227432,0,6573,43,Alex Moreno,Aston Villa,DEF,0
43,181,1,0,False,2025-12-30T20:15:00Z,4,1,19,False,0,0,0,0,0,0,0,0,0,0,0,0,0,0.0,0.0,0.0,0.0,0,0,0,0,0,0.00,0.00,0.00,0.00,40,-4571,223125,0,4571,43,Alex Moreno,Aston Villa,DEF,0
43,191,16,0,True,2026-01-03T12:30:00Z,3,1,20,False,0,0,0,0,0,0,0,0,0,0,0,0,0,0.0,0.0,0.0,0.0,0,0,0,0,0,0.00,0.00,0.00,0.00,40,-2055,221443,0,2055,43,Alex Moreno,Aston Villa,DEF,0
43,205,8,0,False,2026-01-07T19:30:00Z,0,0,21,False,0,0,0,0,0,0,0,0,0,0,0,0,0,0.0,0.0,0.0,0.0,0,0,0,0,0,0.00,0.00,0.00,0.00,40,-2262,219229,0,2262,43,Alex Moreno,Aston Villa,DEF,0
43,211,9,0,True,2026-01-18T16:30:00Z,0,1,22,False,0,0,0,0,0,0,0,0,0,0,0,0,0,0.0,0.0,0.0,0.0,0,0,0,0,0,0.00,0.00,0.00,0.00,40,-2820,216433,0,2820,43,Alex Moreno,Aston Villa,DEF,0
43,229,15,0,False,2026-01-25T14:00:00Z,0,2,23,False,0,0,0,0,0,0,0,0,0,0,0,0,0,0.0,0.0,0.0,0.0,0,0,0,0,0,0.00,0.00,0.00,0.00,40,-1498,215000,0,1498,43,Alex Moreno,Aston Villa,DEF,0
43,231,5,0,True,2026-02-01T14:00:00Z,0,1,24,False,0,0,0,0,0,0,0,0,0,0,0,0,0,0.0,0.0,0.0,0.0,0,0,0,0,0,0.00,0.00,0.00,0.00,40,-1934,213055,0,1934,43,Alex Moreno,Aston Villa,DEF,0
43,242,4,0,False,2026-02-07T15:00:00Z,1,1,25,False,0,0,0,0,0,0,0,0,0,0,0,0,0,0.0,0.0,0.0,0.0,0,0,0,0,0,0.00,0.00,0.00,0.00,40,-1527,211511,0,1527,43,Alex Moreno,Aston Villa,DEF,0
43,251,6,0,True,2026-02-11T19:30:00Z,1,0,26,False,0,0,0,0,0,0,0,0,0,0,0,0,0,0.0,0.0,0.0,0.0,0,0,0,0,0,0.00,0.00,0.00,0.00,40,-1442,210005,0,1442,43,Alex Moreno,Aston Villa,DEF,0
43,261,11,0,True,2026-02-21T15:00:00Z,1,1,27,False,0,0,0,0,0,0,0,0,0,0,0,0,0,0.0,0.0,0.0,0.0,0,0,0,0,0,0.00,0.00,0.00,0.00,40,-1383,208730,0,1383,43,Alex Moreno,Aston Villa,DEF,0
43,280,20,0,False,2026-02-27T20:00:00Z,2,0,28,False,0,0,0,0,0,0,0,0,0,0,0,0,0,0.0,0.0,0.0,0.0,0,0,0,0,0,0.00,0.00,0.00,0.00,40,-768,207992,0,768,43,Alex Moreno,Aston Villa,DEF,0
43,281,7,0,True,2026-03-04T19:30:00Z,1,4,29,False,0,0,0,0,0,0,0,0,0,0,0,0,0,0.0,0.0,0.0,0.0,0,0,0,0,0,0.00,0.00,0.00,0.00,40,-818,207186,0,818,43,Alex Moreno,Aston Villa,DEF,0
43,297,14,0,False,2026-03-15T14:00:00Z,3,1,30,False,0,0,0,0,0,0,0,0,0,0,0,0,0,0.0,0.0,0.0,0.0,0,0,0,0,0,0.00,0.00,0.00,0.00,40,-950,206256,0,950,43,Alex Moreno,Aston Villa,DEF,0
43,301,19,0,True,2026-03-22T14:15:00Z,2,0,31,False,0,0,0,0,0,0,0,0,0,0,0,0,0,0.0,0.0,0.0,0.0,0,0,0,0,0,0.00,0.00,0.00,0.00,40,-630,205050,0,630,43,Alex Moreno,Aston Villa,DEF,0
43,318,16,0,False,2026-04-12T13:00:00Z,1,1,32,False,0,0,0,0,0,0,0,0,0,0,0,0,0,0.0,0.0,0.0,0.0,0,0,0,0,0,0.00,0.00,0.00,0.00,40,-704,204961,0,704,43,Alex Moreno,Aston Villa,DEF,0
43,321,17,0,True,2026-04-19T13:00:00Z,4,3,33,False,0,0,0,0,0,0,0,0,0,0,0,0,0,0.0,0.0,0.0,0.0,0,0,0,0,0,0.00,0.00,0.00,0.00,40,-758,204074,0,758,43,Alex Moreno,Aston Villa,DEF,0
43,335,10,0,False,2026-04-25T11:30:00Z,1,0,34,False,0,0,0,0,0,0,0,0,0,0,0,0,0,0.0,0.0,0.0,0.0,0,0,0,0,0,0.00,0.00,0.00,0.00,40,-707,203244,0,707,43,Alex Moreno,Aston Villa,DEF,0
43,342,18,0,True,2026-05-03T18:00:00Z,1,2,35,False,0,0,0,0,0,0,0,0,0,0,0,0,0,0.0,0.0,0.0,0.0,0,0,0,0,0,0.00,0.00,0.00,0.00,40,-533,202987,0,533,43,Alex Moreno,Aston Villa,DEF,0
43,352,3,0,False,2026-05-10T13:00:00Z,2,2,36,False,0,0,0,0,0,0,0,0,0,0,0,0,0,0.0,0.0,0.0,0.0,0,0,0,0,0,0.00,0.00,0.00,0.00,40,-598,202367,0,598,43,Alex Moreno,Aston Villa,DEF,0
43,362,12,0,True,2026-05-15T19:00:00Z,4,2,37,False,0,0,0,0,0,0,0,0,0,0,0,0,0,0.0,0.0,0.0,0.0,0,0,0,0,0,0.00,0.00,0.00,0.00,40,-483,201905,0,483,43,Alex Moreno,Aston Villa,DEF,0
43,376,13,0,False,2026-05-24T15:00:00Z,1,2,38,False,0,0,0,0,0,0,0,0,0,0,0,0,0,0.0,0.0,0.0,0.0,0,0,0,0,0,0.00,0.00,0.00,0.00,40,-687,201180,0,687,43,Alex Moreno,Aston Villa,DEF,0
44,2,15,0,True,2025-08-16T11:30:00Z,0,0,1,False,0,0,0,0,0,0,0,0,0,0,0,0,0,0.0,0.0,0.0,0.0,0,0,0,0,0,0.00,0.00,0.00,0.00,40,0,29819,0,0,44,Bogarde,Aston Villa,DEF,0
44,13,5,0,False,2025-08-23T14:00:00Z,1,0,2,False,16,0,0,0,0,0,0,0,1,0,0,0,-3,0.0,2.3,2.0,0.3,0,0,0,0,0,0.00,0.03,0.03,0.11,40,-1572,34439,1842,3414,44,Bogarde,Aston Villa,DEF,0
44,21,8,1,True,2025-08-31T18:00:00Z,0,3,3,False,6,0,0,0,0,0,0,0,0,0,0,0,3,0.2,1.7,0.0,0.2,0,0,0,0,0,0.00,0.00,0.00,0.38,40,-1093,36989,2996,4089,44,Bogarde,Aston Villa,DEF,1
44,36,9,9,False,2025-09-13T14:00:00Z,0,0,4,False,82,0,0,1,0,0,0,0,0,0,0,3,35,13.0,2.0,0.0,1.5,4,3,3,7,1,0.00,0.02,0.02,1.60,40,1288,40681,4917,3629,44,Bogarde,Aston Villa,DEF,9
44,48,17,1,False,2025-09-21T13:00:00Z,1,1,5,False,8,0,0,0,0,0,0,0,0,0,0,0,2,0.0,1.3,4.0,0.5,0,2,0,0,0,0.00,0.00,0.00,0.00,40,19522,63562,23078,3556,44,Bogarde,Aston Villa,DEF,1
44,51,10,2,True,2025-09-28T13:00:00Z,3,1,6,False,81,0,0,0,1,0,0,0,0,0,0,0,2,3.2,12.8,0.0,1.6,0,2,1,1,1,0.00,0.02,0.02,0.80,40,13232,78701,19039,5807,44,Bogarde,Aston Villa,DEF,2
44,62,3,2,True,2025-10-05T13:00:00Z,2,1,7,False,89,0,0,0,1,0,0,0,0,0,0,0,8,3.8,12.0,0.0,1.6,0,2,0,0,1,0.00,0.01,0.01,0.39,40,7306,86197,12122,4816,44,Bogarde,Aston Villa,DEF,2
44,79,18,0,False,2025-10-19T13:00:00Z,1,2,8,False,0,0,0,0,0,0,0,0,0,0,0,0,0,0.0,0.0,0.0,0.0,0,0,0,0,0,0.00,0.00,0.00,0.00,40,1913,88629,7710,5797,44,Bogarde,Aston Villa,DEF,0
44,82,13,0,True,2025-10-26T14:00:00Z,1,0,9,False,0,0,0,0,0,0,0,0,0,0,0,0,0,0.0,0.0,0.0,0.0,0,0,0,0,0,0.00,0.00,0.00,0.00,40,-3787,85115,2016,5803,44,Bogarde,Aston Villa,DEF,0
44,95,12,0,False,2025-11-01T20:00:00Z,2,0,10,False,0,0,0,0,0,0,0,0,0,0,0,0,0,0.0,0.0,0.0,0.0,0,0,0,0,0,0.00,0.00,0.00,0.00,40,-3833,81918,1702,5535,44,Bogarde,Aston Villa,DEF,0
44,101,4,1,True,2025-11-09T14:00:00Z,4,0,11,False,9,0,0,0,0,0,0,0,0,0,0,0,5,10.4,0.3,0.0,1.1,1,1,2,3,0,0.00,0.01,0.01,0.09,40,-3338,79023,1265,4603,44,Bogarde,Aston Villa,DEF,1
44,116,11,1,False,2025-11-23T14:00:00Z,1,2,12,False,6,0,0,0,0,0,0,0,0,0,0,0,2,0.6,0.1,0.0,0.1,1,1,0,1,0,0.00,0.00,0.00,0.20,40,-4172,75051,1013,5185,44,Bogarde,Aston Villa,DEF,1
44,121,20,1,True,2025-11-30T14:05:00Z,1,0,13,False,2,0,0,0,0,0,0,0,0,0,0,0,3,2.4,0.2,0.0,0.3,1,1,0,1,0,0.00,0.00,0.00,0.20,40,-2367,73224,869,3236,44,Bogarde,Aston Villa,DEF,1
44,133,6,1,False,2025-12-03T19:30:00Z,3,4,14,False,4,0,0,0,0,0,0,0,0,0,0,0,4,6.0,0.1,0.0,0.6,1,0,0,1,0,0.00,0.00,0.00,0.66,40,-673,73325,1038,1711,44,Bogarde,Aston Villa,DEF,1
44,141,1,1,True,2025-12-06T12:30:00Z,2,1,15,False,15,0,0,0,0,0,0,0,0,0,0,0,3,1.6,0.7,0.0,0.2,1,1,0,1,0,0.00,0.01,0.01,0.05,40,-1012,72577,1394,2406,44,Bogarde,Aston Villa,DEF,1
44,160,19,0,False,2025-12-14T14:00:00Z,2,3,16,False,0,0,0,0,0,0,0,0,0,0,0,0,0,0.0,0.0,0.0,0.0,0,0,0,0,0,0.00,0.00,0.00,0.00,40,-2576,70680,3493,6069,44,Bogarde,Aston Villa,DEF,0
44,161,14,0,True,2025-12-21T16:30:00Z,2,1,17,False,2,0,0,0,0,0,0,0,1,0,0,0,1,0.0,0.1,0.0,0.0,0,1,1,1,0,0.00,0.00,0.00,0.06,40,-296,70654,2479,2775,44,Bogarde,Aston Villa,DEF,0
44,174,7,1,False,2025-12-27T17:30:00Z,1,2,18,False,7,0,0,0,0,0,0,0,0,0,0,0,2,5.0,0.1,0.0,0.5,1,0,0,1,0,0.00,0.00,0.00,0.03,40,-997,70191,1830,2827,44,Bogarde,Aston Villa,DEF,1
44,181,1,-1,False,2025-12-30T20:15:00Z,4,1,19,False,90,0,0,0,4,0,0,0,1,0,0,0,-9,9.8,3.3,0.0,1.3,3,0,2,5,1,0.00,0.01,0.01,3.04,40,-774,70180,1574,2348,44,Bogarde,Aston Villa,DEF,-1
44,191,16,0,True,2026-01-03T12:30:00Z,3,1,20,False,7,0,0,0,0,0,0,0,1,0,0,0,1,0.0,0.1,0.0,0.0,0,0,0,0,0,0.00,0.00,0.00,0.09,40,-265,69267,1643,1908,44,Bogarde,Aston Villa,DEF,0
44,205,8,1,False,2026-01-07T19:30:00Z,0,0,21,False,8,0,0,0,0,0,0,0,0,0,0,0,3,2.2,0.3,0.0,0.3,1,0,0,1,0,0.00,0.01,0.01,0.00,40,-1049,68361,1148,2197,44,Bogarde,Aston Villa,DEF,1
44,211,9,1,True,2026-01-18T16:30:00Z,0,1,22,False,72,0,0,0,1,0,0,0,1,0,0,0,9,8.8,2.9,2.0,1.4,2,2,3,5,1,0.00,0.02,0.02,0.51,40,-636,68080,1608,2244,44,Bogarde,Aston Villa,DEF,1
44,229,15,1,False,2026-01-25T14:00:00Z,0,2,23,False,16,0,0,0,0,0,0,0,0,0,0,0,3,2.8,0.5,0.0,0.3,1,1,0,1,0,0.00,0.00,0.00,0.13,40,-299,67976,1104,1403,44,Bogarde,Aston Villa,DEF,1
44,231,5,1,True,2026-02-01T14:00:00Z,0,1,24,False,45,0,0,0,1,0,0,0,0,0,0,0,0,2.4,1.3,0.0,0.4,1,2,1,2,1,0.00,0.00,0.00,0.27,40,-220,68077,1651,1871,44,Bogarde,Aston Villa,DEF,1
44,242,4,1,False,2026-02-07T15:00:00Z,1,1,25,False,4,0,0,0,0,0,0,0,0,0,0,0,5,2.2,0.8,0.0,0.3,0,0,1,1,0,0.00,0.01,0.01,0.35,40,179,68468,1627,1448,44,Bogarde,Aston Villa,DEF,1
44,251,6,7,True,2026-02-11T19:30:00Z,1,0,26,False,90,0,0,1,0,0,0,0,0,0,0,1,28,17.0,2.3,2.0,2.1,5,3,2,7,1,0.00,0.01,0.01,0.50,40,566,69604,2016,1450,44,Bogarde,Aston Villa,DEF,7
44,261,11,1,True,2026-02-21T15:00:00Z,1,1,27,False,3,0,0,0,0,0,0,0,0,0,0,0,3,0.4,0.5,0.0,0.1,0,1,0,0,0,0.00,0.00,0.00,0.00,40,1660,71341,2833,1173,44,Bogarde,Aston Villa,DEF,1
44,280,20,0,False,2026-02-27T20:00:00Z,2,0,28,False,0,0,0,0,0,0,0,0,0,0,0,0,0,0.0,0.0,0.0,0.0,0,0,0,0,0,0.00,0.00,0.00,0.00,40,277,71718,1487,1210,44,Bogarde,Aston Villa,DEF,0
44,281,7,0,True,2026-03-04T19:30:00Z,1,4,29,False,45,0,0,0,2,0,0,0,0,0,0,0,-5,3.0,1.1,0.0,0.4,0,3,1,1,0,0.00,0.00,0.00,1.43,40,-513,71220,1095,1608,44,Bogarde,Aston Villa,DEF,1
44,297,14,1,False,2026-03-15T14:00:00Z,3,1,30,False,90,0,0,0,3,0,0,0,0,0,0,0,2,14.2,7.2,4.0,2.5,5,7,3,8,1,0.00,0.03,0.03,1.10,40,-367,71131,1170,1537,44,Bogarde,Aston Villa,DEF,1
44,301,19,0,True,2026-03-22T14:15:00Z,2,0,31,False,0,0,0,0,0,0,0,0,0,0,0,0,0,0.0,0.0,0.0,0.0,0,0,0,0,0,0.00,0.00,0.00,0.00,40,-189,71335,787,976,44,Bogarde,Aston Villa,DEF,0
44,318,16,0,False,2026-04-12T13:00:00Z,1,1,32,False,0,0,0,0,0,0,0,0,0,0,0,0,0,0.0,0.0,0.0,0.0,0,0,0,0,0,0.00,0.00,0.00,0.00,40,-344,71023,860,1204,44,Bogarde,Aston Villa,DEF,0
44,321,17,0,True,2026-04-19T13:00:00Z,4,3,33,False,0,0,0,0,0,0,0,0,0,0,0,0,0,0.0,0.0,0.0,0.0,0,0,0,0,0,0.00,0.00,0.00,0.00,40,-865,70044,649,1514,44,Bogarde,Aston Villa,DEF,0
44,335,10,2,False,2026-04-25T11:30:00Z,1,0,34,False,73,0,0,0,1,0,0,0,0,0,0,0,0,6.6,1.8,0.0,0.8,1,4,1,2,1,0.00,0.01,0.01,1.01,40,-390,71902,801,1191,44,Bogarde,Aston Villa,DEF,2
44,342,18,1,True,2026-05-03T18:00:00Z,1,2,35,False,90,0,0,0,2,0,0,0,0,0,0,0,4,9.6,1.3,0.0,1.1,1,2,4,5,1,0.00,0.00,0.00,0.99,40,-141,69989,756,897,44,Bogarde,Aston Villa,DEF,1
44,352,3,1,False,2026-05-10T13:00:00Z,2,2,36,False,10,0,0,0,0,0,0,0,0,0,0,0,5,4.6,0.9,0.0,0.6,1,0,1,2,0,0.00,0.00,0.00,0.17,40,83,70313,979,896,44,Bogarde,Aston Villa,DEF,1
44,362,12,0,True,2026-05-15T19:00:00Z,4,2,37,False,0,0,0,0,0,0,0,0,0,0,0,0,0,0.0,0.0,0.0,0.0,0,0,0,0,0,0.00,0.00,0.00,0.00,40,-282,70012,591,873,44,Bogarde,Aston Villa,DEF,0
44,376,13,2,False,2026-05-24T15:00:00Z,1,2,38,False,72,0,0,0,1,0,0,0,0,0,0,0,5,3.2,1.4,0.0,0.5,3,4,0,3,1,0.00,0.00,0.00,1.22,40,-305,69830,890,1195,44,Bogarde,Aston Villa,DEF,2
45,2,15,0,True,2025-08-16T11:30:00Z,0,0,1,False,0,0,0,0,0,0,0,0,0,0,0,0,0,0.0,0.0,0.0,0.0,0,0,0,0,0,0.00,0.00,0.00,0.00,40,0,31163,0,0,45,Sousa,Aston Villa,DEF,0
45,13,5,0,False,2025-08-23T14:00:00Z,1,0,2,False,0,0,0,0,0,0,0,0,0,0,0,0,0,0.0,0.0,0.0,0.0,0,0,0,0,0,0.00,0.00,0.00,0.00,40,-1331,37773,2143,3474,45,Sousa,Aston Villa,DEF,0
45,21,8,0,True,2025-08-31T18:00:00Z,0,3,3,False,0,0,0,0,0,0,0,0,0,0,0,0,0,0.0,0.0,0.0,0.0,0,0,0,0,0,0.00,0.00,0.00,0.00,40,-1865,38677,2246,4111,45,Sousa,Aston Villa,DEF,0
45,36,9,0,False,2025-09-13T14:00:00Z,0,0,4,False,0,0,0,0,0,0,0,0,0,0,0,0,0,0.0,0.0,0.0,0.0,0,0,0,0,0,0.00,0.00,0.00,0.00,40,-725,39585,2407,3132,45,Sousa,Aston Villa,DEF,0
45,48,17,0,False,2025-09-21T13:00:00Z,1,1,5,False,0,0,0,0,0,0,0,0,0,0,0,0,0,0.0,0.0,0.0,0.0,0,0,0,0,0,0.00,0.00,0.00,0.00,40,-841,39283,1604,2445,45,Sousa,Aston Villa,DEF,0
45,51,10,0,True,2025-09-28T13:00:00Z,3,1,6,False,0,0,0,0,0,0,0,0,0,0,0,0,0,0.0,0.0,0.0,0.0,0,0,0,0,0,0.00,0.00,0.00,0.00,40,-762,39296,1666,2428,45,Sousa,Aston Villa,DEF,0
45,62,3,0,True,2025-10-05T13:00:00Z,2,1,7,False,0,0,0,0,0,0,0,0,0,0,0,0,0,0.0,0.0,0.0,0.0,0,0,0,0,0,0.00,0.00,0.00,0.00,40,-710,38955,1067,1777,45,Sousa,Aston Villa,DEF,0
45,79,18,0,False,2025-10-19T13:00:00Z,1,2,8,False,0,0,0,0,0,0,0,0,0,0,0,0,0,0.0,0.0,0.0,0.0,0,0,0,0,0,0.00,0.00,0.00,0.00,40,-884,38920,1038,1922,45,Sousa,Aston Villa,DEF,0
45,82,13,0,True,2025-10-26T14:00:00Z,1,0,9,False,0,0,0,0,0,0,0,0,0,0,0,0,0,0.0,0.0,0.0,0.0,0,0,0,0,0,0.00,0.00,0.00,0.00,40,-910,38423,580,1490,45,Sousa,Aston Villa,DEF,0
45,95,12,0,False,2025-11-01T20:00:00Z,2,0,10,False,0,0,0,0,0,0,0,0,0,0,0,0,0,0.0,0.0,0.0,0.0,0,0,0,0,0,0.00,0.00,0.00,0.00,40,-696,38288,636,1332,45,Sousa,Aston Villa,DEF,0
45,101,4,0,True,2025-11-09T14:00:00Z,4,0,11,False,0,0,0,0,0,0,0,0,0,0,0,0,0,0.0,0.0,0.0,0.0,0,0,0,0,0,0.00,0.00,0.00,0.00,39,-471,38281,594,1065,45,Sousa,Aston Villa,DEF,0
45,116,11,0,False,2025-11-23T14:00:00Z,1,2,12,False,0,0,0,0,0,0,0,0,0,0,0,0,0,0.0,0.0,0.0,0.0,0,0,0,0,0,0.00,0.00,0.00,0.00,39,-266,39038,762,1028,45,Sousa,Aston Villa,DEF,0
45,121,20,0,True,2025-11-30T14:05:00Z,1,0,13,False,0,0,0,0,0,0,0,0,0,0,0,0,0,0.0,0.0,0.0,0.0,0,0,0,0,0,0.00,0.00,0.00,0.00,39,-625,37779,252,877,45,Sousa,Aston Villa,DEF,0
45,133,6,0,False,2025-12-03T19:30:00Z,3,4,14,False,0,0,0,0,0,0,0,0,0,0,0,0,0,0.0,0.0,0.0,0.0,0,0,0,0,0,0.00,0.00,0.00,0.00,39,-341,37655,214,555,45,Sousa,Aston Villa,DEF,0
45,141,1,0,True,2025-12-06T12:30:00Z,2,1,15,False,0,0,0,0,0,0,0,0,0,0,0,0,0,0.0,0.0,0.0,0.0,0,0,0,0,0,0.00,0.00,0.00,0.00,39,-297,37552,433,730,45,Sousa,Aston Villa,DEF,0
45,160,19,0,False,2025-12-14T14:00:00Z,2,3,16,False,0,0,0,0,0,0,0,0,0,0,0,0,0,0.0,0.0,0.0,0.0,0,0,0,0,0,0.00,0.00,0.00,0.00,39,-1153,36572,436,1589,45,Sousa,Aston Villa,DEF,0
45,161,14,0,True,2025-12-21T16:30:00Z,2,1,17,False,0,0,0,0,0,0,0,0,0,0,0,0,0,0.0,0.0,0.0,0.0,0,0,0,0,0,0.00,0.00,0.00,0.00,39,-278,36509,461,739,45,Sousa,Aston Villa,DEF,0
45,174,7,0,False,2025-12-27T17:30:00Z,1,2,18,False,0,0,0,0,0,0,0,0,0,0,0,0,0,0.0,0.0,0.0,0.0,0,0,0,0,0,0.00,0.00,0.00,0.00,39,-405,36337,352,757,45,Sousa,Aston Villa,DEF,0
45,181,1,0,False,2025-12-30T20:15:00Z,4,1,19,False,0,0,0,0,0,0,0,0,0,0,0,0,0,0.0,0.0,0.0,0.0,0,0,0,0,0,0.00,0.00,0.00,0.00,39,-337,36128,242,579,45,Sousa,Aston Villa,DEF,0
45,191,16,0,True,2026-01-03T12:30:00Z,3,1,20,False,0,0,0,0,0,0,0,0,0,0,0,0,0,0.0,0.0,0.0,0.0,0,0,0,0,0,0.00,0.00,0.00,0.00,39,-204,35990,182,386,45,Sousa,Aston Villa,DEF,0
45,205,8,0,False,2026-01-07T19:30:00Z,0,0,21,False,0,0,0,0,0,0,0,0,0,0,0,0,0,0.0,0.0,0.0,0.0,0,0,0,0,0,0.00,0.00,0.00,0.00,39,-293,35776,165,458,45,Sousa,Aston Villa,DEF,0
45,211,9,0,True,2026-01-18T16:30:00Z,0,1,22,False,0,0,0,0,0,0,0,0,0,0,0,0,0,0.0,0.0,0.0,0.0,0,0,0,0,0,0.00,0.00,0.00,0.00,39,-268,35673,258,526,45,Sousa,Aston Villa,DEF,0
45,229,15,0,False,2026-01-25T14:00:00Z,0,2,23,False,0,0,0,0,0,0,0,0,0,0,0,0,0,0.0,0.0,0.0,0.0,0,0,0,0,0,0.00,0.00,0.00,0.00,38,704,36876,1165,461,45,Sousa,Aston Villa,DEF,0
45,231,5,0,True,2026-02-01T14:00:00Z,0,1,24,False,0,0,0,0,0,0,0,0,0,0,0,0,0,0.0,0.0,0.0,0.0,0,0,0,0,0,0.00,0.00,0.00,0.00,38,719,37825,1399,680,45,Sousa,Aston Villa,DEF,0
45,242,4,0,False,2026-02-07T15:00:00Z,1,1,25,False,0,0,0,0,0,0,0,0,0,0,0,0,0,0.0,0.0,0.0,0.0,0,0,0,0,0,0.00,0.00,0.00,0.00,38,1133,39506,1735,602,45,Sousa,Aston Villa,DEF,0
45,251,6,0,True,2026-02-11T19:30:00Z,1,0,26,False,0,0,0,0,0,0,0,0,0,0,0,0,0,0.0,0.0,0.0,0.0,0,0,0,0,0,0.00,0.00,0.00,0.00,38,-1695,36967,39,1734,45,Sousa,Aston Villa,DEF,0
45,261,11,0,True,2026-02-21T15:00:00Z,1,1,27,False,0,0,0,0,0,0,0,0,0,0,0,0,0,0.0,0.0,0.0,0.0,0,0,0,0,0,0.00,0.00,0.00,0.00,38,-1168,35858,0,1168,45,Sousa,Aston Villa,DEF,0
45,280,20,0,False,2026-02-27T20:00:00Z,2,0,28,False,0,0,0,0,0,0,0,0,0,0,0,0,0,0.0,0.0,0.0,0.0,0,0,0,0,0,0.00,0.00,0.00,0.00,38,-684,35210,0,684,45,Sousa,Aston Villa,DEF,0
45,281,7,0,True,2026-03-04T19:30:00Z,1,4,29,False,0,0,0,0,0,0,0,0,0,0,0,0,0,0.0,0.0,0.0,0.0,0,0,0,0,0,0.00,0.00,0.00,0.00,38,-610,34605,0,610,45,Sousa,Aston Villa,DEF,0
45,297,14,0,False,2026-03-15T14:00:00Z,3,1,30,False,0,0,0,0,0,0,0,0,0,0,0,0,0,0.0,0.0,0.0,0.0,0,0,0,0,0,0.00,0.00,0.00,0.00,38,-607,34021,0,607,45,Sousa,Aston Villa,DEF,0
45,301,19,0,True,2026-03-22T14:15:00Z,2,0,31,False,0,0,0,0,0,0,0,0,0,0,0,0,0,0.0,0.0,0.0,0.0,0,0,0,0,0,0.00,0.00,0.00,0.00,38,-396,33342,0,396,45,Sousa,Aston Villa,DEF,0
45,318,16,0,False,2026-04-12T13:00:00Z,1,1,32,False,0,0,0,0,0,0,0,0,0,0,0,0,0,0.0,0.0,0.0,0.0,0,0,0,0,0,0.00,0.00,0.00,0.00,38,-383,33275,0,383,45,Sousa,Aston Villa,DEF,0
45,321,17,0,True,2026-04-19T13:00:00Z,4,3,33,False,0,0,0,0,0,0,0,0,0,0,0,0,0,0.0,0.0,0.0,0.0,0,0,0,0,0,0.00,0.00,0.00,0.00,38,-350,32878,0,350,45,Sousa,Aston Villa,DEF,0
45,335,10,0,False,2026-04-25T11:30:00Z,1,0,34,False,0,0,0,0,0,0,0,0,0,0,0,0,0,0.0,0.0,0.0,0.0,0,0,0,0,0,0.00,0.00,0.00,0.00,38,-268,32600,0,268,45,Sousa,Aston Villa,DEF,0
45,342,18,0,True,2026-05-03T18:00:00Z,1,2,35,False,0,0,0,0,0,0,0,0,0,0,0,0,0,0.0,0.0,0.0,0.0,0,0,0,0,0,0.00,0.00,0.00,0.00,38,-230,32449,0,230,45,Sousa,Aston Villa,DEF,0
45,352,3,0,False,2026-05-10T13:00:00Z,2,2,36,False,0,0,0,0,0,0,0,0,0,0,0,0,0,0.0,0.0,0.0,0.0,0,0,0,0,0,0.00,0.00,0.00,0.00,38,-253,32195,0,253,45,Sousa,Aston Villa,DEF,0
45,362,12,0,True,2026-05-15T19:00:00Z,4,2,37,False,0,0,0,0,0,0,0,0,0,0,0,0,0,0.0,0.0,0.0,0.0,0,0,0,0,0,0.00,0.00,0.00,0.00,38,-169,32032,0,169,45,Sousa,Aston Villa,DEF,0
45,376,13,0,False,2026-05-24T15:00:00Z,1,2,38,False,0,0,0,0,0,0,0,0,0,0,0,0,0,0.0,0.0,0.0,0.0,0,0,0,0,0,0.00,0.00,0.00,0.00,38,-222,31805,0,222,45,Sousa,Aston Villa,DEF,0
