player_id,player_name,team,position,gameweek,opponent_team,was_home,kickoff_time,fixture_id,minutes,goals,assists,yellow_cards,red_cards,own_goals,clean_sheets,saves,penalties_saved,penalties_missed,defensive_contribution,goals_conceded,bonus,bps,expected_goals,expected_assists,expected_goal_involvements,expected_goals_conceded,value,selected,actual_points,calculated_points
1,Raya,Arsenal,GK,1,Man Utd,False,2025-08-17T15:30:00Z,9,90,0,0,1,0,0,1,7,0,0,0,0,3,38,0.00,0.00,0.00,1.52,55,1531911,10,10
1,Raya,Arsenal,GK,2,Leeds,True,2025-08-23T16:30:00Z,11,90,0,0,0,0,0,1,1,0,0,0,0,0,28,0.00,0.00,0.00,0.17,55,2284634,6,6
1,Raya,Arsenal,GK,3,Liverpool,False,2025-08-31T15:30:00Z,25,90,0,0,0,0,0,0,2,0,0,0,1,0,12,0.00,0.02,0.02,0.52,55,2406964,2,2
1,Raya,Arsenal,GK,4,Nott'm Forest,True,2025-09-13T11:30:00Z,31,90,0,0,0,0,0,1,1,0,0,0,0,0,24,0.00,0.00,0.00,0.20,55,2765759,6,6
1,Raya,Arsenal,GK,5,Man City,True,2025-09-21T15:30:00Z,41,90,0,0,0,0,0,0,2,0,0,0,1,0,13,0.00,0.01,0.01,0.89,55,2762632,2,2
1,Raya,Arsenal,GK,6,Newcastle,False,2025-09-28T15:30:00Z,58,90,0,0,0,0,0,0,2,0,0,0,1,0,11,0.00,0.01,0.01,0.61,56,3029654,2,2
1,Raya,Arsenal,GK,7,West Ham,True,2025-10-04T14:00:00Z,61,90,0,0,0,0,0,1,0,0,0,0,0,0,20,0.00,0.00,0.00,0.49,56,3297838,6,6
1,Raya,Arsenal,GK,8,Fulham,False,2025-10-18T16:30:00Z,74,90,0,0,0,0,0,1,0,0,0,0,0,0,21,0.00,0.00,0.00,0.44,57,3447590,6,6
1,Raya,Arsenal,GK,9,Crystal Palace,True,2025-10-26T14:00:00Z,81,90,0,0,0,0,0,1,1,0,0,0,0,0,25,0.00,0.00,0.00,0.47,57,3546345,6,6
1,Raya,Arsenal,GK,10,Burnley,False,2025-11-01T15:00:00Z,92,90,0,0,0,0,0,1,0,0,0,0,0,0,20,0.00,0.00,0.00,0.42,58,3816996,6,6
1,Raya,Arsenal,GK,11,Sunderland,False,2025-11-08T17:30:00Z,108,90,0,0,0,0,0,0,0,0,0,0,2,0,-2,0.00,0.00,0.00,0.44,59,4024229,1,1
1,Raya,Arsenal,GK,12,Spurs,True,2025-11-23T16:30:00Z,111,90,0,0,0,0,0,0,1,0,0,0,1,0,6,0.00,0.00,0.00,0.07,59,4013556,2,2
1,Raya,Arsenal,GK,13,Chelsea,False,2025-11-30T16:30:00Z,123,90,0,0,0,0,0,0,3,0,0,0,1,0,12,0.00,0.00,0.00,0.79,59,3844111,3,3
1,Raya,Arsenal,GK,14,Brentford,True,2025-12-03T19:30:00Z,131,90,0,0,0,0,0,1,1,0,0,0,0,0,26,0.00,0.00,0.00,0.35,59,4109145,6,6
1,Raya,Arsenal,GK,15,Aston Villa,False,2025-12-06T12:30:00Z,141,90,0,0,0,0,0,0,4,0,0,0,2,0,13,0.00,0.00,0.00,2.16,59,4221133,2,2
1,Raya,Arsenal,GK,16,Wolves,True,2025-12-13T20:00:00Z,151,90,0,0,0,0,0,0,1,0,0,0,1,0,8,0.00,0.00,0.00,0.38,60,4668846,2,2
1,Raya,Arsenal,GK,17,Everton,False,2025-12-20T20:00:00Z,164,90,0,0,0,0,0,1,1,0,0,0,0,1,28,0.00,0.00,0.00,0.20,60,4608882,7,7
1,Raya,Arsenal,GK,18,Brighton,True,2025-12-27T15:00:00Z,171,90,0,0,0,0,0,0,2,0,0,0,1,0,11,0.00,0.00,0.00,0.85,60,4572955,2,2
1,Raya,Arsenal,GK,19,Aston Villa,True,2025-12-30T20:15:00Z,181,90,0,0,0,0,0,0,2,0,0,0,1,0,12,0.00,0.00,0.00,2.67,60,4431485,2,2
1,Raya,Arsenal,GK,20,Bournemouth,False,2026-01-03T17:30:00Z,192,90,0,0,0,0,0,0,1,0,0,0,2,0,3,0.00,0.00,0.00,1.43,60,4469007,1,1
1,Raya,Arsenal,GK,21,Liverpool,True,2026-01-08T20:00:00Z,201,90,0,0,0,0,0,1,0,0,0,0,0,0,19,0.00,0.00,0.00,0.36,60,4289085,6,6
1,Raya,Arsenal,GK,22,Nott'm Forest,False,2026-01-17T17:30:00Z,217,90,0,0,0,0,0,1,0,0,0,0,0,0,23,0.00,0.00,0.00,0.34,59,4309674,6,6
1,Raya,Arsenal,GK,23,Man Utd,True,2026-01-25T16:30:00Z,221,90,0,0,0,0,0,0,0,0,0,0,3,0,-3,0.00,0.01,0.01,0.71,59,4268252,1,1
1,Raya,Arsenal,GK,24,Leeds,False,2026-01-31T15:00:00Z,234,90,0,0,0,0,0,1,1,0,0,0,0,0,24,0.00,0.00,0.00,0.15,59,4262493,6,6
1,Raya,Arsenal,GK,25,Sunderland,True,2026-02-07T15:00:00Z,241,90,0,0,0,0,0,1,2,0,0,0,0,1,30,0.00,0.00,0.00,0.19,59,4368114,7,7
1,Raya,Arsenal,GK,26,Brentford,False,2026-02-12T20:00:00Z,252,90,0,0,0,0,0,0,2,0,0,0,1,0,13,0.00,0.00,0.00,1.51,59,4576749,2,2
1,Raya,Arsenal,GK,26,Wolves,False,2026-02-18T20:00:00Z,310,90,0,0,0,0,0,0,0,0,0,0,2,0,-3,0.00,0.00,0.00,0.29,59,4576749,1,1
1,Raya,Arsenal,GK,27,Spurs,False,2026-02-22T16:30:00Z,269,90,0,0,0,0,0,0,4,0,0,0,1,0,18,0.00,0.00,0.00,0.76,60,4494186,3,3
1,Raya,Arsenal,GK,28,Chelsea,True,2026-03-01T16:30:00Z,271,90,0,0,0,0,0,0,4,0,0,0,1,0,12,0.00,0.01,0.01,1.05,60,4419997,3,3
1,Raya,Arsenal,GK,29,Brighton,False,2026-03-04T19:30:00Z,283,90,0,0,0,0,0,1,2,0,0,0,0,1,25,0.00,0.00,0.00,0.82,60,4434286,7,7
1,Raya,Arsenal,GK,30,Everton,True,2026-03-14T17:30:00Z,291,90,0,0,0,0,0,1,3,0,0,0,0,0,28,0.00,0.00,0.00,1.05,60,4525809,7,7
1,Raya,Arsenal,GK,32,Bournemouth,True,2026-04-11T11:30:00Z,311,90,0,0,0,0,0,0,1,0,0,0,2,0,8,0.00,0.00,0.00,1.19,60,4440947,1,1
1,Raya,Arsenal,GK,33,Man City,False,2026-04-19T15:30:00Z,327,90,0,0,0,0,0,0,2,0,0,0,2,0,8,0.00,0.00,0.00,1.36,60,4135968,1,1
1,Raya,Arsenal,GK,34,Newcastle,True,2026-04-25T16:30:00Z,331,90,0,0,0,0,0,1,3,0,0,0,0,3,31,0.00,0.00,0.00,1.00,60,4827695,10,10
1,Raya,Arsenal,GK,35,Fulham,True,2026-05-02T16:30:00Z,341,90,0,0,0,0,0,1,1,0,0,0,0,0,22,0.00,0.00,0.00,0.37,60,4569133,6,6
1,Raya,Arsenal,GK,36,West Ham,False,2026-05-10T15:30:00Z,360,90,0,0,0,0,0,1,3,0,0,0,0,2,29,0.00,0.00,0.00,1.15,61,4628597,9,9
1,Raya,Arsenal,GK,37,Burnley,True,2026-05-18T19:00:00Z,361,90,0,0,0,0,0,1,0,0,0,0,0,0,20,0.00,0.01,0.01,0.19,61,4755793,6,6
1,Raya,Arsenal,GK,38,Crystal Palace,False,2026-05-24T15:00:00Z,373,0,0,0,0,0,0,0,0,0,0,0,0,0,0,0.00,0.00,0.00,0.00,62,4774619,0,0
2,Arrizabalaga,Arsenal,GK,1,Man Utd,False,2025-08-17T15:30:00Z,9,0,0,0,0,0,0,0,0,0,0,0,0,0,0,0.00,0.00,0.00,0.00,45,90618,0,0
2,Arrizabalaga,Arsenal,GK,2,Leeds,True,2025-08-23T16:30:00Z,11,0,0,0,0,0,0,0,0,0,0,0,0,0,0,0.00,0.00,0.00,0.00,45,89793,0,0
2,Arrizabalaga,Arsenal,GK,3,Liverpool,False,2025-08-31T15:30:00Z,25,0,0,0,0,0,0,0,0,0,0,0,0,0,0,0.00,0.00,0.00,0.00,44,81016,0,0
2,Arrizabalaga,Arsenal,GK,4,Nott'm Forest,True,2025-09-13T11:30:00Z,31,0,0,0,0,0,0,0,0,0,0,0,0,0,0,0.00,0.00,0.00,0.00,44,76258,0,0
2,Arrizabalaga,Arsenal,GK,5,Man City,True,2025-09-21T15:30:00Z,41,0,0,0,0,0,0,0,0,0,0,0,0,0,0,0.00,0.00,0.00,0.00,44,71572,0,0
2,Arrizabalaga,Arsenal,GK,6,Newcastle,False,2025-09-28T15:30:00Z,58,0,0,0,0,0,0,0,0,0,0,0,0,0,0,0.00,0.00,0.00,0.00,43,67990,0,0
2,Arrizabalaga,Arsenal,GK,7,West Ham,True,2025-10-04T14:00:00Z,61,0,0,0,0,0,0,0,0,0,0,0,0,0,0,0.00,0.00,0.00,0.00,43,64932,0,0
2,Arrizabalaga,Arsenal,GK,8,Fulham,False,2025-10-18T16:30:00Z,74,0,0,0,0,0,0,0,0,0,0,0,0,0,0,0.00,0.00,0.00,0.00,43,61782,0,0
2,Arrizabalaga,Arsenal,GK,9,Crystal Palace,True,2025-10-26T14:00:00Z,81,0,0,0,0,0,0,0,0,0,0,0,0,0,0,0.00,0.00,0.00,0.00,43,59724,0,0
2,Arrizabalaga,Arsenal,GK,10,Burnley,False,2025-11-01T15:00:00Z,92,0,0,0,0,0,0,0,0,0,0,0,0,0,0,0.00,0.00,0.00,0.00,42,57825,0,0
2,Arrizabalaga,Arsenal,GK,11,Sunderland,False,2025-11-08T17:30:00Z,108,0,0,0,0,0,0,0,0,0,0,0,0,0,0,0.00,0.00,0.00,0.00,42,56075,0,0
2,Arrizabalaga,Arsenal,GK,12,Spurs,True,2025-11-23T16:30:00Z,111,0,0,0,0,0,0,0,0,0,0,0,0,0,0,0.00,0.00,0.00,0.00,42,55291,0,0
2,Arrizabalaga,Arsenal,GK,13,Chelsea,False,2025-11-30T16:30:00Z,123,0,0,0,0,0,0,0,0,0,0,0,0,0,0,0.00,0.00,0.00,0.00,42,54420,0,0
2,Arrizabalaga,Arsenal,GK,14,Brentford,True,2025-12-03T19:30:00Z,131,0,0,0,0,0,0,0,0,0,0,0,0,0,0,0.00,0.00,0.00,0.00,42,53843,0,0
2,Arrizabalaga,Arsenal,GK,15,Aston Villa,False,2025-12-06T12:30:00Z,141,0,0,0,0,0,0,0,0,0,0,0,0,0,0,0.00,0.00,0.00,0.00,42,53294,0,0
2,Arrizabalaga,Arsenal,GK,16,Wolves,True,2025-12-13T20:00:00Z,151,0,0,0,0,0,0,0,0,0,0,0,0,0,0,0.00,0.00,0.00,0.00,41,51955,0,0
2,Arrizabalaga,Arsenal,GK,17,Everton,False,2025-12-20T20:00:00Z,164,0,0,0,0,0,0,0,0,0,0,0,0,0,0,0.00,0.00,0.00,0.00,41,51812,0,0
2,Arrizabalaga,Arsenal,GK,18,Brighton,True,2025-12-27T15:00:00Z,171,0,0,0,0,0,0,0,0,0,0,0,0,0,0,0.00,0.00,0.00,0.00,41,51553,0,0
2,Arrizabalaga,Arsenal,GK,19,Aston Villa,True,2025-12-30T20:15:00Z,181,0,0,0,0,0,0,0,0,0,0,0,0,0,0,0.00,0.00,0.00,0.00,41,51712,0,0
2,Arrizabalaga,Arsenal,GK,20,Bournemouth,False,2026-01-03T17:30:00Z,192,0,0,0,0,0,0,0,0,0,0,0,0,0,0,0.00,0.00,0.00,0.00,41,51046,0,0
2,Arrizabalaga,Arsenal,GK,21,Liverpool,True,2026-01-08T20:00:00Z,201,0,0,0,0,0,0,0,0,0,0,0,0,0,0,0.00,0.00,0.00,0.00,41,50726,0,0
2,Arrizabalaga,Arsenal,GK,22,Nott'm Forest,False,2026-01-17T17:30:00Z,217,0,0,0,0,0,0,0,0,0,0,0,0,0,0,0.00,0.00,0.00,0.00,41,50287,0,0
2,Arrizabalaga,Arsenal,GK,23,Man Utd,True,2026-01-25T16:30:00Z,221,0,0,0,0,0,0,0,0,0,0,0,0,0,0,0.00,0.00,0.00,0.00,41,50241,0,0
2,Arrizabalaga,Arsenal,GK,24,Leeds,False,2026-01-31T15:00:00Z,234,0,0,0,0,0,0,0,0,0,0,0,0,0,0,0.00,0.00,0.00,0.00,41,50126,0,0
2,Arrizabalaga,Arsenal,GK,25,Sunderland,True,2026-02-07T15:00:00Z,241,0,0,0,0,0,0,0,0,0,0,0,0,0,0,0.00,0.00,0.00,0.00,41,49959,0,0
2,Arrizabalaga,Arsenal,GK,26,Brentford,False,2026-02-12T20:00:00Z,252,0,0,0,0,0,0,0,0,0,0,0,0,0,0,0.00,0.00,0.00,0.00,41,49233,0,0
2,Arrizabalaga,Arsenal,GK,26,Wolves,False,2026-02-18T20:00:00Z,310,0,0,0,0,0,0,0,0,0,0,0,0,0,0,0.00,0.00,0.00,0.00,41,49233,0,0
2,Arrizabalaga,Arsenal,GK,27,Spurs,False,2026-02-22T16:30:00Z,269,0,0,0,0,0,0,0,0,0,0,0,0,0,0,0.00,0.00,0.00,0.00,41,49344,0,0
2,Arrizabalaga,Arsenal,GK,28,Chelsea,True,2026-03-01T16:30:00Z,271,0,0,0,0,0,0,0,0,0,0,0,0,0,0,0.00,0.00,0.00,0.00,41,49218,0,0
2,Arrizabalaga,Arsenal,GK,29,Brighton,False,2026-03-04T19:30:00Z,283,0,0,0,0,0,0,0,0,0,0,0,0,0,0,0.00,0.00,0.00,0.00,41,49054,0,0
2,Arrizabalaga,Arsenal,GK,30,Everton,True,2026-03-14T17:30:00Z,291,0,0,0,0,0,0,0,0,0,0,0,0,0,0,0.00,0.00,0.00,0.00,41,48903,0,0
2,Arrizabalaga,Arsenal,GK,32,Bournemouth,True,2026-04-11T11:30:00Z,311,0,0,0,0,0,0,0,0,0,0,0,0,0,0,0.00,0.00,0.00,0.00,40,48893,0,0
2,Arrizabalaga,Arsenal,GK,33,Man City,False,2026-04-19T15:30:00Z,327,0,0,0,0,0,0,0,0,0,0,0,0,0,0,0.00,0.00,0.00,0.00,40,49062,0,0
2,Arrizabalaga,Arsenal,GK,34,Newcastle,True,2026-04-25T16:30:00Z,331,0,0,0,0,0,0,0,0,0,0,0,0,0,0,0.00,0.00,0.00,0.00,40,52476,0,0
2,Arrizabalaga,Arsenal,GK,35,Fulham,True,2026-05-02T16:30:00Z,341,0,0,0,0,0,0,0,0,0,0,0,0,0,0,0.00,0.00,0.00,0.00,40,48983,0,0
2,Arrizabalaga,Arsenal,GK,36,West Ham,False,2026-05-10T15:30:00Z,360,0,0,0,0,0,0,0,0,0,0,0,0,0,0,0.00,0.00,0.00,0.00,40,48996,0,0
2,Arrizabalaga,Arsenal,GK,37,Burnley,True,2026-05-18T19:00:00Z,361,0,0,0,0,0,0,0,0,0,0,0,0,0,0,0.00,0.00,0.00,0.00,40,48842,0,0
2,Arrizabalaga,Arsenal,GK,38,Crystal Palace,False,2026-05-24T15:00:00Z,373,90,0,0,0,0,0,0,2,0,0,0,1,0,11,0.00,0.00,0.00,0.98,40,57984,2,2
3,Hein,Arsenal,GK,1,Man Utd,False,2025-08-17T15:30:00Z,9,0,0,0,0,0,0,0,0,0,0,0,0,0,0,0.00,0.00,0.00,0.00,40,55400,0,0
3,Hein,Arsenal,GK,2,Leeds,True,2025-08-23T16:30:00Z,11,0,0,0,0,0,0,0,0,0,0,0,0,0,0,0.00,0.00,0.00,0.00,40,64836,0,0
3,Hein,Arsenal,GK,3,Liverpool,False,2025-08-31T15:30:00Z,25,0,0,0,0,0,0,0,0,0,0,0,0,0,0,0.00,0.00,0.00,0.00,40,58537,0,0
3,Hein,Arsenal,GK,4,Nott'm Forest,True,2025-09-13T11:30:00Z,31,0,0,0,0,0,0,0,0,0,0,0,0,0,0,0.00,0.00,0.00,0.00,40,51317,0,0
3,Hein,Arsenal,GK,5,Man City,True,2025-09-21T15:30:00Z,41,0,0,0,0,0,0,0,0,0,0,0,0,0,0,0.00,0.00,0.00,0.00,40,47871,0,0
3,Hein,Arsenal,GK,6,Newcastle,False,2025-09-28T15:30:00Z,58,0,0,0,0,0,0,0,0,0,0,0,0,0,0,0.00,0.00,0.00,0.00,40,44510,0,0
3,Hein,Arsenal,GK,7,West Ham,True,2025-10-04T14:00:00Z,61,0,0,0,0,0,0,0,0,0,0,0,0,0,0,0.00,0.00,0.00,0.00,40,41629,0,0
3,Hein,Arsenal,GK,8,Fulham,False,2025-10-18T16:30:00Z,74,0,0,0,0,0,0,0,0,0,0,0,0,0,0,0.00,0.00,0.00,0.00,40,39034,0,0
3,Hein,Arsenal,GK,9,Crystal Palace,True,2025-10-26T14:00:00Z,81,0,0,0,0,0,0,0,0,0,0,0,0,0,0,0.00,0.00,0.00,0.00,40,37371,0,0
3,Hein,Arsenal,GK,10,Burnley,False,2025-11-01T15:00:00Z,92,0,0,0,0,0,0,0,0,0,0,0,0,0,0,0.00,0.00,0.00,0.00,40,35449,0,0
3,Hein,Arsenal,GK,11,Sunderland,False,2025-11-08T17:30:00Z,108,0,0,0,0,0,0,0,0,0,0,0,0,0,0,0.00,0.00,0.00,0.00,40,33938,0,0
3,Hein,Arsenal,GK,12,Spurs,True,2025-11-23T16:30:00Z,111,0,0,0,0,0,0,0,0,0,0,0,0,0,0,0.00,0.00,0.00,0.00,40,33051,0,0
3,Hein,Arsenal,GK,13,Chelsea,False,2025-11-30T16:30:00Z,123,0,0,0,0,0,0,0,0,0,0,0,0,0,0,0.00,0.00,0.00,0.00,40,32283,0,0
3,Hein,Arsenal,GK,14,Brentford,True,2025-12-03T19:30:00Z,131,0,0,0,0,0,0,0,0,0,0,0,0,0,0,0.00,0.00,0.00,0.00,40,31803,0,0
3,Hein,Arsenal,GK,15,Aston Villa,False,2025-12-06T12:30:00Z,141,0,0,0,0,0,0,0,0,0,0,0,0,0,0,0.00,0.00,0.00,0.00,40,31205,0,0
3,Hein,Arsenal,GK,16,Wolves,True,2025-12-13T20:00:00Z,151,0,0,0,0,0,0,0,0,0,0,0,0,0,0,0.00,0.00,0.00,0.00,40,29841,0,0
3,Hein,Arsenal,GK,17,Everton,False,2025-12-20T20:00:00Z,164,0,0,0,0,0,0,0,0,0,0,0,0,0,0,0.00,0.00,0.00,0.00,40,29272,0,0
3,Hein,Arsenal,GK,18,Brighton,True,2025-12-27T15:00:00Z,171,0,0,0,0,0,0,0,0,0,0,0,0,0,0,0.00,0.00,0.00,0.00,40,28681,0,0
3,Hein,Arsenal,GK,19,Aston Villa,True,2025-12-30T20:15:00Z,181,0,0,0,0,0,0,0,0,0,0,0,0,0,0,0.00,0.00,0.00,0.00,40,28379,0,0
3,Hein,Arsenal,GK,20,Bournemouth,False,2026-01-03T17:30:00Z,192,0,0,0,0,0,0,0,0,0,0,0,0,0,0,0.00,0.00,0.00,0.00,40,28210,0,0
3,Hein,Arsenal,GK,21,Liverpool,True,2026-01-08T20:00:00Z,201,0,0,0,0,0,0,0,0,0,0,0,0,0,0,0.00,0.00,0.00,0.00,40,27956,0,0
3,Hein,Arsenal,GK,22,Nott'm Forest,False,2026-01-17T17:30:00Z,217,0,0,0,0,0,0,0,0,0,0,0,0,0,0,0.00,0.00,0.00,0.00,40,27549,0,0
3,Hein,Arsenal,GK,23,Man Utd,True,2026-01-25T16:30:00Z,221,0,0,0,0,0,0,0,0,0,0,0,0,0,0,0.00,0.00,0.00,0.00,40,27373,0,0
3,Hein,Arsenal,GK,24,Leeds,False,2026-01-31T15:00:00Z,234,0,0,0,0,0,0,0,0,0,0,0,0,0,0,0.00,0.00,0.00,0.00,40,27184,0,0
3,Hein,Arsenal,GK,25,Sunderland,True,2026-02-07T15:00:00Z,241,0,0,0,0,0,0,0,0,0,0,0,0,0,0,0.00,0.00,0.00,0.00,40,26967,0,0
3,Hein,Arsenal,GK,26,Brentford,False,2026-02-12T20:00:00Z,252,0,0,0,0,0,0,0,0,0,0,0,0,0,0,0.00,0.00,0.00,0.00,40,26486,0,0
3,Hein,Arsenal,GK,26,Wolves,False,2026-02-18T20:00:00Z,310,0,0,0,0,0,0,0,0,0,0,0,0,0,0,0.00,0.00,0.00,0.00,40,26486,0,0
3,Hein,Arsenal,GK,27,Spurs,False,2026-02-22T16:30:00Z,269,0,0,0,0,0,0,0,0,0,0,0,0,0,0,0.00,0.00,0.00,0.00,40,26421,0,0
3,Hein,Arsenal,GK,28,Chelsea,True,2026-03-01T16:30:00Z,271,0,0,0,0,0,0,0,0,0,0,0,0,0,0,0.00,0.00,0.00,0.00,40,26325,0,0
3,Hein,Arsenal,GK,29,Brighton,False,2026-03-04T19:30:00Z,283,0,0,0,0,0,0,0,0,0,0,0,0,0,0,0.00,0.00,0.00,0.00,40,26242,0,0
3,Hein,Arsenal,GK,30,Everton,True,2026-03-14T17:30:00Z,291,0,0,0,0,0,0,0,0,0,0,0,0,0,0,0.00,0.00,0.00,0.00,40,26104,0,0
3,Hein,Arsenal,GK,32,Bournemouth,True,2026-04-11T11:30:00Z,311,0,0,0,0,0,0,0,0,0,0,0,0,0,0,0.00,0.00,0.00,0.00,40,25957,0,0
3,Hein,Arsenal,GK,33,Man City,False,2026-04-19T15:30:00Z,327,0,0,0,0,0,0,0,0,0,0,0,0,0,0,0.00,0.00,0.00,0.00,40,25886,0,0
3,Hein,Arsenal,GK,34,Newcastle,True,2026-04-25T16:30:00Z,331,0,0,0,0,0,0,0,0,0,0,0,0,0,0,0.00,0.00,0.00,0.00,40,25821,0,0
3,Hein,Arsenal,GK,35,Fulham,True,2026-05-02T16:30:00Z,341,0,0,0,0,0,0,0,0,0,0,0,0,0,0,0.00,0.00,0.00,0.00,40,25792,0,0
3,Hein,Arsenal,GK,36,West Ham,False,2026-05-10T15:30:00Z,360,0,0,0,0,0,0,0,0,0,0,0,0,0,0,0.00,0.00,0.00,0.00,40,25713,0,0
3,Hein,Arsenal,GK,37,Burnley,True,2026-05-18T19:00:00Z,361,0,0,0,0,0,0,0,0,0,0,0,0,0,0,0.00,0.00,0.00,0.00,40,25659,0,0
3,Hein,Arsenal,GK,38,Crystal Palace,False,2026-05-24T15:00:00Z,373,0,0,0,0,0,0,0,0,0,0,0,0,0,0,0.00,0.00,0.00,0.00,40,25580,0,0
4,Setford,Arsenal,GK,1,Man Utd,False,2025-08-17T15:30:00Z,9,0,0,0,0,0,0,0,0,0,0,0,0,0,0,0.00,0.00,0.00,0.00,40,13373,0,0
4,Setford,Arsenal,GK,2,Leeds,True,2025-08-23T16:30:00Z,11,0,0,0,0,0,0,0,0,0,0,0,0,0,0,0.00,0.00,0.00,0.00,40,16324,0,0
4,Setford,Arsenal,GK,3,Liverpool,False,2025-08-31T15:30:00Z,25,0,0,0,0,0,0,0,0,0,0,0,0,0,0,0.00,0.00,0.00,0.00,40,20855,0,0
4,Setford,Arsenal,GK,4,Nott'm Forest,True,2025-09-13T11:30:00Z,31,0,0,0,0,0,0,0,0,0,0,0,0,0,0,0.00,0.00,0.00,0.00,40,24801,0,0
4,Setford,Arsenal,GK,5,Man City,True,2025-09-21T15:30:00Z,41,0,0,0,0,0,0,0,0,0,0,0,0,0,0,0.00,0.00,0.00,0.00,40,27540,0,0
4,Setford,Arsenal,GK,6,Newcastle,False,2025-09-28T15:30:00Z,58,0,0,0,0,0,0,0,0,0,0,0,0,0,0,0.00,0.00,0.00,0.00,40,28376,0,0
4,Setford,Arsenal,GK,7,West Ham,True,2025-10-04T14:00:00Z,61,0,0,0,0,0,0,0,0,0,0,0,0,0,0,0.00,0.00,0.00,0.00,40,26881,0,0
4,Setford,Arsenal,GK,8,Fulham,False,2025-10-18T16:30:00Z,74,0,0,0,0,0,0,0,0,0,0,0,0,0,0,0.00,0.00,0.00,0.00,40,26701,0,0
4,Setford,Arsenal,GK,9,Crystal Palace,True,2025-10-26T14:00:00Z,81,0,0,0,0,0,0,0,0,0,0,0,0,0,0,0.00,0.00,0.00,0.00,40,26279,0,0
4,Setford,Arsenal,GK,10,Burnley,False,2025-11-01T15:00:00Z,92,0,0,0,0,0,0,0,0,0,0,0,0,0,0,0.00,0.00,0.00,0.00,40,25474,0,0
4,Setford,Arsenal,GK,11,Sunderland,False,2025-11-08T17:30:00Z,108,0,0,0,0,0,0,0,0,0,0,0,0,0,0,0.00,0.00,0.00,0.00,40,24778,0,0
4,Setford,Arsenal,GK,12,Spurs,True,2025-11-23T16:30:00Z,111,0,0,0,0,0,0,0,0,0,0,0,0,0,0,0.00,0.00,0.00,0.00,40,25070,0,0
4,Setford,Arsenal,GK,13,Chelsea,False,2025-11-30T16:30:00Z,123,0,0,0,0,0,0,0,0,0,0,0,0,0,0,0.00,0.00,0.00,0.00,40,25190,0,0
4,Setford,Arsenal,GK,14,Brentford,True,2025-12-03T19:30:00Z,131,0,0,0,0,0,0,0,0,0,0,0,0,0,0,0.00,0.00,0.00,0.00,39,28146,0,0
4,Setford,Arsenal,GK,15,Aston Villa,False,2025-12-06T12:30:00Z,141,0,0,0,0,0,0,0,0,0,0,0,0,0,0,0.00,0.00,0.00,0.00,39,33152,0,0
4,Setford,Arsenal,GK,16,Wolves,True,2025-12-13T20:00:00Z,151,0,0,0,0,0,0,0,0,0,0,0,0,0,0,0.00,0.00,0.00,0.00,39,28260,0,0
4,Setford,Arsenal,GK,17,Everton,False,2025-12-20T20:00:00Z,164,0,0,0,0,0,0,0,0,0,0,0,0,0,0,0.00,0.00,0.00,0.00,39,33449,0,0
4,Setford,Arsenal,GK,18,Brighton,True,2025-12-27T15:00:00Z,171,0,0,0,0,0,0,0,0,0,0,0,0,0,0,0.00,0.00,0.00,0.00,39,42592,0,0
4,Setford,Arsenal,GK,19,Aston Villa,True,2025-12-30T20:15:00Z,181,0,0,0,0,0,0,0,0,0,0,0,0,0,0,0.00,0.00,0.00,0.00,39,50506,0,0
4,Setford,Arsenal,GK,20,Bournemouth,False,2026-01-03T17:30:00Z,192,0,0,0,0,0,0,0,0,0,0,0,0,0,0,0.00,0.00,0.00,0.00,39,33010,0,0
4,Setford,Arsenal,GK,21,Liverpool,True,2026-01-08T20:00:00Z,201,0,0,0,0,0,0,0,0,0,0,0,0,0,0,0.00,0.00,0.00,0.00,39,33693,0,0
4,Setford,Arsenal,GK,22,Nott'm Forest,False,2026-01-17T17:30:00Z,217,0,0,0,0,0,0,0,0,0,0,0,0,0,0,0.00,0.00,0.00,0.00,39,31793,0,0
4,Setford,Arsenal,GK,23,Man Utd,True,2026-01-25T16:30:00Z,221,0,0,0,0,0,0,0,0,0,0,0,0,0,0,0.00,0.00,0.00,0.00,39,31211,0,0
4,Setford,Arsenal,GK,24,Leeds,False,2026-01-31T15:00:00Z,234,0,0,0,0,0,0,0,0,0,0,0,0,0,0,0.00,0.00,0.00,0.00,39,30598,0,0
4,Setford,Arsenal,GK,25,Sunderland,True,2026-02-07T15:00:00Z,241,0,0,0,0,0,0,0,0,0,0,0,0,0,0,0.00,0.00,0.00,0.00,39,29998,0,0
4,Setford,Arsenal,GK,26,Brentford,False,2026-02-12T20:00:00Z,252,0,0,0,0,0,0,0,0,0,0,0,0,0,0,0.00,0.00,0.00,0.00,39,28452,0,0
4,Setford,Arsenal,GK,26,Wolves,False,2026-02-18T20:00:00Z,310,0,0,0,0,0,0,0,0,0,0,0,0,0,0,0.00,0.00,0.00,0.00,39,28452,0,0
4,Setford,Arsenal,GK,27,Spurs,False,2026-02-22T16:30:00Z,269,0,0,0,0,0,0,0,0,0,0,0,0,0,0,0.00,0.00,0.00,0.00,39,28754,0,0
4,Setford,Arsenal,GK,28,Chelsea,True,2026-03-01T16:30:00Z,271,0,0,0,0,0,0,0,0,0,0,0,0,0,0,0.00,0.00,0.00,0.00,39,29178,0,0
4,Setford,Arsenal,GK,29,Brighton,False,2026-03-04T19:30:00Z,283,0,0,0,0,0,0,0,0,0,0,0,0,0,0,0.00,0.00,0.00,0.00,39,28738,0,0
4,Setford,Arsenal,GK,30,Everton,True,2026-03-14T17:30:00Z,291,0,0,0,0,0,0,0,0,0,0,0,0,0,0,0.00,0.00,0.00,0.00,39,28270,0,0
4,Setford,Arsenal,GK,32,Bournemouth,True,2026-04-11T11:30:00Z,311,0,0,0,0,0,0,0,0,0,0,0,0,0,0,0.00,0.00,0.00,0.00,39,27762,0,0
4,Setford,Arsenal,GK,33,Man City,False,2026-04-19T15:30:00Z,327,0,0,0,0,0,0,0,0,0,0,0,0,0,0,0.00,0.00,0.00,0.00,39,27573,0,0
4,Setford,Arsenal,GK,34,Newcastle,True,2026-04-25T16:30:00Z,331,0,0,0,0,0,0,0,0,0,0,0,0,0,0,0.00,0.00,0.00,0.00,39,27584,0,0
4,Setford,Arsenal,GK,35,Fulham,True,2026-05-02T16:30:00Z,341,0,0,0,0,0,0,0,0,0,0,0,0,0,0,0.00,0.00,0.00,0.00,39,27258,0,0
4,Setford,Arsenal,GK,36,West Ham,False,2026-05-10T15:30:00Z,360,0,0,0,0,0,0,0,0,0,0,0,0,0,0,0.00,0.00,0.00,0.00,39,27047,0,0
4,Setford,Arsenal,GK,37,Burnley,True,2026-05-18T19:00:00Z,361,0,0,0,0,0,0,0,0,0,0,0,0,0,0,0.00,0.00,0.00,0.00,39,26848,0,0
4,Setford,Arsenal,GK,38,Crystal Palace,False,2026-05-24T15:00:00Z,373,0,0,0,0,0,0,0,0,0,0,0,0,0,0,0.00,0.00,0.00,0.00,39,26886,0,0
5,Gabriel,Arsenal,DEF,1,Man Utd,False,2025-08-17T15:30:00Z,9,90,0,0,0,0,0,1,0,0,0,7,0,0,23,0.00,0.00,0.00,1.52,60,1696374,6,6
5,Gabriel,Arsenal,DEF,2,Leeds,True,2025-08-23T16:30:00Z,11,90,0,0,0,0,0,1,0,0,0,3,0,0,26,0.04,0.01,0.05,0.17,60,2292996,6,6
5,Gabriel,Arsenal,DEF,3,Liverpool,False,2025-08-31T15:30:00Z,25,90,0,0,0,0,0,0,0,0,0,7,1,0,8,0.02,0.01,0.03,0.52,61,2291736,2,2
5,Gabriel,Arsenal,DEF,4,Nott'm Forest,True,2025-09-13T11:30:00Z,31,90,0,0,0,0,0,1,0,0,0,10,0,1,32,0.20,0.01,0.21,0.20,61,2531223,9,9
5,Gabriel,Arsenal,DEF,5,Man City,True,2025-09-21T15:30:00Z,41,90,0,0,0,0,0,0,0,0,0,8,1,0,13,0.00,0.01,0.01,0.89,61,2599245,2,2
5,Gabriel,Arsenal,DEF,6,Newcastle,False,2025-09-28T15:30:00Z,58,90,1,0,0,0,0,0,0,0,0,19,1,3,34,0.22,0.02,0.24,0.61,61,2819407,13,13
5,Gabriel,Arsenal,DEF,7,West Ham,True,2025-10-04T14:00:00Z,61,90,0,0,0,0,0,1,0,0,0,12,0,1,33,0.00,0.03,0.03,0.49,62,3404817,9,9
5,Gabriel,Arsenal,DEF,8,Fulham,False,2025-10-18T16:30:00Z,74,90,0,1,0,0,0,1,0,0,0,9,0,3,33,0.24,0.02,0.26,0.44,63,3866736,12,12
5,Gabriel,Arsenal,DEF,9,Crystal Palace,True,2025-10-26T14:00:00Z,81,90,0,0,0,0,0,1,0,0,0,9,0,3,32,0.10,0.03,0.13,0.47,64,4322773,9,9
5,Gabriel,Arsenal,DEF,10,Burnley,False,2025-11-01T15:00:00Z,92,90,0,1,1,0,0,1,0,0,0,11,0,2,39,0.00,0.52,0.52,0.42,65,4909124,12,12
5,Gabriel,Arsenal,DEF,11,Sunderland,False,2025-11-08T17:30:00Z,108,90,0,0,0,0,0,0,0,0,0,5,2,0,6,0.00,0.03,0.03,0.44,66,5407553,1,1
5,Gabriel,Arsenal,DEF,12,Spurs,True,2025-11-23T16:30:00Z,111,0,0,0,0,0,0,0,0,0,0,0,0,0,0,0.00,0.00,0.00,0.00,65,3689125,0,0
5,Gabriel,Arsenal,DEF,13,Chelsea,False,2025-11-30T16:30:00Z,123,0,0,0,0,0,0,0,0,0,0,0,0,0,0,0.00,0.00,0.00,0.00,64,2713183,0,0
5,Gabriel,Arsenal,DEF,14,Brentford,True,2025-12-03T19:30:00Z,131,0,0,0,0,0,0,0,0,0,0,0,0,0,0,0.00,0.00,0.00,0.00,63,2385345,0,0
5,Gabriel,Arsenal,DEF,15,Aston Villa,False,2025-12-06T12:30:00Z,141,0,0,0,0,0,0,0,0,0,0,0,0,0,0,0.00,0.00,0.00,0.00,63,2091264,0,0
5,Gabriel,Arsenal,DEF,16,Wolves,True,2025-12-13T20:00:00Z,151,0,0,0,0,0,0,0,0,0,0,0,0,0,0,0.00,0.00,0.00,0.00,62,1755432,0,0
5,Gabriel,Arsenal,DEF,17,Everton,False,2025-12-20T20:00:00Z,164,0,0,0,0,0,0,0,0,0,0,0,0,0,0,0.00,0.00,0.00,0.00,62,1631350,0,0
5,Gabriel,Arsenal,DEF,18,Brighton,True,2025-12-27T15:00:00Z,171,19,0,0,0,0,0,0,0,0,0,1,0,0,2,0.02,0.00,0.02,0.32,62,1558977,1,1
5,Gabriel,Arsenal,DEF,19,Aston Villa,True,2025-12-30T20:15:00Z,181,76,1,0,0,0,0,1,0,0,0,4,0,3,40,0.41,0.01,0.42,0.67,63,1947230,15,15
5,Gabriel,Arsenal,DEF,20,Bournemouth,False,2026-01-03T17:30:00Z,192,90,1,0,0,0,0,0,0,0,0,12,2,0,16,0.17,0.01,0.18,1.43,65,2932696,9,9
5,Gabriel,Arsenal,DEF,21,Liverpool,True,2026-01-08T20:00:00Z,201,90,0,0,0,0,0,1,0,0,0,6,0,0,25,0.14,0.05,0.19,0.36,66,3718272,6,6
5,Gabriel,Arsenal,DEF,22,Nott'm Forest,False,2026-01-17T17:30:00Z,217,90,0,0,0,0,0,1,0,0,0,7,0,2,28,0.14,0.01,0.15,0.34,68,4451454,8,8
5,Gabriel,Arsenal,DEF,23,Man Utd,True,2026-01-25T16:30:00Z,221,90,0,0,0,0,0,0,0,0,0,6,3,0,1,0.00,0.01,0.01,0.71,69,4696723,1,1
5,Gabriel,Arsenal,DEF,24,Leeds,False,2026-01-31T15:00:00Z,234,90,0,0,0,0,0,1,0,0,0,13,0,0,30,0.02,0.05,0.07,0.15,70,5009355,8,8
5,Gabriel,Arsenal,DEF,25,Sunderland,True,2026-02-07T15:00:00Z,241,90,0,0,0,0,0,1,0,0,0,7,0,0,28,0.00,0.01,0.01,0.19,71,5298860,6,6
5,Gabriel,Arsenal,DEF,26,Brentford,False,2026-02-12T20:00:00Z,252,90,0,0,1,0,0,0,0,0,0,18,1,0,14,0.12,0.03,0.15,1.51,71,5593857,3,3
5,Gabriel,Arsenal,DEF,26,Wolves,False,2026-02-18T20:00:00Z,310,90,0,1,0,0,0,0,0,0,0,6,2,0,21,0.00,0.14,0.14,0.29,71,5593857,4,4
5,Gabriel,Arsenal,DEF,27,Spurs,False,2026-02-22T16:30:00Z,269,90,0,0,0,0,0,0,0,0,0,6,1,0,12,0.00,0.01,0.01,0.76,71,5557739,2,2
5,Gabriel,Arsenal,DEF,28,Chelsea,True,2026-03-01T16:30:00Z,271,90,0,1,1,0,0,0,0,0,0,11,1,3,27,0.03,0.57,0.60,1.05,71,5510008,9,9
5,Gabriel,Arsenal,DEF,29,Brighton,False,2026-03-04T19:30:00Z,283,90,0,0,0,0,0,1,0,0,0,17,0,3,40,0.00,0.00,0.00,0.82,71,5604826,11,11
5,Gabriel,Arsenal,DEF,30,Everton,True,2026-03-14T17:30:00Z,291,90,0,0,0,0,0,1,0,0,0,10,0,1,30,0.03,0.06,0.09,1.05,72,5699276,9,9
5,Gabriel,Arsenal,DEF,32,Bournemouth,True,2026-04-11T11:30:00Z,311,90,0,1,0,0,0,0,0,0,0,8,2,0,12,0.08,0.01,0.09,1.19,72,5650544,4,4
5,Gabriel,Arsenal,DEF,33,Man City,False,2026-04-19T15:30:00Z,327,90,0,0,1,0,0,0,0,0,0,7,2,0,2,0.02,0.01,0.03,1.36,71,5104085,0,0
5,Gabriel,Arsenal,DEF,34,Newcastle,True,2026-04-25T16:30:00Z,331,90,0,0,0,0,0,1,0,0,0,9,0,2,29,0.00,0.01,0.01,1.00,71,5933365,8,8
5,Gabriel,Arsenal,DEF,35,Fulham,True,2026-05-02T16:30:00Z,341,90,0,0,0,0,0,1,0,0,0,8,0,0,27,0.64,0.02,0.66,0.37,72,5826245,6,6
5,Gabriel,Arsenal,DEF,36,West Ham,False,2026-05-10T15:30:00Z,360,90,0,0,0,0,0,1,0,0,0,12,0,3,32,0.30,0.01,0.31,1.15,72,5900073,11,11
5,Gabriel,Arsenal,DEF,37,Burnley,True,2026-05-18T19:00:00Z,361,90,0,0,0,0,0,1,0,0,0,4,0,0,22,0.00,0.04,0.04,0.19,73,6041173,6,6
5,Gabriel,Arsenal,DEF,38,Crystal Palace,False,2026-05-24T15:00:00Z,373,45,0,0,0,0,0,0,0,0,0,5,1,0,7,0.00,0.00,0.00,0.93,73,5938633,1,1
6,Saliba,Arsenal,DEF,1,Man Utd,False,2025-08-17T15:30:00Z,9,90,0,0,0,0,0,1,0,0,0,14,0,1,25,0.00,0.00,0.00,1.52,60,1257079,9,9
6,Saliba,Arsenal,DEF,2,Leeds,True,2025-08-23T16:30:00Z,11,90,0,0,0,0,0,1,0,0,0,5,0,0,27,0.00,0.01,0.01,0.17,60,1933946,6,6
6,Saliba,Arsenal,DEF,3,Liverpool,False,2025-08-31T15:30:00Z,25,4,0,0,0,0,0,0,0,0,0,3,0,0,4,0.00,0.00,0.00,0.00,61,2042178,1,1
6,Saliba,Arsenal,DEF,4,Nott'm Forest,True,2025-09-13T11:30:00Z,31,0,0,0,0,0,0,0,0,0,0,0,0,0,0,0.00,0.00,0.00,0.00,61,1635010,0,0
6,Saliba,Arsenal,DEF,5,Man City,True,2025-09-21T15:30:00Z,41,90,0,0,0,0,0,0,0,0,0,9,1,0,15,0.13,0.02,0.15,0.89,60,1469699,2,2
6,Saliba,Arsenal,DEF,6,Newcastle,False,2025-09-28T15:30:00Z,58,45,0,0,0,0,0,0,0,0,0,1,0,0,8,0.00,0.07,0.07,0.20,60,1489252,1,1
6,Saliba,Arsenal,DEF,7,West Ham,True,2025-10-04T14:00:00Z,61,90,0,0,0,0,0,1,0,0,0,8,0,0,30,0.00,0.02,0.02,0.49,60,1526375,6,6
6,Saliba,Arsenal,DEF,8,Fulham,False,2025-10-18T16:30:00Z,74,90,0,0,0,0,0,1,0,0,0,4,0,0,26,0.00,0.05,0.05,0.44,60,1537530,6,6
6,Saliba,Arsenal,DEF,9,Crystal Palace,True,2025-10-26T14:00:00Z,81,45,0,0,0,0,0,0,0,0,0,1,0,0,10,0.00,0.02,0.02,0.08,60,1553786,1,1
6,Saliba,Arsenal,DEF,10,Burnley,False,2025-11-01T15:00:00Z,92,90,0,0,0,0,0,1,0,0,0,6,0,0,29,0.00,0.01,0.01,0.42,60,1429278,6,6
6,Saliba,Arsenal,DEF,11,Sunderland,False,2025-11-08T17:30:00Z,108,90,0,0,0,0,0,0,0,0,0,6,2,0,4,0.16,0.03,0.19,0.44,60,1441342,1,1
6,Saliba,Arsenal,DEF,12,Spurs,True,2025-11-23T16:30:00Z,111,90,0,0,0,0,0,0,0,0,0,5,1,0,12,0.00,0.01,0.01,0.07,60,1568953,2,2
6,Saliba,Arsenal,DEF,13,Chelsea,False,2025-11-30T16:30:00Z,123,0,0,0,0,0,0,0,0,0,0,0,0,0,0,0.00,0.00,0.00,0.00,60,1600156,0,0
6,Saliba,Arsenal,DEF,14,Brentford,True,2025-12-03T19:30:00Z,131,0,0,0,0,0,0,0,0,0,0,0,0,0,0,0.00,0.00,0.00,0.00,60,1536880,0,0
6,Saliba,Arsenal,DEF,15,Aston Villa,False,2025-12-06T12:30:00Z,141,0,0,0,0,0,0,0,0,0,0,0,0,0,0,0.00,0.00,0.00,0.00,60,1426855,0,0
6,Saliba,Arsenal,DEF,16,Wolves,True,2025-12-13T20:00:00Z,151,90,0,0,0,0,0,0,0,0,0,5,1,0,14,0.00,0.02,0.02,0.38,60,1292932,2,2
6,Saliba,Arsenal,DEF,17,Everton,False,2025-12-20T20:00:00Z,164,90,0,0,0,0,0,1,0,0,0,6,0,0,27,0.00,0.02,0.02,0.20,59,1389862,6,6
6,Saliba,Arsenal,DEF,18,Brighton,True,2025-12-27T15:00:00Z,171,90,0,0,0,0,0,0,0,0,0,3,1,0,10,0.00,0.00,0.00,0.85,59,1488101,2,2
6,Saliba,Arsenal,DEF,19,Aston Villa,True,2025-12-30T20:15:00Z,181,90,0,0,0,0,0,0,0,0,0,4,1,0,10,0.00,0.01,0.01,2.67,59,1494263,2,2
6,Saliba,Arsenal,DEF,20,Bournemouth,False,2026-01-03T17:30:00Z,192,90,0,0,0,0,0,0,0,0,0,8,2,0,9,0.00,0.00,0.00,1.43,59,1507589,1,1
6,Saliba,Arsenal,DEF,21,Liverpool,True,2026-01-08T20:00:00Z,201,90,0,0,0,0,0,1,0,0,0,5,0,1,28,0.00,0.15,0.15,0.36,59,1484334,7,7
6,Saliba,Arsenal,DEF,22,Nott'm Forest,False,2026-01-17T17:30:00Z,217,90,0,0,0,0,0,1,0,0,0,5,0,2,28,0.09,0.02,0.11,0.34,60,1540665,8,8
6,Saliba,Arsenal,DEF,23,Man Utd,True,2026-01-25T16:30:00Z,221,90,0,0,0,0,0,0,0,0,0,4,3,0,5,0.00,0.09,0.09,0.71,60,1566646,1,1
6,Saliba,Arsenal,DEF,24,Leeds,False,2026-01-31T15:00:00Z,234,90,0,0,0,0,0,1,0,0,0,3,0,0,21,0.00,0.02,0.02,0.15,60,1583683,6,6
6,Saliba,Arsenal,DEF,25,Sunderland,True,2026-02-07T15:00:00Z,241,90,0,0,1,0,0,1,0,0,0,11,0,0,28,0.00,0.02,0.02,0.19,60,1699262,7,7
6,Saliba,Arsenal,DEF,26,Brentford,False,2026-02-12T20:00:00Z,252,0,0,0,0,0,0,0,0,0,0,0,0,0,0,0.00,0.00,0.00,0.00,61,1872059,0,0
6,Saliba,Arsenal,DEF,26,Wolves,False,2026-02-18T20:00:00Z,310,90,0,0,0,0,0,0,0,0,0,8,2,0,7,0.00,0.01,0.01,0.29,61,1872059,1,1
6,Saliba,Arsenal,DEF,27,Spurs,False,2026-02-22T16:30:00Z,269,90,0,0,0,0,0,0,0,0,0,8,1,0,9,0.24,0.01,0.25,0.76,61,1804316,2,2
6,Saliba,Arsenal,DEF,28,Chelsea,True,2026-03-01T16:30:00Z,271,90,1,0,0,0,0,0,0,0,0,6,1,2,26,0.26,0.00,0.26,1.05,61,1741511,10,10
6,Saliba,Arsenal,DEF,29,Brighton,False,2026-03-04T19:30:00Z,283,0,0,0,0,0,0,0,0,0,0,0,0,0,0,0.00,0.00,0.00,0.00,61,1765704,0,0
6,Saliba,Arsenal,DEF,30,Everton,True,2026-03-14T17:30:00Z,291,90,0,0,0,0,0,1,0,0,0,12,0,3,36,0.00,0.09,0.09,1.05,61,1737007,11,11
6,Saliba,Arsenal,DEF,32,Bournemouth,True,2026-04-11T11:30:00Z,311,90,0,0,0,0,0,0,0,0,0,6,2,0,12,0.00,0.00,0.00,1.19,61,1804813,1,1
6,Saliba,Arsenal,DEF,33,Man City,False,2026-04-19T15:30:00Z,327,90,0,0,0,0,0,0,0,0,0,10,2,0,13,0.00,0.02,0.02,1.36,61,1726037,3,3
6,Saliba,Arsenal,DEF,34,Newcastle,True,2026-04-25T16:30:00Z,331,90,0,0,0,0,0,1,0,0,0,6,0,1,28,0.00,0.01,0.01,1.00,61,1955066,7,7
6,Saliba,Arsenal,DEF,35,Fulham,True,2026-05-02T16:30:00Z,341,90,0,0,0,0,0,1,0,0,0,6,0,0,27,0.00,0.31,0.31,0.37,61,1991887,6,6
6,Saliba,Arsenal,DEF,36,West Ham,False,2026-05-10T15:30:00Z,360,90,0,0,1,0,0,1,0,0,0,8,0,0,26,0.00,0.16,0.16,1.15,62,2052330,5,5
6,Saliba,Arsenal,DEF,37,Burnley,True,2026-05-18T19:00:00Z,361,90,0,0,0,0,0,1,0,0,0,7,0,2,27,0.00,0.01,0.01,0.19,62,2243493,8,8
6,Saliba,Arsenal,DEF,38,Crystal Palace,False,2026-05-24T15:00:00Z,373,0,0,0,0,0,0,0,0,0,0,0,0,0,0,0.00,0.00,0.00,0.00,63,2240445,0,0
7,Calafiori,Arsenal,DEF,1,Man Utd,False,2025-08-17T15:30:00Z,9,71,1,0,1,0,0,1,0,0,0,4,0,2,33,0.91,0.01,0.92,0.87,55,63049,13,13
7,Calafiori,Arsenal,DEF,2,Leeds,True,2025-08-23T16:30:00Z,11,63,0,2,0,0,0,1,0,0,0,1,0,1,38,0.39,0.01,0.40,0.17,55,500185,13,13
7,Calafiori,Arsenal,DEF,3,Liverpool,False,2025-08-31T15:30:00Z,25,90,0,0,0,0,0,0,0,0,0,7,1,0,9,0.13,0.01,0.14,0.52,56,982437,2,2
7,Calafiori,Arsenal,DEF,4,Nott'm Forest,True,2025-09-13T11:30:00Z,31,67,0,0,1,0,0,1,0,0,0,3,0,0,16,0.00,0.01,0.01,0.10,57,1569650,5,5
7,Calafiori,Arsenal,DEF,5,Man City,True,2025-09-21T15:30:00Z,41,90,0,0,0,0,0,0,0,0,0,5,1,0,7,0.14,0.05,0.19,0.89,57,1636657,2,2
7,Calafiori,Arsenal,DEF,6,Newcastle,False,2025-09-28T15:30:00Z,58,69,0,0,1,0,0,0,0,0,0,3,1,0,0,0.10,0.04,0.14,0.53,57,1745426,1,1
7,Calafiori,Arsenal,DEF,7,West Ham,True,2025-10-04T14:00:00Z,61,74,0,0,0,0,0,1,0,0,0,6,0,0,26,0.17,0.02,0.19,0.36,57,1786011,6,6
7,Calafiori,Arsenal,DEF,8,Fulham,False,2025-10-18T16:30:00Z,74,90,0,0,0,0,0,1,0,0,0,5,0,0,26,0.04,0.02,0.06,0.44,57,1803961,6,6
7,Calafiori,Arsenal,DEF,9,Crystal Palace,True,2025-10-26T14:00:00Z,81,81,0,0,0,0,0,1,0,0,0,1,0,0,26,0.07,0.02,0.09,0.46,58,1864253,6,6
7,Calafiori,Arsenal,DEF,10,Burnley,False,2025-11-01T15:00:00Z,92,71,0,0,0,0,0,1,0,0,0,7,0,0,33,0.06,0.01,0.07,0.02,58,1981741,6,6
7,Calafiori,Arsenal,DEF,11,Sunderland,False,2025-11-08T17:30:00Z,108,90,0,0,0,0,0,0,0,0,0,5,2,0,-1,0.23,0.05,0.28,0.44,58,2002722,1,1
7,Calafiori,Arsenal,DEF,12,Spurs,True,2025-11-23T16:30:00Z,111,90,0,0,0,0,0,0,0,0,0,7,1,0,9,0.07,0.03,0.10,0.07,58,1823439,2,2
7,Calafiori,Arsenal,DEF,13,Chelsea,False,2025-11-30T16:30:00Z,123,45,0,0,1,0,0,0,0,0,0,9,0,0,5,0.00,0.01,0.01,0.31,58,1786523,0,0
7,Calafiori,Arsenal,DEF,14,Brentford,True,2025-12-03T19:30:00Z,131,90,0,0,0,0,0,1,0,0,0,9,0,1,33,0.18,0.03,0.21,0.35,58,1857332,7,7
7,Calafiori,Arsenal,DEF,15,Aston Villa,False,2025-12-06T12:30:00Z,141,85,0,0,1,0,0,0,0,0,0,6,1,0,2,0.00,0.01,0.01,1.36,58,1918268,1,1
7,Calafiori,Arsenal,DEF,16,Wolves,True,2025-12-13T20:00:00Z,151,0,0,0,0,0,0,0,0,0,0,0,0,0,0,0.00,0.00,0.00,0.00,57,1198258,0,0
7,Calafiori,Arsenal,DEF,17,Everton,False,2025-12-20T20:00:00Z,164,90,0,0,0,0,0,1,0,0,0,7,0,0,25,0.00,0.03,0.03,0.20,57,1272519,6,6
7,Calafiori,Arsenal,DEF,18,Brighton,True,2025-12-27T15:00:00Z,171,0,0,0,0,0,0,0,0,0,0,0,0,0,0,0.00,0.00,0.00,0.00,57,1366865,0,0
7,Calafiori,Arsenal,DEF,19,Aston Villa,True,2025-12-30T20:15:00Z,181,0,0,0,0,0,0,0,0,0,0,0,0,0,0,0.00,0.00,0.00,0.00,57,1146771,0,0
7,Calafiori,Arsenal,DEF,20,Bournemouth,False,2026-01-03T17:30:00Z,192,0,0,0,0,0,0,0,0,0,0,0,0,0,0,0.00,0.00,0.00,0.00,57,1011365,0,0
7,Calafiori,Arsenal,DEF,21,Liverpool,True,2026-01-08T20:00:00Z,201,0,0,0,0,0,0,0,0,0,0,0,0,0,0,0.00,0.00,0.00,0.00,56,901798,0,0
7,Calafiori,Arsenal,DEF,22,Nott'm Forest,False,2026-01-17T17:30:00Z,217,0,0,0,0,0,0,0,0,0,0,0,0,0,0,0.00,0.00,0.00,0.00,56,818516,0,0
7,Calafiori,Arsenal,DEF,23,Man Utd,True,2026-01-25T16:30:00Z,221,0,0,0,0,0,0,0,0,0,0,0,0,0,0,0.00,0.00,0.00,0.00,56,791987,0,0
7,Calafiori,Arsenal,DEF,24,Leeds,False,2026-01-31T15:00:00Z,234,15,0,0,0,0,0,0,0,0,0,1,0,0,2,0.25,0.01,0.26,0.03,56,789745,1,1
7,Calafiori,Arsenal,DEF,25,Sunderland,True,2026-02-07T15:00:00Z,241,66,0,0,0,0,0,1,0,0,0,4,0,0,18,0.03,0.02,0.05,0.17,56,793704,6,6
7,Calafiori,Arsenal,DEF,26,Brentford,False,2026-02-12T20:00:00Z,252,9,0,0,0,0,0,0,0,0,0,1,0,0,2,0.00,0.00,0.00,0.33,56,849400,1,1
7,Calafiori,Arsenal,DEF,26,Wolves,False,2026-02-18T20:00:00Z,310,1,0,0,0,0,0,0,0,0,0,0,1,0,-1,0.00,0.01,0.01,0.17,56,849400,1,1
7,Calafiori,Arsenal,DEF,27,Spurs,False,2026-02-22T16:30:00Z,269,0,0,0,0,0,0,0,0,0,0,0,0,0,0,0.00,0.00,0.00,0.00,56,825906,0,0
7,Calafiori,Arsenal,DEF,28,Chelsea,True,2026-03-01T16:30:00Z,271,0,0,0,0,0,0,0,0,0,0,0,0,0,0,0.00,0.00,0.00,0.00,56,801590,0,0
7,Calafiori,Arsenal,DEF,29,Brighton,False,2026-03-04T19:30:00Z,283,26,0,0,0,0,0,0,0,0,0,2,0,0,2,0.00,0.00,0.00,0.18,56,787557,1,1
7,Calafiori,Arsenal,DEF,30,Everton,True,2026-03-14T17:30:00Z,291,73,0,0,0,0,0,1,0,0,0,2,0,0,29,0.15,0.09,0.24,0.99,56,776473,6,6
7,Calafiori,Arsenal,DEF,32,Bournemouth,True,2026-04-11T11:30:00Z,311,0,0,0,0,0,0,0,0,0,0,0,0,0,0,0.00,0.00,0.00,0.00,56,797214,0,0
7,Calafiori,Arsenal,DEF,33,Man City,False,2026-04-19T15:30:00Z,327,0,0,0,0,0,0,0,0,0,0,0,0,0,0,0.00,0.00,0.00,0.00,56,773117,0,0
7,Calafiori,Arsenal,DEF,34,Newcastle,True,2026-04-25T16:30:00Z,331,0,0,0,0,0,0,0,0,0,0,0,0,0,0,0.00,0.00,0.00,0.00,56,765211,0,0
7,Calafiori,Arsenal,DEF,35,Fulham,True,2026-05-02T16:30:00Z,341,90,0,0,0,0,0,1,0,0,0,6,0,0,20,0.23,0.02,0.25,0.37,56,764141,6,6
7,Calafiori,Arsenal,DEF,36,West Ham,False,2026-05-10T15:30:00Z,360,45,0,0,0,0,0,0,0,0,0,0,0,0,-1,0.21,0.02,0.23,0.15,56,778387,1,1
7,Calafiori,Arsenal,DEF,37,Burnley,True,2026-05-18T19:00:00Z,361,71,0,0,0,0,0,1,0,0,0,1,0,2,27,0.00,0.13,0.13,0.19,56,773900,8,8
7,Calafiori,Arsenal,DEF,38,Crystal Palace,False,2026-05-24T15:00:00Z,373,45,0,0,0,0,0,0,0,0,0,0,0,0,4,0.00,0.10,0.10,0.05,56,782847,1,1
8,J.Timber,Arsenal,DEF,1,Man Utd,False,2025-08-17T15:30:00Z,9,19,0,0,1,0,0,0,0,0,0,3,0,0,-3,0.00,0.00,0.00,0.66,55,210465,0,0
8,J.Timber,Arsenal,DEF,2,Leeds,True,2025-08-23T16:30:00Z,11,63,2,1,0,0,0,1,0,0,0,6,0,3,68,0.81,0.05,0.86,0.17,55,219095,24,24
8,J.Timber,Arsenal,DEF,3,Liverpool,False,2025-08-31T15:30:00Z,25,90,0,0,0,0,0,0,0,0,0,7,1,0,7,0.09,0.05,0.14,0.52,56,828444,2,2
8,J.Timber,Arsenal,DEF,4,Nott'm Forest,True,2025-09-13T11:30:00Z,31,90,0,0,0,0,0,1,0,0,0,6,0,2,37,0.30,0.02,0.32,0.20,57,1235377,8,8
8,J.Timber,Arsenal,DEF,5,Man City,True,2025-09-21T15:30:00Z,41,79,0,0,1,0,0,0,0,0,0,8,1,0,16,0.00,0.05,0.05,0.65,57,1494975,1,1
8,J.Timber,Arsenal,DEF,6,Newcastle,False,2025-09-28T15:30:00Z,58,90,0,0,0,0,0,0,0,0,0,6,1,0,10,0.53,0.21,0.74,0.61,58,1679103,2,2
8,J.Timber,Arsenal,DEF,7,West Ham,True,2025-10-04T14:00:00Z,61,90,0,1,0,0,0,1,0,0,0,9,0,2,43,0.16,0.03,0.19,0.49,58,1910147,11,11
8,J.Timber,Arsenal,DEF,8,Fulham,False,2025-10-18T16:30:00Z,74,90,0,0,0,0,0,1,0,0,0,4,0,0,27,0.00,0.15,0.15,0.44,59,2468281,6,6
8,J.Timber,Arsenal,DEF,9,Crystal Palace,True,2025-10-26T14:00:00Z,81,90,0,0,0,0,0,1,0,0,0,4,0,0,25,0.00,0.04,0.04,0.47,60,2724017,6,6
8,J.Timber,Arsenal,DEF,10,Burnley,False,2025-11-01T15:00:00Z,92,90,0,0,0,0,0,1,0,0,0,4,0,0,20,0.19,0.01,0.20,0.42,61,3109667,6,6
8,J.Timber,Arsenal,DEF,11,Sunderland,False,2025-11-08T17:30:00Z,108,90,0,0,0,0,0,0,0,0,0,4,2,0,7,0.00,0.03,0.03,0.44,61,3193975,1,1
8,J.Timber,Arsenal,DEF,12,Spurs,True,2025-11-23T16:30:00Z,111,90,0,1,0,0,0,0,0,0,0,1,1,0,6,0.50,0.04,0.54,0.07,62,3668658,5,5
8,J.Timber,Arsenal,DEF,13,Chelsea,False,2025-11-30T16:30:00Z,123,90,0,0,0,0,0,0,0,0,0,6,1,0,8,0.30,0.03,0.33,0.79,63,3857248,2,2
8,J.Timber,Arsenal,DEF,14,Brentford,True,2025-12-03T19:30:00Z,131,46,0,0,0,0,0,0,0,0,0,3,0,0,3,0.00,0.00,0.00,0.09,64,4310049,1,1
8,J.Timber,Arsenal,DEF,15,Aston Villa,False,2025-12-06T12:30:00Z,141,90,0,0,0,0,0,0,0,0,0,10,2,0,7,0.23,0.01,0.24,2.16,64,4349352,3,3
8,J.Timber,Arsenal,DEF,16,Wolves,True,2025-12-13T20:00:00Z,151,90,0,0,0,0,0,0,0,0,0,2,1,0,7,0.19,0.02,0.21,0.38,65,4143467,2,2
8,J.Timber,Arsenal,DEF,17,Everton,False,2025-12-20T20:00:00Z,164,90,0,0,0,0,0,1,0,0,0,3,0,0,26,0.46,0.07,0.53,0.20,65,4194778,6,6
8,J.Timber,Arsenal,DEF,18,Brighton,True,2025-12-27T15:00:00Z,171,0,0,0,0,0,0,0,0,0,0,0,0,0,0,0.00,0.00,0.00,0.00,65,4304991,0,0
8,J.Timber,Arsenal,DEF,19,Aston Villa,True,2025-12-30T20:15:00Z,181,82,0,1,0,0,0,1,0,0,0,3,0,0,28,0.30,0.01,0.31,0.67,64,3390691,9,9
8,J.Timber,Arsenal,DEF,20,Bournemouth,False,2026-01-03T17:30:00Z,192,90,0,0,0,0,0,0,0,0,0,10,2,0,8,0.00,0.01,0.01,1.43,64,3646955,3,3
8,J.Timber,Arsenal,DEF,21,Liverpool,True,2026-01-08T20:00:00Z,201,90,0,0,0,0,0,1,0,0,0,5,0,0,24,0.00,0.02,0.02,0.36,63,3459669,6,6
8,J.Timber,Arsenal,DEF,22,Nott'm Forest,False,2026-01-17T17:30:00Z,217,90,0,0,1,0,0,1,0,0,0,2,0,0,17,0.10,0.02,0.12,0.34,63,3596176,5,5
8,J.Timber,Arsenal,DEF,23,Man Utd,True,2026-01-25T16:30:00Z,221,90,0,0,0,0,0,0,0,0,0,2,3,0,-2,0.00,0.01,0.01,0.71,63,3616868,1,1
8,J.Timber,Arsenal,DEF,24,Leeds,False,2026-01-31T15:00:00Z,234,90,0,0,1,0,0,1,0,0,0,3,0,0,20,0.14,0.21,0.35,0.15,63,3583337,5,5
8,J.Timber,Arsenal,DEF,25,Sunderland,True,2026-02-07T15:00:00Z,241,90,0,0,0,0,0,1,0,0,0,7,0,0,24,0.00,0.02,0.02,0.19,64,3790180,6,6
8,J.Timber,Arsenal,DEF,26,Brentford,False,2026-02-12T20:00:00Z,252,90,0,0,0,0,0,0,0,0,0,3,1,0,15,0.00,0.10,0.10,1.51,64,4060996,2,2
8,J.Timber,Arsenal,DEF,26,Wolves,False,2026-02-18T20:00:00Z,310,90,0,0,0,0,0,0,0,0,0,4,2,0,9,0.00,0.03,0.03,0.29,64,4060996,1,1
8,J.Timber,Arsenal,DEF,27,Spurs,False,2026-02-22T16:30:00Z,269,56,0,1,1,0,0,0,0,0,0,1,1,0,14,0.00,0.20,0.20,0.35,64,3851321,3,3
8,J.Timber,Arsenal,DEF,28,Chelsea,True,2026-03-01T16:30:00Z,271,90,1,0,0,0,0,0,0,0,0,4,1,0,25,0.41,0.01,0.42,1.05,64,3584211,8,8
8,J.Timber,Arsenal,DEF,29,Brighton,False,2026-03-04T19:30:00Z,283,90,0,1,0,0,0,1,0,0,0,14,0,2,33,0.00,0.07,0.07,0.82,63,3618020,13,13
8,J.Timber,Arsenal,DEF,30,Everton,True,2026-03-14T17:30:00Z,291,37,0,0,0,0,0,0,0,0,0,4,0,0,3,0.00,0.01,0.01,0.82,63,3756345,1,1
8,J.Timber,Arsenal,DEF,32,Bournemouth,True,2026-04-11T11:30:00Z,311,0,0,0,0,0,0,0,0,0,0,0,0,0,0,0.00,0.00,0.00,0.00,63,3245375,0,0
8,J.Timber,Arsenal,DEF,33,Man City,False,2026-04-19T15:30:00Z,327,0,0,0,0,0,0,0,0,0,0,0,0,0,0,0.00,0.00,0.00,0.00,62,2706001,0,0
8,J.Timber,Arsenal,DEF,34,Newcastle,True,2026-04-25T16:30:00Z,331,0,0,0,0,0,0,0,0,0,0,0,0,0,0,0.00,0.00,0.00,0.00,61,2524431,0,0
8,J.Timber,Arsenal,DEF,35,Fulham,True,2026-05-02T16:30:00Z,341,0,0,0,0,0,0,0,0,0,0,0,0,0,0,0.00,0.00,0.00,0.00,61,2296584,0,0
8,J.Timber,Arsenal,DEF,36,West Ham,False,2026-05-10T15:30:00Z,360,0,0,0,0,0,0,0,0,0,0,0,0,0,0,0.00,0.00,0.00,0.00,60,2108069,0,0
8,J.Timber,Arsenal,DEF,37,Burnley,True,2026-05-18T19:00:00Z,361,0,0,0,0,0,0,0,0,0,0,0,0,0,0,0.00,0.00,0.00,0.00,60,2037142,0,0
8,J.Timber,Arsenal,DEF,38,Crystal Palace,False,2026-05-24T15:00:00Z,373,0,0,0,0,0,0,0,0,0,0,0,0,0,0,0.00,0.00,0.00,0.00,60,1984727,0,0
9,Kiwior,Arsenal,DEF,1,Man Utd,False,2025-08-17T15:30:00Z,9,0,0,0,0,0,0,0,0,0,0,0,0,0,0,0.00,0.00,0.00,0.00,55,12048,0,0
9,Kiwior,Arsenal,DEF,2,Leeds,True,2025-08-23T16:30:00Z,11,0,0,0,0,0,0,0,0,0,0,0,0,0,0,0.00,0.00,0.00,0.00,55,12677,0,0
9,Kiwior,Arsenal,DEF,3,Liverpool,False,2025-08-31T15:30:00Z,25,0,0,0,0,0,0,0,0,0,0,0,0,0,0,0.00,0.00,0.00,0.00,54,11834,0,0
9,Kiwior,Arsenal,DEF,4,Nott'm Forest,True,2025-09-13T11:30:00Z,31,0,0,0,0,0,0,0,0,0,0,0,0,0,0,0.00,0.00,0.00,0.00,54,9452,0,0
9,Kiwior,Arsenal,DEF,5,Man City,True,2025-09-21T15:30:00Z,41,0,0,0,0,0,0,0,0,0,0,0,0,0,0,0.00,0.00,0.00,0.00,54,8209,0,0
9,Kiwior,Arsenal,DEF,6,Newcastle,False,2025-09-28T15:30:00Z,58,0,0,0,0,0,0,0,0,0,0,0,0,0,0,0.00,0.00,0.00,0.00,54,7578,0,0
9,Kiwior,Arsenal,DEF,7,West Ham,True,2025-10-04T14:00:00Z,61,0,0,0,0,0,0,0,0,0,0,0,0,0,0,0.00,0.00,0.00,0.00,54,7242,0,0
9,Kiwior,Arsenal,DEF,8,Fulham,False,2025-10-18T16:30:00Z,74,0,0,0,0,0,0,0,0,0,0,0,0,0,0,0.00,0.00,0.00,0.00,54,6921,0,0
9,Kiwior,Arsenal,DEF,9,Crystal Palace,True,2025-10-26T14:00:00Z,81,0,0,0,0,0,0,0,0,0,0,0,0,0,0,0.00,0.00,0.00,0.00,54,6794,0,0
9,Kiwior,Arsenal,DEF,10,Burnley,False,2025-11-01T15:00:00Z,92,0,0,0,0,0,0,0,0,0,0,0,0,0,0,0.00,0.00,0.00,0.00,54,6682,0,0
9,Kiwior,Arsenal,DEF,11,Sunderland,False,2025-11-08T17:30:00Z,108,0,0,0,0,0,0,0,0,0,0,0,0,0,0,0.00,0.00,0.00,0.00,54,6591,0,0
9,Kiwior,Arsenal,DEF,12,Spurs,True,2025-11-23T16:30:00Z,111,0,0,0,0,0,0,0,0,0,0,0,0,0,0,0.00,0.00,0.00,0.00,54,6506,0,0
9,Kiwior,Arsenal,DEF,13,Chelsea,False,2025-11-30T16:30:00Z,123,0,0,0,0,0,0,0,0,0,0,0,0,0,0,0.00,0.00,0.00,0.00,54,6468,0,0
9,Kiwior,Arsenal,DEF,14,Brentford,True,2025-12-03T19:30:00Z,131,0,0,0,0,0,0,0,0,0,0,0,0,0,0,0.00,0.00,0.00,0.00,54,6444,0,0
9,Kiwior,Arsenal,DEF,15,Aston Villa,False,2025-12-06T12:30:00Z,141,0,0,0,0,0,0,0,0,0,0,0,0,0,0,0.00,0.00,0.00,0.00,54,6415,0,0
9,Kiwior,Arsenal,DEF,16,Wolves,True,2025-12-13T20:00:00Z,151,0,0,0,0,0,0,0,0,0,0,0,0,0,0,0.00,0.00,0.00,0.00,54,6371,0,0
9,Kiwior,Arsenal,DEF,17,Everton,False,2025-12-20T20:00:00Z,164,0,0,0,0,0,0,0,0,0,0,0,0,0,0,0.00,0.00,0.00,0.00,54,6334,0,0
9,Kiwior,Arsenal,DEF,18,Brighton,True,2025-12-27T15:00:00Z,171,0,0,0,0,0,0,0,0,0,0,0,0,0,0,0.00,0.00,0.00,0.00,54,6306,0,0
9,Kiwior,Arsenal,DEF,19,Aston Villa,True,2025-12-30T20:15:00Z,181,0,0,0,0,0,0,0,0,0,0,0,0,0,0,0.00,0.00,0.00,0.00,54,6281,0,0
9,Kiwior,Arsenal,DEF,20,Bournemouth,False,2026-01-03T17:30:00Z,192,0,0,0,0,0,0,0,0,0,0,0,0,0,0,0.00,0.00,0.00,0.00,54,6275,0,0
9,Kiwior,Arsenal,DEF,21,Liverpool,True,2026-01-08T20:00:00Z,201,0,0,0,0,0,0,0,0,0,0,0,0,0,0,0.00,0.00,0.00,0.00,54,6260,0,0
9,Kiwior,Arsenal,DEF,22,Nott'm Forest,False,2026-01-17T17:30:00Z,217,0,0,0,0,0,0,0,0,0,0,0,0,0,0,0.00,0.00,0.00,0.00,54,6236,0,0
9,Kiwior,Arsenal,DEF,23,Man Utd,True,2026-01-25T16:30:00Z,221,0,0,0,0,0,0,0,0,0,0,0,0,0,0,0.00,0.00,0.00,0.00,54,6230,0,0
9,Kiwior,Arsenal,DEF,24,Leeds,False,2026-01-31T15:00:00Z,234,0,0,0,0,0,0,0,0,0,0,0,0,0,0,0.00,0.00,0.00,0.00,54,6213,0,0
9,Kiwior,Arsenal,DEF,25,Sunderland,True,2026-02-07T15:00:00Z,241,0,0,0,0,0,0,0,0,0,0,0,0,0,0,0.00,0.00,0.00,0.00,54,6193,0,0
9,Kiwior,Arsenal,DEF,26,Brentford,False,2026-02-12T20:00:00Z,252,0,0,0,0,0,0,0,0,0,0,0,0,0,0,0.00,0.00,0.00,0.00,54,6181,0,0
9,Kiwior,Arsenal,DEF,26,Wolves,False,2026-02-18T20:00:00Z,310,0,0,0,0,0,0,0,0,0,0,0,0,0,0,0.00,0.00,0.00,0.00,54,6181,0,0
9,Kiwior,Arsenal,DEF,27,Spurs,False,2026-02-22T16:30:00Z,269,0,0,0,0,0,0,0,0,0,0,0,0,0,0,0.00,0.00,0.00,0.00,54,6173,0,0
9,Kiwior,Arsenal,DEF,28,Chelsea,True,2026-03-01T16:30:00Z,271,0,0,0,0,0,0,0,0,0,0,0,0,0,0,0.00,0.00,0.00,0.00,54,6164,0,0
9,Kiwior,Arsenal,DEF,29,Brighton,False,2026-03-04T19:30:00Z,283,0,0,0,0,0,0,0,0,0,0,0,0,0,0,0.00,0.00,0.00,0.00,54,6161,0,0
9,Kiwior,Arsenal,DEF,30,Everton,True,2026-03-14T17:30:00Z,291,0,0,0,0,0,0,0,0,0,0,0,0,0,0,0.00,0.00,0.00,0.00,54,6147,0,0
9,Kiwior,Arsenal,DEF,32,Bournemouth,True,2026-04-11T11:30:00Z,311,0,0,0,0,0,0,0,0,0,0,0,0,0,0,0.00,0.00,0.00,0.00,54,6134,0,0
9,Kiwior,Arsenal,DEF,33,Man City,False,2026-04-19T15:30:00Z,327,0,0,0,0,0,0,0,0,0,0,0,0,0,0,0.00,0.00,0.00,0.00,54,6128,0,0
9,Kiwior,Arsenal,DEF,34,Newcastle,True,2026-04-25T16:30:00Z,331,0,0,0,0,0,0,0,0,0,0,0,0,0,0,0.00,0.00,0.00,0.00,54,6124,0,0
9,Kiwior,Arsenal,DEF,35,Fulham,True,2026-05-02T16:30:00Z,341,0,0,0,0,0,0,0,0,0,0,0,0,0,0,0.00,0.00,0.00,0.00,54,6118,0,0
9,Kiwior,Arsenal,DEF,36,West Ham,False,2026-05-10T15:30:00Z,360,0,0,0,0,0,0,0,0,0,0,0,0,0,0,0.00,0.00,0.00,0.00,54,6113,0,0
9,Kiwior,Arsenal,DEF,37,Burnley,True,2026-05-18T19:00:00Z,361,0,0,0,0,0,0,0,0,0,0,0,0,0,0,0.00,0.00,0.00,0.00,54,6110,0,0
9,Kiwior,Arsenal,DEF,38,Crystal Palace,False,2026-05-24T15:00:00Z,373,0,0,0,0,0,0,0,0,0,0,0,0,0,0,0.00,0.00,0.00,0.00,54,6104,0,0
10,Lewis-Skelly,Arsenal,DEF,1,Man Utd,False,2025-08-17T15:30:00Z,9,18,0,0,1,0,0,0,0,0,0,1,0,0,-1,0.00,0.00,0.00,0.66,55,399029,0,0
10,Lewis-Skelly,Arsenal,DEF,2,Leeds,True,2025-08-23T16:30:00Z,11,26,0,0,0,0,0,0,0,0,0,1,0,0,7,0.00,0.00,0.00,0.00,55,406745,1,1
10,Lewis-Skelly,Arsenal,DEF,3,Liverpool,False,2025-08-31T15:30:00Z,25,0,0,0,0,0,0,0,0,0,0,0,0,0,0,0.00,0.00,0.00,0.00,54,327755,0,0
10,Lewis-Skelly,Arsenal,DEF,4,Nott'm Forest,True,2025-09-13T11:30:00Z,31,22,0,0,0,0,0,0,0,0,0,0,0,0,3,0.00,0.00,0.00,0.10,54,290505,1,1
10,Lewis-Skelly,Arsenal,DEF,5,Man City,True,2025-09-21T15:30:00Z,41,0,0,0,0,0,0,0,0,0,0,0,0,0,0,0.00,0.00,0.00,0.00,53,263244,0,0
10,Lewis-Skelly,Arsenal,DEF,6,Newcastle,False,2025-09-28T15:30:00Z,58,2,0,0,0,0,0,0,0,0,0,0,0,0,2,0.00,0.00,0.00,0.04,53,242653,1,1
10,Lewis-Skelly,Arsenal,DEF,7,West Ham,True,2025-10-04T14:00:00Z,61,15,0,0,0,0,0,0,0,0,0,2,0,0,2,0.00,0.00,0.00,0.13,53,230990,1,1
10,Lewis-Skelly,Arsenal,DEF,8,Fulham,False,2025-10-18T16:30:00Z,74,0,0,0,0,0,0,0,0,0,0,0,0,0,0,0.00,0.00,0.00,0.00,52,219108,0,0
10,Lewis-Skelly,Arsenal,DEF,9,Crystal Palace,True,2025-10-26T14:00:00Z,81,2,0,0,0,0,0,0,0,0,0,0,0,0,3,0.00,0.00,0.00,0.01,52,212160,1,1
10,Lewis-Skelly,Arsenal,DEF,10,Burnley,False,2025-11-01T15:00:00Z,92,1,0,0,0,0,0,0,0,0,0,1,0,0,3,0.00,0.00,0.00,0.05,52,207253,1,1
10,Lewis-Skelly,Arsenal,DEF,11,Sunderland,False,2025-11-08T17:30:00Z,108,0,0,0,0,0,0,0,0,0,0,0,0,0,0,0.00,0.00,0.00,0.00,52,200366,0,0
10,Lewis-Skelly,Arsenal,DEF,12,Spurs,True,2025-11-23T16:30:00Z,111,1,0,0,0,0,0,0,0,0,0,0,0,0,3,0.00,0.00,0.00,0.00,51,198178,1,1
10,Lewis-Skelly,Arsenal,DEF,13,Chelsea,False,2025-11-30T16:30:00Z,123,45,0,0,1,0,0,0,0,0,0,3,1,0,-1,0.00,0.02,0.02,0.48,51,194570,0,0
10,Lewis-Skelly,Arsenal,DEF,14,Brentford,True,2025-12-03T19:30:00Z,131,0,0,0,0,0,0,0,0,0,0,0,0,0,0,0.00,0.00,0.00,0.00,51,193962,0,0
10,Lewis-Skelly,Arsenal,DEF,15,Aston Villa,False,2025-12-06T12:30:00Z,141,4,0,0,0,0,0,0,0,0,0,0,1,0,-1,0.00,0.00,0.00,0.80,51,191484,1,1
10,Lewis-Skelly,Arsenal,DEF,16,Wolves,True,2025-12-13T20:00:00Z,151,59,0,0,0,0,0,0,0,0,0,2,1,0,8,0.05,0.03,0.08,0.23,51,269374,1,1
10,Lewis-Skelly,Arsenal,DEF,17,Everton,False,2025-12-20T20:00:00Z,164,0,0,0,0,0,0,0,0,0,0,0,0,0,0,0.00,0.00,0.00,0.00,51,221461,0,0
10,Lewis-Skelly,Arsenal,DEF,18,Brighton,True,2025-12-27T15:00:00Z,171,70,0,0,1,0,0,0,0,0,0,3,1,0,4,0.00,0.01,0.01,0.54,51,209541,1,1
10,Lewis-Skelly,Arsenal,DEF,19,Aston Villa,True,2025-12-30T20:15:00Z,181,13,0,0,0,0,0,0,0,0,0,0,1,0,-1,0.00,0.00,0.00,2.00,51,204947,1,1
10,Lewis-Skelly,Arsenal,DEF,20,Bournemouth,False,2026-01-03T17:30:00Z,192,0,0,0,0,0,0,0,0,0,0,0,0,0,0,0.00,0.00,0.00,0.00,51,200221,0,0
10,Lewis-Skelly,Arsenal,DEF,21,Liverpool,True,2026-01-08T20:00:00Z,201,33,0,0,0,0,0,0,0,0,0,1,0,0,5,0.00,0.00,0.00,0.22,51,194755,1,1
10,Lewis-Skelly,Arsenal,DEF,22,Nott'm Forest,False,2026-01-17T17:30:00Z,217,0,0,0,0,0,0,0,0,0,0,0,0,0,0,0.00,0.00,0.00,0.00,51,192044,0,0
10,Lewis-Skelly,Arsenal,DEF,23,Man Utd,True,2026-01-25T16:30:00Z,221,0,0,0,0,0,0,0,0,0,0,0,0,0,0,0.00,0.00,0.00,0.00,51,190071,0,0
10,Lewis-Skelly,Arsenal,DEF,24,Leeds,False,2026-01-31T15:00:00Z,234,0,0,0,0,0,0,0,0,0,0,0,0,0,0,0.00,0.00,0.00,0.00,51,188387,0,0
10,Lewis-Skelly,Arsenal,DEF,25,Sunderland,True,2026-02-07T15:00:00Z,241,0,0,0,0,0,0,0,0,0,0,0,0,0,0,0.00,0.00,0.00,0.00,51,186653,0,0
10,Lewis-Skelly,Arsenal,DEF,26,Brentford,False,2026-02-12T20:00:00Z,252,0,0,0,0,0,0,0,0,0,0,0,0,0,0,0.00,0.00,0.00,0.00,51,184790,0,0
10,Lewis-Skelly,Arsenal,DEF,26,Wolves,False,2026-02-18T20:00:00Z,310,0,0,0,0,0,0,0,0,0,0,0,0,0,0,0.00,0.00,0.00,0.00,51,184790,0,0
10,Lewis-Skelly,Arsenal,DEF,27,Spurs,False,2026-02-22T16:30:00Z,269,0,0,0,0,0,0,0,0,0,0,0,0,0,0,0.00,0.00,0.00,0.00,51,184036,0,0
10,Lewis-Skelly,Arsenal,DEF,28,Chelsea,True,2026-03-01T16:30:00Z,271,0,0,0,0,0,0,0,0,0,0,0,0,0,0,0.00,0.00,0.00,0.00,51,183362,0,0
10,Lewis-Skelly,Arsenal,DEF,29,Brighton,False,2026-03-04T19:30:00Z,283,0,0,0,0,0,0,0,0,0,0,0,0,0,0,0.00,0.00,0.00,0.00,51,182842,0,0
10,Lewis-Skelly,Arsenal,DEF,30,Everton,True,2026-03-14T17:30:00Z,291,0,0,0,0,0,0,0,0,0,0,0,0,0,0,0.00,0.00,0.00,0.00,51,182249,0,0
10,Lewis-Skelly,Arsenal,DEF,32,Bournemouth,True,2026-04-11T11:30:00Z,311,90,0,0,0,0,0,0,0,0,0,5,2,0,5,0.05,0.02,0.07,1.19,50,181952,1,1
10,Lewis-Skelly,Arsenal,DEF,33,Man City,False,2026-04-19T15:30:00Z,327,0,0,0,0,0,0,0,0,0,0,0,0,0,0,0.00,0.00,0.00,0.00,50,181911,0,0
10,Lewis-Skelly,Arsenal,DEF,34,Newcastle,True,2026-04-25T16:30:00Z,331,9,0,0,0,0,0,0,0,0,0,1,0,0,3,0.00,0.01,0.01,0.06,50,182226,1,1
10,Lewis-Skelly,Arsenal,DEF,35,Fulham,True,2026-05-02T16:30:00Z,341,90,0,0,0,0,0,1,0,0,0,3,0,0,28,0.00,0.07,0.07,0.37,50,181987,6,6
10,Lewis-Skelly,Arsenal,DEF,36,West Ham,False,2026-05-10T15:30:00Z,360,90,0,0,0,0,0,1,0,0,0,1,0,0,23,0.00,0.02,0.02,1.15,50,188603,6,6
10,Lewis-Skelly,Arsenal,DEF,37,Burnley,True,2026-05-18T19:00:00Z,361,17,0,0,0,0,0,0,0,0,0,0,0,0,3,0.00,0.00,0.00,0.00,50,250081,1,1
10,Lewis-Skelly,Arsenal,DEF,38,Crystal Palace,False,2026-05-24T15:00:00Z,373,90,0,0,0,0,0,0,0,0,0,1,1,0,12,0.00,0.02,0.02,0.98,50,254436,2,2
11,White,Arsenal,DEF,1,Man Utd,False,2025-08-17T15:30:00Z,9,70,0,0,0,0,0,1,0,0,0,8,0,0,23,0.01,0.01,0.02,0.87,55,73566,6,6
11,White,Arsenal,DEF,2,Leeds,True,2025-08-23T16:30:00Z,11,0,0,0,0,0,0,0,0,0,0,0,0,0,0,0.00,0.00,0.00,0.00,55,111857,0,0
11,White,Arsenal,DEF,3,Liverpool,False,2025-08-31T15:30:00Z,25,0,0,0,0,0,0,0,0,0,0,0,0,0,0,0.00,0.00,0.00,0.00,55,74667,0,0
11,White,Arsenal,DEF,4,Nott'm Forest,True,2025-09-13T11:30:00Z,31,0,0,0,0,0,0,0,0,0,0,0,0,0,0,0.00,0.00,0.00,0.00,54,61995,0,0
11,White,Arsenal,DEF,5,Man City,True,2025-09-21T15:30:00Z,41,0,0,0,0,0,0,0,0,0,0,0,0,0,0,0.00,0.00,0.00,0.00,54,56808,0,0
11,White,Arsenal,DEF,6,Newcastle,False,2025-09-28T15:30:00Z,58,0,0,0,0,0,0,0,0,0,0,0,0,0,0,0.00,0.00,0.00,0.00,54,53924,0,0
11,White,Arsenal,DEF,7,West Ham,True,2025-10-04T14:00:00Z,61,0,0,0,0,0,0,0,0,0,0,0,0,0,0,0.00,0.00,0.00,0.00,54,53910,0,0
11,White,Arsenal,DEF,8,Fulham,False,2025-10-18T16:30:00Z,74,0,0,0,0,0,0,0,0,0,0,0,0,0,0,0.00,0.00,0.00,0.00,54,53039,0,0
11,White,Arsenal,DEF,9,Crystal Palace,True,2025-10-26T14:00:00Z,81,0,0,0,0,0,0,0,0,0,0,0,0,0,0,0.00,0.00,0.00,0.00,54,51650,0,0
11,White,Arsenal,DEF,10,Burnley,False,2025-11-01T15:00:00Z,92,0,0,0,0,0,0,0,0,0,0,0,0,0,0,0.00,0.00,0.00,0.00,54,51263,0,0
11,White,Arsenal,DEF,11,Sunderland,False,2025-11-08T17:30:00Z,108,0,0,0,0,0,0,0,0,0,0,0,0,0,0,0.00,0.00,0.00,0.00,53,49822,0,0
11,White,Arsenal,DEF,12,Spurs,True,2025-11-23T16:30:00Z,111,0,0,0,0,0,0,0,0,0,0,0,0,0,0,0.00,0.00,0.00,0.00,53,50211,0,0
11,White,Arsenal,DEF,13,Chelsea,False,2025-11-30T16:30:00Z,123,0,0,0,0,0,0,0,0,0,0,0,0,0,0,0.00,0.00,0.00,0.00,53,50047,0,0
11,White,Arsenal,DEF,14,Brentford,True,2025-12-03T19:30:00Z,131,90,0,1,0,0,0,1,0,0,0,13,0,3,46,0.04,0.14,0.18,0.35,53,50453,14,14
11,White,Arsenal,DEF,15,Aston Villa,False,2025-12-06T12:30:00Z,141,90,0,0,0,0,0,0,0,0,0,5,2,0,18,0.32,0.26,0.58,2.16,53,65366,1,1
11,White,Arsenal,DEF,16,Wolves,True,2025-12-13T20:00:00Z,151,30,0,0,0,0,0,0,0,0,0,0,0,0,3,0.00,0.01,0.01,0.14,54,388026,1,1
11,White,Arsenal,DEF,17,Everton,False,2025-12-20T20:00:00Z,164,0,0,0,0,0,0,0,0,0,0,0,0,0,0,0.00,0.00,0.00,0.00,53,169888,0,0
11,White,Arsenal,DEF,18,Brighton,True,2025-12-27T15:00:00Z,171,0,0,0,0,0,0,0,0,0,0,0,0,0,0,0.00,0.00,0.00,0.00,52,103664,0,0
11,White,Arsenal,DEF,19,Aston Villa,True,2025-12-30T20:15:00Z,181,7,0,0,0,0,0,0,0,0,0,1,1,0,-1,0.00,0.01,0.01,2.00,51,79888,1,1
11,White,Arsenal,DEF,20,Bournemouth,False,2026-01-03T17:30:00Z,192,0,0,0,0,0,0,0,0,0,0,0,0,0,0,0.00,0.00,0.00,0.00,51,76918,0,0
11,White,Arsenal,DEF,21,Liverpool,True,2026-01-08T20:00:00Z,201,0,0,0,0,0,0,0,0,0,0,0,0,0,0,0.00,0.00,0.00,0.00,51,70917,0,0
11,White,Arsenal,DEF,22,Nott'm Forest,False,2026-01-17T17:30:00Z,217,90,0,0,0,0,0,1,0,0,0,4,0,0,21,0.06,0.04,0.10,0.34,51,72437,6,6
11,White,Arsenal,DEF,23,Man Utd,True,2026-01-25T16:30:00Z,221,32,0,0,0,0,0,0,0,0,0,5,1,0,2,0.00,0.02,0.02,0.27,51,75139,1,1
11,White,Arsenal,DEF,24,Leeds,False,2026-01-31T15:00:00Z,234,0,0,0,0,0,0,0,0,0,0,0,0,0,0,0.00,0.00,0.00,0.00,51,75467,0,0
11,White,Arsenal,DEF,25,Sunderland,True,2026-02-07T15:00:00Z,241,0,0,0,0,0,0,0,0,0,0,0,0,0,0,0.00,0.00,0.00,0.00,51,72291,0,0
11,White,Arsenal,DEF,26,Brentford,False,2026-02-12T20:00:00Z,252,0,0,0,0,0,0,0,0,0,0,0,0,0,0,0.00,0.00,0.00,0.00,51,67480,0,0
11,White,Arsenal,DEF,26,Wolves,False,2026-02-18T20:00:00Z,310,0,0,0,0,0,0,0,0,0,0,0,0,0,0,0.00,0.00,0.00,0.00,51,67480,0,0
11,White,Arsenal,DEF,27,Spurs,False,2026-02-22T16:30:00Z,269,0,0,0,0,0,0,0,0,0,0,0,0,0,0,0.00,0.00,0.00,0.00,51,66118,0,0
11,White,Arsenal,DEF,28,Chelsea,True,2026-03-01T16:30:00Z,271,0,0,0,0,0,0,0,0,0,0,0,0,0,0,0.00,0.00,0.00,0.00,51,63037,0,0
11,White,Arsenal,DEF,29,Brighton,False,2026-03-04T19:30:00Z,283,0,0,0,0,0,0,0,0,0,0,0,0,0,0,0.00,0.00,0.00,0.00,51,60860,0,0
11,White,Arsenal,DEF,30,Everton,True,2026-03-14T17:30:00Z,291,0,0,0,0,0,0,0,0,0,0,0,0,0,0,0.00,0.00,0.00,0.00,51,59119,0,0
11,White,Arsenal,DEF,32,Bournemouth,True,2026-04-11T11:30:00Z,311,75,0,0,0,0,0,0,0,0,0,9,2,0,13,0.02,0.02,0.04,1.18,51,64600,1,1
11,White,Arsenal,DEF,33,Man City,False,2026-04-19T15:30:00Z,327,16,0,0,0,0,0,0,0,0,0,1,0,0,3,0.00,0.00,0.00,0.00,51,63417,1,1
11,White,Arsenal,DEF,34,Newcastle,True,2026-04-25T16:30:00Z,331,90,0,0,0,0,0,1,0,0,0,3,0,0,23,0.00,0.03,0.03,1.00,51,67656,6,6
11,White,Arsenal,DEF,35,Fulham,True,2026-05-02T16:30:00Z,341,82,0,0,0,0,0,1,0,0,0,4,0,0,27,0.00,0.14,0.14,0.37,51,71341,6,6
11,White,Arsenal,DEF,36,West Ham,False,2026-05-10T15:30:00Z,360,27,0,0,0,0,0,0,0,0,0,0,0,0,3,0.00,0.01,0.01,0.00,51,83941,1,1
11,White,Arsenal,DEF,37,Burnley,True,2026-05-18T19:00:00Z,361,0,0,0,0,0,0,0,0,0,0,0,0,0,0,0.00,0.00,0.00,0.00,51,70701,0,0
11,White,Arsenal,DEF,38,Crystal Palace,False,2026-05-24T15:00:00Z,373,0,0,0,0,0,0,0,0,0,0,0,0,0,0,0.00,0.00,0.00,0.00,51,65808,0,0
13,Clarke,Arsenal,DEF,1,Man Utd,False,2025-08-17T15:30:00Z,9,0,0,0,0,0,0,0,0,0,0,0,0,0,0,0.00,0.00,0.00,0.00,40,51990,0,0
13,Clarke,Arsenal,DEF,2,Leeds,True,2025-08-23T16:30:00Z,11,0,0,0,0,0,0,0,0,0,0,0,0,0,0,0.00,0.00,0.00,0.00,40,63039,0,0
13,Clarke,Arsenal,DEF,3,Liverpool,False,2025-08-31T15:30:00Z,25,0,0,0,0,0,0,0,0,0,0,0,0,0,0,0.00,0.00,0.00,0.00,40,66108,0,0
13,Clarke,Arsenal,DEF,4,Nott'm Forest,True,2025-09-13T11:30:00Z,31,0,0,0,0,0,0,0,0,0,0,0,0,0,0,0.00,0.00,0.00,0.00,40,62758,0,0
13,Clarke,Arsenal,DEF,5,Man City,True,2025-09-21T15:30:00Z,41,0,0,0,0,0,0,0,0,0,0,0,0,0,0,0.00,0.00,0.00,0.00,40,60908,0,0
13,Clarke,Arsenal,DEF,6,Newcastle,False,2025-09-28T15:30:00Z,58,0,0,0,0,0,0,0,0,0,0,0,0,0,0,0.00,0.00,0.00,0.00,40,60287,0,0
13,Clarke,Arsenal,DEF,7,West Ham,True,2025-10-04T14:00:00Z,61,0,0,0,0,0,0,0,0,0,0,0,0,0,0,0.00,0.00,0.00,0.00,39,59227,0,0
13,Clarke,Arsenal,DEF,8,Fulham,False,2025-10-18T16:30:00Z,74,0,0,0,0,0,0,0,0,0,0,0,0,0,0,0.00,0.00,0.00,0.00,39,60235,0,0
13,Clarke,Arsenal,DEF,9,Crystal Palace,True,2025-10-26T14:00:00Z,81,0,0,0,0,0,0,0,0,0,0,0,0,0,0,0.00,0.00,0.00,0.00,39,59068,0,0
13,Clarke,Arsenal,DEF,10,Burnley,False,2025-11-01T15:00:00Z,92,0,0,0,0,0,0,0,0,0,0,0,0,0,0,0.00,0.00,0.00,0.00,39,56774,0,0
13,Clarke,Arsenal,DEF,11,Sunderland,False,2025-11-08T17:30:00Z,108,0,0,0,0,0,0,0,0,0,0,0,0,0,0,0.00,0.00,0.00,0.00,39,54756,0,0
13,Clarke,Arsenal,DEF,12,Spurs,True,2025-11-23T16:30:00Z,111,0,0,0,0,0,0,0,0,0,0,0,0,0,0,0.00,0.00,0.00,0.00,38,65965,0,0
13,Clarke,Arsenal,DEF,13,Chelsea,False,2025-11-30T16:30:00Z,123,0,0,0,0,0,0,0,0,0,0,0,0,0,0,0.00,0.00,0.00,0.00,38,82332,0,0
13,Clarke,Arsenal,DEF,14,Brentford,True,2025-12-03T19:30:00Z,131,0,0,0,0,0,0,0,0,0,0,0,0,0,0,0.00,0.00,0.00,0.00,38,58898,0,0
13,Clarke,Arsenal,DEF,15,Aston Villa,False,2025-12-06T12:30:00Z,141,0,0,0,0,0,0,0,0,0,0,0,0,0,0,0.00,0.00,0.00,0.00,38,63522,0,0
13,Clarke,Arsenal,DEF,16,Wolves,True,2025-12-13T20:00:00Z,151,0,0,0,0,0,0,0,0,0,0,0,0,0,0,0.00,0.00,0.00,0.00,38,58433,0,0
13,Clarke,Arsenal,DEF,17,Everton,False,2025-12-20T20:00:00Z,164,0,0,0,0,0,0,0,0,0,0,0,0,0,0,0.00,0.00,0.00,0.00,38,64010,0,0
13,Clarke,Arsenal,DEF,18,Brighton,True,2025-12-27T15:00:00Z,171,0,0,0,0,0,0,0,0,0,0,0,0,0,0,0.00,0.00,0.00,0.00,38,71601,0,0
13,Clarke,Arsenal,DEF,19,Aston Villa,True,2025-12-30T20:15:00Z,181,0,0,0,0,0,0,0,0,0,0,0,0,0,0,0.00,0.00,0.00,0.00,38,75097,0,0
13,Clarke,Arsenal,DEF,20,Bournemouth,False,2026-01-03T17:30:00Z,192,0,0,0,0,0,0,0,0,0,0,0,0,0,0,0.00,0.00,0.00,0.00,38,60411,0,0
13,Clarke,Arsenal,DEF,21,Liverpool,True,2026-01-08T20:00:00Z,201,0,0,0,0,0,0,0,0,0,0,0,0,0,0,0.00,0.00,0.00,0.00,38,59473,0,0
13,Clarke,Arsenal,DEF,22,Nott'm Forest,False,2026-01-17T17:30:00Z,217,0,0,0,0,0,0,0,0,0,0,0,0,0,0,0.00,0.00,0.00,0.00,38,57997,0,0
13,Clarke,Arsenal,DEF,23,Man Utd,True,2026-01-25T16:30:00Z,221,0,0,0,0,0,0,0,0,0,0,0,0,0,0,0.00,0.00,0.00,0.00,38,57683,0,0
13,Clarke,Arsenal,DEF,24,Leeds,False,2026-01-31T15:00:00Z,234,0,0,0,0,0,0,0,0,0,0,0,0,0,0,0.00,0.00,0.00,0.00,38,56879,0,0
13,Clarke,Arsenal,DEF,25,Sunderland,True,2026-02-07T15:00:00Z,241,0,0,0,0,0,0,0,0,0,0,0,0,0,0,0.00,0.00,0.00,0.00,38,56300,0,0
13,Clarke,Arsenal,DEF,26,Brentford,False,2026-02-12T20:00:00Z,252,0,0,0,0,0,0,0,0,0,0,0,0,0,0,0.00,0.00,0.00,0.00,38,54488,0,0
13,Clarke,Arsenal,DEF,26,Wolves,False,2026-02-18T20:00:00Z,310,0,0,0,0,0,0,0,0,0,0,0,0,0,0,0.00,0.00,0.00,0.00,38,54488,0,0
13,Clarke,Arsenal,DEF,27,Spurs,False,2026-02-22T16:30:00Z,269,0,0,0,0,0,0,0,0,0,0,0,0,0,0,0.00,0.00,0.00,0.00,38,54540,0,0
13,Clarke,Arsenal,DEF,28,Chelsea,True,2026-03-01T16:30:00Z,271,0,0,0,0,0,0,0,0,0,0,0,0,0,0,0.00,0.00,0.00,0.00,38,54325,0,0
13,Clarke,Arsenal,DEF,29,Brighton,False,2026-03-04T19:30:00Z,283,0,0,0,0,0,0,0,0,0,0,0,0,0,0,0.00,0.00,0.00,0.00,38,54009,0,0
13,Clarke,Arsenal,DEF,30,Everton,True,2026-03-14T17:30:00Z,291,0,0,0,0,0,0,0,0,0,0,0,0,0,0,0.00,0.00,0.00,0.00,38,53676,0,0
13,Clarke,Arsenal,DEF,32,Bournemouth,True,2026-04-11T11:30:00Z,311,0,0,0,0,0,0,0,0,0,0,0,0,0,0,0.00,0.00,0.00,0.00,37,54447,0,0
13,Clarke,Arsenal,DEF,33,Man City,False,2026-04-19T15:30:00Z,327,0,0,0,0,0,0,0,0,0,0,0,0,0,0,0.00,0.00,0.00,0.00,37,59653,0,0
13,Clarke,Arsenal,DEF,34,Newcastle,True,2026-04-25T16:30:00Z,331,0,0,0,0,0,0,0,0,0,0,0,0,0,0,0.00,0.00,0.00,0.00,37,74251,0,0
13,Clarke,Arsenal,DEF,35,Fulham,True,2026-05-02T16:30:00Z,341,0,0,0,0,0,0,0,0,0,0,0,0,0,0,0.00,0.00,0.00,0.00,37,57036,0,0
13,Clarke,Arsenal,DEF,36,West Ham,False,2026-05-10T15:30:00Z,360,0,0,0,0,0,0,0,0,0,0,0,0,0,0,0.00,0.00,0.00,0.00,37,58818,0,0
13,Clarke,Arsenal,DEF,37,Burnley,True,2026-05-18T19:00:00Z,361,0,0,0,0,0,0,0,0,0,0,0,0,0,0,0.00,0.00,0.00,0.00,37,58016,0,0
13,Clarke,Arsenal,DEF,38,Crystal Palace,False,2026-05-24T15:00:00Z,373,0,0,0,0,0,0,0,0,0,0,0,0,0,0,0.00,0.00,0.00,0.00,37,63482,0,0
14,Kacurri,Arsenal,DEF,1,Man Utd,False,2025-08-17T15:30:00Z,9,0,0,0,0,0,0,0,0,0,0,0,0,0,0,0.00,0.00,0.00,0.00,40,15532,0,0
14,Kacurri,Arsenal,DEF,2,Leeds,True,2025-08-23T16:30:00Z,11,0,0,0,0,0,0,0,0,0,0,0,0,0,0,0.00,0.00,0.00,0.00,40,18861,0,0
14,Kacurri,Arsenal,DEF,3,Liverpool,False,2025-08-31T15:30:00Z,25,0,0,0,0,0,0,0,0,0,0,0,0,0,0,0.00,0.00,0.00,0.00,40,19634,0,0
14,Kacurri,Arsenal,DEF,4,Nott'm Forest,True,2025-09-13T11:30:00Z,31,0,0,0,0,0,0,0,0,0,0,0,0,0,0,0.00,0.00,0.00,0.00,40,18820,0,0
14,Kacurri,Arsenal,DEF,5,Man City,True,2025-09-21T15:30:00Z,41,0,0,0,0,0,0,0,0,0,0,0,0,0,0,0.00,0.00,0.00,0.00,39,24750,0,0
14,Kacurri,Arsenal,DEF,6,Newcastle,False,2025-09-28T15:30:00Z,58,0,0,0,0,0,0,0,0,0,0,0,0,0,0,0.00,0.00,0.00,0.00,39,22838,0,0
14,Kacurri,Arsenal,DEF,7,West Ham,True,2025-10-04T14:00:00Z,61,0,0,0,0,0,0,0,0,0,0,0,0,0,0,0.00,0.00,0.00,0.00,39,19705,0,0
14,Kacurri,Arsenal,DEF,8,Fulham,False,2025-10-18T16:30:00Z,74,0,0,0,0,0,0,0,0,0,0,0,0,0,0,0.00,0.00,0.00,0.00,39,17977,0,0
14,Kacurri,Arsenal,DEF,9,Crystal Palace,True,2025-10-26T14:00:00Z,81,0,0,0,0,0,0,0,0,0,0,0,0,0,0,0.00,0.00,0.00,0.00,39,16988,0,0
14,Kacurri,Arsenal,DEF,10,Burnley,False,2025-11-01T15:00:00Z,92,0,0,0,0,0,0,0,0,0,0,0,0,0,0,0.00,0.00,0.00,0.00,39,15982,0,0
14,Kacurri,Arsenal,DEF,11,Sunderland,False,2025-11-08T17:30:00Z,108,0,0,0,0,0,0,0,0,0,0,0,0,0,0,0.00,0.00,0.00,0.00,39,15259,0,0
14,Kacurri,Arsenal,DEF,12,Spurs,True,2025-11-23T16:30:00Z,111,0,0,0,0,0,0,0,0,0,0,0,0,0,0,0.00,0.00,0.00,0.00,39,14754,0,0
14,Kacurri,Arsenal,DEF,13,Chelsea,False,2025-11-30T16:30:00Z,123,0,0,0,0,0,0,0,0,0,0,0,0,0,0,0.00,0.00,0.00,0.00,39,14422,0,0
14,Kacurri,Arsenal,DEF,14,Brentford,True,2025-12-03T19:30:00Z,131,0,0,0,0,0,0,0,0,0,0,0,0,0,0,0.00,0.00,0.00,0.00,39,14229,0,0
14,Kacurri,Arsenal,DEF,15,Aston Villa,False,2025-12-06T12:30:00Z,141,0,0,0,0,0,0,0,0,0,0,0,0,0,0,0.00,0.00,0.00,0.00,39,14017,0,0
14,Kacurri,Arsenal,DEF,16,Wolves,True,2025-12-13T20:00:00Z,151,0,0,0,0,0,0,0,0,0,0,0,0,0,0,0.00,0.00,0.00,0.00,39,13468,0,0
14,Kacurri,Arsenal,DEF,17,Everton,False,2025-12-20T20:00:00Z,164,0,0,0,0,0,0,0,0,0,0,0,0,0,0,0.00,0.00,0.00,0.00,39,13234,0,0
14,Kacurri,Arsenal,DEF,18,Brighton,True,2025-12-27T15:00:00Z,171,0,0,0,0,0,0,0,0,0,0,0,0,0,0,0.00,0.00,0.00,0.00,39,13031,0,0
14,Kacurri,Arsenal,DEF,19,Aston Villa,True,2025-12-30T20:15:00Z,181,0,0,0,0,0,0,0,0,0,0,0,0,0,0,0.00,0.00,0.00,0.00,39,12908,0,0
14,Kacurri,Arsenal,DEF,20,Bournemouth,False,2026-01-03T17:30:00Z,192,0,0,0,0,0,0,0,0,0,0,0,0,0,0,0.00,0.00,0.00,0.00,39,12857,0,0
14,Kacurri,Arsenal,DEF,21,Liverpool,True,2026-01-08T20:00:00Z,201,0,0,0,0,0,0,0,0,0,0,0,0,0,0,0.00,0.00,0.00,0.00,39,12762,0,0
14,Kacurri,Arsenal,DEF,22,Nott'm Forest,False,2026-01-17T17:30:00Z,217,0,0,0,0,0,0,0,0,0,0,0,0,0,0,0.00,0.00,0.00,0.00,39,12642,0,0
14,Kacurri,Arsenal,DEF,23,Man Utd,True,2026-01-25T16:30:00Z,221,0,0,0,0,0,0,0,0,0,0,0,0,0,0,0.00,0.00,0.00,0.00,39,12581,0,0
14,Kacurri,Arsenal,DEF,24,Leeds,False,2026-01-31T15:00:00Z,234,0,0,0,0,0,0,0,0,0,0,0,0,0,0,0.00,0.00,0.00,0.00,39,12517,0,0
14,Kacurri,Arsenal,DEF,25,Sunderland,True,2026-02-07T15:00:00Z,241,0,0,0,0,0,0,0,0,0,0,0,0,0,0,0.00,0.00,0.00,0.00,39,12437,0,0
14,Kacurri,Arsenal,DEF,26,Brentford,False,2026-02-12T20:00:00Z,252,0,0,0,0,0,0,0,0,0,0,0,0,0,0,0.00,0.00,0.00,0.00,39,12322,0,0
14,Kacurri,Arsenal,DEF,26,Wolves,False,2026-02-18T20:00:00Z,310,0,0,0,0,0,0,0,0,0,0,0,0,0,0,0.00,0.00,0.00,0.00,39,12322,0,0
14,Kacurri,Arsenal,DEF,27,Spurs,False,2026-02-22T16:30:00Z,269,0,0,0,0,0,0,0,0,0,0,0,0,0,0,0.00,0.00,0.00,0.00,39,12277,0,0
14,Kacurri,Arsenal,DEF,28,Chelsea,True,2026-03-01T16:30:00Z,271,0,0,0,0,0,0,0,0,0,0,0,0,0,0,0.00,0.00,0.00,0.00,39,12229,0,0
14,Kacurri,Arsenal,DEF,29,Brighton,False,2026-03-04T19:30:00Z,283,0,0,0,0,0,0,0,0,0,0,0,0,0,0,0.00,0.00,0.00,0.00,39,12206,0,0
14,Kacurri,Arsenal,DEF,30,Everton,True,2026-03-14T17:30:00Z,291,0,0,0,0,0,0,0,0,0,0,0,0,0,0,0.00,0.00,0.00,0.00,39,12165,0,0
14,Kacurri,Arsenal,DEF,32,Bournemouth,True,2026-04-11T11:30:00Z,311,0,0,0,0,0,0,0,0,0,0,0,0,0,0,0.00,0.00,0.00,0.00,39,12120,0,0
14,Kacurri,Arsenal,DEF,33,Man City,False,2026-04-19T15:30:00Z,327,0,0,0,0,0,0,0,0,0,0,0,0,0,0,0.00,0.00,0.00,0.00,39,12102,0,0
14,Kacurri,Arsenal,DEF,34,Newcastle,True,2026-04-25T16:30:00Z,331,0,0,0,0,0,0,0,0,0,0,0,0,0,0,0.00,0.00,0.00,0.00,39,12078,0,0
14,Kacurri,Arsenal,DEF,35,Fulham,True,2026-05-02T16:30:00Z,341,0,0,0,0,0,0,0,0,0,0,0,0,0,0,0.00,0.00,0.00,0.00,39,12066,0,0
14,Kacurri,Arsenal,DEF,36,West Ham,False,2026-05-10T15:30:00Z,360,0,0,0,0,0,0,0,0,0,0,0,0,0,0,0.00,0.00,0.00,0.00,39,12048,0,0
14,Kacurri,Arsenal,DEF,37,Burnley,True,2026-05-18T19:00:00Z,361,0,0,0,0,0,0,0,0,0,0,0,0,0,0,0.00,0.00,0.00,0.00,39,12026,0,0
14,Kacurri,Arsenal,DEF,38,Crystal Palace,False,2026-05-24T15:00:00Z,373,0,0,0,0,0,0,0,0,0,0,0,0,0,0,0.00,0.00,0.00,0.00,39,12014,0,0
15,Nichols,Arsenal,DEF,1,Man Utd,False,2025-08-17T15:30:00Z,9,0,0,0,0,0,0,0,0,0,0,0,0,0,0,0.00,0.00,0.00,0.00,40,15940,0,0
15,Nichols,Arsenal,DEF,2,Leeds,True,2025-08-23T16:30:00Z,11,0,0,0,0,0,0,0,0,0,0,0,0,0,0,0.00,0.00,0.00,0.00,40,19597,0,0
15,Nichols,Arsenal,DEF,3,Liverpool,False,2025-08-31T15:30:00Z,25,0,0,0,0,0,0,0,0,0,0,0,0,0,0,0.00,0.00,0.00,0.00,40,19494,0,0
15,Nichols,Arsenal,DEF,4,Nott'm Forest,True,2025-09-13T11:30:00Z,31,0,0,0,0,0,0,0,0,0,0,0,0,0,0,0.00,0.00,0.00,0.00,40,19621,0,0
15,Nichols,Arsenal,DEF,5,Man City,True,2025-09-21T15:30:00Z,41,0,0,0,0,0,0,0,0,0,0,0,0,0,0,0.00,0.00,0.00,0.00,39,20662,0,0
15,Nichols,Arsenal,DEF,6,Newcastle,False,2025-09-28T15:30:00Z,58,0,0,0,0,0,0,0,0,0,0,0,0,0,0,0.00,0.00,0.00,0.00,39,28880,0,0
15,Nichols,Arsenal,DEF,7,West Ham,True,2025-10-04T14:00:00Z,61,0,0,0,0,0,0,0,0,0,0,0,0,0,0,0.00,0.00,0.00,0.00,39,26585,0,0
15,Nichols,Arsenal,DEF,8,Fulham,False,2025-10-18T16:30:00Z,74,0,0,0,0,0,0,0,0,0,0,0,0,0,0,0.00,0.00,0.00,0.00,39,25659,0,0
15,Nichols,Arsenal,DEF,9,Crystal Palace,True,2025-10-26T14:00:00Z,81,0,0,0,0,0,0,0,0,0,0,0,0,0,0,0.00,0.00,0.00,0.00,39,24922,0,0
15,Nichols,Arsenal,DEF,10,Burnley,False,2025-11-01T15:00:00Z,92,0,0,0,0,0,0,0,0,0,0,0,0,0,0,0.00,0.00,0.00,0.00,39,23937,0,0
15,Nichols,Arsenal,DEF,11,Sunderland,False,2025-11-08T17:30:00Z,108,0,0,0,0,0,0,0,0,0,0,0,0,0,0,0.00,0.00,0.00,0.00,39,23255,0,0
15,Nichols,Arsenal,DEF,12,Spurs,True,2025-11-23T16:30:00Z,111,0,0,0,0,0,0,0,0,0,0,0,0,0,0,0.00,0.00,0.00,0.00,39,23205,0,0
15,Nichols,Arsenal,DEF,13,Chelsea,False,2025-11-30T16:30:00Z,123,0,0,0,0,0,0,0,0,0,0,0,0,0,0,0.00,0.00,0.00,0.00,38,26426,0,0
15,Nichols,Arsenal,DEF,14,Brentford,True,2025-12-03T19:30:00Z,131,0,0,0,0,0,0,0,0,0,0,0,0,0,0,0.00,0.00,0.00,0.00,38,23326,0,0
15,Nichols,Arsenal,DEF,15,Aston Villa,False,2025-12-06T12:30:00Z,141,0,0,0,0,0,0,0,0,0,0,0,0,0,0,0.00,0.00,0.00,0.00,38,24472,0,0
15,Nichols,Arsenal,DEF,16,Wolves,True,2025-12-13T20:00:00Z,151,0,0,0,0,0,0,0,0,0,0,0,0,0,0,0.00,0.00,0.00,0.00,38,22845,0,0
15,Nichols,Arsenal,DEF,17,Everton,False,2025-12-20T20:00:00Z,164,0,0,0,0,0,0,0,0,0,0,0,0,0,0,0.00,0.00,0.00,0.00,38,23824,0,0
15,Nichols,Arsenal,DEF,18,Brighton,True,2025-12-27T15:00:00Z,171,0,0,0,0,0,0,0,0,0,0,0,0,0,0,0.00,0.00,0.00,0.00,38,25017,0,0
15,Nichols,Arsenal,DEF,19,Aston Villa,True,2025-12-30T20:15:00Z,181,0,0,0,0,0,0,0,0,0,0,0,0,0,0,0.00,0.00,0.00,0.00,38,25256,0,0
15,Nichols,Arsenal,DEF,20,Bournemouth,False,2026-01-03T17:30:00Z,192,0,0,0,0,0,0,0,0,0,0,0,0,0,0,0.00,0.00,0.00,0.00,38,23053,0,0
15,Nichols,Arsenal,DEF,21,Liverpool,True,2026-01-08T20:00:00Z,201,0,0,0,0,0,0,0,0,0,0,0,0,0,0,0.00,0.00,0.00,0.00,38,22838,0,0
15,Nichols,Arsenal,DEF,22,Nott'm Forest,False,2026-01-17T17:30:00Z,217,0,0,0,0,0,0,0,0,0,0,0,0,0,0,0.00,0.00,0.00,0.00,38,22617,0,0
15,Nichols,Arsenal,DEF,23,Man Utd,True,2026-01-25T16:30:00Z,221,0,0,0,0,0,0,0,0,0,0,0,0,0,0,0.00,0.00,0.00,0.00,38,22558,0,0
15,Nichols,Arsenal,DEF,24,Leeds,False,2026-01-31T15:00:00Z,234,0,0,0,0,0,0,0,0,0,0,0,0,0,0,0.00,0.00,0.00,0.00,38,22470,0,0
15,Nichols,Arsenal,DEF,25,Sunderland,True,2026-02-07T15:00:00Z,241,0,0,0,0,0,0,0,0,0,0,0,0,0,0,0.00,0.00,0.00,0.00,38,22403,0,0
15,Nichols,Arsenal,DEF,26,Brentford,False,2026-02-12T20:00:00Z,252,0,0,0,0,0,0,0,0,0,0,0,0,0,0,0.00,0.00,0.00,0.00,37,25612,0,0
15,Nichols,Arsenal,DEF,26,Wolves,False,2026-02-18T20:00:00Z,310,0,0,0,0,0,0,0,0,0,0,0,0,0,0,0.00,0.00,0.00,0.00,37,25612,0,0
15,Nichols,Arsenal,DEF,27,Spurs,False,2026-02-22T16:30:00Z,269,0,0,0,0,0,0,0,0,0,0,0,0,0,0,0.00,0.00,0.00,0.00,37,30160,0,0
15,Nichols,Arsenal,DEF,28,Chelsea,True,2026-03-01T16:30:00Z,271,0,0,0,0,0,0,0,0,0,0,0,0,0,0,0.00,0.00,0.00,0.00,37,32444,0,0
15,Nichols,Arsenal,DEF,29,Brighton,False,2026-03-04T19:30:00Z,283,0,0,0,0,0,0,0,0,0,0,0,0,0,0,0.00,0.00,0.00,0.00,37,31972,0,0
15,Nichols,Arsenal,DEF,30,Everton,True,2026-03-14T17:30:00Z,291,0,0,0,0,0,0,0,0,0,0,0,0,0,0,0.00,0.00,0.00,0.00,37,32425,0,0
15,Nichols,Arsenal,DEF,32,Bournemouth,True,2026-04-11T11:30:00Z,311,0,0,0,0,0,0,0,0,0,0,0,0,0,0,0.00,0.00,0.00,0.00,37,32186,0,0
15,Nichols,Arsenal,DEF,33,Man City,False,2026-04-19T15:30:00Z,327,0,0,0,0,0,0,0,0,0,0,0,0,0,0,0.00,0.00,0.00,0.00,37,32821,0,0
15,Nichols,Arsenal,DEF,34,Newcastle,True,2026-04-25T16:30:00Z,331,0,0,0,0,0,0,0,0,0,0,0,0,0,0,0.00,0.00,0.00,0.00,37,35135,0,0
15,Nichols,Arsenal,DEF,35,Fulham,True,2026-05-02T16:30:00Z,341,0,0,0,0,0,0,0,0,0,0,0,0,0,0,0.00,0.00,0.00,0.00,37,31380,0,0
15,Nichols,Arsenal,DEF,36,West Ham,False,2026-05-10T15:30:00Z,360,0,0,0,0,0,0,0,0,0,0,0,0,0,0,0.00,0.00,0.00,0.00,37,31182,0,0
15,Nichols,Arsenal,DEF,37,Burnley,True,2026-05-18T19:00:00Z,361,0,0,0,0,0,0,0,0,0,0,0,0,0,0,0.00,0.00,0.00,0.00,37,30755,0,0
15,Nichols,Arsenal,DEF,38,Crystal Palace,False,2026-05-24T15:00:00Z,373,0,0,0,0,0,0,0,0,0,0,0,0,0,0,0.00,0.00,0.00,0.00,37,31817,0,0
16,Saka,Arsenal,MID,1,Man Utd,False,2025-08-17T15:30:00Z,9,90,0,0,0,0,0,1,0,0,0,5,0,0,7,0.15,0.09,0.24,1.52,100,1602493,3,3
16,Saka,Arsenal,MID,2,Leeds,True,2025-08-23T16:30:00Z,11,52,1,0,0,0,0,0,0,0,0,4,0,0,27,0.11,0.03,0.14,0.17,100,1870918,6,6
16,Saka,Arsenal,MID,3,Liverpool,False,2025-08-31T15:30:00Z,25,0,0,0,0,0,0,0,0,0,0,0,0,0,0,0.00,0.00,0.00,0.00,99,783017,0,0
16,Saka,Arsenal,MID,4,Nott'm Forest,True,2025-09-13T11:30:00Z,31,0,0,0,0,0,0,0,0,0,0,0,0,0,0,0.00,0.00,0.00,0.00,98,500371,0,0
16,Saka,Arsenal,MID,5,Man City,True,2025-09-21T15:30:00Z,41,45,0,0,0,0,0,0,0,0,0,3,0,0,7,0.04,0.21,0.25,0.34,98,415767,1,1
16,Saka,Arsenal,MID,6,Newcastle,False,2025-09-28T15:30:00Z,58,69,0,0,0,0,0,0,0,0,0,5,1,0,10,0.08,0.01,0.09,0.53,98,603258,2,2
16,Saka,Arsenal,MID,7,West Ham,True,2025-10-04T14:00:00Z,61,90,1,0,0,0,0,1,0,0,0,7,0,0,22,0.84,1.11,1.95,0.49,98,1011817,8,8
16,Saka,Arsenal,MID,8,Fulham,False,2025-10-18T16:30:00Z,74,90,0,0,0,0,0,1,0,0,0,12,0,2,28,0.07,0.55,0.62,0.44,99,1559467,7,7
16,Saka,Arsenal,MID,9,Crystal Palace,True,2025-10-26T14:00:00Z,81,65,0,0,0,0,0,1,0,0,0,7,0,0,8,0.02,0.01,0.03,0.08,100,2012889,3,3
16,Saka,Arsenal,MID,10,Burnley,False,2025-11-01T15:00:00Z,92,90,0,0,0,0,0,1,0,0,0,2,0,0,3,0.58,0.06,0.64,0.42,101,2182241,3,3
16,Saka,Arsenal,MID,11,Sunderland,False,2025-11-08T17:30:00Z,108,90,1,0,0,0,0,0,0,0,0,12,2,3,40,0.52,0.19,0.71,0.44,101,2135802,12,12
16,Saka,Arsenal,MID,12,Spurs,True,2025-11-23T16:30:00Z,111,90,0,0,0,0,0,0,0,0,0,14,1,0,16,0.11,0.09,0.20,0.07,101,2270799,4,4
16,Saka,Arsenal,MID,13,Chelsea,False,2025-11-30T16:30:00Z,123,90,0,1,0,0,0,0,0,0,0,4,1,0,21,0.19,0.58,0.77,0.79,101,2073709,5,5
16,Saka,Arsenal,MID,14,Brentford,True,2025-12-03T19:30:00Z,131,29,1,0,0,0,0,0,0,0,0,3,0,0,22,0.60,0.01,0.61,0.07,101,2275134,6,6
16,Saka,Arsenal,MID,15,Aston Villa,False,2025-12-06T12:30:00Z,141,78,0,1,1,0,0,0,0,0,0,7,1,0,18,0.58,0.31,0.89,1.32,101,2285578,4,4
16,Saka,Arsenal,MID,16,Wolves,True,2025-12-13T20:00:00Z,151,90,0,2,0,0,0,0,0,0,0,2,1,3,52,0.03,0.42,0.45,0.38,102,2874708,11,11
16,Saka,Arsenal,MID,17,Everton,False,2025-12-20T20:00:00Z,164,90,0,0,0,0,0,1,0,0,0,6,0,0,17,0.29,0.06,0.35,0.20,103,2904022,3,3
16,Saka,Arsenal,MID,18,Brighton,True,2025-12-27T15:00:00Z,171,90,0,1,0,0,0,0,0,0,0,8,1,2,30,0.64,0.30,0.94,0.85,103,2770188,7,7
16,Saka,Arsenal,MID,19,Aston Villa,True,2025-12-30T20:15:00Z,181,82,0,1,0,0,0,1,0,0,0,4,0,0,10,0.38,0.02,0.40,0.67,103,2647811,6,6
16,Saka,Arsenal,MID,20,Bournemouth,False,2026-01-03T17:30:00Z,192,23,0,1,0,0,0,0,0,0,0,1,1,0,19,0.02,0.23,0.25,0.06,103,2783025,4,4
16,Saka,Arsenal,MID,21,Liverpool,True,2026-01-08T20:00:00Z,201,77,0,0,0,0,0,1,0,0,0,1,0,0,6,0.13,0.02,0.15,0.30,102,2600220,3,3
16,Saka,Arsenal,MID,22,Nott'm Forest,False,2026-01-17T17:30:00Z,217,33,0,0,0,0,0,0,0,0,0,3,0,0,12,0.13,0.38,0.51,0.10,102,2495807,1,1
16,Saka,Arsenal,MID,23,Man Utd,True,2026-01-25T16:30:00Z,221,90,0,0,0,0,0,0,0,0,0,8,3,0,19,0.07,0.43,0.50,0.71,101,2261528,2,2
16,Saka,Arsenal,MID,24,Leeds,False,2026-01-31T15:00:00Z,234,0,0,0,0,0,0,0,0,0,0,0,0,0,0,0.00,0.00,0.00,0.00,100,1954699,0,0
16,Saka,Arsenal,MID,25,Sunderland,True,2026-02-07T15:00:00Z,241,0,0,0,0,0,0,0,0,0,0,0,0,0,0,0.00,0.00,0.00,0.00,99,1283974,0,0
16,Saka,Arsenal,MID,26,Brentford,False,2026-02-12T20:00:00Z,252,20,0,0,0,0,0,0,0,0,0,1,1,0,2,0.00,0.00,0.00,0.74,99,1004535,1,1
16,Saka,Arsenal,MID,26,Wolves,False,2026-02-18T20:00:00Z,310,72,1,0,0,0,0,0,0,0,0,18,1,3,37,0.55,0.13,0.68,0.12,99,1004535,12,12
16,Saka,Arsenal,MID,27,Spurs,False,2026-02-22T16:30:00Z,269,90,0,1,0,0,0,0,0,0,0,8,1,0,18,0.58,0.12,0.70,0.63,98,988553,5,5
16,Saka,Arsenal,MID,28,Chelsea,True,2026-03-01T16:30:00Z,271,90,0,0,0,0,0,0,0,0,0,7,1,0,9,0.01,0.29,0.30,1.05,98,980765,2,2
16,Saka,Arsenal,MID,29,Brighton,False,2026-03-04T19:30:00Z,283,90,1,0,0,0,0,1,0,0,0,4,0,1,25,0.12,0.01,0.13,0.82,98,1029142,9,9
16,Saka,Arsenal,MID,30,Everton,True,2026-03-14T17:30:00Z,291,90,0,0,0,0,0,1,0,0,0,7,0,0,12,0.15,0.09,0.24,1.05,98,1071363,3,3
16,Saka,Arsenal,MID,32,Bournemouth,True,2026-04-11T11:30:00Z,311,0,0,0,0,0,0,0,0,0,0,0,0,0,0,0.00,0.00,0.00,0.00,98,1005576,0,0
16,Saka,Arsenal,MID,33,Man City,False,2026-04-19T15:30:00Z,327,0,0,0,0,0,0,0,0,0,0,0,0,0,0,0.00,0.00,0.00,0.00,98,929261,0,0
16,Saka,Arsenal,MID,34,Newcastle,True,2026-04-25T16:30:00Z,331,9,0,0,0,0,0,0,0,0,0,1,0,0,2,0.04,0.01,0.05,0.06,98,905400,1,1
16,Saka,Arsenal,MID,35,Fulham,True,2026-05-02T16:30:00Z,341,45,1,1,0,0,0,0,0,0,0,4,0,2,46,0.30,0.86,1.16,0.03,98,978059,11,11
16,Saka,Arsenal,MID,36,West Ham,False,2026-05-10T15:30:00Z,360,79,0,0,1,0,0,1,0,0,0,3,0,0,-2,0.04,0.25,0.29,0.93,99,1457503,2,2
16,Saka,Arsenal,MID,37,Burnley,True,2026-05-18T19:00:00Z,361,90,0,1,0,0,0,1,0,0,0,13,0,2,27,0.20,0.29,0.49,0.19,100,1705530,10,10
16,Saka,Arsenal,MID,38,Crystal Palace,False,2026-05-24T15:00:00Z,373,0,0,0,0,0,0,0,0,0,0,0,0,0,0,0.00,0.00,0.00,0.00,100,1519927,0,0
17,Ødegaard,Arsenal,MID,1,Man Utd,False,2025-08-17T15:30:00Z,9,90,0,0,0,0,0,1,0,0,0,14,0,0,16,0.09,0.29,0.38,1.52,80,305385,5,5
17,Ødegaard,Arsenal,MID,2,Leeds,True,2025-08-23T16:30:00Z,11,37,0,0,0,0,0,0,0,0,0,2,0,0,5,0.05,0.05,0.10,0.17,80,421888,1,1
17,Ødegaard,Arsenal,MID,3,Liverpool,False,2025-08-31T15:30:00Z,25,20,0,0,0,0,0,0,0,0,0,1,1,0,3,0.00,0.01,0.01,0.25,79,281805,1,1
17,Ødegaard,Arsenal,MID,4,Nott'm Forest,True,2025-09-13T11:30:00Z,31,17,0,0,0,0,0,0,0,0,0,0,0,0,3,0.00,0.00,0.00,0.00,79,317226,1,1
17,Ødegaard,Arsenal,MID,5,Man City,True,2025-09-21T15:30:00Z,41,0,0,0,0,0,0,0,0,0,0,0,0,0,0,0.00,0.00,0.00,0.00,79,245860,0,0
17,Ødegaard,Arsenal,MID,6,Newcastle,False,2025-09-28T15:30:00Z,58,8,0,1,0,0,0,0,0,0,0,1,0,0,16,0.00,0.25,0.25,0.08,79,215192,4,4
17,Ødegaard,Arsenal,MID,7,West Ham,True,2025-10-04T14:00:00Z,61,29,0,0,0,0,0,0,0,0,0,1,0,0,4,0.00,0.21,0.21,0.34,79,239807,1,1
17,Ødegaard,Arsenal,MID,8,Fulham,False,2025-10-18T16:30:00Z,74,0,0,0,0,0,0,0,0,0,0,0,0,0,0,0.00,0.00,0.00,0.00,79,200434,0,0
17,Ødegaard,Arsenal,MID,9,Crystal Palace,True,2025-10-26T14:00:00Z,81,0,0,0,0,0,0,0,0,0,0,0,0,0,0,0.00,0.00,0.00,0.00,79,185365,0,0
17,Ødegaard,Arsenal,MID,10,Burnley,False,2025-11-01T15:00:00Z,92,0,0,0,0,0,0,0,0,0,0,0,0,0,0,0.00,0.00,0.00,0.00,79,175740,0,0
17,Ødegaard,Arsenal,MID,11,Sunderland,False,2025-11-08T17:30:00Z,108,0,0,0,0,0,0,0,0,0,0,0,0,0,0,0.00,0.00,0.00,0.00,78,171054,0,0
17,Ødegaard,Arsenal,MID,12,Spurs,True,2025-11-23T16:30:00Z,111,0,0,0,0,0,0,0,0,0,0,0,0,0,0,0.00,0.00,0.00,0.00,78,168265,0,0
17,Ødegaard,Arsenal,MID,13,Chelsea,False,2025-11-30T16:30:00Z,123,33,0,0,0,0,0,0,0,0,0,2,0,0,3,0.00,0.04,0.04,0.27,78,169500,1,1
17,Ødegaard,Arsenal,MID,14,Brentford,True,2025-12-03T19:30:00Z,131,90,0,0,0,0,0,1,0,0,0,7,0,0,15,0.02,0.08,0.10,0.35,78,174338,3,3
17,Ødegaard,Arsenal,MID,15,Aston Villa,False,2025-12-06T12:30:00Z,141,90,0,0,0,0,0,0,0,0,0,10,2,0,21,0.14,0.15,0.29,2.16,78,179420,2,2
17,Ødegaard,Arsenal,MID,16,Wolves,True,2025-12-13T20:00:00Z,151,33,0,0,0,0,0,0,0,0,0,3,1,0,2,0.12,0.02,0.14,0.09,78,214311,1,1
17,Ødegaard,Arsenal,MID,17,Everton,False,2025-12-20T20:00:00Z,164,87,0,0,0,0,0,1,0,0,0,1,0,0,12,0.00,0.16,0.16,0.20,78,204622,3,3
17,Ødegaard,Arsenal,MID,18,Brighton,True,2025-12-27T15:00:00Z,171,90,1,0,0,0,0,0,0,0,0,8,1,3,37,0.15,0.07,0.22,0.85,78,208932,10,10
17,Ødegaard,Arsenal,MID,19,Aston Villa,True,2025-12-30T20:15:00Z,181,90,0,1,0,0,0,0,0,0,0,10,1,0,29,0.27,0.61,0.88,2.67,78,237454,5,5
17,Ødegaard,Arsenal,MID,20,Bournemouth,False,2026-01-03T17:30:00Z,192,79,0,1,0,0,0,0,0,0,0,7,2,2,26,0.03,0.15,0.18,1.42,78,301876,7,7
17,Ødegaard,Arsenal,MID,21,Liverpool,True,2026-01-08T20:00:00Z,201,77,0,0,0,0,0,1,0,0,0,2,0,0,12,0.00,0.04,0.04,0.30,78,312197,3,3
17,Ødegaard,Arsenal,MID,22,Nott'm Forest,False,2026-01-17T17:30:00Z,217,56,0,0,0,0,0,0,0,0,0,2,0,0,4,0.00,0.46,0.46,0.24,78,316842,1,1
17,Ødegaard,Arsenal,MID,23,Man Utd,True,2026-01-25T16:30:00Z,221,57,0,1,0,0,0,0,0,0,0,4,2,0,9,0.10,0.02,0.12,0.44,78,301107,4,4
17,Ødegaard,Arsenal,MID,24,Leeds,False,2026-01-31T15:00:00Z,234,29,0,1,0,0,0,0,0,0,0,1,0,0,16,0.00,0.22,0.22,0.03,78,286069,4,4
17,Ødegaard,Arsenal,MID,25,Sunderland,True,2026-02-07T15:00:00Z,241,0,0,0,0,0,0,0,0,0,0,0,0,0,0,0.00,0.00,0.00,0.00,78,258340,0,0
17,Ødegaard,Arsenal,MID,26,Brentford,False,2026-02-12T20:00:00Z,252,45,0,0,0,0,0,0,0,0,0,4,1,0,3,0.04,0.07,0.11,1.09,78,221545,1,1
17,Ødegaard,Arsenal,MID,26,Wolves,False,2026-02-18T20:00:00Z,310,0,0,0,0,0,0,0,0,0,0,0,0,0,0,0.00,0.00,0.00,0.00,78,221545,0,0
17,Ødegaard,Arsenal,MID,27,Spurs,False,2026-02-22T16:30:00Z,269,13,0,1,0,0,0,0,0,0,0,1,0,0,16,0.00,0.01,0.01,0.42,78,212711,4,4
17,Ødegaard,Arsenal,MID,28,Chelsea,True,2026-03-01T16:30:00Z,271,0,0,0,0,0,0,0,0,0,0,0,0,0,0,0.00,0.00,0.00,0.00,78,211754,0,0
17,Ødegaard,Arsenal,MID,29,Brighton,False,2026-03-04T19:30:00Z,283,0,0,0,0,0,0,0,0,0,0,0,0,0,0,0.00,0.00,0.00,0.00,78,208397,0,0
17,Ødegaard,Arsenal,MID,30,Everton,True,2026-03-14T17:30:00Z,291,0,0,0,0,0,0,0,0,0,0,0,0,0,0,0.00,0.00,0.00,0.00,78,203250,0,0
17,Ødegaard,Arsenal,MID,32,Bournemouth,True,2026-04-11T11:30:00Z,311,0,0,0,0,0,0,0,0,0,0,0,0,0,0,0.00,0.00,0.00,0.00,78,202428,0,0
17,Ødegaard,Arsenal,MID,33,Man City,False,2026-04-19T15:30:00Z,327,90,0,0,0,0,0,0,0,0,0,8,2,0,13,0.00,0.35,0.35,1.36,78,200200,2,2
17,Ødegaard,Arsenal,MID,34,Newcastle,True,2026-04-25T16:30:00Z,331,90,0,0,0,0,0,1,0,0,0,8,0,0,19,0.03,0.20,0.23,1.00,78,217143,3,3
17,Ødegaard,Arsenal,MID,35,Fulham,True,2026-05-02T16:30:00Z,341,0,0,0,0,0,0,0,0,0,0,0,0,0,0,0.00,0.00,0.00,0.00,78,213248,0,0
17,Ødegaard,Arsenal,MID,36,West Ham,False,2026-05-10T15:30:00Z,360,23,0,1,0,0,0,0,0,0,0,2,0,0,12,0.00,0.10,0.10,0.76,78,209128,4,4
17,Ødegaard,Arsenal,MID,37,Burnley,True,2026-05-18T19:00:00Z,361,90,0,0,0,0,0,1,0,0,0,3,0,0,10,0.21,0.09,0.30,0.19,78,217028,3,3
17,Ødegaard,Arsenal,MID,38,Crystal Palace,False,2026-05-24T15:00:00Z,373,0,0,0,0,0,0,0,0,0,0,0,0,0,0,0.00,0.00,0.00,0.00,78,217078,0,0
18,Madueke,Arsenal,MID,1,Man Utd,False,2025-08-17T15:30:00Z,9,30,0,0,0,0,0,0,0,0,0,0,0,0,2,0.00,0.02,0.02,0.82,70,109369,1,1
18,Madueke,Arsenal,MID,2,Leeds,True,2025-08-23T16:30:00Z,11,63,0,0,0,0,0,1,0,0,0,3,0,0,10,0.00,0.09,0.09,0.17,70,106477,3,3
18,Madueke,Arsenal,MID,3,Liverpool,False,2025-08-31T15:30:00Z,25,88,0,0,0,0,0,0,0,0,0,2,1,0,5,0.14,0.03,0.17,0.40,70,107118,2,2
18,Madueke,Arsenal,MID,4,Nott'm Forest,True,2025-09-13T11:30:00Z,31,78,0,0,0,0,0,1,0,0,0,7,0,0,24,0.00,0.71,0.71,0.10,70,182063,3,3
18,Madueke,Arsenal,MID,5,Man City,True,2025-09-21T15:30:00Z,41,45,0,0,0,0,0,0,0,0,0,2,1,0,-2,0.15,0.01,0.16,0.55,70,206030,1,1
18,Madueke,Arsenal,MID,6,Newcastle,False,2025-09-28T15:30:00Z,58,0,0,0,0,0,0,0,0,0,0,0,0,0,0,0.00,0.00,0.00,0.00,70,129153,0,0
18,Madueke,Arsenal,MID,7,West Ham,True,2025-10-04T14:00:00Z,61,0,0,0,0,0,0,0,0,0,0,0,0,0,0,0.00,0.00,0.00,0.00,69,100197,0,0
18,Madueke,Arsenal,MID,8,Fulham,False,2025-10-18T16:30:00Z,74,0,0,0,0,0,0,0,0,0,0,0,0,0,0,0.00,0.00,0.00,0.00,69,83857,0,0
18,Madueke,Arsenal,MID,9,Crystal Palace,True,2025-10-26T14:00:00Z,81,0,0,0,0,0,0,0,0,0,0,0,0,0,0,0.00,0.00,0.00,0.00,69,79030,0,0
18,Madueke,Arsenal,MID,10,Burnley,False,2025-11-01T15:00:00Z,92,0,0,0,0,0,0,0,0,0,0,0,0,0,0,0.00,0.00,0.00,0.00,68,75047,0,0
18,Madueke,Arsenal,MID,11,Sunderland,False,2025-11-08T17:30:00Z,108,0,0,0,0,0,0,0,0,0,0,0,0,0,0,0.00,0.00,0.00,0.00,68,72704,0,0
18,Madueke,Arsenal,MID,12,Spurs,True,2025-11-23T16:30:00Z,111,12,0,0,0,0,0,0,0,0,0,2,0,0,4,0.00,0.01,0.01,0.02,68,71190,1,1
18,Madueke,Arsenal,MID,13,Chelsea,False,2025-11-30T16:30:00Z,123,33,0,0,0,0,0,0,0,0,0,0,0,0,2,0.00,0.03,0.03,0.27,68,74828,1,1
18,Madueke,Arsenal,MID,14,Brentford,True,2025-12-03T19:30:00Z,131,60,0,0,0,0,0,1,0,0,0,4,0,0,6,0.13,0.07,0.20,0.27,68,76109,3,3
18,Madueke,Arsenal,MID,15,Aston Villa,False,2025-12-06T12:30:00Z,141,11,0,0,0,0,0,0,0,0,0,0,1,0,3,0.05,0.00,0.05,0.84,68,77951,1,1
18,Madueke,Arsenal,MID,16,Wolves,True,2025-12-13T20:00:00Z,151,0,0,0,0,0,0,0,0,0,0,0,0,0,0,0.00,0.00,0.00,0.00,68,114128,0,0
18,Madueke,Arsenal,MID,17,Everton,False,2025-12-20T20:00:00Z,164,0,0,0,0,0,0,0,0,0,0,0,0,0,0,0.00,0.00,0.00,0.00,68,102689,0,0
18,Madueke,Arsenal,MID,18,Brighton,True,2025-12-27T15:00:00Z,171,0,0,0,0,0,0,0,0,0,0,0,0,0,0,0.00,0.00,0.00,0.00,68,95265,0,0
18,Madueke,Arsenal,MID,19,Aston Villa,True,2025-12-30T20:15:00Z,181,7,0,0,0,0,0,0,0,0,0,0,1,0,8,0.00,0.34,0.34,2.00,68,89737,1,1
18,Madueke,Arsenal,MID,20,Bournemouth,False,2026-01-03T17:30:00Z,192,66,0,0,0,0,0,0,0,0,0,7,1,0,8,0.07,0.02,0.09,1.37,68,87404,2,2
18,Madueke,Arsenal,MID,21,Liverpool,True,2026-01-08T20:00:00Z,201,12,0,0,0,0,0,0,0,0,0,0,0,0,6,0.00,0.06,0.06,0.06,68,85822,1,1
18,Madueke,Arsenal,MID,22,Nott'm Forest,False,2026-01-17T17:30:00Z,217,56,0,0,0,0,0,0,0,0,0,4,0,0,9,0.06,0.22,0.28,0.24,68,83965,1,1
18,Madueke,Arsenal,MID,23,Man Utd,True,2026-01-25T16:30:00Z,221,15,0,0,0,0,0,0,0,0,0,0,1,0,2,0.00,0.00,0.00,0.27,68,83044,1,1
18,Madueke,Arsenal,MID,24,Leeds,False,2026-01-31T15:00:00Z,234,60,1,1,0,0,0,1,0,0,0,2,0,3,43,0.01,0.27,0.28,0.12,68,82289,14,14
18,Madueke,Arsenal,MID,25,Sunderland,True,2026-02-07T15:00:00Z,241,59,0,0,0,0,0,0,0,0,0,6,0,0,3,0.02,0.02,0.04,0.17,68,148967,1,1
18,Madueke,Arsenal,MID,26,Brentford,False,2026-02-12T20:00:00Z,252,69,1,0,0,0,0,1,0,0,0,6,0,3,32,0.19,0.05,0.24,0.76,68,196947,11,11
18,Madueke,Arsenal,MID,26,Wolves,False,2026-02-18T20:00:00Z,310,64,0,0,0,0,0,0,0,0,0,1,1,0,5,0.14,0.03,0.17,0.12,68,196947,2,2
18,Madueke,Arsenal,MID,27,Spurs,False,2026-02-22T16:30:00Z,269,1,0,0,0,0,0,0,0,0,0,0,0,0,4,0.00,0.00,0.00,0.13,68,174297,1,1
18,Madueke,Arsenal,MID,28,Chelsea,True,2026-03-01T16:30:00Z,271,0,0,0,0,0,0,0,0,0,0,0,0,0,0,0.00,0.00,0.00,0.00,68,149979,0,0
18,Madueke,Arsenal,MID,29,Brighton,False,2026-03-04T19:30:00Z,283,0,0,0,0,0,0,0,0,0,0,0,0,0,0,0.00,0.00,0.00,0.00,68,131933,0,0
18,Madueke,Arsenal,MID,30,Everton,True,2026-03-14T17:30:00Z,291,60,0,0,0,0,0,1,0,0,0,3,0,0,12,0.07,0.08,0.15,0.98,68,120826,3,3
18,Madueke,Arsenal,MID,32,Bournemouth,True,2026-04-11T11:30:00Z,311,53,0,0,0,0,0,0,0,0,0,2,1,0,4,0.00,0.07,0.07,0.70,68,113582,1,1
18,Madueke,Arsenal,MID,33,Man City,False,2026-04-19T15:30:00Z,327,45,0,0,0,0,0,0,0,0,0,7,1,0,5,0.00,0.01,0.01,0.67,68,104589,1,1
18,Madueke,Arsenal,MID,34,Newcastle,True,2026-04-25T16:30:00Z,331,80,0,0,0,0,0,1,0,0,0,3,0,0,5,0.03,0.17,0.20,0.94,68,108687,3,3
18,Madueke,Arsenal,MID,35,Fulham,True,2026-05-02T16:30:00Z,341,45,0,0,0,0,0,0,0,0,0,3,0,0,4,0.00,0.24,0.24,0.34,68,107426,1,1
18,Madueke,Arsenal,MID,36,West Ham,False,2026-05-10T15:30:00Z,360,10,0,0,0,0,0,0,0,0,0,2,0,0,4,0.00,0.01,0.01,0.23,68,104013,1,1
18,Madueke,Arsenal,MID,37,Burnley,True,2026-05-18T19:00:00Z,361,0,0,0,0,0,0,0,0,0,0,0,0,0,0,0.00,0.00,0.00,0.00,68,102955,0,0
18,Madueke,Arsenal,MID,38,Crystal Palace,False,2026-05-24T15:00:00Z,373,83,1,0,0,0,0,1,0,0,0,4,0,3,46,0.17,0.30,0.47,0.23,68,109873,11,11
19,Martinelli,Arsenal,MID,1,Man Utd,False,2025-08-17T15:30:00Z,9,59,0,0,0,0,0,0,0,0,0,4,0,0,8,0.02,0.01,0.03,0.70,70,139808,1,1
19,Martinelli,Arsenal,MID,2,Leeds,True,2025-08-23T16:30:00Z,11,0,0,0,0,0,0,0,0,0,0,0,0,0,0,0.00,0.00,0.00,0.00,70,150752,0,0
19,Martinelli,Arsenal,MID,3,Liverpool,False,2025-08-31T15:30:00Z,25,69,0,0,0,0,0,1,0,0,0,3,0,0,9,0.00,0.00,0.00,0.28,69,127440,3,3
19,Martinelli,Arsenal,MID,4,Nott'm Forest,True,2025-09-13T11:30:00Z,31,12,0,0,0,0,0,0,0,0,0,1,0,0,4,0.00,0.00,0.00,0.10,69,123532,1,1
19,Martinelli,Arsenal,MID,5,Man City,True,2025-09-21T15:30:00Z,41,10,1,0,0,0,0,0,0,0,0,0,0,1,22,0.16,0.00,0.16,0.25,69,116281,7,7
19,Martinelli,Arsenal,MID,6,Newcastle,False,2025-09-28T15:30:00Z,58,20,0,0,0,0,0,0,0,0,0,3,0,0,5,0.05,0.01,0.06,0.08,69,134644,1,1
19,Martinelli,Arsenal,MID,7,West Ham,True,2025-10-04T14:00:00Z,61,11,0,0,0,0,0,0,0,0,0,2,0,0,3,0.00,0.06,0.06,0.13,69,149452,1,1
19,Martinelli,Arsenal,MID,8,Fulham,False,2025-10-18T16:30:00Z,74,9,0,0,0,0,0,0,0,0,0,2,0,0,3,0.52,0.00,0.52,0.04,69,147028,1,1
19,Martinelli,Arsenal,MID,9,Crystal Palace,True,2025-10-26T14:00:00Z,81,24,0,0,0,0,0,0,0,0,0,1,0,0,2,0.00,0.00,0.00,0.39,69,145493,1,1
19,Martinelli,Arsenal,MID,10,Burnley,False,2025-11-01T15:00:00Z,92,0,0,0,0,0,0,0,0,0,0,0,0,0,0,0.00,0.00,0.00,0.00,69,126118,0,0
19,Martinelli,Arsenal,MID,11,Sunderland,False,2025-11-08T17:30:00Z,108,0,0,0,0,0,0,0,0,0,0,0,0,0,0,0.00,0.00,0.00,0.00,68,109342,0,0
19,Martinelli,Arsenal,MID,12,Spurs,True,2025-11-23T16:30:00Z,111,0,0,0,0,0,0,0,0,0,0,0,0,0,0,0.00,0.00,0.00,0.00,68,101618,0,0
19,Martinelli,Arsenal,MID,13,Chelsea,False,2025-11-30T16:30:00Z,123,56,0,0,0,0,0,0,0,0,0,0,1,0,3,0.11,0.01,0.12,0.52,68,102790,1,1
19,Martinelli,Arsenal,MID,14,Brentford,True,2025-12-03T19:30:00Z,131,60,0,0,0,0,0,1,0,0,0,3,0,0,4,0.09,0.02,0.11,0.27,68,105946,3,3
19,Martinelli,Arsenal,MID,15,Aston Villa,False,2025-12-06T12:30:00Z,141,4,0,0,0,0,0,0,0,0,0,0,1,0,2,0.00,0.00,0.00,0.80,68,108054,1,1
19,Martinelli,Arsenal,MID,16,Wolves,True,2025-12-13T20:00:00Z,151,56,0,0,0,0,0,0,0,0,0,1,0,0,-1,0.34,0.03,0.37,0.28,68,121978,1,1
19,Martinelli,Arsenal,MID,17,Everton,False,2025-12-20T20:00:00Z,164,10,0,0,1,0,0,0,0,0,0,2,0,0,-1,0.00,0.00,0.00,0.00,68,118001,0,0
19,Martinelli,Arsenal,MID,18,Brighton,True,2025-12-27T15:00:00Z,171,8,0,0,0,0,0,0,0,0,0,1,0,0,1,0.49,0.01,0.50,0.00,68,110036,1,1
19,Martinelli,Arsenal,MID,19,Aston Villa,True,2025-12-30T20:15:00Z,181,0,0,0,0,0,0,0,0,0,0,0,0,0,0,0.00,0.00,0.00,0.00,68,109290,0,0
19,Martinelli,Arsenal,MID,20,Bournemouth,False,2026-01-03T17:30:00Z,192,66,0,1,0,0,0,0,0,0,0,4,1,0,19,0.19,0.02,0.21,1.37,68,108477,5,5
19,Martinelli,Arsenal,MID,21,Liverpool,True,2026-01-08T20:00:00Z,201,26,0,0,1,0,0,0,0,0,0,0,0,0,3,0.02,0.01,0.03,0.15,68,107883,0,0
19,Martinelli,Arsenal,MID,22,Nott'm Forest,False,2026-01-17T17:30:00Z,217,45,0,0,0,0,0,0,0,0,0,7,0,0,3,0.58,0.05,0.63,0.20,68,109952,1,1
19,Martinelli,Arsenal,MID,23,Man Utd,True,2026-01-25T16:30:00Z,221,0,0,0,0,0,0,0,0,0,0,0,0,0,0,0.00,0.00,0.00,0.00,68,110479,0,0
19,Martinelli,Arsenal,MID,24,Leeds,False,2026-01-31T15:00:00Z,234,29,0,1,0,0,0,0,0,0,0,4,0,0,19,0.11,0.29,0.40,0.03,68,110214,4,4
19,Martinelli,Arsenal,MID,25,Sunderland,True,2026-02-07T15:00:00Z,241,30,0,1,0,0,0,0,0,0,0,3,0,0,20,0.04,0.26,0.30,0.02,68,113430,4,4
19,Martinelli,Arsenal,MID,26,Brentford,False,2026-02-12T20:00:00Z,252,9,0,0,0,0,0,0,0,0,0,1,0,0,3,0.07,0.00,0.07,0.33,68,145001,1,1
19,Martinelli,Arsenal,MID,26,Wolves,False,2026-02-18T20:00:00Z,310,90,0,0,0,0,0,0,0,0,0,10,2,0,7,0.63,0.12,0.75,0.29,68,145001,2,2
19,Martinelli,Arsenal,MID,27,Spurs,False,2026-02-22T16:30:00Z,269,14,0,0,0,0,0,0,0,0,0,5,0,0,3,0.00,0.00,0.00,0.42,68,130683,1,1
19,Martinelli,Arsenal,MID,28,Chelsea,True,2026-03-01T16:30:00Z,271,34,0,0,0,0,0,0,0,0,0,2,0,0,3,0.00,0.01,0.01,0.22,68,122879,1,1
19,Martinelli,Arsenal,MID,29,Brighton,False,2026-03-04T19:30:00Z,283,59,0,0,0,0,0,0,0,0,0,3,0,0,0,0.07,0.00,0.07,0.55,68,119496,1,1
19,Martinelli,Arsenal,MID,30,Everton,True,2026-03-14T17:30:00Z,291,29,0,1,0,0,0,0,0,0,0,2,0,0,15,0.04,0.09,0.13,0.08,68,118249,4,4
19,Martinelli,Arsenal,MID,32,Bournemouth,True,2026-04-11T11:30:00Z,311,53,0,0,0,0,0,0,0,0,0,1,1,0,3,0.00,0.01,0.01,0.70,68,118993,1,1
19,Martinelli,Arsenal,MID,33,Man City,False,2026-04-19T15:30:00Z,327,45,0,0,0,0,0,0,0,0,0,3,1,0,1,0.34,0.01,0.35,0.69,68,116213,1,1
19,Martinelli,Arsenal,MID,34,Newcastle,True,2026-04-25T16:30:00Z,331,37,0,0,1,0,0,0,0,0,0,4,0,0,1,0.12,0.01,0.13,0.64,68,117493,0,0
19,Martinelli,Arsenal,MID,35,Fulham,True,2026-05-02T16:30:00Z,341,0,0,0,0,0,0,0,0,0,0,0,0,0,0,0.00,0.00,0.00,0.00,68,116532,0,0
19,Martinelli,Arsenal,MID,36,West Ham,False,2026-05-10T15:30:00Z,360,0,0,0,0,0,0,0,0,0,0,0,0,0,0,0.00,0.00,0.00,0.00,68,114838,0,0
19,Martinelli,Arsenal,MID,37,Burnley,True,2026-05-18T19:00:00Z,361,1,0,0,0,0,0,0,0,0,0,1,0,0,3,0.00,0.00,0.00,0.00,68,114140,1,1
19,Martinelli,Arsenal,MID,38,Crystal Palace,False,2026-05-24T15:00:00Z,373,90,0,1,0,0,0,0,0,0,0,4,1,2,28,0.13,0.24,0.37,0.98,68,119690,7,7
20,Trossard,Arsenal,MID,1,Man Utd,False,2025-08-17T15:30:00Z,9,0,0,0,0,0,0,0,0,0,0,0,0,0,0,0.00,0.00,0.00,0.00,70,38245,0,0
20,Trossard,Arsenal,MID,2,Leeds,True,2025-08-23T16:30:00Z,11,37,0,0,0,0,0,0,0,0,0,0,0,0,4,0.07,0.03,0.10,0.00,70,35043,1,1
20,Trossard,Arsenal,MID,3,Liverpool,False,2025-08-31T15:30:00Z,25,0,0,0,0,0,0,0,0,0,0,0,0,0,0,0.00,0.00,0.00,0.00,69,33601,0,0
20,Trossard,Arsenal,MID,4,Nott'm Forest,True,2025-09-13T11:30:00Z,31,11,0,1,0,0,0,0,0,0,0,0,0,0,12,0.00,0.26,0.26,0.10,69,30724,4,4
20,Trossard,Arsenal,MID,5,Man City,True,2025-09-21T15:30:00Z,41,83,0,0,0,0,0,0,0,0,0,4,1,0,13,0.14,0.07,0.21,0.89,69,31485,2,2
20,Trossard,Arsenal,MID,6,Newcastle,False,2025-09-28T15:30:00Z,58,87,0,0,0,0,0,0,0,0,0,2,1,0,5,0.33,0.12,0.45,0.58,69,32855,2,2
20,Trossard,Arsenal,MID,7,West Ham,True,2025-10-04T14:00:00Z,61,74,0,0,0,0,0,1,0,0,0,4,0,0,16,0.12,0.09,0.21,0.36,69,35798,3,3
20,Trossard,Arsenal,MID,8,Fulham,False,2025-10-18T16:30:00Z,74,80,1,0,0,0,0,1,0,0,0,6,0,2,28,0.60,0.07,0.67,0.40,69,37573,10,10
20,Trossard,Arsenal,MID,9,Crystal Palace,True,2025-10-26T14:00:00Z,81,90,0,0,0,0,0,1,0,0,0,7,0,0,4,0.34,0.05,0.39,0.47,69,49929,3,3
20,Trossard,Arsenal,MID,10,Burnley,False,2025-11-01T15:00:00Z,92,90,0,1,0,0,0,1,0,0,0,3,0,0,23,0.27,0.15,0.42,0.37,69,62888,6,6
20,Trossard,Arsenal,MID,11,Sunderland,False,2025-11-08T17:30:00Z,108,90,1,0,0,0,0,0,0,0,0,5,2,2,32,0.05,0.31,0.36,0.44,69,85004,9,9
20,Trossard,Arsenal,MID,12,Spurs,True,2025-11-23T16:30:00Z,111,77,1,1,0,0,0,0,0,0,0,7,1,2,39,0.22,0.08,0.30,0.06,69,119150,12,12
20,Trossard,Arsenal,MID,13,Chelsea,False,2025-11-30T16:30:00Z,123,0,0,0,0,0,0,0,0,0,0,0,0,0,0,0.00,0.00,0.00,0.00,69,129751,0,0
20,Trossard,Arsenal,MID,14,Brentford,True,2025-12-03T19:30:00Z,131,0,0,0,0,0,0,0,0,0,0,0,0,0,0,0.00,0.00,0.00,0.00,69,111077,0,0
20,Trossard,Arsenal,MID,15,Aston Villa,False,2025-12-06T12:30:00Z,141,40,1,0,0,0,0,0,0,0,0,2,0,0,23,0.46,0.01,0.47,0.49,69,87473,6,6
20,Trossard,Arsenal,MID,16,Wolves,True,2025-12-13T20:00:00Z,151,33,0,0,0,0,0,0,0,0,0,5,1,0,9,0.03,0.21,0.24,0.09,69,97322,1,1
20,Trossard,Arsenal,MID,17,Everton,False,2025-12-20T20:00:00Z,164,79,0,0,0,0,0,1,0,0,0,8,0,0,6,0.29,0.03,0.32,0.20,69,109703,3,3
20,Trossard,Arsenal,MID,18,Brighton,True,2025-12-27T15:00:00Z,171,81,0,0,0,0,0,0,0,0,0,5,1,0,11,0.51,0.26,0.77,0.85,69,136555,2,2
20,Trossard,Arsenal,MID,19,Aston Villa,True,2025-12-30T20:15:00Z,181,90,1,1,0,0,0,0,0,0,0,5,1,3,40,0.63,0.25,0.88,2.67,69,128067,13,13
20,Trossard,Arsenal,MID,20,Bournemouth,False,2026-01-03T17:30:00Z,192,23,0,0,0,0,0,0,0,0,0,3,1,0,2,0.02,0.00,0.02,0.06,70,285463,1,1
20,Trossard,Arsenal,MID,21,Liverpool,True,2026-01-08T20:00:00Z,201,63,0,0,1,0,0,1,0,0,0,5,0,0,7,0.09,0.05,0.14,0.21,70,230658,2,2
20,Trossard,Arsenal,MID,22,Nott'm Forest,False,2026-01-17T17:30:00Z,217,45,0,0,0,0,0,0,0,0,0,1,0,0,4,0.00,0.01,0.01,0.14,69,211436,1,1
20,Trossard,Arsenal,MID,23,Man Utd,True,2026-01-25T16:30:00Z,221,74,0,0,0,0,0,0,0,0,0,4,2,0,9,0.07,0.01,0.08,0.44,69,191982,2,2
20,Trossard,Arsenal,MID,24,Leeds,False,2026-01-31T15:00:00Z,234,80,0,0,0,0,0,1,0,0,0,8,0,0,13,0.02,0.15,0.17,0.12,68,179082,3,3
20,Trossard,Arsenal,MID,25,Sunderland,True,2026-02-07T15:00:00Z,241,88,0,1,0,0,0,1,0,0,0,7,0,0,23,0.14,0.19,0.33,0.17,68,192027,6,6
20,Trossard,Arsenal,MID,26,Brentford,False,2026-02-12T20:00:00Z,252,80,0,0,0,0,0,0,0,0,0,4,1,0,14,0.17,0.11,0.28,1.18,68,167327,2,2
20,Trossard,Arsenal,MID,26,Wolves,False,2026-02-18T20:00:00Z,310,20,0,0,0,0,0,0,0,0,0,3,0,0,1,0.01,0.00,0.01,0.00,68,167327,1,1
20,Trossard,Arsenal,MID,27,Spurs,False,2026-02-22T16:30:00Z,269,75,0,0,0,0,0,0,0,0,0,9,1,0,10,0.22,0.06,0.28,0.35,68,144685,2,2
20,Trossard,Arsenal,MID,28,Chelsea,True,2026-03-01T16:30:00Z,271,55,0,0,0,0,0,0,0,0,0,4,1,0,4,0.02,0.06,0.08,0.83,67,135332,1,1
20,Trossard,Arsenal,MID,29,Brighton,False,2026-03-04T19:30:00Z,283,30,0,0,0,0,0,0,0,0,0,4,0,0,-1,0.14,0.07,0.21,0.27,67,129801,1,1
20,Trossard,Arsenal,MID,30,Everton,True,2026-03-14T17:30:00Z,291,0,0,0,0,0,0,0,0,0,0,0,0,0,0,0.00,0.00,0.00,0.00,66,111030,0,0
20,Trossard,Arsenal,MID,32,Bournemouth,True,2026-04-11T11:30:00Z,311,36,0,0,0,0,0,0,0,0,0,2,1,0,4,0.00,0.01,0.01,0.49,65,102350,1,1
20,Trossard,Arsenal,MID,33,Man City,False,2026-04-19T15:30:00Z,327,16,0,0,0,0,0,0,0,0,0,4,0,0,10,0.00,0.09,0.09,0.00,65,96832,1,1
20,Trossard,Arsenal,MID,34,Newcastle,True,2026-04-25T16:30:00Z,331,0,0,0,0,0,0,0,0,0,0,0,0,0,0,0.00,0.00,0.00,0.00,65,100389,0,0
20,Trossard,Arsenal,MID,35,Fulham,True,2026-05-02T16:30:00Z,341,90,0,1,0,0,0,1,0,0,0,5,0,1,41,0.11,0.64,0.75,0.37,65,98339,7,7
20,Trossard,Arsenal,MID,36,West Ham,False,2026-05-10T15:30:00Z,360,90,1,0,1,0,0,1,0,0,0,3,0,1,27,0.45,0.04,0.49,1.15,65,105329,8,8
20,Trossard,Arsenal,MID,37,Burnley,True,2026-05-18T19:00:00Z,361,90,0,0,0,0,0,1,0,0,0,4,0,0,12,0.08,0.11,0.18,0.19,65,264730,3,3
20,Trossard,Arsenal,MID,38,Crystal Palace,False,2026-05-24T15:00:00Z,373,0,0,0,0,0,0,0,0,0,0,0,0,0,0,0.00,0.00,0.00,0.00,66,236279,0,0
21,Rice,Arsenal,MID,1,Man Utd,False,2025-08-17T15:30:00Z,9,82,0,1,0,0,0,1,0,0,0,4,0,0,14,0.13,0.01,0.14,1.04,65,728172,6,6
21,Rice,Arsenal,MID,2,Leeds,True,2025-08-23T16:30:00Z,11,90,0,1,0,0,0,1,0,0,0,3,0,0,26,0.00,0.54,0.54,0.17,65,902701,6,6
21,Rice,Arsenal,MID,3,Liverpool,False,2025-08-31T15:30:00Z,25,90,0,0,0,0,0,0,0,0,0,13,1,0,13,0.02,0.10,0.12,0.52,65,978824,4,4
21,Rice,Arsenal,MID,4,Nott'm Forest,True,2025-09-13T11:30:00Z,31,22,0,0,0,0,0,0,0,0,0,3,0,0,1,0.00,0.03,0.03,0.10,65,1084679,1,1
21,Rice,Arsenal,MID,5,Man City,True,2025-09-21T15:30:00Z,41,90,0,0,0,0,0,0,0,0,0,9,1,1,22,0.00,0.16,0.16,0.89,65,1005474,3,3
21,Rice,Arsenal,MID,6,Newcastle,False,2025-09-28T15:30:00Z,58,90,0,1,0,0,0,0,0,0,0,12,1,2,33,0.00,0.20,0.20,0.61,65,949283,9,9
21,Rice,Arsenal,MID,7,West Ham,True,2025-10-04T14:00:00Z,61,78,1,0,0,0,0,1,0,0,0,5,0,3,45,0.32,0.12,0.44,0.36,65,1033670,11,11
21,Rice,Arsenal,MID,8,Fulham,False,2025-10-18T16:30:00Z,74,90,0,0,0,0,0,1,0,0,0,5,0,0,10,0.03,0.08,0.11,0.44,65,1233335,3,3
21,Rice,Arsenal,MID,9,Crystal Palace,True,2025-10-26T14:00:00Z,81,81,0,1,0,0,0,1,0,0,0,9,0,1,27,0.37,0.61,0.98,0.46,66,1522337,7,7
21,Rice,Arsenal,MID,10,Burnley,False,2025-11-01T15:00:00Z,92,90,1,0,0,0,0,1,0,0,0,21,0,3,47,0.24,0.33,0.57,0.42,67,1814435,13,13
21,Rice,Arsenal,MID,11,Sunderland,False,2025-11-08T17:30:00Z,108,90,0,0,0,0,0,0,0,0,0,11,2,0,16,0.07,0.20,0.27,0.44,68,2488362,2,2
21,Rice,Arsenal,MID,12,Spurs,True,2025-11-23T16:30:00Z,111,90,0,1,1,0,0,0,0,0,0,13,1,0,27,0.26,0.38,0.64,0.07,69,2728559,6,6
21,Rice,Arsenal,MID,13,Chelsea,False,2025-11-30T16:30:00Z,123,90,0,0,0,0,0,0,0,0,0,12,1,0,16,0.00,0.07,0.07,0.79,70,2830785,4,4
21,Rice,Arsenal,MID,14,Brentford,True,2025-12-03T19:30:00Z,131,82,0,0,0,0,0,1,0,0,0,5,0,0,19,0.08,0.13,0.21,0.27,70,3053721,3,3
21,Rice,Arsenal,MID,15,Aston Villa,False,2025-12-06T12:30:00Z,141,90,0,0,0,0,0,0,0,0,0,21,2,2,30,0.14,0.13,0.27,2.16,71,2704032,6,6
21,Rice,Arsenal,MID,16,Wolves,True,2025-12-13T20:00:00Z,151,90,0,0,0,0,0,0,0,0,0,6,1,0,12,0.14,0.13,0.27,0.38,71,2759843,2,2
21,Rice,Arsenal,MID,17,Everton,False,2025-12-20T20:00:00Z,164,90,0,1,0,0,0,1,0,0,0,20,0,3,32,0.02,0.20,0.22,0.20,71,2810873,11,11
21,Rice,Arsenal,MID,18,Brighton,True,2025-12-27T15:00:00Z,171,90,0,1,0,0,0,0,0,0,0,10,1,0,22,0.24,0.15,0.39,0.85,72,3384120,5,5
21,Rice,Arsenal,MID,19,Aston Villa,True,2025-12-30T20:15:00Z,181,0,0,0,0,0,0,0,0,0,0,0,0,0,0,0.00,0.00,0.00,0.00,72,3090381,0,0
21,Rice,Arsenal,MID,20,Bournemouth,False,2026-01-03T17:30:00Z,192,90,2,0,0,0,0,0,0,0,0,14,2,3,58,0.53,0.06,0.59,1.43,71,2545901,17,17
21,Rice,Arsenal,MID,21,Liverpool,True,2026-01-08T20:00:00Z,201,90,0,0,0,0,0,1,0,0,0,9,0,0,20,0.07,0.15,0.22,0.36,72,3182200,3,3
21,Rice,Arsenal,MID,22,Nott'm Forest,False,2026-01-17T17:30:00Z,217,90,0,0,0,0,0,1,0,0,0,11,0,0,25,0.12,0.44,0.56,0.34,73,3770566,3,3
21,Rice,Arsenal,MID,23,Man Utd,True,2026-01-25T16:30:00Z,221,90,0,0,1,0,0,0,0,0,0,10,3,0,18,0.11,0.47,0.58,0.71,74,4000773,1,1
21,Rice,Arsenal,MID,24,Leeds,False,2026-01-31T15:00:00Z,234,90,0,0,0,0,0,1,0,0,0,9,0,0,20,0.00,0.40,0.40,0.15,74,4137784,3,3
21,Rice,Arsenal,MID,25,Sunderland,True,2026-02-07T15:00:00Z,241,90,0,0,0,0,0,1,0,0,0,13,0,0,16,0.03,0.16,0.19,0.19,75,4320319,5,5
21,Rice,Arsenal,MID,26,Brentford,False,2026-02-12T20:00:00Z,252,90,0,0,0,0,0,0,0,0,0,12,1,1,23,0.00,0.11,0.11,1.51,75,4655944,5,5
21,Rice,Arsenal,MID,26,Wolves,False,2026-02-18T20:00:00Z,310,90,0,1,0,0,0,0,0,0,0,16,2,2,31,0.03,0.58,0.61,0.29,75,4655944,9,9
21,Rice,Arsenal,MID,27,Spurs,False,2026-02-22T16:30:00Z,269,90,0,0,0,0,0,0,0,0,0,15,1,0,11,0.00,0.04,0.04,0.76,76,4423920,4,4
21,Rice,Arsenal,MID,28,Chelsea,True,2026-03-01T16:30:00Z,271,75,0,1,0,0,0,0,0,0,0,7,1,0,25,0.04,0.24,0.28,1.00,76,4283203,5,5
21,Rice,Arsenal,MID,29,Brighton,False,2026-03-04T19:30:00Z,283,90,0,0,0,0,0,1,0,0,0,11,0,0,19,0.00,0.07,0.07,0.82,75,3914581,3,3
21,Rice,Arsenal,MID,30,Everton,True,2026-03-14T17:30:00Z,291,90,0,0,0,0,0,1,0,0,0,7,0,0,17,0.06,0.14,0.20,1.05,74,3867946,3,3
21,Rice,Arsenal,MID,32,Bournemouth,True,2026-04-11T11:30:00Z,311,90,0,0,0,0,0,0,0,0,0,8,2,2,26,0.10,0.33,0.43,1.19,73,3342994,4,4
21,Rice,Arsenal,MID,33,Man City,False,2026-04-19T15:30:00Z,327,90,0,0,0,0,0,0,0,0,0,11,2,0,13,0.00,0.07,0.07,1.36,72,2987572,2,2
21,Rice,Arsenal,MID,34,Newcastle,True,2026-04-25T16:30:00Z,331,90,0,0,1,0,0,1,0,0,0,3,0,0,5,0.00,0.02,0.02,1.00,72,3322606,2,2
21,Rice,Arsenal,MID,35,Fulham,True,2026-05-02T16:30:00Z,341,63,0,0,0,0,0,1,0,0,0,12,0,0,14,0.00,0.05,0.05,0.20,72,3169422,5,5
21,Rice,Arsenal,MID,36,West Ham,False,2026-05-10T15:30:00Z,360,90,0,0,0,0,0,1,0,0,0,10,0,0,18,0.00,0.38,0.38,1.15,72,3130869,3,3
21,Rice,Arsenal,MID,37,Burnley,True,2026-05-18T19:00:00Z,361,90,0,0,0,0,0,1,0,0,0,16,0,0,19,0.00,0.04,0.04,0.19,72,3183415,5,5
21,Rice,Arsenal,MID,38,Crystal Palace,False,2026-05-24T15:00:00Z,373,0,0,0,0,0,0,0,0,0,0,0,0,0,0,0.00,0.00,0.00,0.00,72,3034823,0,0
22,Merino,Arsenal,MID,1,Man Utd,False,2025-08-17T15:30:00Z,9,7,0,0,0,0,0,0,0,0,0,1,0,0,2,0.00,0.00,0.00,0.49,60,61676,1,1
22,Merino,Arsenal,MID,2,Leeds,True,2025-08-23T16:30:00Z,11,0,0,0,0,0,0,0,0,0,0,0,0,0,0,0.00,0.00,0.00,0.00,60,58027,0,0
22,Merino,Arsenal,MID,3,Liverpool,False,2025-08-31T15:30:00Z,25,69,0,0,0,0,0,1,0,0,0,5,0,0,6,0.00,0.02,0.02,0.28,59,43807,3,3
22,Merino,Arsenal,MID,4,Nott'm Forest,True,2025-09-13T11:30:00Z,31,90,0,0,0,0,0,1,0,0,0,10,0,0,15,0.13,0.07,0.20,0.20,59,54618,3,3
22,Merino,Arsenal,MID,5,Man City,True,2025-09-21T15:30:00Z,41,45,0,0,0,0,0,0,0,0,0,7,1,0,6,0.00,0.03,0.03,0.55,59,63562,1,1
22,Merino,Arsenal,MID,6,Newcastle,False,2025-09-28T15:30:00Z,58,20,1,0,0,0,0,0,0,0,0,3,0,0,23,0.05,0.00,0.05,0.08,59,63505,6,6
22,Merino,Arsenal,MID,7,West Ham,True,2025-10-04T14:00:00Z,61,11,0,0,0,0,0,0,0,0,0,0,0,0,0,0.16,0.00,0.16,0.13,59,76226,1,1
22,Merino,Arsenal,MID,8,Fulham,False,2025-10-18T16:30:00Z,74,28,0,0,0,0,0,0,0,0,0,5,0,0,5,0.00,0.01,0.01,0.04,59,77678,1,1
22,Merino,Arsenal,MID,9,Crystal Palace,True,2025-10-26T14:00:00Z,81,8,0,0,0,0,0,0,0,0,0,2,0,0,4,0.00,0.00,0.00,0.01,59,73928,1,1
22,Merino,Arsenal,MID,10,Burnley,False,2025-11-01T15:00:00Z,92,45,0,0,0,0,0,0,0,0,0,4,0,0,4,0.00,0.05,0.05,0.42,59,67590,1,1
22,Merino,Arsenal,MID,11,Sunderland,False,2025-11-08T17:30:00Z,108,90,0,1,0,0,0,0,0,0,0,7,2,0,15,0.38,0.05,0.43,0.44,59,127655,5,5
22,Merino,Arsenal,MID,12,Spurs,True,2025-11-23T16:30:00Z,111,87,0,1,0,0,0,0,0,0,0,9,1,0,24,0.06,0.44,0.50,0.07,59,120560,5,5
22,Merino,Arsenal,MID,13,Chelsea,False,2025-11-30T16:30:00Z,123,90,1,0,0,0,0,0,0,0,0,4,1,2,28,0.65,0.02,0.67,0.79,59,117316,9,9
22,Merino,Arsenal,MID,14,Brentford,True,2025-12-03T19:30:00Z,131,90,1,1,0,0,0,1,0,0,0,10,0,2,42,0.66,0.18,0.84,0.35,59,169062,13,13
22,Merino,Arsenal,MID,15,Aston Villa,False,2025-12-06T12:30:00Z,141,45,0,0,0,0,0,0,0,0,0,5,1,0,4,0.00,0.01,0.01,0.87,60,442621,1,1
22,Merino,Arsenal,MID,16,Wolves,True,2025-12-13T20:00:00Z,151,32,0,0,0,0,0,0,0,0,0,5,1,0,5,0.05,0.00,0.05,0.09,61,587137,1,1
22,Merino,Arsenal,MID,17,Everton,False,2025-12-20T20:00:00Z,164,2,0,0,0,0,0,0,0,0,0,1,0,0,2,0.00,0.00,0.00,0.00,60,464893,1,1
22,Merino,Arsenal,MID,18,Brighton,True,2025-12-27T15:00:00Z,171,90,0,0,0,0,0,0,0,0,0,9,1,0,12,0.10,0.02,0.12,0.85,59,379464,2,2
22,Merino,Arsenal,MID,19,Aston Villa,True,2025-12-30T20:15:00Z,181,72,0,0,1,0,0,1,0,0,0,10,0,0,6,0.00,0.03,0.03,0.55,58,331274,2,2
22,Merino,Arsenal,MID,20,Bournemouth,False,2026-01-03T17:30:00Z,192,10,0,0,0,0,0,0,0,0,0,3,0,0,6,0.05,0.00,0.05,0.01,58,305260,1,1
22,Merino,Arsenal,MID,21,Liverpool,True,2026-01-08T20:00:00Z,201,0,0,0,0,0,0,0,0,0,0,0,0,0,0,0.00,0.00,0.00,0.00,57,246997,0,0
22,Merino,Arsenal,MID,22,Nott'm Forest,False,2026-01-17T17:30:00Z,217,33,0,0,0,0,0,0,0,0,0,4,0,0,3,0.21,0.50,0.71,0.10,56,202903,1,1
22,Merino,Arsenal,MID,23,Man Utd,True,2026-01-25T16:30:00Z,221,32,1,0,0,0,0,0,0,0,0,7,1,1,26,0.49,0.02,0.51,0.27,55,186153,7,7
22,Merino,Arsenal,MID,24,Leeds,False,2026-01-31T15:00:00Z,234,0,0,0,0,0,0,0,0,0,0,0,0,0,0,0.00,0.00,0.00,0.00,55,180905,0,0
22,Merino,Arsenal,MID,25,Sunderland,True,2026-02-07T15:00:00Z,241,0,0,0,0,0,0,0,0,0,0,0,0,0,0,0.00,0.00,0.00,0.00,55,148532,0,0
22,Merino,Arsenal,MID,26,Brentford,False,2026-02-12T20:00:00Z,252,0,0,0,0,0,0,0,0,0,0,0,0,0,0,0.00,0.00,0.00,0.00,54,124137,0,0
22,Merino,Arsenal,MID,26,Wolves,False,2026-02-18T20:00:00Z,310,0,0,0,0,0,0,0,0,0,0,0,0,0,0,0.00,0.00,0.00,0.00,54,124137,0,0
22,Merino,Arsenal,MID,27,Spurs,False,2026-02-22T16:30:00Z,269,0,0,0,0,0,0,0,0,0,0,0,0,0,0,0.00,0.00,0.00,0.00,54,113861,0,0
22,Merino,Arsenal,MID,28,Chelsea,True,2026-03-01T16:30:00Z,271,0,0,0,0,0,0,0,0,0,0,0,0,0,0,0.00,0.00,0.00,0.00,54,109890,0,0
22,Merino,Arsenal,MID,29,Brighton,False,2026-03-04T19:30:00Z,283,0,0,0,0,0,0,0,0,0,0,0,0,0,0,0.00,0.00,0.00,0.00,54,106563,0,0
22,Merino,Arsenal,MID,30,Everton,True,2026-03-14T17:30:00Z,291,0,0,0,0,0,0,0,0,0,0,0,0,0,0,0.00,0.00,0.00,0.00,54,103330,0,0
22,Merino,Arsenal,MID,32,Bournemouth,True,2026-04-11T11:30:00Z,311,0,0,0,0,0,0,0,0,0,0,0,0,0,0,0.00,0.00,0.00,0.00,54,100907,0,0
22,Merino,Arsenal,MID,33,Man City,False,2026-04-19T15:30:00Z,327,0,0,0,0,0,0,0,0,0,0,0,0,0,0,0.00,0.00,0.00,0.00,54,99970,0,0
22,Merino,Arsenal,MID,34,Newcastle,True,2026-04-25T16:30:00Z,331,0,0,0,0,0,0,0,0,0,0,0,0,0,0,0.00,0.00,0.00,0.00,54,99215,0,0
22,Merino,Arsenal,MID,35,Fulham,True,2026-05-02T16:30:00Z,341,0,0,0,0,0,0,0,0,0,0,0,0,0,0,0.00,0.00,0.00,0.00,54,98744,0,0
22,Merino,Arsenal,MID,36,West Ham,False,2026-05-10T15:30:00Z,360,0,0,0,0,0,0,0,0,0,0,0,0,0,0,0.00,0.00,0.00,0.00,53,98168,0,0
22,Merino,Arsenal,MID,37,Burnley,True,2026-05-18T19:00:00Z,361,0,0,0,0,0,0,0,0,0,0,0,0,0,0,0.00,0.00,0.00,0.00,53,97769,0,0
22,Merino,Arsenal,MID,38,Crystal Palace,False,2026-05-24T15:00:00Z,373,28,0,0,0,0,0,0,0,0,0,2,1,0,-2,0.37,0.00,0.37,0.77,53,97601,1,1
23,Fábio Vieira,Arsenal,MID,1,Man Utd,False,2025-08-17T15:30:00Z,9,0,0,0,0,0,0,0,0,0,0,0,0,0,0,0.00,0.00,0.00,0.00,55,3974,0,0
23,Fábio Vieira,Arsenal,MID,2,Leeds,True,2025-08-23T16:30:00Z,11,0,0,0,0,0,0,0,0,0,0,0,0,0,0,0.00,0.00,0.00,0.00,55,4733,0,0
23,Fábio Vieira,Arsenal,MID,3,Liverpool,False,2025-08-31T15:30:00Z,25,0,0,0,0,0,0,0,0,0,0,0,0,0,0,0.00,0.00,0.00,0.00,54,4600,0,0
23,Fábio Vieira,Arsenal,MID,4,Nott'm Forest,True,2025-09-13T11:30:00Z,31,0,0,0,0,0,0,0,0,0,0,0,0,0,0,0.00,0.00,0.00,0.00,54,3822,0,0
23,Fábio Vieira,Arsenal,MID,5,Man City,True,2025-09-21T15:30:00Z,41,0,0,0,0,0,0,0,0,0,0,0,0,0,0,0.00,0.00,0.00,0.00,54,3289,0,0
23,Fábio Vieira,Arsenal,MID,6,Newcastle,False,2025-09-28T15:30:00Z,58,0,0,0,0,0,0,0,0,0,0,0,0,0,0,0.00,0.00,0.00,0.00,54,3027,0,0
23,Fábio Vieira,Arsenal,MID,7,West Ham,True,2025-10-04T14:00:00Z,61,0,0,0,0,0,0,0,0,0,0,0,0,0,0,0.00,0.00,0.00,0.00,54,2899,0,0
23,Fábio Vieira,Arsenal,MID,8,Fulham,False,2025-10-18T16:30:00Z,74,0,0,0,0,0,0,0,0,0,0,0,0,0,0,0.00,0.00,0.00,0.00,54,2753,0,0
23,Fábio Vieira,Arsenal,MID,9,Crystal Palace,True,2025-10-26T14:00:00Z,81,0,0,0,0,0,0,0,0,0,0,0,0,0,0,0.00,0.00,0.00,0.00,54,2703,0,0
23,Fábio Vieira,Arsenal,MID,10,Burnley,False,2025-11-01T15:00:00Z,92,0,0,0,0,0,0,0,0,0,0,0,0,0,0,0.00,0.00,0.00,0.00,54,2663,0,0
23,Fábio Vieira,Arsenal,MID,11,Sunderland,False,2025-11-08T17:30:00Z,108,0,0,0,0,0,0,0,0,0,0,0,0,0,0,0.00,0.00,0.00,0.00,54,2625,0,0
23,Fábio Vieira,Arsenal,MID,12,Spurs,True,2025-11-23T16:30:00Z,111,0,0,0,0,0,0,0,0,0,0,0,0,0,0,0.00,0.00,0.00,0.00,54,2601,0,0
23,Fábio Vieira,Arsenal,MID,13,Chelsea,False,2025-11-30T16:30:00Z,123,0,0,0,0,0,0,0,0,0,0,0,0,0,0,0.00,0.00,0.00,0.00,54,2583,0,0
23,Fábio Vieira,Arsenal,MID,14,Brentford,True,2025-12-03T19:30:00Z,131,0,0,0,0,0,0,0,0,0,0,0,0,0,0,0.00,0.00,0.00,0.00,54,2582,0,0
23,Fábio Vieira,Arsenal,MID,15,Aston Villa,False,2025-12-06T12:30:00Z,141,0,0,0,0,0,0,0,0,0,0,0,0,0,0,0.00,0.00,0.00,0.00,54,2567,0,0
23,Fábio Vieira,Arsenal,MID,16,Wolves,True,2025-12-13T20:00:00Z,151,0,0,0,0,0,0,0,0,0,0,0,0,0,0,0.00,0.00,0.00,0.00,54,2550,0,0
23,Fábio Vieira,Arsenal,MID,17,Everton,False,2025-12-20T20:00:00Z,164,0,0,0,0,0,0,0,0,0,0,0,0,0,0,0.00,0.00,0.00,0.00,54,2541,0,0
23,Fábio Vieira,Arsenal,MID,18,Brighton,True,2025-12-27T15:00:00Z,171,0,0,0,0,0,0,0,0,0,0,0,0,0,0,0.00,0.00,0.00,0.00,54,2526,0,0
23,Fábio Vieira,Arsenal,MID,19,Aston Villa,True,2025-12-30T20:15:00Z,181,0,0,0,0,0,0,0,0,0,0,0,0,0,0,0.00,0.00,0.00,0.00,54,2524,0,0
23,Fábio Vieira,Arsenal,MID,20,Bournemouth,False,2026-01-03T17:30:00Z,192,0,0,0,0,0,0,0,0,0,0,0,0,0,0,0.00,0.00,0.00,0.00,54,2519,0,0
23,Fábio Vieira,Arsenal,MID,21,Liverpool,True,2026-01-08T20:00:00Z,201,0,0,0,0,0,0,0,0,0,0,0,0,0,0,0.00,0.00,0.00,0.00,54,2514,0,0
23,Fábio Vieira,Arsenal,MID,22,Nott'm Forest,False,2026-01-17T17:30:00Z,217,0,0,0,0,0,0,0,0,0,0,0,0,0,0,0.00,0.00,0.00,0.00,54,2501,0,0
23,Fábio Vieira,Arsenal,MID,23,Man Utd,True,2026-01-25T16:30:00Z,221,0,0,0,0,0,0,0,0,0,0,0,0,0,0,0.00,0.00,0.00,0.00,54,2496,0,0
23,Fábio Vieira,Arsenal,MID,24,Leeds,False,2026-01-31T15:00:00Z,234,0,0,0,0,0,0,0,0,0,0,0,0,0,0,0.00,0.00,0.00,0.00,54,2489,0,0
23,Fábio Vieira,Arsenal,MID,25,Sunderland,True,2026-02-07T15:00:00Z,241,0,0,0,0,0,0,0,0,0,0,0,0,0,0,0.00,0.00,0.00,0.00,54,2482,0,0
23,Fábio Vieira,Arsenal,MID,26,Brentford,False,2026-02-12T20:00:00Z,252,0,0,0,0,0,0,0,0,0,0,0,0,0,0,0.00,0.00,0.00,0.00,54,2476,0,0
23,Fábio Vieira,Arsenal,MID,26,Wolves,False,2026-02-18T20:00:00Z,310,0,0,0,0,0,0,0,0,0,0,0,0,0,0,0.00,0.00,0.00,0.00,54,2476,0,0
23,Fábio Vieira,Arsenal,MID,27,Spurs,False,2026-02-22T16:30:00Z,269,0,0,0,0,0,0,0,0,0,0,0,0,0,0,0.00,0.00,0.00,0.00,54,2466,0,0
23,Fábio Vieira,Arsenal,MID,28,Chelsea,True,2026-03-01T16:30:00Z,271,0,0,0,0,0,0,0,0,0,0,0,0,0,0,0.00,0.00,0.00,0.00,54,2464,0,0
23,Fábio Vieira,Arsenal,MID,29,Brighton,False,2026-03-04T19:30:00Z,283,0,0,0,0,0,0,0,0,0,0,0,0,0,0,0.00,0.00,0.00,0.00,54,2461,0,0
23,Fábio Vieira,Arsenal,MID,30,Everton,True,2026-03-14T17:30:00Z,291,0,0,0,0,0,0,0,0,0,0,0,0,0,0,0.00,0.00,0.00,0.00,54,2459,0,0
23,Fábio Vieira,Arsenal,MID,32,Bournemouth,True,2026-04-11T11:30:00Z,311,0,0,0,0,0,0,0,0,0,0,0,0,0,0,0.00,0.00,0.00,0.00,54,2457,0,0
23,Fábio Vieira,Arsenal,MID,33,Man City,False,2026-04-19T15:30:00Z,327,0,0,0,0,0,0,0,0,0,0,0,0,0,0,0.00,0.00,0.00,0.00,54,2453,0,0
23,Fábio Vieira,Arsenal,MID,34,Newcastle,True,2026-04-25T16:30:00Z,331,0,0,0,0,0,0,0,0,0,0,0,0,0,0,0.00,0.00,0.00,0.00,54,2452,0,0
23,Fábio Vieira,Arsenal,MID,35,Fulham,True,2026-05-02T16:30:00Z,341,0,0,0,0,0,0,0,0,0,0,0,0,0,0,0.00,0.00,0.00,0.00,54,2448,0,0
23,Fábio Vieira,Arsenal,MID,36,West Ham,False,2026-05-10T15:30:00Z,360,0,0,0,0,0,0,0,0,0,0,0,0,0,0,0.00,0.00,0.00,0.00,54,2446,0,0
23,Fábio Vieira,Arsenal,MID,37,Burnley,True,2026-05-18T19:00:00Z,361,0,0,0,0,0,0,0,0,0,0,0,0,0,0,0.00,0.00,0.00,0.00,54,2444,0,0
23,Fábio Vieira,Arsenal,MID,38,Crystal Palace,False,2026-05-24T15:00:00Z,373,0,0,0,0,0,0,0,0,0,0,0,0,0,0,0.00,0.00,0.00,0.00,54,2443,0,0
24,Nørgaard,Arsenal,MID,1,Man Utd,False,2025-08-17T15:30:00Z,9,0,0,0,0,0,0,0,0,0,0,0,0,0,0,0.00,0.00,0.00,0.00,55,63529,0,0
24,Nørgaard,Arsenal,MID,2,Leeds,True,2025-08-23T16:30:00Z,11,0,0,0,0,0,0,0,0,0,0,0,0,0,0,0.00,0.00,0.00,0.00,55,46343,0,0
24,Nørgaard,Arsenal,MID,3,Liverpool,False,2025-08-31T15:30:00Z,25,0,0,0,0,0,0,0,0,0,0,0,0,0,0,0.00,0.00,0.00,0.00,54,28588,0,0
24,Nørgaard,Arsenal,MID,4,Nott'm Forest,True,2025-09-13T11:30:00Z,31,0,0,0,0,0,0,0,0,0,0,0,0,0,0,0.00,0.00,0.00,0.00,54,23222,0,0
24,Nørgaard,Arsenal,MID,5,Man City,True,2025-09-21T15:30:00Z,41,0,0,0,0,0,0,0,0,0,0,0,0,0,0,0.00,0.00,0.00,0.00,54,21646,0,0
24,Nørgaard,Arsenal,MID,6,Newcastle,False,2025-09-28T15:30:00Z,58,0,0,0,0,0,0,0,0,0,0,0,0,0,0,0.00,0.00,0.00,0.00,53,20407,0,0
24,Nørgaard,Arsenal,MID,7,West Ham,True,2025-10-04T14:00:00Z,61,0,0,0,0,0,0,0,0,0,0,0,0,0,0,0.00,0.00,0.00,0.00,53,19667,0,0
24,Nørgaard,Arsenal,MID,8,Fulham,False,2025-10-18T16:30:00Z,74,1,0,0,0,0,0,0,0,0,0,2,0,0,3,0.00,0.00,0.00,0.00,53,18705,1,1
24,Nørgaard,Arsenal,MID,9,Crystal Palace,True,2025-10-26T14:00:00Z,81,0,0,0,0,0,0,0,0,0,0,0,0,0,0,0.00,0.00,0.00,0.00,53,18360,0,0
24,Nørgaard,Arsenal,MID,10,Burnley,False,2025-11-01T15:00:00Z,92,13,0,0,0,0,0,0,0,0,0,2,0,0,4,0.05,0.00,0.05,0.05,52,17824,1,1
24,Nørgaard,Arsenal,MID,11,Sunderland,False,2025-11-08T17:30:00Z,108,0,0,0,0,0,0,0,0,0,0,0,0,0,0,0.00,0.00,0.00,0.00,52,17604,0,0
24,Nørgaard,Arsenal,MID,12,Spurs,True,2025-11-23T16:30:00Z,111,0,0,0,0,0,0,0,0,0,0,0,0,0,0,0.00,0.00,0.00,0.00,52,17481,0,0
24,Nørgaard,Arsenal,MID,13,Chelsea,False,2025-11-30T16:30:00Z,123,0,0,0,0,0,0,0,0,0,0,0,0,0,0,0.00,0.00,0.00,0.00,52,17188,0,0
24,Nørgaard,Arsenal,MID,14,Brentford,True,2025-12-03T19:30:00Z,131,0,0,0,0,0,0,0,0,0,0,0,0,0,0,0.00,0.00,0.00,0.00,52,17106,0,0
24,Nørgaard,Arsenal,MID,15,Aston Villa,False,2025-12-06T12:30:00Z,141,0,0,0,0,0,0,0,0,0,0,0,0,0,0,0.00,0.00,0.00,0.00,52,17017,0,0
24,Nørgaard,Arsenal,MID,16,Wolves,True,2025-12-13T20:00:00Z,151,0,0,0,0,0,0,0,0,0,0,0,0,0,0,0.00,0.00,0.00,0.00,52,16995,0,0
24,Nørgaard,Arsenal,MID,17,Everton,False,2025-12-20T20:00:00Z,164,0,0,0,0,0,0,0,0,0,0,0,0,0,0,0.00,0.00,0.00,0.00,52,16961,0,0
24,Nørgaard,Arsenal,MID,18,Brighton,True,2025-12-27T15:00:00Z,171,0,0,0,0,0,0,0,0,0,0,0,0,0,0,0.00,0.00,0.00,0.00,52,16894,0,0
24,Nørgaard,Arsenal,MID,19,Aston Villa,True,2025-12-30T20:15:00Z,181,17,0,0,0,0,0,0,0,0,0,4,1,0,4,0.00,0.00,0.00,2.11,51,16940,1,1
24,Nørgaard,Arsenal,MID,20,Bournemouth,False,2026-01-03T17:30:00Z,192,0,0,0,0,0,0,0,0,0,0,0,0,0,0,0.00,0.00,0.00,0.00,51,16952,0,0
24,Nørgaard,Arsenal,MID,21,Liverpool,True,2026-01-08T20:00:00Z,201,0,0,0,0,0,0,0,0,0,0,0,0,0,0,0.00,0.00,0.00,0.00,51,16811,0,0
24,Nørgaard,Arsenal,MID,22,Nott'm Forest,False,2026-01-17T17:30:00Z,217,0,0,0,0,0,0,0,0,0,0,0,0,0,0,0.00,0.00,0.00,0.00,51,16771,0,0
24,Nørgaard,Arsenal,MID,23,Man Utd,True,2026-01-25T16:30:00Z,221,0,0,0,0,0,0,0,0,0,0,0,0,0,0,0.00,0.00,0.00,0.00,51,16806,0,0
24,Nørgaard,Arsenal,MID,24,Leeds,False,2026-01-31T15:00:00Z,234,0,0,0,0,0,0,0,0,0,0,0,0,0,0,0.00,0.00,0.00,0.00,51,16880,0,0
24,Nørgaard,Arsenal,MID,25,Sunderland,True,2026-02-07T15:00:00Z,241,1,0,0,0,0,0,0,0,0,0,1,0,0,3,0.00,0.00,0.00,0.02,51,16926,1,1
24,Nørgaard,Arsenal,MID,26,Brentford,False,2026-02-12T20:00:00Z,252,0,0,0,0,0,0,0,0,0,0,0,0,0,0,0.00,0.00,0.00,0.00,51,17049,0,0
24,Nørgaard,Arsenal,MID,26,Wolves,False,2026-02-18T20:00:00Z,310,0,0,0,0,0,0,0,0,0,0,0,0,0,0,0.00,0.00,0.00,0.00,51,17049,0,0
24,Nørgaard,Arsenal,MID,27,Spurs,False,2026-02-22T16:30:00Z,269,0,0,0,0,0,0,0,0,0,0,0,0,0,0,0.00,0.00,0.00,0.00,51,17028,0,0
24,Nørgaard,Arsenal,MID,28,Chelsea,True,2026-03-01T16:30:00Z,271,14,0,0,0,0,0,0,0,0,0,1,0,0,2,0.00,0.00,0.00,0.05,51,17024,1,1
24,Nørgaard,Arsenal,MID,29,Brighton,False,2026-03-04T19:30:00Z,283,10,0,0,0,0,0,0,0,0,0,1,0,0,3,0.00,0.00,0.00,0.00,51,17044,1,1
24,Nørgaard,Arsenal,MID,30,Everton,True,2026-03-14T17:30:00Z,291,0,0,0,0,0,0,0,0,0,0,0,0,0,0,0.00,0.00,0.00,0.00,51,17051,0,0
24,Nørgaard,Arsenal,MID,32,Bournemouth,True,2026-04-11T11:30:00Z,311,0,0,0,0,0,0,0,0,0,0,0,0,0,0,0.00,0.00,0.00,0.00,51,17082,0,0
24,Nørgaard,Arsenal,MID,33,Man City,False,2026-04-19T15:30:00Z,327,0,0,0,0,0,0,0,0,0,0,0,0,0,0,0.00,0.00,0.00,0.00,51,17084,0,0
24,Nørgaard,Arsenal,MID,34,Newcastle,True,2026-04-25T16:30:00Z,331,0,0,0,0,0,0,0,0,0,0,0,0,0,0,0.00,0.00,0.00,0.00,51,17117,0,0
24,Nørgaard,Arsenal,MID,35,Fulham,True,2026-05-02T16:30:00Z,341,0,0,0,0,0,0,0,0,0,0,0,0,0,0,0.00,0.00,0.00,0.00,51,17113,0,0
24,Nørgaard,Arsenal,MID,36,West Ham,False,2026-05-10T15:30:00Z,360,0,0,0,0,0,0,0,0,0,0,0,0,0,0,0.00,0.00,0.00,0.00,51,17126,0,0
24,Nørgaard,Arsenal,MID,37,Burnley,True,2026-05-18T19:00:00Z,361,0,0,0,0,0,0,0,0,0,0,0,0,0,0,0.00,0.00,0.00,0.00,51,17149,0,0
24,Nørgaard,Arsenal,MID,38,Crystal Palace,False,2026-05-24T15:00:00Z,373,45,0,0,0,0,0,0,0,0,0,5,0,0,9,0.03,0.04,0.07,0.05,51,17646,1,1
25,Nwaneri,Arsenal,MID,1,Man Utd,False,2025-08-17T15:30:00Z,9,0,0,0,0,0,0,0,0,0,0,0,0,0,0,0.00,0.00,0.00,0.00,55,28200,0,0
25,Nwaneri,Arsenal,MID,2,Leeds,True,2025-08-23T16:30:00Z,11,52,0,0,0,0,0,0,0,0,0,4,0,0,3,0.02,0.01,0.03,0.00,55,26978,1,1
25,Nwaneri,Arsenal,MID,3,Liverpool,False,2025-08-31T15:30:00Z,25,0,0,0,0,0,0,0,0,0,0,0,0,0,0,0.00,0.00,0.00,0.00,54,24774,0,0
25,Nwaneri,Arsenal,MID,4,Nott'm Forest,True,2025-09-13T11:30:00Z,31,72,0,0,0,0,0,1,0,0,0,4,0,0,8,0.15,0.03,0.18,0.20,54,22781,3,3
25,Nwaneri,Arsenal,MID,5,Man City,True,2025-09-21T15:30:00Z,41,6,0,0,0,0,0,0,0,0,0,1,0,0,3,0.00,0.00,0.00,0.00,53,22320,1,1
25,Nwaneri,Arsenal,MID,6,Newcastle,False,2025-09-28T15:30:00Z,58,0,0,0,0,0,0,0,0,0,0,0,0,0,0,0.00,0.00,0.00,0.00,53,21618,0,0
25,Nwaneri,Arsenal,MID,7,West Ham,True,2025-10-04T14:00:00Z,61,15,0,0,0,0,0,0,0,0,0,0,0,0,1,0.02,0.04,0.06,0.13,53,20638,1,1
25,Nwaneri,Arsenal,MID,8,Fulham,False,2025-10-18T16:30:00Z,74,0,0,0,0,0,0,0,0,0,0,0,0,0,0,0.00,0.00,0.00,0.00,52,19645,0,0
25,Nwaneri,Arsenal,MID,9,Crystal Palace,True,2025-10-26T14:00:00Z,81,0,0,0,0,0,0,0,0,0,0,0,0,0,0,0.00,0.00,0.00,0.00,52,19086,0,0
25,Nwaneri,Arsenal,MID,10,Burnley,False,2025-11-01T15:00:00Z,92,18,0,0,0,0,0,0,0,0,0,4,0,0,2,0.04,0.00,0.04,0.40,52,18383,1,1
25,Nwaneri,Arsenal,MID,11,Sunderland,False,2025-11-08T17:30:00Z,108,0,0,0,0,0,0,0,0,0,0,0,0,0,0,0.00,0.00,0.00,0.00,52,17978,0,0
25,Nwaneri,Arsenal,MID,12,Spurs,True,2025-11-23T16:30:00Z,111,2,0,0,0,0,0,0,0,0,0,0,0,0,3,0.00,0.00,0.00,0.00,51,17730,1,1
25,Nwaneri,Arsenal,MID,13,Chelsea,False,2025-11-30T16:30:00Z,123,0,0,0,0,0,0,0,0,0,0,0,0,0,0,0.00,0.00,0.00,0.00,51,17392,0,0
25,Nwaneri,Arsenal,MID,14,Brentford,True,2025-12-03T19:30:00Z,131,0,0,0,0,0,0,0,0,0,0,0,0,0,0,0.00,0.00,0.00,0.00,51,17245,0,0
25,Nwaneri,Arsenal,MID,15,Aston Villa,False,2025-12-06T12:30:00Z,141,0,0,0,0,0,0,0,0,0,0,0,0,0,0,0.00,0.00,0.00,0.00,51,17065,0,0
25,Nwaneri,Arsenal,MID,16,Wolves,True,2025-12-13T20:00:00Z,151,0,0,0,0,0,0,0,0,0,0,0,0,0,0,0.00,0.00,0.00,0.00,51,16736,0,0
25,Nwaneri,Arsenal,MID,17,Everton,False,2025-12-20T20:00:00Z,164,0,0,0,0,0,0,0,0,0,0,0,0,0,0,0.00,0.00,0.00,0.00,51,16639,0,0
25,Nwaneri,Arsenal,MID,18,Brighton,True,2025-12-27T15:00:00Z,171,0,0,0,0,0,0,0,0,0,0,0,0,0,0,0.00,0.00,0.00,0.00,51,16578,0,0
25,Nwaneri,Arsenal,MID,19,Aston Villa,True,2025-12-30T20:15:00Z,181,0,0,0,0,0,0,0,0,0,0,0,0,0,0,0.00,0.00,0.00,0.00,51,16494,0,0
25,Nwaneri,Arsenal,MID,20,Bournemouth,False,2026-01-03T17:30:00Z,192,0,0,0,0,0,0,0,0,0,0,0,0,0,0,0.00,0.00,0.00,0.00,50,16533,0,0
25,Nwaneri,Arsenal,MID,21,Liverpool,True,2026-01-08T20:00:00Z,201,0,0,0,0,0,0,0,0,0,0,0,0,0,0,0.00,0.00,0.00,0.00,50,16522,0,0
25,Nwaneri,Arsenal,MID,22,Nott'm Forest,False,2026-01-17T17:30:00Z,217,0,0,0,0,0,0,0,0,0,0,0,0,0,0,0.00,0.00,0.00,0.00,50,16520,0,0
25,Nwaneri,Arsenal,MID,23,Man Utd,True,2026-01-25T16:30:00Z,221,0,0,0,0,0,0,0,0,0,0,0,0,0,0,0.00,0.00,0.00,0.00,50,16453,0,0
25,Nwaneri,Arsenal,MID,24,Leeds,False,2026-01-31T15:00:00Z,234,0,0,0,0,0,0,0,0,0,0,0,0,0,0,0.00,0.00,0.00,0.00,50,15890,0,0
25,Nwaneri,Arsenal,MID,25,Sunderland,True,2026-02-07T15:00:00Z,241,0,0,0,0,0,0,0,0,0,0,0,0,0,0,0.00,0.00,0.00,0.00,50,15600,0,0
25,Nwaneri,Arsenal,MID,26,Brentford,False,2026-02-12T20:00:00Z,252,0,0,0,0,0,0,0,0,0,0,0,0,0,0,0.00,0.00,0.00,0.00,50,15353,0,0
25,Nwaneri,Arsenal,MID,26,Wolves,False,2026-02-18T20:00:00Z,310,0,0,0,0,0,0,0,0,0,0,0,0,0,0,0.00,0.00,0.00,0.00,50,15353,0,0
25,Nwaneri,Arsenal,MID,27,Spurs,False,2026-02-22T16:30:00Z,269,0,0,0,0,0,0,0,0,0,0,0,0,0,0,0.00,0.00,0.00,0.00,50,15164,0,0
25,Nwaneri,Arsenal,MID,28,Chelsea,True,2026-03-01T16:30:00Z,271,0,0,0,0,0,0,0,0,0,0,0,0,0,0,0.00,0.00,0.00,0.00,50,15089,0,0
25,Nwaneri,Arsenal,MID,29,Brighton,False,2026-03-04T19:30:00Z,283,0,0,0,0,0,0,0,0,0,0,0,0,0,0,0.00,0.00,0.00,0.00,50,14998,0,0
25,Nwaneri,Arsenal,MID,30,Everton,True,2026-03-14T17:30:00Z,291,0,0,0,0,0,0,0,0,0,0,0,0,0,0,0.00,0.00,0.00,0.00,50,14895,0,0
25,Nwaneri,Arsenal,MID,32,Bournemouth,True,2026-04-11T11:30:00Z,311,0,0,0,0,0,0,0,0,0,0,0,0,0,0,0.00,0.00,0.00,0.00,50,14783,0,0
25,Nwaneri,Arsenal,MID,33,Man City,False,2026-04-19T15:30:00Z,327,0,0,0,0,0,0,0,0,0,0,0,0,0,0,0.00,0.00,0.00,0.00,50,14754,0,0
25,Nwaneri,Arsenal,MID,34,Newcastle,True,2026-04-25T16:30:00Z,331,0,0,0,0,0,0,0,0,0,0,0,0,0,0,0.00,0.00,0.00,0.00,50,14728,0,0
25,Nwaneri,Arsenal,MID,35,Fulham,True,2026-05-02T16:30:00Z,341,0,0,0,0,0,0,0,0,0,0,0,0,0,0,0.00,0.00,0.00,0.00,50,14712,0,0
25,Nwaneri,Arsenal,MID,36,West Ham,False,2026-05-10T15:30:00Z,360,0,0,0,0,0,0,0,0,0,0,0,0,0,0,0.00,0.00,0.00,0.00,50,14675,0,0
25,Nwaneri,Arsenal,MID,37,Burnley,True,2026-05-18T19:00:00Z,361,0,0,0,0,0,0,0,0,0,0,0,0,0,0,0.00,0.00,0.00,0.00,50,14653,0,0
25,Nwaneri,Arsenal,MID,38,Crystal Palace,False,2026-05-24T15:00:00Z,373,0,0,0,0,0,0,0,0,0,0,0,0,0,0,0.00,0.00,0.00,0.00,50,14624,0,0
26,Zubimendi,Arsenal,MID,1,Man Utd,False,2025-08-17T15:30:00Z,9,90,0,0,0,0,0,1,0,0,0,12,0,0,15,0.00,0.01,0.01,1.52,55,201395,5,5
26,Zubimendi,Arsenal,MID,2,Leeds,True,2025-08-23T16:30:00Z,11,90,0,0,0,0,0,1,0,0,0,8,0,0,12,0.02,0.02,0.04,0.17,55,247409,3,3
26,Zubimendi,Arsenal,MID,3,Liverpool,False,2025-08-31T15:30:00Z,25,90,0,0,1,0,0,0,0,0,0,7,1,0,4,0.03,0.02,0.05,0.52,55,219699,1,1
26,Zubimendi,Arsenal,MID,4,Nott'm Forest,True,2025-09-13T11:30:00Z,31,90,2,0,0,0,0,1,0,0,0,2,0,3,52,0.16,0.03,0.19,0.20,54,210114,16,16
26,Zubimendi,Arsenal,MID,5,Man City,True,2025-09-21T15:30:00Z,41,90,0,0,0,0,0,0,0,0,0,5,1,0,13,0.05,0.04,0.09,0.89,54,445650,2,2
26,Zubimendi,Arsenal,MID,6,Newcastle,False,2025-09-28T15:30:00Z,58,81,0,0,0,0,0,0,0,0,0,9,1,0,24,0.00,0.52,0.52,0.53,55,509381,2,2
26,Zubimendi,Arsenal,MID,7,West Ham,True,2025-10-04T14:00:00Z,61,60,0,0,0,0,0,1,0,0,0,11,0,0,20,0.00,0.16,0.16,0.15,55,544196,3,3
26,Zubimendi,Arsenal,MID,8,Fulham,False,2025-10-18T16:30:00Z,74,90,0,0,0,0,0,1,0,0,0,5,0,0,12,0.00,0.06,0.06,0.44,55,516539,3,3
26,Zubimendi,Arsenal,MID,9,Crystal Palace,True,2025-10-26T14:00:00Z,81,90,0,0,0,0,0,1,0,0,0,15,0,0,15,0.00,0.03,0.03,0.47,55,485411,5,5
26,Zubimendi,Arsenal,MID,10,Burnley,False,2025-11-01T15:00:00Z,92,76,0,0,0,0,0,1,0,0,0,3,0,0,10,0.00,0.02,0.02,0.37,55,467158,3,3
26,Zubimendi,Arsenal,MID,11,Sunderland,False,2025-11-08T17:30:00Z,108,90,0,1,1,0,0,0,0,0,0,11,2,1,27,0.28,0.09,0.37,0.44,54,360865,5,5
26,Zubimendi,Arsenal,MID,12,Spurs,True,2025-11-23T16:30:00Z,111,90,0,0,0,0,0,0,0,0,0,10,1,0,12,0.05,0.01,0.06,0.07,54,358171,2,2
26,Zubimendi,Arsenal,MID,13,Chelsea,False,2025-11-30T16:30:00Z,123,56,0,0,1,0,0,0,0,0,0,4,1,0,1,0.00,0.01,0.01,0.52,54,332164,0,0
26,Zubimendi,Arsenal,MID,14,Brentford,True,2025-12-03T19:30:00Z,131,90,0,0,0,0,0,1,0,0,0,9,0,0,18,0.00,0.02,0.02,0.35,53,323942,3,3
26,Zubimendi,Arsenal,MID,15,Aston Villa,False,2025-12-06T12:30:00Z,141,90,0,0,0,0,0,0,0,0,0,8,2,0,14,0.00,0.02,0.02,2.16,53,312202,2,2
26,Zubimendi,Arsenal,MID,16,Wolves,True,2025-12-13T20:00:00Z,151,57,0,0,0,0,0,0,0,0,0,4,0,0,6,0.00,0.03,0.03,0.28,53,294550,1,1
26,Zubimendi,Arsenal,MID,17,Everton,False,2025-12-20T20:00:00Z,164,90,0,0,0,0,0,1,0,0,0,9,0,0,13,0.14,0.03,0.17,0.20,52,282360,3,3
26,Zubimendi,Arsenal,MID,18,Brighton,True,2025-12-27T15:00:00Z,171,90,0,0,0,0,0,0,0,0,0,10,1,0,20,0.42,0.06,0.48,0.85,52,279378,2,2
26,Zubimendi,Arsenal,MID,19,Aston Villa,True,2025-12-30T20:15:00Z,181,90,1,0,0,0,0,0,0,0,0,6,1,1,37,0.72,0.08,0.80,2.67,52,270136,8,8
26,Zubimendi,Arsenal,MID,20,Bournemouth,False,2026-01-03T17:30:00Z,192,90,0,0,1,0,0,0,0,0,0,21,2,0,19,0.00,0.08,0.08,1.43,52,291279,3,3
26,Zubimendi,Arsenal,MID,21,Liverpool,True,2026-01-08T20:00:00Z,201,90,0,0,0,0,0,1,0,0,0,12,0,0,16,0.00,0.11,0.11,0.36,52,281986,5,5
26,Zubimendi,Arsenal,MID,22,Nott'm Forest,False,2026-01-17T17:30:00Z,217,78,0,0,0,0,0,1,0,0,0,7,0,0,13,0.00,0.01,0.01,0.28,52,282560,3,3
26,Zubimendi,Arsenal,MID,23,Man Utd,True,2026-01-25T16:30:00Z,221,57,0,0,0,0,0,0,0,0,0,6,2,0,8,0.31,0.01,0.32,0.44,52,284379,1,1
26,Zubimendi,Arsenal,MID,24,Leeds,False,2026-01-31T15:00:00Z,234,90,1,0,0,0,0,1,0,0,0,11,0,2,35,0.35,0.01,0.36,0.15,52,283208,10,10
26,Zubimendi,Arsenal,MID,25,Sunderland,True,2026-02-07T15:00:00Z,241,90,1,0,0,0,0,1,0,0,0,9,0,2,39,0.03,0.04,0.07,0.19,52,333525,10,10
26,Zubimendi,Arsenal,MID,26,Brentford,False,2026-02-12T20:00:00Z,252,90,0,0,0,0,0,0,0,0,0,6,1,0,13,0.00,0.30,0.30,1.51,53,779149,2,2
26,Zubimendi,Arsenal,MID,26,Wolves,False,2026-02-18T20:00:00Z,310,90,0,0,0,0,0,0,0,0,0,12,2,0,17,0.00,0.02,0.02,0.29,53,779149,4,4
26,Zubimendi,Arsenal,MID,27,Spurs,False,2026-02-22T16:30:00Z,269,90,0,0,0,0,0,0,0,0,0,7,1,0,14,0.00,0.02,0.02,0.76,53,708242,2,2
26,Zubimendi,Arsenal,MID,28,Chelsea,True,2026-03-01T16:30:00Z,271,90,0,0,0,0,0,0,0,0,0,7,1,0,11,0.08,0.21,0.29,1.05,53,646267,2,2
26,Zubimendi,Arsenal,MID,29,Brighton,False,2026-03-04T19:30:00Z,283,79,0,0,0,0,0,1,0,0,0,7,0,0,7,0.03,0.00,0.03,0.82,52,592229,3,3
26,Zubimendi,Arsenal,MID,30,Everton,True,2026-03-14T17:30:00Z,291,73,0,0,0,0,0,1,0,0,0,4,0,0,13,0.10,0.12,0.22,0.99,52,544852,3,3
26,Zubimendi,Arsenal,MID,32,Bournemouth,True,2026-04-11T11:30:00Z,311,75,0,0,0,0,0,0,0,0,0,10,2,0,14,0.00,0.01,0.01,1.18,51,450103,2,2
26,Zubimendi,Arsenal,MID,33,Man City,False,2026-04-19T15:30:00Z,327,83,0,0,0,0,0,0,0,0,0,12,2,0,12,0.00,0.00,0.00,1.36,50,394001,4,4
26,Zubimendi,Arsenal,MID,34,Newcastle,True,2026-04-25T16:30:00Z,331,80,0,0,0,0,0,1,0,0,0,16,0,0,19,0.07,0.02,0.09,0.94,50,402036,5,5
26,Zubimendi,Arsenal,MID,35,Fulham,True,2026-05-02T16:30:00Z,341,26,0,0,0,0,0,0,0,0,0,3,0,0,5,0.00,0.00,0.00,0.17,50,404694,1,1
26,Zubimendi,Arsenal,MID,36,West Ham,False,2026-05-10T15:30:00Z,360,39,0,0,0,0,0,0,0,0,0,2,0,0,7,0.00,0.01,0.01,0.39,50,384521,1,1
26,Zubimendi,Arsenal,MID,37,Burnley,True,2026-05-18T19:00:00Z,361,1,0,0,0,0,0,0,0,0,0,0,0,0,3,0.00,0.00,0.00,0.00,49,369999,1,1
26,Zubimendi,Arsenal,MID,38,Crystal Palace,False,2026-05-24T15:00:00Z,373,90,0,0,0,0,0,0,0,0,0,7,1,0,14,0.00,0.04,0.04,0.98,49,356300,2,2
28,Kabia,Arsenal,MID,1,Man Utd,False,2025-08-17T15:30:00Z,9,0,0,0,0,0,0,0,0,0,0,0,0,0,0,0.00,0.00,0.00,0.00,45,26438,0,0
28,Kabia,Arsenal,MID,2,Leeds,True,2025-08-23T16:30:00Z,11,0,0,0,0,0,0,0,0,0,0,0,0,0,0,0.00,0.00,0.00,0.00,45,31592,0,0
28,Kabia,Arsenal,MID,3,Liverpool,False,2025-08-31T15:30:00Z,25,0,0,0,0,0,0,0,0,0,0,0,0,0,0,0.00,0.00,0.00,0.00,45,30300,0,0
28,Kabia,Arsenal,MID,4,Nott'm Forest,True,2025-09-13T11:30:00Z,31,0,0,0,0,0,0,0,0,0,0,0,0,0,0,0.00,0.00,0.00,0.00,45,24940,0,0
28,Kabia,Arsenal,MID,5,Man City,True,2025-09-21T15:30:00Z,41,0,0,0,0,0,0,0,0,0,0,0,0,0,0,0.00,0.00,0.00,0.00,45,21723,0,0
28,Kabia,Arsenal,MID,6,Newcastle,False,2025-09-28T15:30:00Z,58,0,0,0,0,0,0,0,0,0,0,0,0,0,0,0.00,0.00,0.00,0.00,45,19494,0,0
28,Kabia,Arsenal,MID,7,West Ham,True,2025-10-04T14:00:00Z,61,0,0,0,0,0,0,0,0,0,0,0,0,0,0,0.00,0.00,0.00,0.00,45,18099,0,0
28,Kabia,Arsenal,MID,8,Fulham,False,2025-10-18T16:30:00Z,74,0,0,0,0,0,0,0,0,0,0,0,0,0,0,0.00,0.00,0.00,0.00,45,16760,0,0
28,Kabia,Arsenal,MID,9,Crystal Palace,True,2025-10-26T14:00:00Z,81,0,0,0,0,0,0,0,0,0,0,0,0,0,0,0.00,0.00,0.00,0.00,45,16004,0,0
28,Kabia,Arsenal,MID,10,Burnley,False,2025-11-01T15:00:00Z,92,0,0,0,0,0,0,0,0,0,0,0,0,0,0,0.00,0.00,0.00,0.00,45,15279,0,0
28,Kabia,Arsenal,MID,11,Sunderland,False,2025-11-08T17:30:00Z,108,0,0,0,0,0,0,0,0,0,0,0,0,0,0,0.00,0.00,0.00,0.00,45,14777,0,0
28,Kabia,Arsenal,MID,12,Spurs,True,2025-11-23T16:30:00Z,111,0,0,0,0,0,0,0,0,0,0,0,0,0,0,0.00,0.00,0.00,0.00,45,14409,0,0
28,Kabia,Arsenal,MID,13,Chelsea,False,2025-11-30T16:30:00Z,123,0,0,0,0,0,0,0,0,0,0,0,0,0,0,0.00,0.00,0.00,0.00,45,14125,0,0
28,Kabia,Arsenal,MID,14,Brentford,True,2025-12-03T19:30:00Z,131,0,0,0,0,0,0,0,0,0,0,0,0,0,0,0.00,0.00,0.00,0.00,45,13972,0,0
28,Kabia,Arsenal,MID,15,Aston Villa,False,2025-12-06T12:30:00Z,141,0,0,0,0,0,0,0,0,0,0,0,0,0,0,0.00,0.00,0.00,0.00,45,13788,0,0
28,Kabia,Arsenal,MID,16,Wolves,True,2025-12-13T20:00:00Z,151,0,0,0,0,0,0,0,0,0,0,0,0,0,0,0.00,0.00,0.00,0.00,45,13453,0,0
28,Kabia,Arsenal,MID,17,Everton,False,2025-12-20T20:00:00Z,164,0,0,0,0,0,0,0,0,0,0,0,0,0,0,0.00,0.00,0.00,0.00,45,13252,0,0
28,Kabia,Arsenal,MID,18,Brighton,True,2025-12-27T15:00:00Z,171,0,0,0,0,0,0,0,0,0,0,0,0,0,0,0.00,0.00,0.00,0.00,45,13093,0,0
28,Kabia,Arsenal,MID,19,Aston Villa,True,2025-12-30T20:15:00Z,181,0,0,0,0,0,0,0,0,0,0,0,0,0,0,0.00,0.00,0.00,0.00,45,13015,0,0
28,Kabia,Arsenal,MID,20,Bournemouth,False,2026-01-03T17:30:00Z,192,0,0,0,0,0,0,0,0,0,0,0,0,0,0,0.00,0.00,0.00,0.00,45,12973,0,0
28,Kabia,Arsenal,MID,21,Liverpool,True,2026-01-08T20:00:00Z,201,0,0,0,0,0,0,0,0,0,0,0,0,0,0,0.00,0.00,0.00,0.00,45,12926,0,0
28,Kabia,Arsenal,MID,22,Nott'm Forest,False,2026-01-17T17:30:00Z,217,0,0,0,0,0,0,0,0,0,0,0,0,0,0,0.00,0.00,0.00,0.00,45,12826,0,0
28,Kabia,Arsenal,MID,23,Man Utd,True,2026-01-25T16:30:00Z,221,0,0,0,0,0,0,0,0,0,0,0,0,0,0,0.00,0.00,0.00,0.00,45,12778,0,0
28,Kabia,Arsenal,MID,24,Leeds,False,2026-01-31T15:00:00Z,234,0,0,0,0,0,0,0,0,0,0,0,0,0,0,0.00,0.00,0.00,0.00,45,12727,0,0
28,Kabia,Arsenal,MID,25,Sunderland,True,2026-02-07T15:00:00Z,241,0,0,0,0,0,0,0,0,0,0,0,0,0,0,0.00,0.00,0.00,0.00,45,12687,0,0
28,Kabia,Arsenal,MID,26,Brentford,False,2026-02-12T20:00:00Z,252,0,0,0,0,0,0,0,0,0,0,0,0,0,0,0.00,0.00,0.00,0.00,45,12604,0,0
28,Kabia,Arsenal,MID,26,Wolves,False,2026-02-18T20:00:00Z,310,0,0,0,0,0,0,0,0,0,0,0,0,0,0,0.00,0.00,0.00,0.00,45,12604,0,0
28,Kabia,Arsenal,MID,27,Spurs,False,2026-02-22T16:30:00Z,269,0,0,0,0,0,0,0,0,0,0,0,0,0,0,0.00,0.00,0.00,0.00,45,12563,0,0
28,Kabia,Arsenal,MID,28,Chelsea,True,2026-03-01T16:30:00Z,271,0,0,0,0,0,0,0,0,0,0,0,0,0,0,0.00,0.00,0.00,0.00,45,12537,0,0
28,Kabia,Arsenal,MID,29,Brighton,False,2026-03-04T19:30:00Z,283,0,0,0,0,0,0,0,0,0,0,0,0,0,0,0.00,0.00,0.00,0.00,45,12512,0,0
28,Kabia,Arsenal,MID,30,Everton,True,2026-03-14T17:30:00Z,291,0,0,0,0,0,0,0,0,0,0,0,0,0,0,0.00,0.00,0.00,0.00,45,12484,0,0
28,Kabia,Arsenal,MID,32,Bournemouth,True,2026-04-11T11:30:00Z,311,0,0,0,0,0,0,0,0,0,0,0,0,0,0,0.00,0.00,0.00,0.00,45,12447,0,0
28,Kabia,Arsenal,MID,33,Man City,False,2026-04-19T15:30:00Z,327,0,0,0,0,0,0,0,0,0,0,0,0,0,0,0.00,0.00,0.00,0.00,45,12442,0,0
28,Kabia,Arsenal,MID,34,Newcastle,True,2026-04-25T16:30:00Z,331,0,0,0,0,0,0,0,0,0,0,0,0,0,0,0.00,0.00,0.00,0.00,45,12425,0,0
28,Kabia,Arsenal,MID,35,Fulham,True,2026-05-02T16:30:00Z,341,0,0,0,0,0,0,0,0,0,0,0,0,0,0,0.00,0.00,0.00,0.00,45,12416,0,0
28,Kabia,Arsenal,MID,36,West Ham,False,2026-05-10T15:30:00Z,360,0,0,0,0,0,0,0,0,0,0,0,0,0,0,0.00,0.00,0.00,0.00,45,12398,0,0
28,Kabia,Arsenal,MID,37,Burnley,True,2026-05-18T19:00:00Z,361,0,0,0,0,0,0,0,0,0,0,0,0,0,0,0.00,0.00,0.00,0.00,45,12382,0,0
28,Kabia,Arsenal,MID,38,Crystal Palace,False,2026-05-24T15:00:00Z,373,0,0,0,0,0,0,0,0,0,0,0,0,0,0,0.00,0.00,0.00,0.00,45,12366,0,0
29,Sambi,Arsenal,MID,1,Man Utd,False,2025-08-17T15:30:00Z,9,0,0,0,0,0,0,0,0,0,0,0,0,0,0,0.00,0.00,0.00,0.00,45,12350,0,0
29,Sambi,Arsenal,MID,2,Leeds,True,2025-08-23T16:30:00Z,11,0,0,0,0,0,0,0,0,0,0,0,0,0,0,0.00,0.00,0.00,0.00,45,15114,0,0
29,Sambi,Arsenal,MID,3,Liverpool,False,2025-08-31T15:30:00Z,25,0,0,0,0,0,0,0,0,0,0,0,0,0,0,0.00,0.00,0.00,0.00,45,14501,0,0
29,Sambi,Arsenal,MID,4,Nott'm Forest,True,2025-09-13T11:30:00Z,31,0,0,0,0,0,0,0,0,0,0,0,0,0,0,0.00,0.00,0.00,0.00,45,11909,0,0
29,Sambi,Arsenal,MID,5,Man City,True,2025-09-21T15:30:00Z,41,0,0,0,0,0,0,0,0,0,0,0,0,0,0,0.00,0.00,0.00,0.00,45,10333,0,0
29,Sambi,Arsenal,MID,6,Newcastle,False,2025-09-28T15:30:00Z,58,0,0,0,0,0,0,0,0,0,0,0,0,0,0,0.00,0.00,0.00,0.00,45,9353,0,0
29,Sambi,Arsenal,MID,7,West Ham,True,2025-10-04T14:00:00Z,61,0,0,0,0,0,0,0,0,0,0,0,0,0,0,0.00,0.00,0.00,0.00,45,8757,0,0
29,Sambi,Arsenal,MID,8,Fulham,False,2025-10-18T16:30:00Z,74,0,0,0,0,0,0,0,0,0,0,0,0,0,0,0.00,0.00,0.00,0.00,45,8160,0,0
29,Sambi,Arsenal,MID,9,Crystal Palace,True,2025-10-26T14:00:00Z,81,0,0,0,0,0,0,0,0,0,0,0,0,0,0,0.00,0.00,0.00,0.00,45,7873,0,0
29,Sambi,Arsenal,MID,10,Burnley,False,2025-11-01T15:00:00Z,92,0,0,0,0,0,0,0,0,0,0,0,0,0,0,0.00,0.00,0.00,0.00,45,7545,0,0
29,Sambi,Arsenal,MID,11,Sunderland,False,2025-11-08T17:30:00Z,108,0,0,0,0,0,0,0,0,0,0,0,0,0,0,0.00,0.00,0.00,0.00,45,7337,0,0
29,Sambi,Arsenal,MID,12,Spurs,True,2025-11-23T16:30:00Z,111,0,0,0,0,0,0,0,0,0,0,0,0,0,0,0.00,0.00,0.00,0.00,45,7164,0,0
29,Sambi,Arsenal,MID,13,Chelsea,False,2025-11-30T16:30:00Z,123,0,0,0,0,0,0,0,0,0,0,0,0,0,0,0.00,0.00,0.00,0.00,45,7038,0,0
29,Sambi,Arsenal,MID,14,Brentford,True,2025-12-03T19:30:00Z,131,0,0,0,0,0,0,0,0,0,0,0,0,0,0,0.00,0.00,0.00,0.00,45,6977,0,0
29,Sambi,Arsenal,MID,15,Aston Villa,False,2025-12-06T12:30:00Z,141,0,0,0,0,0,0,0,0,0,0,0,0,0,0,0.00,0.00,0.00,0.00,45,6911,0,0
29,Sambi,Arsenal,MID,16,Wolves,True,2025-12-13T20:00:00Z,151,0,0,0,0,0,0,0,0,0,0,0,0,0,0,0.00,0.00,0.00,0.00,45,6765,0,0
29,Sambi,Arsenal,MID,17,Everton,False,2025-12-20T20:00:00Z,164,0,0,0,0,0,0,0,0,0,0,0,0,0,0,0.00,0.00,0.00,0.00,45,6701,0,0
29,Sambi,Arsenal,MID,18,Brighton,True,2025-12-27T15:00:00Z,171,0,0,0,0,0,0,0,0,0,0,0,0,0,0,0.00,0.00,0.00,0.00,45,6627,0,0
29,Sambi,Arsenal,MID,19,Aston Villa,True,2025-12-30T20:15:00Z,181,0,0,0,0,0,0,0,0,0,0,0,0,0,0,0.00,0.00,0.00,0.00,45,6604,0,0
29,Sambi,Arsenal,MID,20,Bournemouth,False,2026-01-03T17:30:00Z,192,0,0,0,0,0,0,0,0,0,0,0,0,0,0,0.00,0.00,0.00,0.00,45,6580,0,0
29,Sambi,Arsenal,MID,21,Liverpool,True,2026-01-08T20:00:00Z,201,0,0,0,0,0,0,0,0,0,0,0,0,0,0,0.00,0.00,0.00,0.00,45,6550,0,0
29,Sambi,Arsenal,MID,22,Nott'm Forest,False,2026-01-17T17:30:00Z,217,0,0,0,0,0,0,0,0,0,0,0,0,0,0,0.00,0.00,0.00,0.00,45,6516,0,0
29,Sambi,Arsenal,MID,23,Man Utd,True,2026-01-25T16:30:00Z,221,0,0,0,0,0,0,0,0,0,0,0,0,0,0,0.00,0.00,0.00,0.00,45,6498,0,0
29,Sambi,Arsenal,MID,24,Leeds,False,2026-01-31T15:00:00Z,234,0,0,0,0,0,0,0,0,0,0,0,0,0,0,0.00,0.00,0.00,0.00,45,6468,0,0
29,Sambi,Arsenal,MID,25,Sunderland,True,2026-02-07T15:00:00Z,241,0,0,0,0,0,0,0,0,0,0,0,0,0,0,0.00,0.00,0.00,0.00,45,6448,0,0
29,Sambi,Arsenal,MID,26,Brentford,False,2026-02-12T20:00:00Z,252,0,0,0,0,0,0,0,0,0,0,0,0,0,0,0.00,0.00,0.00,0.00,45,6416,0,0
29,Sambi,Arsenal,MID,26,Wolves,False,2026-02-18T20:00:00Z,310,0,0,0,0,0,0,0,0,0,0,0,0,0,0,0.00,0.00,0.00,0.00,45,6416,0,0
29,Sambi,Arsenal,MID,27,Spurs,False,2026-02-22T16:30:00Z,269,0,0,0,0,0,0,0,0,0,0,0,0,0,0,0.00,0.00,0.00,0.00,45,6405,0,0
29,Sambi,Arsenal,MID,28,Chelsea,True,2026-03-01T16:30:00Z,271,0,0,0,0,0,0,0,0,0,0,0,0,0,0,0.00,0.00,0.00,0.00,45,6393,0,0
29,Sambi,Arsenal,MID,29,Brighton,False,2026-03-04T19:30:00Z,283,0,0,0,0,0,0,0,0,0,0,0,0,0,0,0.00,0.00,0.00,0.00,45,6374,0,0
29,Sambi,Arsenal,MID,30,Everton,True,2026-03-14T17:30:00Z,291,0,0,0,0,0,0,0,0,0,0,0,0,0,0,0.00,0.00,0.00,0.00,45,6359,0,0
29,Sambi,Arsenal,MID,32,Bournemouth,True,2026-04-11T11:30:00Z,311,0,0,0,0,0,0,0,0,0,0,0,0,0,0,0.00,0.00,0.00,0.00,45,6336,0,0
29,Sambi,Arsenal,MID,33,Man City,False,2026-04-19T15:30:00Z,327,0,0,0,0,0,0,0,0,0,0,0,0,0,0,0.00,0.00,0.00,0.00,45,6321,0,0
29,Sambi,Arsenal,MID,34,Newcastle,True,2026-04-25T16:30:00Z,331,0,0,0,0,0,0,0,0,0,0,0,0,0,0,0.00,0.00,0.00,0.00,45,6310,0,0
29,Sambi,Arsenal,MID,35,Fulham,True,2026-05-02T16:30:00Z,341,0,0,0,0,0,0,0,0,0,0,0,0,0,0,0.00,0.00,0.00,0.00,45,6305,0,0
29,Sambi,Arsenal,MID,36,West Ham,False,2026-05-10T15:30:00Z,360,0,0,0,0,0,0,0,0,0,0,0,0,0,0,0.00,0.00,0.00,0.00,45,6301,0,0
29,Sambi,Arsenal,MID,37,Burnley,True,2026-05-18T19:00:00Z,361,0,0,0,0,0,0,0,0,0,0,0,0,0,0,0.00,0.00,0.00,0.00,45,6296,0,0
29,Sambi,Arsenal,MID,38,Crystal Palace,False,2026-05-24T15:00:00Z,373,0,0,0,0,0,0,0,0,0,0,0,0,0,0,0.00,0.00,0.00,0.00,45,6295,0,0
30,Havertz,Arsenal,FWD,1,Man Utd,False,2025-08-17T15:30:00Z,9,30,0,0,0,0,0,0,0,0,0,3,0,0,4,0.00,0.01,0.01,0.82,75,117967,1,1
30,Havertz,Arsenal,FWD,2,Leeds,True,2025-08-23T16:30:00Z,11,0,0,0,0,0,0,0,0,0,0,0,0,0,0,0.00,0.00,0.00,0.00,75,102996,0,0
30,Havertz,Arsenal,FWD,3,Liverpool,False,2025-08-31T15:30:00Z,25,0,0,0,0,0,0,0,0,0,0,0,0,0,0,0.00,0.00,0.00,0.00,74,61485,0,0
30,Havertz,Arsenal,FWD,4,Nott'm Forest,True,2025-09-13T11:30:00Z,31,0,0,0,0,0,0,0,0,0,0,0,0,0,0,0.00,0.00,0.00,0.00,74,51020,0,0
30,Havertz,Arsenal,FWD,5,Man City,True,2025-09-21T15:30:00Z,41,0,0,0,0,0,0,0,0,0,0,0,0,0,0,0.00,0.00,0.00,0.00,73,47388,0,0
30,Havertz,Arsenal,FWD,6,Newcastle,False,2025-09-28T15:30:00Z,58,0,0,0,0,0,0,0,0,0,0,0,0,0,0,0.00,0.00,0.00,0.00,73,45407,0,0
30,Havertz,Arsenal,FWD,7,West Ham,True,2025-10-04T14:00:00Z,61,0,0,0,0,0,0,0,0,0,0,0,0,0,0,0.00,0.00,0.00,0.00,73,44160,0,0
30,Havertz,Arsenal,FWD,8,Fulham,False,2025-10-18T16:30:00Z,74,0,0,0,0,0,0,0,0,0,0,0,0,0,0,0.00,0.00,0.00,0.00,73,42955,0,0
30,Havertz,Arsenal,FWD,9,Crystal Palace,True,2025-10-26T14:00:00Z,81,0,0,0,0,0,0,0,0,0,0,0,0,0,0,0.00,0.00,0.00,0.00,73,42469,0,0
30,Havertz,Arsenal,FWD,10,Burnley,False,2025-11-01T15:00:00Z,92,0,0,0,0,0,0,0,0,0,0,0,0,0,0,0.00,0.00,0.00,0.00,73,41987,0,0
30,Havertz,Arsenal,FWD,11,Sunderland,False,2025-11-08T17:30:00Z,108,0,0,0,0,0,0,0,0,0,0,0,0,0,0,0.00,0.00,0.00,0.00,73,41625,0,0
30,Havertz,Arsenal,FWD,12,Spurs,True,2025-11-23T16:30:00Z,111,0,0,0,0,0,0,0,0,0,0,0,0,0,0,0.00,0.00,0.00,0.00,73,41508,0,0
30,Havertz,Arsenal,FWD,13,Chelsea,False,2025-11-30T16:30:00Z,123,0,0,0,0,0,0,0,0,0,0,0,0,0,0,0.00,0.00,0.00,0.00,73,41495,0,0
30,Havertz,Arsenal,FWD,14,Brentford,True,2025-12-03T19:30:00Z,131,0,0,0,0,0,0,0,0,0,0,0,0,0,0,0.00,0.00,0.00,0.00,73,41449,0,0
30,Havertz,Arsenal,FWD,15,Aston Villa,False,2025-12-06T12:30:00Z,141,0,0,0,0,0,0,0,0,0,0,0,0,0,0,0.00,0.00,0.00,0.00,73,41275,0,0
30,Havertz,Arsenal,FWD,16,Wolves,True,2025-12-13T20:00:00Z,151,0,0,0,0,0,0,0,0,0,0,0,0,0,0,0.00,0.00,0.00,0.00,73,41110,0,0
30,Havertz,Arsenal,FWD,17,Everton,False,2025-12-20T20:00:00Z,164,0,0,0,0,0,0,0,0,0,0,0,0,0,0,0.00,0.00,0.00,0.00,73,40960,0,0
30,Havertz,Arsenal,FWD,18,Brighton,True,2025-12-27T15:00:00Z,171,0,0,0,0,0,0,0,0,0,0,0,0,0,0,0.00,0.00,0.00,0.00,73,40854,0,0
30,Havertz,Arsenal,FWD,19,Aston Villa,True,2025-12-30T20:15:00Z,181,0,0,0,0,0,0,0,0,0,0,0,0,0,0,0.00,0.00,0.00,0.00,73,40925,0,0
30,Havertz,Arsenal,FWD,20,Bournemouth,False,2026-01-03T17:30:00Z,192,0,0,0,0,0,0,0,0,0,0,0,0,0,0,0.00,0.00,0.00,0.00,73,41675,0,0
30,Havertz,Arsenal,FWD,21,Liverpool,True,2026-01-08T20:00:00Z,201,0,0,0,0,0,0,0,0,0,0,0,0,0,0,0.00,0.00,0.00,0.00,73,42177,0,0
30,Havertz,Arsenal,FWD,22,Nott'm Forest,False,2026-01-17T17:30:00Z,217,0,0,0,0,0,0,0,0,0,0,0,0,0,0,0.00,0.00,0.00,0.00,73,43624,0,0
30,Havertz,Arsenal,FWD,23,Man Utd,True,2026-01-25T16:30:00Z,221,0,0,0,0,0,0,0,0,0,0,0,0,0,0,0.00,0.00,0.00,0.00,73,43996,0,0
30,Havertz,Arsenal,FWD,24,Leeds,False,2026-01-31T15:00:00Z,234,60,0,0,0,0,0,1,0,0,0,4,0,0,11,0.00,0.01,0.01,0.12,73,55362,2,2
30,Havertz,Arsenal,FWD,25,Sunderland,True,2026-02-07T15:00:00Z,241,66,0,1,0,0,0,1,0,0,0,3,0,0,25,0.21,0.04,0.25,0.17,73,70720,5,5
30,Havertz,Arsenal,FWD,26,Brentford,False,2026-02-12T20:00:00Z,252,0,0,0,0,0,0,0,0,0,0,0,0,0,0,0.00,0.00,0.00,0.00,73,135400,0,0
30,Havertz,Arsenal,FWD,26,Wolves,False,2026-02-18T20:00:00Z,310,0,0,0,0,0,0,0,0,0,0,0,0,0,0,0.00,0.00,0.00,0.00,73,135400,0,0
30,Havertz,Arsenal,FWD,27,Spurs,False,2026-02-22T16:30:00Z,269,0,0,0,0,0,0,0,0,0,0,0,0,0,0,0.00,0.00,0.00,0.00,73,81087,0,0
30,Havertz,Arsenal,FWD,28,Chelsea,True,2026-03-01T16:30:00Z,271,14,0,0,0,0,0,0,0,0,0,2,0,0,4,0.00,0.00,0.00,0.05,73,66912,1,1
30,Havertz,Arsenal,FWD,29,Brighton,False,2026-03-04T19:30:00Z,283,31,0,0,0,0,0,0,0,0,0,2,0,0,6,0.10,0.00,0.10,0.27,73,62254,1,1
30,Havertz,Arsenal,FWD,30,Everton,True,2026-03-14T17:30:00Z,291,60,0,0,0,0,0,1,0,0,0,0,0,0,7,0.00,0.03,0.03,0.98,73,62383,2,2
30,Havertz,Arsenal,FWD,32,Bournemouth,True,2026-04-11T11:30:00Z,311,53,0,0,0,0,0,0,0,0,0,7,1,0,-5,0.96,0.01,0.97,0.70,73,63824,1,1
30,Havertz,Arsenal,FWD,33,Man City,False,2026-04-19T15:30:00Z,327,90,1,0,0,0,0,0,0,0,0,3,2,0,21,1.25,0.00,1.25,1.36,73,60304,6,6
30,Havertz,Arsenal,FWD,34,Newcastle,True,2026-04-25T16:30:00Z,331,33,0,1,0,0,0,0,0,0,0,1,0,0,13,0.00,0.03,0.03,0.33,73,152770,4,4
30,Havertz,Arsenal,FWD,35,Fulham,True,2026-05-02T16:30:00Z,341,0,0,0,0,0,0,0,0,0,0,0,0,0,0,0.00,0.00,0.00,0.00,73,85089,0,0
30,Havertz,Arsenal,FWD,36,West Ham,False,2026-05-10T15:30:00Z,360,23,0,0,0,0,0,0,0,0,0,2,0,0,6,0.00,0.00,0.00,0.76,73,74917,1,1
30,Havertz,Arsenal,FWD,37,Burnley,True,2026-05-18T19:00:00Z,361,72,1,0,1,0,0,1,0,0,0,2,0,3,34,0.39,0.33,0.72,0.19,73,74912,8,8
30,Havertz,Arsenal,FWD,38,Crystal Palace,False,2026-05-24T15:00:00Z,373,45,0,1,0,0,0,0,0,0,0,3,1,0,17,0.40,0.18,0.58,0.93,73,90159,4,4
31,G.Jesus,Arsenal,FWD,1,Man Utd,False,2025-08-17T15:30:00Z,9,0,0,0,0,0,0,0,0,0,0,0,0,0,0,0.00,0.00,0.00,0.00,65,4244,0,0
31,G.Jesus,Arsenal,FWD,2,Leeds,True,2025-08-23T16:30:00Z,11,0,0,0,0,0,0,0,0,0,0,0,0,0,0,0.00,0.00,0.00,0.00,65,4756,0,0
31,G.Jesus,Arsenal,FWD,3,Liverpool,False,2025-08-31T15:30:00Z,25,0,0,0,0,0,0,0,0,0,0,0,0,0,0,0.00,0.00,0.00,0.00,65,4606,0,0
31,G.Jesus,Arsenal,FWD,4,Nott'm Forest,True,2025-09-13T11:30:00Z,31,0,0,0,0,0,0,0,0,0,0,0,0,0,0,0.00,0.00,0.00,0.00,65,4645,0,0
31,G.Jesus,Arsenal,FWD,5,Man City,True,2025-09-21T15:30:00Z,41,0,0,0,0,0,0,0,0,0,0,0,0,0,0,0.00,0.00,0.00,0.00,65,4603,0,0
31,G.Jesus,Arsenal,FWD,6,Newcastle,False,2025-09-28T15:30:00Z,58,0,0,0,0,0,0,0,0,0,0,0,0,0,0,0.00,0.00,0.00,0.00,64,4630,0,0
31,G.Jesus,Arsenal,FWD,7,West Ham,True,2025-10-04T14:00:00Z,61,0,0,0,0,0,0,0,0,0,0,0,0,0,0,0.00,0.00,0.00,0.00,64,4680,0,0
31,G.Jesus,Arsenal,FWD,8,Fulham,False,2025-10-18T16:30:00Z,74,0,0,0,0,0,0,0,0,0,0,0,0,0,0,0.00,0.00,0.00,0.00,64,4718,0,0
31,G.Jesus,Arsenal,FWD,9,Crystal Palace,True,2025-10-26T14:00:00Z,81,0,0,0,0,0,0,0,0,0,0,0,0,0,0,0.00,0.00,0.00,0.00,64,4792,0,0
31,G.Jesus,Arsenal,FWD,10,Burnley,False,2025-11-01T15:00:00Z,92,0,0,0,0,0,0,0,0,0,0,0,0,0,0,0.00,0.00,0.00,0.00,64,4885,0,0
31,G.Jesus,Arsenal,FWD,11,Sunderland,False,2025-11-08T17:30:00Z,108,0,0,0,0,0,0,0,0,0,0,0,0,0,0,0.00,0.00,0.00,0.00,64,5006,0,0
31,G.Jesus,Arsenal,FWD,12,Spurs,True,2025-11-23T16:30:00Z,111,0,0,0,0,0,0,0,0,0,0,0,0,0,0,0.00,0.00,0.00,0.00,64,5219,0,0
31,G.Jesus,Arsenal,FWD,13,Chelsea,False,2025-11-30T16:30:00Z,123,0,0,0,0,0,0,0,0,0,0,0,0,0,0,0.00,0.00,0.00,0.00,64,5228,0,0
31,G.Jesus,Arsenal,FWD,14,Brentford,True,2025-12-03T19:30:00Z,131,0,0,0,0,0,0,0,0,0,0,0,0,0,0,0.00,0.00,0.00,0.00,64,5949,0,0
31,G.Jesus,Arsenal,FWD,15,Aston Villa,False,2025-12-06T12:30:00Z,141,0,0,0,0,0,0,0,0,0,0,0,0,0,0,0.00,0.00,0.00,0.00,64,7149,0,0
31,G.Jesus,Arsenal,FWD,16,Wolves,True,2025-12-13T20:00:00Z,151,9,0,0,0,0,0,0,0,0,0,3,1,0,5,0.12,0.00,0.12,0.09,64,16239,1,1
31,G.Jesus,Arsenal,FWD,17,Everton,False,2025-12-20T20:00:00Z,164,25,0,0,0,0,0,0,0,0,0,1,0,0,0,0.02,0.02,0.04,0.03,64,24944,1,1
31,G.Jesus,Arsenal,FWD,18,Brighton,True,2025-12-27T15:00:00Z,171,19,0,0,0,0,0,0,0,0,0,2,0,0,1,0.09,0.01,0.10,0.32,64,23738,1,1
31,G.Jesus,Arsenal,FWD,19,Aston Villa,True,2025-12-30T20:15:00Z,181,13,1,0,1,0,0,0,0,0,0,3,1,0,25,0.09,0.00,0.09,2.00,64,22334,4,4
31,G.Jesus,Arsenal,FWD,20,Bournemouth,False,2026-01-03T17:30:00Z,192,24,0,0,0,0,0,0,0,0,0,5,1,0,4,0.02,0.00,0.02,0.06,64,34531,1,1
31,G.Jesus,Arsenal,FWD,21,Liverpool,True,2026-01-08T20:00:00Z,201,26,0,0,0,0,0,0,0,0,0,0,0,0,4,0.13,0.00,0.13,0.15,64,32495,1,1
31,G.Jesus,Arsenal,FWD,22,Nott'm Forest,False,2026-01-17T17:30:00Z,217,33,0,0,0,0,0,0,0,0,0,3,0,0,2,0.51,0.09,0.60,0.10,64,31726,1,1
31,G.Jesus,Arsenal,FWD,23,Man Utd,True,2026-01-25T16:30:00Z,221,57,0,0,0,0,0,0,0,0,0,4,2,0,1,0.02,0.03,0.05,0.44,64,45889,1,1
31,G.Jesus,Arsenal,FWD,24,Leeds,False,2026-01-31T15:00:00Z,234,14,1,0,0,0,0,0,0,0,0,0,0,0,26,0.74,0.00,0.74,0.03,64,63059,5,5
31,G.Jesus,Arsenal,FWD,25,Sunderland,True,2026-02-07T15:00:00Z,241,59,0,0,0,0,0,0,0,0,0,2,0,0,1,0.01,0.03,0.04,0.17,64,76300,1,1
31,G.Jesus,Arsenal,FWD,26,Brentford,False,2026-02-12T20:00:00Z,252,0,0,0,0,0,0,0,0,0,0,0,0,0,0,0.00,0.00,0.00,0.00,64,93999,0,0
31,G.Jesus,Arsenal,FWD,26,Wolves,False,2026-02-18T20:00:00Z,310,25,0,0,1,0,0,0,0,0,0,3,1,0,-1,0.00,0.01,0.01,0.17,64,93999,0,0
31,G.Jesus,Arsenal,FWD,27,Spurs,False,2026-02-22T16:30:00Z,269,0,0,0,0,0,0,0,0,0,0,0,0,0,0,0.00,0.00,0.00,0.00,64,73414,0,0
31,G.Jesus,Arsenal,FWD,28,Chelsea,True,2026-03-01T16:30:00Z,271,0,0,0,0,0,0,0,0,0,0,0,0,0,0,0.00,0.00,0.00,0.00,64,59894,0,0
31,G.Jesus,Arsenal,FWD,29,Brighton,False,2026-03-04T19:30:00Z,283,0,0,0,0,0,0,0,0,0,0,0,0,0,0,0.00,0.00,0.00,0.00,64,52393,0,0
31,G.Jesus,Arsenal,FWD,30,Everton,True,2026-03-14T17:30:00Z,291,0,0,0,0,0,0,0,0,0,0,0,0,0,0,0.00,0.00,0.00,0.00,64,47139,0,0
31,G.Jesus,Arsenal,FWD,32,Bournemouth,True,2026-04-11T11:30:00Z,311,14,0,0,0,0,0,0,0,0,0,0,0,0,5,0.08,0.04,0.12,0.01,64,43855,1,1
31,G.Jesus,Arsenal,FWD,33,Man City,False,2026-04-19T15:30:00Z,327,0,0,0,0,0,0,0,0,0,0,0,0,0,0,0.00,0.00,0.00,0.00,64,42596,0,0
31,G.Jesus,Arsenal,FWD,34,Newcastle,True,2026-04-25T16:30:00Z,331,0,0,0,0,0,0,0,0,0,0,0,0,0,0,0.00,0.00,0.00,0.00,64,43014,0,0
31,G.Jesus,Arsenal,FWD,35,Fulham,True,2026-05-02T16:30:00Z,341,26,0,0,0,0,0,0,0,0,0,1,0,0,0,0.00,0.00,0.00,0.17,64,42682,1,1
31,G.Jesus,Arsenal,FWD,36,West Ham,False,2026-05-10T15:30:00Z,360,0,0,0,0,0,0,0,0,0,0,0,0,0,0,0.00,0.00,0.00,0.00,64,42184,0,0
31,G.Jesus,Arsenal,FWD,37,Burnley,True,2026-05-18T19:00:00Z,361,0,0,0,0,0,0,0,0,0,0,0,0,0,0,0.00,0.00,0.00,0.00,64,42030,0,0
31,G.Jesus,Arsenal,FWD,38,Crystal Palace,False,2026-05-24T15:00:00Z,373,74,1,0,1,0,0,1,0,0,0,3,0,0,19,0.88,0.03,0.91,0.23,64,47527,5,5
266,Eze,Arsenal,MID,1,Chelsea,False,2025-08-17T13:00:00Z,8,83,0,0,0,0,0,1,0,0,0,7,0,0,10,0.24,0.00,0.24,1.22,75,992634,3,3
266,Eze,Arsenal,MID,2,Nott'm Forest,True,2025-08-24T13:00:00Z,15,0,0,0,0,0,0,0,0,0,0,0,0,0,0,0.00,0.00,0.00,0.00,75,1098794,0,0
266,Eze,Arsenal,MID,3,Liverpool,False,2025-08-31T15:30:00Z,25,20,0,0,0,0,0,0,0,0,0,1,1,0,4,0.00,0.03,0.03,0.25,75,1209497,1,1
266,Eze,Arsenal,MID,4,Nott'm Forest,True,2025-09-13T11:30:00Z,31,78,0,1,0,0,0,1,0,0,0,2,0,0,19,0.06,0.44,0.50,0.10,75,1389714,6,6
266,Eze,Arsenal,MID,5,Man City,True,2025-09-21T15:30:00Z,41,45,0,1,0,0,0,0,0,0,0,4,0,0,16,0.14,0.23,0.37,0.34,75,1431073,4,4
266,Eze,Arsenal,MID,6,Newcastle,False,2025-09-28T15:30:00Z,58,90,0,0,0,0,0,0,0,0,0,6,1,0,11,0.42,0.09,0.51,0.61,75,1467608,2,2
266,Eze,Arsenal,MID,7,West Ham,True,2025-10-04T14:00:00Z,61,78,0,1,0,0,0,1,0,0,0,5,0,0,22,0.49,0.05,0.54,0.36,76,1613380,6,6
266,Eze,Arsenal,MID,8,Fulham,False,2025-10-18T16:30:00Z,74,61,0,0,0,0,0,1,0,0,0,2,0,0,9,0.01,0.03,0.04,0.40,76,1729293,3,3
266,Eze,Arsenal,MID,9,Crystal Palace,True,2025-10-26T14:00:00Z,81,87,1,0,0,0,0,1,0,0,0,4,0,3,32,0.08,0.02,0.10,0.46,76,1643296,11,11
266,Eze,Arsenal,MID,10,Burnley,False,2025-11-01T15:00:00Z,92,71,0,0,0,0,0,1,0,0,0,5,0,0,9,0.12,0.01,0.13,0.02,76,1783675,3,3
266,Eze,Arsenal,MID,11,Sunderland,False,2025-11-08T17:30:00Z,108,87,0,0,0,0,0,0,0,0,0,5,1,0,14,0.32,0.05,0.37,0.33,76,1718458,2,2
266,Eze,Arsenal,MID,12,Spurs,True,2025-11-23T16:30:00Z,111,90,3,0,0,0,0,0,0,0,0,8,1,3,81,0.66,0.37,1.03,0.07,76,1623465,20,20
266,Eze,Arsenal,MID,13,Chelsea,False,2025-11-30T16:30:00Z,123,71,0,0,0,0,0,0,0,0,0,6,1,0,14,0.00,0.03,0.03,0.62,77,2321961,2,2
266,Eze,Arsenal,MID,14,Brentford,True,2025-12-03T19:30:00Z,131,29,0,0,0,0,0,0,0,0,0,6,0,0,5,0.00,0.02,0.02,0.07,78,2522075,1,1
266,Eze,Arsenal,MID,15,Aston Villa,False,2025-12-06T12:30:00Z,141,45,0,0,0,0,0,0,0,0,0,0,1,0,4,0.00,0.01,0.01,0.87,78,2463667,1,1
266,Eze,Arsenal,MID,16,Wolves,True,2025-12-13T20:00:00Z,151,56,0,0,0,0,0,0,0,0,0,3,0,0,4,0.00,0.03,0.03,0.28,78,2495820,1,1
266,Eze,Arsenal,MID,17,Everton,False,2025-12-20T20:00:00Z,164,0,0,0,0,0,0,0,0,0,0,0,0,0,0,0.00,0.00,0.00,0.00,77,2079333,0,0
266,Eze,Arsenal,MID,18,Brighton,True,2025-12-27T15:00:00Z,171,0,0,0,0,0,0,0,0,0,0,0,0,0,0,0.00,0.00,0.00,0.00,76,1753556,0,0
266,Eze,Arsenal,MID,19,Aston Villa,True,2025-12-30T20:15:00Z,181,0,0,0,0,0,0,0,0,0,0,0,0,0,0,0.00,0.00,0.00,0.00,75,1506740,0,0
266,Eze,Arsenal,MID,20,Bournemouth,False,2026-01-03T17:30:00Z,192,0,0,0,0,0,0,0,0,0,0,0,0,0,0,0.00,0.00,0.00,0.00,74,1381984,0,0
266,Eze,Arsenal,MID,21,Liverpool,True,2026-01-08T20:00:00Z,201,12,0,0,0,0,0,0,0,0,0,1,0,0,4,0.00,0.00,0.00,0.06,74,1228783,1,1
266,Eze,Arsenal,MID,22,Nott'm Forest,False,2026-01-17T17:30:00Z,217,11,0,0,0,0,0,0,0,0,0,1,0,0,5,0.00,0.00,0.00,0.07,73,1125128,1,1
266,Eze,Arsenal,MID,23,Man Utd,True,2026-01-25T16:30:00Z,221,32,0,0,1,0,0,0,0,0,0,2,1,0,-1,0.00,0.26,0.26,0.27,73,1083049,0,0
266,Eze,Arsenal,MID,24,Leeds,False,2026-01-31T15:00:00Z,234,9,0,0,0,0,0,0,0,0,0,1,0,0,4,0.00,0.00,0.00,0.03,73,1041725,1,1
266,Eze,Arsenal,MID,25,Sunderland,True,2026-02-07T15:00:00Z,241,23,0,0,0,0,0,0,0,0,0,3,0,0,4,0.06,0.01,0.07,0.02,72,1020378,1,1
266,Eze,Arsenal,MID,26,Brentford,False,2026-02-12T20:00:00Z,252,45,0,0,0,0,0,0,0,0,0,2,0,0,4,0.00,0.02,0.02,0.41,72,1010740,1,1
266,Eze,Arsenal,MID,26,Wolves,False,2026-02-18T20:00:00Z,310,25,0,0,0,0,0,0,0,0,0,1,1,0,3,0.20,0.01,0.21,0.17,72,1010740,1,1
266,Eze,Arsenal,MID,27,Spurs,False,2026-02-22T16:30:00Z,269,76,2,0,0,0,0,0,0,0,0,6,1,2,47,0.68,0.29,0.97,0.35,72,987965,14,14
266,Eze,Arsenal,MID,28,Chelsea,True,2026-03-01T16:30:00Z,271,90,0,0,0,0,0,0,0,0,0,4,1,0,11,0.25,0.07,0.32,1.05,72,1029751,2,2
266,Eze,Arsenal,MID,29,Brighton,False,2026-03-04T19:30:00Z,283,90,0,0,0,0,0,1,0,0,0,6,0,0,11,0.00,0.07,0.07,0.82,72,1051025,3,3
266,Eze,Arsenal,MID,30,Everton,True,2026-03-14T17:30:00Z,291,90,0,0,0,0,0,1,0,0,0,5,0,0,12,0.15,0.09,0.24,1.05,72,1055014,3,3
266,Eze,Arsenal,MID,32,Bournemouth,True,2026-04-11T11:30:00Z,311,36,0,0,0,0,0,0,0,0,0,5,1,0,8,0.00,0.08,0.08,0.49,72,1010343,1,1
266,Eze,Arsenal,MID,33,Man City,False,2026-04-19T15:30:00Z,327,73,0,0,0,0,0,0,0,0,0,6,2,0,4,0.08,0.20,0.28,1.36,72,997814,2,2
266,Eze,Arsenal,MID,34,Newcastle,True,2026-04-25T16:30:00Z,331,52,1,0,0,0,0,0,0,0,0,1,0,0,25,0.17,0.00,0.17,0.36,72,1100639,6,6
266,Eze,Arsenal,MID,35,Fulham,True,2026-05-02T16:30:00Z,341,77,0,0,0,0,0,1,0,0,0,2,0,0,4,0.21,0.07,0.28,0.37,72,1152071,3,3
266,Eze,Arsenal,MID,36,West Ham,False,2026-05-10T15:30:00Z,360,66,0,0,0,0,0,1,0,0,0,3,0,0,16,0.07,0.03,0.10,0.39,73,1151604,3,3
266,Eze,Arsenal,MID,37,Burnley,True,2026-05-18T19:00:00Z,361,72,0,0,0,0,0,1,0,0,0,4,0,0,19,0.41,0.04,0.45,0.19,73,1166537,3,3
266,Eze,Arsenal,MID,38,Crystal Palace,False,2026-05-24T15:00:00Z,373,15,0,0,0,0,0,0,0,0,0,3,1,0,5,0.36,0.01,0.37,0.75,73,1141706,1,1
662,Mosquera,Arsenal,DEF,1,Man Utd,False,2025-08-17T15:30:00Z,9,0,0,0,0,0,0,0,0,0,0,0,0,0,0,0.00,0.00,0.00,0.00,55,12283,0,0
662,Mosquera,Arsenal,DEF,2,Leeds,True,2025-08-23T16:30:00Z,11,26,0,0,0,0,0,0,0,0,0,2,0,0,7,0.00,0.00,0.00,0.00,55,12598,1,1
662,Mosquera,Arsenal,DEF,3,Liverpool,False,2025-08-31T15:30:00Z,25,85,0,0,0,0,0,0,0,0,0,9,1,0,14,0.00,0.00,0.00,0.52,54,11666,2,2
662,Mosquera,Arsenal,DEF,4,Nott'm Forest,True,2025-09-13T11:30:00Z,31,90,0,0,0,0,0,1,0,0,0,8,0,1,32,0.00,0.04,0.04,0.20,54,17470,7,7
662,Mosquera,Arsenal,DEF,5,Man City,True,2025-09-21T15:30:00Z,41,1,0,0,0,0,0,0,0,0,0,0,0,0,3,0.00,0.00,0.00,0.00,54,26595,1,1
662,Mosquera,Arsenal,DEF,6,Newcastle,False,2025-09-28T15:30:00Z,58,45,0,0,0,0,0,0,0,0,0,4,1,0,1,0.00,0.00,0.00,0.41,54,25151,1,1
662,Mosquera,Arsenal,DEF,7,West Ham,True,2025-10-04T14:00:00Z,61,0,0,0,0,0,0,0,0,0,0,0,0,0,0,0.00,0.00,0.00,0.00,54,25306,0,0
662,Mosquera,Arsenal,DEF,8,Fulham,False,2025-10-18T16:30:00Z,74,0,0,0,0,0,0,0,0,0,0,0,0,0,0,0.00,0.00,0.00,0.00,54,22920,0,0
662,Mosquera,Arsenal,DEF,9,Crystal Palace,True,2025-10-26T14:00:00Z,81,45,0,0,0,0,0,0,0,0,0,5,0,0,7,0.00,0.05,0.05,0.39,54,21322,1,1
662,Mosquera,Arsenal,DEF,10,Burnley,False,2025-11-01T15:00:00Z,92,0,0,0,0,0,0,0,0,0,0,0,0,0,0,0.00,0.00,0.00,0.00,54,22098,0,0
662,Mosquera,Arsenal,DEF,11,Sunderland,False,2025-11-08T17:30:00Z,108,2,0,0,0,0,0,0,0,0,0,0,1,0,0,0.00,0.00,0.00,0.11,54,19970,1,1
662,Mosquera,Arsenal,DEF,12,Spurs,True,2025-11-23T16:30:00Z,111,2,0,0,0,0,0,0,0,0,0,0,0,0,3,0.00,0.00,0.00,0.00,54,27927,1,1
662,Mosquera,Arsenal,DEF,13,Chelsea,False,2025-11-30T16:30:00Z,123,90,0,0,1,0,0,0,0,0,0,5,1,0,9,0.00,0.03,0.03,0.79,54,25577,1,1
662,Mosquera,Arsenal,DEF,14,Brentford,True,2025-12-03T19:30:00Z,131,43,0,0,0,0,0,0,0,0,0,2,0,0,9,0.00,0.31,0.31,0.26,54,32737,1,1
662,Mosquera,Arsenal,DEF,15,Aston Villa,False,2025-12-06T12:30:00Z,141,0,0,0,0,0,0,0,0,0,0,0,0,0,0,0.00,0.00,0.00,0.00,54,25732,0,0
662,Mosquera,Arsenal,DEF,16,Wolves,True,2025-12-13T20:00:00Z,151,0,0,0,0,0,0,0,0,0,0,0,0,0,0,0.00,0.00,0.00,0.00,54,19747,0,0
662,Mosquera,Arsenal,DEF,17,Everton,False,2025-12-20T20:00:00Z,164,0,0,0,0,0,0,0,0,0,0,0,0,0,0,0.00,0.00,0.00,0.00,54,18156,0,0
662,Mosquera,Arsenal,DEF,18,Brighton,True,2025-12-27T15:00:00Z,171,0,0,0,0,0,0,0,0,0,0,0,0,0,0,0.00,0.00,0.00,0.00,54,17341,0,0
662,Mosquera,Arsenal,DEF,19,Aston Villa,True,2025-12-30T20:15:00Z,181,0,0,0,0,0,0,0,0,0,0,0,0,0,0,0.00,0.00,0.00,0.00,54,16990,0,0
662,Mosquera,Arsenal,DEF,20,Bournemouth,False,2026-01-03T17:30:00Z,192,0,0,0,0,0,0,0,0,0,0,0,0,0,0,0.00,0.00,0.00,0.00,53,16769,0,0
662,Mosquera,Arsenal,DEF,21,Liverpool,True,2026-01-08T20:00:00Z,201,0,0,0,0,0,0,0,0,0,0,0,0,0,0,0.00,0.00,0.00,0.00,53,16554,0,0
662,Mosquera,Arsenal,DEF,22,Nott'm Forest,False,2026-01-17T17:30:00Z,217,0,0,0,0,0,0,0,0,0,0,0,0,0,0,0.00,0.00,0.00,0.00,53,16255,0,0
662,Mosquera,Arsenal,DEF,23,Man Utd,True,2026-01-25T16:30:00Z,221,0,0,0,0,0,0,0,0,0,0,0,0,0,0,0.00,0.00,0.00,0.00,53,16501,0,0
662,Mosquera,Arsenal,DEF,24,Leeds,False,2026-01-31T15:00:00Z,234,0,0,0,0,0,0,0,0,0,0,0,0,0,0,0.00,0.00,0.00,0.00,53,16933,0,0
662,Mosquera,Arsenal,DEF,25,Sunderland,True,2026-02-07T15:00:00Z,241,0,0,0,0,0,0,0,0,0,0,0,0,0,0,0.00,0.00,0.00,0.00,53,17128,0,0
662,Mosquera,Arsenal,DEF,26,Brentford,False,2026-02-12T20:00:00Z,252,90,0,0,0,0,0,0,0,0,0,13,1,0,13,0.00,0.01,0.01,1.51,53,17365,4,4
662,Mosquera,Arsenal,DEF,26,Wolves,False,2026-02-18T20:00:00Z,310,0,0,0,0,0,0,0,0,0,0,0,0,0,0,0.00,0.00,0.00,0.00,53,17365,0,0
662,Mosquera,Arsenal,DEF,27,Spurs,False,2026-02-22T16:30:00Z,269,33,0,0,0,0,0,0,0,0,0,7,0,0,15,0.00,0.02,0.02,0.42,53,17824,1,1
662,Mosquera,Arsenal,DEF,28,Chelsea,True,2026-03-01T16:30:00Z,271,0,0,0,0,0,0,0,0,0,0,0,0,0,0,0.00,0.00,0.00,0.00,53,17986,0,0
662,Mosquera,Arsenal,DEF,29,Brighton,False,2026-03-04T19:30:00Z,283,63,0,0,1,0,0,1,0,0,0,9,0,0,24,0.00,0.00,0.00,0.64,53,18053,5,5
662,Mosquera,Arsenal,DEF,30,Everton,True,2026-03-14T17:30:00Z,291,52,0,0,0,0,0,0,0,0,0,5,0,0,12,0.00,0.03,0.03,0.24,53,18638,1,1
662,Mosquera,Arsenal,DEF,32,Bournemouth,True,2026-04-11T11:30:00Z,311,14,0,0,0,0,0,0,0,0,0,1,0,0,3,0.00,0.01,0.01,0.01,53,19970,1,1
662,Mosquera,Arsenal,DEF,33,Man City,False,2026-04-19T15:30:00Z,327,73,0,0,1,0,0,0,0,0,0,7,2,0,6,0.10,0.01,0.11,1.36,53,20008,0,0
662,Mosquera,Arsenal,DEF,34,Newcastle,True,2026-04-25T16:30:00Z,331,0,0,0,0,0,0,0,0,0,0,0,0,0,0,0.00,0.00,0.00,0.00,53,24038,0,0
662,Mosquera,Arsenal,DEF,35,Fulham,True,2026-05-02T16:30:00Z,341,7,0,0,0,0,0,0,0,0,0,1,0,0,2,0.00,0.00,0.00,0.00,53,22407,1,1
662,Mosquera,Arsenal,DEF,36,West Ham,False,2026-05-10T15:30:00Z,360,45,0,0,1,0,0,0,0,0,0,2,0,0,1,0.00,0.03,0.03,1.01,53,21931,0,0
662,Mosquera,Arsenal,DEF,37,Burnley,True,2026-05-18T19:00:00Z,361,90,0,0,0,0,0,1,0,0,0,5,0,0,23,0.00,0.08,0.08,0.19,53,31429,6,6
662,Mosquera,Arsenal,DEF,38,Crystal Palace,False,2026-05-24T15:00:00Z,373,90,0,0,0,0,0,0,0,0,0,10,1,0,11,0.00,0.01,0.01,0.98,53,41959,4,4
666,Gyökeres,Arsenal,FWD,1,Man Utd,False,2025-08-17T15:30:00Z,9,59,0,0,0,0,0,0,0,0,0,2,0,0,0,0.00,0.06,0.06,0.70,90,2446382,1,1
666,Gyökeres,Arsenal,FWD,2,Leeds,True,2025-08-23T16:30:00Z,11,90,2,0,0,0,0,1,0,0,0,5,0,2,44,1.28,0.03,1.31,0.17,90,2685766,12,12
666,Gyökeres,Arsenal,FWD,3,Liverpool,False,2025-08-31T15:30:00Z,25,90,0,0,1,0,0,0,0,0,0,2,1,0,8,0.00,0.16,0.16,0.52,90,2805037,1,1
666,Gyökeres,Arsenal,FWD,4,Nott'm Forest,True,2025-09-13T11:30:00Z,31,67,1,0,0,0,0,1,0,0,0,3,0,0,30,0.84,0.02,0.86,0.10,90,2960689,6,6
666,Gyökeres,Arsenal,FWD,5,Man City,True,2025-09-21T15:30:00Z,41,90,0,0,0,0,0,0,0,0,0,3,1,0,3,0.00,0.01,0.01,0.89,90,3016420,2,2
666,Gyökeres,Arsenal,FWD,6,Newcastle,False,2025-09-28T15:30:00Z,58,90,0,0,0,0,0,0,0,0,0,6,1,0,9,0.26,0.12,0.38,0.61,90,3054386,2,2
666,Gyökeres,Arsenal,FWD,7,West Ham,True,2025-10-04T14:00:00Z,61,90,0,0,0,0,0,1,0,0,0,1,0,0,-1,0.63,0.05,0.68,0.49,90,3392158,2,2
666,Gyökeres,Arsenal,FWD,8,Fulham,False,2025-10-18T16:30:00Z,74,90,0,0,0,0,0,1,0,0,0,2,0,0,11,0.40,0.02,0.42,0.44,91,3063379,2,2
666,Gyökeres,Arsenal,FWD,9,Crystal Palace,True,2025-10-26T14:00:00Z,81,90,0,0,0,0,0,1,0,0,0,3,0,0,0,0.17,0.02,0.19,0.47,90,2776130,2,2
666,Gyökeres,Arsenal,FWD,10,Burnley,False,2025-11-01T15:00:00Z,92,45,1,0,0,0,0,0,0,0,0,2,0,2,39,0.87,0.17,1.04,0.00,90,2620064,7,7
666,Gyökeres,Arsenal,FWD,11,Sunderland,False,2025-11-08T17:30:00Z,108,0,0,0,0,0,0,0,0,0,0,0,0,0,0,0.00,0.00,0.00,0.00,89,1816118,0,0
666,Gyökeres,Arsenal,FWD,12,Spurs,True,2025-11-23T16:30:00Z,111,0,0,0,0,0,0,0,0,0,0,0,0,0,0,0.00,0.00,0.00,0.00,88,1471063,0,0
666,Gyökeres,Arsenal,FWD,13,Chelsea,False,2025-11-30T16:30:00Z,123,18,0,0,1,0,0,0,0,0,0,0,0,0,0,0.00,0.00,0.00,0.17,88,1339971,0,0
666,Gyökeres,Arsenal,FWD,14,Brentford,True,2025-12-03T19:30:00Z,131,7,0,0,0,0,0,0,0,0,0,0,0,0,3,0.00,0.00,0.00,0.07,88,1339225,1,1
666,Gyökeres,Arsenal,FWD,15,Aston Villa,False,2025-12-06T12:30:00Z,141,45,0,0,0,0,0,0,0,0,0,2,1,0,3,0.00,0.03,0.03,1.30,88,1309245,1,1
666,Gyökeres,Arsenal,FWD,16,Wolves,True,2025-12-13T20:00:00Z,151,80,0,0,0,0,0,1,0,0,0,2,0,0,4,0.04,0.00,0.04,0.28,88,1392430,2,2
666,Gyökeres,Arsenal,FWD,17,Everton,False,2025-12-20T20:00:00Z,164,64,1,0,1,0,0,1,0,0,0,1,0,0,17,0.91,0.15,1.06,0.18,88,1302160,5,5
666,Gyökeres,Arsenal,FWD,18,Brighton,True,2025-12-27T15:00:00Z,171,70,0,0,0,0,0,0,0,0,0,2,1,0,5,0.60,0.01,0.61,0.54,88,1288330,2,2
666,Gyökeres,Arsenal,FWD,19,Aston Villa,True,2025-12-30T20:15:00Z,181,76,0,0,0,0,0,1,0,0,0,4,0,0,-3,0.24,0.01,0.25,0.67,88,1249422,2,2
666,Gyökeres,Arsenal,FWD,20,Bournemouth,False,2026-01-03T17:30:00Z,192,65,0,0,0,0,0,0,0,0,0,4,1,0,5,0.03,0.00,0.03,1.37,88,1232903,2,2
666,Gyökeres,Arsenal,FWD,21,Liverpool,True,2026-01-08T20:00:00Z,201,63,0,0,0,0,0,1,0,0,0,1,0,0,6,0.00,0.02,0.02,0.21,88,1210950,2,2
666,Gyökeres,Arsenal,FWD,22,Nott'm Forest,False,2026-01-17T17:30:00Z,217,56,0,0,0,0,0,0,0,0,0,3,0,0,1,0.10,0.02,0.12,0.24,87,1200610,1,1
666,Gyökeres,Arsenal,FWD,23,Man Utd,True,2026-01-25T16:30:00Z,221,32,0,0,0,0,0,0,0,0,0,1,1,0,1,0.03,0.00,0.03,0.27,87,1192434,1,1
666,Gyökeres,Arsenal,FWD,24,Leeds,False,2026-01-31T15:00:00Z,234,75,1,0,0,0,0,1,0,0,0,5,0,1,32,0.56,0.01,0.57,0.12,87,1204119,7,7
666,Gyökeres,Arsenal,FWD,25,Sunderland,True,2026-02-07T15:00:00Z,241,30,2,0,0,0,0,0,0,0,0,1,0,3,54,0.92,0.00,0.92,0.02,87,1253568,12,12
666,Gyökeres,Arsenal,FWD,26,Brentford,False,2026-02-12T20:00:00Z,252,90,0,0,1,0,0,0,0,0,0,2,1,0,2,0.00,0.41,0.41,1.51,88,1806438,1,1
666,Gyökeres,Arsenal,FWD,26,Wolves,False,2026-02-18T20:00:00Z,310,64,0,0,0,0,0,0,0,0,0,1,1,0,7,0.00,0.01,0.01,0.12,88,1806438,2,2
666,Gyökeres,Arsenal,FWD,27,Spurs,False,2026-02-22T16:30:00Z,269,90,2,0,0,0,0,0,0,0,0,5,1,3,66,0.32,0.36,0.68,0.76,88,1527367,13,13
666,Gyökeres,Arsenal,FWD,28,Chelsea,True,2026-03-01T16:30:00Z,271,75,0,0,0,0,0,0,0,0,0,4,1,0,3,0.03,0.05,0.08,1.00,88,1587066,2,2
666,Gyökeres,Arsenal,FWD,29,Brighton,False,2026-03-04T19:30:00Z,283,58,0,0,0,0,0,0,0,0,0,4,0,0,-1,0.00,0.02,0.02,0.55,88,1603810,1,1
666,Gyökeres,Arsenal,FWD,30,Everton,True,2026-03-14T17:30:00Z,291,29,1,0,0,0,0,0,0,0,0,2,0,2,34,1.00,0.00,0.99,0.08,88,1545202,7,7
666,Gyökeres,Arsenal,FWD,32,Bournemouth,True,2026-04-11T11:30:00Z,311,90,1,0,1,0,0,0,0,0,0,0,2,0,6,1.02,0.01,1.03,1.19,88,1547887,5,5
666,Gyökeres,Arsenal,FWD,33,Man City,False,2026-04-19T15:30:00Z,327,6,0,0,0,0,0,0,0,0,0,0,0,0,3,0.00,0.00,0.00,0.00,88,1480943,1,1
666,Gyökeres,Arsenal,FWD,34,Newcastle,True,2026-04-25T16:30:00Z,331,56,0,0,0,0,0,0,0,0,0,2,0,0,5,0.03,0.01,0.04,0.67,88,1677687,1,1
666,Gyökeres,Arsenal,FWD,35,Fulham,True,2026-05-02T16:30:00Z,341,63,2,1,0,0,0,1,0,0,0,2,0,3,66,1.70,0.02,1.72,0.20,88,1585802,16,16
666,Gyökeres,Arsenal,FWD,36,West Ham,False,2026-05-10T15:30:00Z,360,90,0,0,0,0,0,1,0,0,0,4,0,0,5,0.12,0.03,0.15,1.15,89,1990532,2,2
666,Gyökeres,Arsenal,FWD,37,Burnley,True,2026-05-18T19:00:00Z,361,17,0,0,0,0,0,0,0,0,0,2,0,0,3,0.00,0.01,0.01,0.00,90,2388342,1,1
666,Gyökeres,Arsenal,FWD,38,Crystal Palace,False,2026-05-24T15:00:00Z,373,7,0,0,0,0,0,0,0,0,0,2,1,0,4,0.16,0.10,0.26,0.75,91,2137484,1,1
700,Dowman,Arsenal,MID,2,Leeds,True,2025-08-23T16:30:00Z,11,26,0,1,0,0,0,0,0,0,0,3,0,0,13,0.08,0.02,0.10,0.00,45,0,4,4
700,Dowman,Arsenal,MID,3,Liverpool,False,2025-08-31T15:30:00Z,25,1,0,0,0,0,0,0,0,0,0,0,0,0,0,0.06,0.00,0.06,0.12,45,31938,1,1
700,Dowman,Arsenal,MID,4,Nott'm Forest,True,2025-09-13T11:30:00Z,31,0,0,0,0,0,0,0,0,0,0,0,0,0,0,0.00,0.00,0.00,0.00,45,49572,0,0
700,Dowman,Arsenal,MID,5,Man City,True,2025-09-21T15:30:00Z,41,0,0,0,0,0,0,0,0,0,0,0,0,0,0,0.00,0.00,0.00,0.00,45,50056,0,0
700,Dowman,Arsenal,MID,6,Newcastle,False,2025-09-28T15:30:00Z,58,0,0,0,0,0,0,0,0,0,0,0,0,0,0,0.00,0.00,0.00,0.00,45,48126,0,0
700,Dowman,Arsenal,MID,7,West Ham,True,2025-10-04T14:00:00Z,61,0,0,0,0,0,0,0,0,0,0,0,0,0,0,0.00,0.00,0.00,0.00,45,44480,0,0
700,Dowman,Arsenal,MID,8,Fulham,False,2025-10-18T16:30:00Z,74,0,0,0,0,0,0,0,0,0,0,0,0,0,0,0.00,0.00,0.00,0.00,44,40491,0,0
700,Dowman,Arsenal,MID,9,Crystal Palace,True,2025-10-26T14:00:00Z,81,0,0,0,0,0,0,0,0,0,0,0,0,0,0,0.00,0.00,0.00,0.00,44,40339,0,0
700,Dowman,Arsenal,MID,10,Burnley,False,2025-11-01T15:00:00Z,92,0,0,0,0,0,0,0,0,0,0,0,0,0,0,0.00,0.00,0.00,0.00,44,36923,0,0
700,Dowman,Arsenal,MID,11,Sunderland,False,2025-11-08T17:30:00Z,108,0,0,0,0,0,0,0,0,0,0,0,0,0,0,0.00,0.00,0.00,0.00,43,45224,0,0
700,Dowman,Arsenal,MID,12,Spurs,True,2025-11-23T16:30:00Z,111,0,0,0,0,0,0,0,0,0,0,0,0,0,0,0.00,0.00,0.00,0.00,43,65713,0,0
700,Dowman,Arsenal,MID,13,Chelsea,False,2025-11-30T16:30:00Z,123,0,0,0,0,0,0,0,0,0,0,0,0,0,0,0.00,0.00,0.00,0.00,43,64558,0,0
700,Dowman,Arsenal,MID,14,Brentford,True,2025-12-03T19:30:00Z,131,0,0,0,0,0,0,0,0,0,0,0,0,0,0,0.00,0.00,0.00,0.00,43,58520,0,0
700,Dowman,Arsenal,MID,15,Aston Villa,False,2025-12-06T12:30:00Z,141,0,0,0,0,0,0,0,0,0,0,0,0,0,0,0.00,0.00,0.00,0.00,43,62615,0,0
700,Dowman,Arsenal,MID,16,Wolves,True,2025-12-13T20:00:00Z,151,0,0,0,0,0,0,0,0,0,0,0,0,0,0,0.00,0.00,0.00,0.00,43,50824,0,0
700,Dowman,Arsenal,MID,17,Everton,False,2025-12-20T20:00:00Z,164,0,0,0,0,0,0,0,0,0,0,0,0,0,0,0.00,0.00,0.00,0.00,43,47164,0,0
700,Dowman,Arsenal,MID,18,Brighton,True,2025-12-27T15:00:00Z,171,0,0,0,0,0,0,0,0,0,0,0,0,0,0,0.00,0.00,0.00,0.00,43,47073,0,0
700,Dowman,Arsenal,MID,19,Aston Villa,True,2025-12-30T20:15:00Z,181,0,0,0,0,0,0,0,0,0,0,0,0,0,0,0.00,0.00,0.00,0.00,43,46323,0,0
700,Dowman,Arsenal,MID,20,Bournemouth,False,2026-01-03T17:30:00Z,192,0,0,0,0,0,0,0,0,0,0,0,0,0,0,0.00,0.00,0.00,0.00,43,42289,0,0
700,Dowman,Arsenal,MID,21,Liverpool,True,2026-01-08T20:00:00Z,201,0,0,0,0,0,0,0,0,0,0,0,0,0,0,0.00,0.00,0.00,0.00,43,40841,0,0
700,Dowman,Arsenal,MID,22,Nott'm Forest,False,2026-01-17T17:30:00Z,217,0,0,0,0,0,0,0,0,0,0,0,0,0,0,0.00,0.00,0.00,0.00,42,40749,0,0
700,Dowman,Arsenal,MID,23,Man Utd,True,2026-01-25T16:30:00Z,221,0,0,0,0,0,0,0,0,0,0,0,0,0,0,0.00,0.00,0.00,0.00,42,43875,0,0
700,Dowman,Arsenal,MID,24,Leeds,False,2026-01-31T15:00:00Z,234,0,0,0,0,0,0,0,0,0,0,0,0,0,0,0.00,0.00,0.00,0.00,42,47229,0,0
700,Dowman,Arsenal,MID,25,Sunderland,True,2026-02-07T15:00:00Z,241,0,0,0,0,0,0,0,0,0,0,0,0,0,0,0.00,0.00,0.00,0.00,42,50037,0,0
700,Dowman,Arsenal,MID,26,Brentford,False,2026-02-12T20:00:00Z,252,0,0,0,0,0,0,0,0,0,0,0,0,0,0,0.00,0.00,0.00,0.00,42,50914,0,0
700,Dowman,Arsenal,MID,26,Wolves,False,2026-02-18T20:00:00Z,310,0,0,0,0,0,0,0,0,0,0,0,0,0,0,0.00,0.00,0.00,0.00,42,50914,0,0
700,Dowman,Arsenal,MID,27,Spurs,False,2026-02-22T16:30:00Z,269,0,0,0,0,0,0,0,0,0,0,0,0,0,0,0.00,0.00,0.00,0.00,42,59428,0,0
700,Dowman,Arsenal,MID,28,Chelsea,True,2026-03-01T16:30:00Z,271,0,0,0,0,0,0,0,0,0,0,0,0,0,0,0.00,0.00,0.00,0.00,42,63760,0,0
700,Dowman,Arsenal,MID,29,Brighton,False,2026-03-04T19:30:00Z,283,0,0,0,0,0,0,0,0,0,0,0,0,0,0,0.00,0.00,0.00,0.00,42,64410,0,0
700,Dowman,Arsenal,MID,30,Everton,True,2026-03-14T17:30:00Z,291,16,1,0,0,0,0,0,0,0,0,4,0,0,26,0.97,0.02,0.99,0.06,42,71170,6,6
700,Dowman,Arsenal,MID,32,Bournemouth,True,2026-04-11T11:30:00Z,311,36,0,0,0,0,0,0,0,0,0,0,1,0,4,0.00,0.10,0.10,0.49,42,88321,1,1
700,Dowman,Arsenal,MID,33,Man City,False,2026-04-19T15:30:00Z,327,0,0,0,0,0,0,0,0,0,0,0,0,0,0,0.00,0.00,0.00,0.00,42,99191,0,0
700,Dowman,Arsenal,MID,34,Newcastle,True,2026-04-25T16:30:00Z,331,0,0,0,0,0,0,0,0,0,0,0,0,0,0,0.00,0.00,0.00,0.00,42,149732,0,0
700,Dowman,Arsenal,MID,35,Fulham,True,2026-05-02T16:30:00Z,341,12,0,0,0,0,0,0,0,0,0,4,0,0,4,0.08,0.00,0.08,0.00,42,100887,1,1
700,Dowman,Arsenal,MID,36,West Ham,False,2026-05-10T15:30:00Z,360,0,0,0,0,0,0,0,0,0,0,0,0,0,0,0.00,0.00,0.00,0.00,42,109683,0,0
700,Dowman,Arsenal,MID,37,Burnley,True,2026-05-18T19:00:00Z,361,0,0,0,0,0,0,0,0,0,0,0,0,0,0,0.00,0.00,0.00,0.00,42,104655,0,0
700,Dowman,Arsenal,MID,38,Crystal Palace,False,2026-05-24T15:00:00Z,373,61,0,0,0,0,0,1,0,0,0,5,0,0,4,0.00,0.16,0.16,0.21,42,127316,3,3
711,Harriman-Annous,Arsenal,MID,3,Liverpool,False,2025-08-31T15:30:00Z,25,0,0,0,0,0,0,0,0,0,0,0,0,0,0,0.00,0.00,0.00,0.00,45,0,0,0
711,Harriman-Annous,Arsenal,MID,4,Nott'm Forest,True,2025-09-13T11:30:00Z,31,0,0,0,0,0,0,0,0,0,0,0,0,0,0,0.00,0.00,0.00,0.00,45,791,0,0
711,Harriman-Annous,Arsenal,MID,5,Man City,True,2025-09-21T15:30:00Z,41,0,0,0,0,0,0,0,0,0,0,0,0,0,0,0.00,0.00,0.00,0.00,45,981,0,0
711,Harriman-Annous,Arsenal,MID,6,Newcastle,False,2025-09-28T15:30:00Z,58,0,0,0,0,0,0,0,0,0,0,0,0,0,0,0.00,0.00,0.00,0.00,45,1151,0,0
711,Harriman-Annous,Arsenal,MID,7,West Ham,True,2025-10-04T14:00:00Z,61,0,0,0,0,0,0,0,0,0,0,0,0,0,0,0.00,0.00,0.00,0.00,45,1240,0,0
711,Harriman-Annous,Arsenal,MID,8,Fulham,False,2025-10-18T16:30:00Z,74,0,0,0,0,0,0,0,0,0,0,0,0,0,0,0.00,0.00,0.00,0.00,45,1340,0,0
711,Harriman-Annous,Arsenal,MID,9,Crystal Palace,True,2025-10-26T14:00:00Z,81,0,0,0,0,0,0,0,0,0,0,0,0,0,0,0.00,0.00,0.00,0.00,45,1356,0,0
711,Harriman-Annous,Arsenal,MID,10,Burnley,False,2025-11-01T15:00:00Z,92,0,0,0,0,0,0,0,0,0,0,0,0,0,0,0.00,0.00,0.00,0.00,45,1380,0,0
711,Harriman-Annous,Arsenal,MID,11,Sunderland,False,2025-11-08T17:30:00Z,108,0,0,0,0,0,0,0,0,0,0,0,0,0,0,0.00,0.00,0.00,0.00,45,1414,0,0
711,Harriman-Annous,Arsenal,MID,12,Spurs,True,2025-11-23T16:30:00Z,111,0,0,0,0,0,0,0,0,0,0,0,0,0,0,0.00,0.00,0.00,0.00,45,1482,0,0
711,Harriman-Annous,Arsenal,MID,13,Chelsea,False,2025-11-30T16:30:00Z,123,0,0,0,0,0,0,0,0,0,0,0,0,0,0,0.00,0.00,0.00,0.00,45,1517,0,0
711,Harriman-Annous,Arsenal,MID,14,Brentford,True,2025-12-03T19:30:00Z,131,0,0,0,0,0,0,0,0,0,0,0,0,0,0,0.00,0.00,0.00,0.00,45,1522,0,0
711,Harriman-Annous,Arsenal,MID,15,Aston Villa,False,2025-12-06T12:30:00Z,141,0,0,0,0,0,0,0,0,0,0,0,0,0,0,0.00,0.00,0.00,0.00,45,1579,0,0
711,Harriman-Annous,Arsenal,MID,16,Wolves,True,2025-12-13T20:00:00Z,151,0,0,0,0,0,0,0,0,0,0,0,0,0,0,0.00,0.00,0.00,0.00,45,1593,0,0
711,Harriman-Annous,Arsenal,MID,17,Everton,False,2025-12-20T20:00:00Z,164,0,0,0,0,0,0,0,0,0,0,0,0,0,0,0.00,0.00,0.00,0.00,45,1672,0,0
711,Harriman-Annous,Arsenal,MID,18,Brighton,True,2025-12-27T15:00:00Z,171,0,0,0,0,0,0,0,0,0,0,0,0,0,0,0.00,0.00,0.00,0.00,45,1724,0,0
711,Harriman-Annous,Arsenal,MID,19,Aston Villa,True,2025-12-30T20:15:00Z,181,0,0,0,0,0,0,0,0,0,0,0,0,0,0,0.00,0.00,0.00,0.00,45,1747,0,0
711,Harriman-Annous,Arsenal,MID,20,Bournemouth,False,2026-01-03T17:30:00Z,192,0,0,0,0,0,0,0,0,0,0,0,0,0,0,0.00,0.00,0.00,0.00,45,1729,0,0
711,Harriman-Annous,Arsenal,MID,21,Liverpool,True,2026-01-08T20:00:00Z,201,0,0,0,0,0,0,0,0,0,0,0,0,0,0,0.00,0.00,0.00,0.00,45,1722,0,0
711,Harriman-Annous,Arsenal,MID,22,Nott'm Forest,False,2026-01-17T17:30:00Z,217,0,0,0,0,0,0,0,0,0,0,0,0,0,0,0.00,0.00,0.00,0.00,45,1731,0,0
711,Harriman-Annous,Arsenal,MID,23,Man Utd,True,2026-01-25T16:30:00Z,221,0,0,0,0,0,0,0,0,0,0,0,0,0,0,0.00,0.00,0.00,0.00,44,1772,0,0
711,Harriman-Annous,Arsenal,MID,24,Leeds,False,2026-01-31T15:00:00Z,234,0,0,0,0,0,0,0,0,0,0,0,0,0,0,0.00,0.00,0.00,0.00,44,1812,0,0
711,Harriman-Annous,Arsenal,MID,25,Sunderland,True,2026-02-07T15:00:00Z,241,0,0,0,0,0,0,0,0,0,0,0,0,0,0,0.00,0.00,0.00,0.00,44,1836,0,0
711,Harriman-Annous,Arsenal,MID,26,Brentford,False,2026-02-12T20:00:00Z,252,0,0,0,0,0,0,0,0,0,0,0,0,0,0,0.00,0.00,0.00,0.00,44,1872,0,0
711,Harriman-Annous,Arsenal,MID,26,Wolves,False,2026-02-18T20:00:00Z,310,0,0,0,0,0,0,0,0,0,0,0,0,0,0,0.00,0.00,0.00,0.00,44,1872,0,0
711,Harriman-Annous,Arsenal,MID,27,Spurs,False,2026-02-22T16:30:00Z,269,0,0,0,0,0,0,0,0,0,0,0,0,0,0,0.00,0.00,0.00,0.00,44,1933,0,0
711,Harriman-Annous,Arsenal,MID,28,Chelsea,True,2026-03-01T16:30:00Z,271,0,0,0,0,0,0,0,0,0,0,0,0,0,0,0.00,0.00,0.00,0.00,44,1956,0,0
711,Harriman-Annous,Arsenal,MID,29,Brighton,False,2026-03-04T19:30:00Z,283,0,0,0,0,0,0,0,0,0,0,0,0,0,0,0.00,0.00,0.00,0.00,44,1969,0,0
711,Harriman-Annous,Arsenal,MID,30,Everton,True,2026-03-14T17:30:00Z,291,0,0,0,0,0,0,0,0,0,0,0,0,0,0,0.00,0.00,0.00,0.00,44,1990,0,0
711,Harriman-Annous,Arsenal,MID,32,Bournemouth,True,2026-04-11T11:30:00Z,311,0,0,0,0,0,0,0,0,0,0,0,0,0,0,0.00,0.00,0.00,0.00,44,2025,0,0
711,Harriman-Annous,Arsenal,MID,33,Man City,False,2026-04-19T15:30:00Z,327,0,0,0,0,0,0,0,0,0,0,0,0,0,0,0.00,0.00,0.00,0.00,44,2041,0,0
711,Harriman-Annous,Arsenal,MID,34,Newcastle,True,2026-04-25T16:30:00Z,331,0,0,0,0,0,0,0,0,0,0,0,0,0,0,0.00,0.00,0.00,0.00,44,2068,0,0
711,Harriman-Annous,Arsenal,MID,35,Fulham,True,2026-05-02T16:30:00Z,341,0,0,0,0,0,0,0,0,0,0,0,0,0,0,0.00,0.00,0.00,0.00,44,2065,0,0
711,Harriman-Annous,Arsenal,MID,36,West Ham,False,2026-05-10T15:30:00Z,360,0,0,0,0,0,0,0,0,0,0,0,0,0,0,0.00,0.00,0.00,0.00,44,2074,0,0
711,Harriman-Annous,Arsenal,MID,37,Burnley,True,2026-05-18T19:00:00Z,361,0,0,0,0,0,0,0,0,0,0,0,0,0,0,0.00,0.00,0.00,0.00,44,2086,0,0
711,Harriman-Annous,Arsenal,MID,38,Crystal Palace,False,2026-05-24T15:00:00Z,373,0,0,0,0,0,0,0,0,0,0,0,0,0,0,0.00,0.00,0.00,0.00,44,2146,0,0
725,Hincapie,Arsenal,DEF,4,Nott'm Forest,True,2025-09-13T11:30:00Z,31,0,0,0,0,0,0,0,0,0,0,0,0,0,0,0.00,0.00,0.00,0.00,55,3194,0,0
725,Hincapie,Arsenal,DEF,5,Man City,True,2025-09-21T15:30:00Z,41,0,0,0,0,0,0,0,0,0,0,0,0,0,0,0.00,0.00,0.00,0.00,55,3869,0,0
725,Hincapie,Arsenal,DEF,6,Newcastle,False,2025-09-28T15:30:00Z,58,0,0,0,0,0,0,0,0,0,0,0,0,0,0,0.00,0.00,0.00,0.00,55,3593,0,0
725,Hincapie,Arsenal,DEF,7,West Ham,True,2025-10-04T14:00:00Z,61,0,0,0,0,0,0,0,0,0,0,0,0,0,0,0.00,0.00,0.00,0.00,54,2946,0,0
725,Hincapie,Arsenal,DEF,8,Fulham,False,2025-10-18T16:30:00Z,74,0,0,0,0,0,0,0,0,0,0,0,0,0,0,0.00,0.00,0.00,0.00,54,2768,0,0
725,Hincapie,Arsenal,DEF,9,Crystal Palace,True,2025-10-26T14:00:00Z,81,8,0,0,0,0,0,0,0,0,0,0,0,0,4,0.00,0.00,0.00,0.01,54,3037,1,1
725,Hincapie,Arsenal,DEF,10,Burnley,False,2025-11-01T15:00:00Z,92,18,0,0,0,0,0,0,0,0,0,0,0,0,3,0.00,0.00,0.00,0.40,54,3394,1,1
725,Hincapie,Arsenal,DEF,11,Sunderland,False,2025-11-08T17:30:00Z,108,0,0,0,0,0,0,0,0,0,0,0,0,0,0,0.00,0.00,0.00,0.00,54,3579,0,0
725,Hincapie,Arsenal,DEF,12,Spurs,True,2025-11-23T16:30:00Z,111,87,0,0,0,0,0,0,0,0,0,6,1,0,10,0.00,0.01,0.01,0.07,54,7080,2,2
725,Hincapie,Arsenal,DEF,13,Chelsea,False,2025-11-30T16:30:00Z,123,90,0,0,1,0,0,0,0,0,0,6,1,0,9,0.00,0.43,0.43,0.79,54,9982,1,1
725,Hincapie,Arsenal,DEF,14,Brentford,True,2025-12-03T19:30:00Z,131,90,0,0,0,0,0,1,0,0,0,10,0,0,30,0.00,0.01,0.01,0.35,54,18501,8,8
725,Hincapie,Arsenal,DEF,15,Aston Villa,False,2025-12-06T12:30:00Z,141,90,0,0,0,0,0,0,0,0,0,13,2,0,11,0.00,0.01,0.01,2.16,54,29638,3,3
725,Hincapie,Arsenal,DEF,16,Wolves,True,2025-12-13T20:00:00Z,151,90,0,0,0,0,0,0,0,0,0,12,1,0,14,0.00,0.02,0.02,0.38,55,417978,4,4
725,Hincapie,Arsenal,DEF,17,Everton,False,2025-12-20T20:00:00Z,164,90,0,0,0,0,0,1,0,0,0,14,0,2,31,0.00,0.02,0.02,0.20,55,374548,10,10
725,Hincapie,Arsenal,DEF,18,Brighton,True,2025-12-27T15:00:00Z,171,90,0,0,1,0,0,0,0,0,0,6,1,0,10,0.00,0.01,0.01,0.85,55,311049,1,1
725,Hincapie,Arsenal,DEF,19,Aston Villa,True,2025-12-30T20:15:00Z,181,90,0,0,0,0,0,0,0,0,0,6,1,0,15,0.00,0.15,0.15,2.67,55,265675,2,2
725,Hincapie,Arsenal,DEF,20,Bournemouth,False,2026-01-03T17:30:00Z,192,90,0,0,0,0,0,0,0,0,0,4,2,0,5,0.00,0.07,0.07,1.43,54,241241,1,1
725,Hincapie,Arsenal,DEF,21,Liverpool,True,2026-01-08T20:00:00Z,201,56,0,0,0,0,0,0,0,0,0,3,0,0,5,0.00,0.01,0.01,0.14,53,193067,1,1
725,Hincapie,Arsenal,DEF,22,Nott'm Forest,False,2026-01-17T17:30:00Z,217,0,0,0,0,0,0,0,0,0,0,0,0,0,0,0.00,0.00,0.00,0.00,52,126004,0,0
725,Hincapie,Arsenal,DEF,23,Man Utd,True,2026-01-25T16:30:00Z,221,57,0,0,0,0,0,0,0,0,0,5,2,0,-2,0.00,0.01,0.01,0.44,52,91934,0,1
725,Hincapie,Arsenal,DEF,24,Leeds,False,2026-01-31T15:00:00Z,234,74,0,0,0,0,0,1,0,0,0,6,0,0,21,0.00,0.01,0.01,0.12,51,81333,6,6
725,Hincapie,Arsenal,DEF,25,Sunderland,True,2026-02-07T15:00:00Z,241,23,0,0,0,0,0,0,0,0,0,0,0,0,3,0.00,0.00,0.00,0.02,51,87641,1,1
725,Hincapie,Arsenal,DEF,26,Brentford,False,2026-02-12T20:00:00Z,252,80,0,1,0,0,0,0,0,0,0,7,1,2,27,0.00,0.15,0.15,1.18,51,75833,7,7
725,Hincapie,Arsenal,DEF,26,Wolves,False,2026-02-18T20:00:00Z,310,90,1,0,0,0,0,0,0,0,0,9,2,1,29,0.31,0.17,0.48,0.29,51,75833,8,8
725,Hincapie,Arsenal,DEF,27,Spurs,False,2026-02-22T16:30:00Z,269,90,0,0,0,0,0,0,0,0,0,11,1,0,17,0.02,0.27,0.29,0.76,51,86700,4,4
725,Hincapie,Arsenal,DEF,28,Chelsea,True,2026-03-01T16:30:00Z,271,90,0,0,0,0,1,0,0,0,0,5,1,0,-3,0.00,0.00,0.00,1.05,51,94177,0,0
725,Hincapie,Arsenal,DEF,29,Brighton,False,2026-03-04T19:30:00Z,283,90,0,0,0,0,0,1,0,0,0,16,0,1,25,0.00,0.00,0.00,0.82,51,100454,9,9
725,Hincapie,Arsenal,DEF,30,Everton,True,2026-03-14T17:30:00Z,291,16,0,1,0,0,0,0,0,0,0,2,0,0,18,0.00,0.04,0.04,0.06,51,118912,4,4
725,Hincapie,Arsenal,DEF,32,Bournemouth,True,2026-04-11T11:30:00Z,311,0,0,0,0,0,0,0,0,0,0,0,0,0,0,0.00,0.00,0.00,0.00,51,96674,0,0
725,Hincapie,Arsenal,DEF,33,Man City,False,2026-04-19T15:30:00Z,327,90,0,0,0,0,0,0,0,0,0,9,2,0,7,0.00,0.01,0.01,1.36,51,85559,1,1
725,Hincapie,Arsenal,DEF,34,Newcastle,True,2026-04-25T16:30:00Z,331,90,0,0,0,0,0,1,0,0,0,15,0,1,28,0.00,0.25,0.25,1.00,51,115181,9,9
725,Hincapie,Arsenal,DEF,35,Fulham,True,2026-05-02T16:30:00Z,341,0,0,0,0,0,0,0,0,0,0,0,0,0,0,0.00,0.00,0.00,0.00,51,137570,0,0
725,Hincapie,Arsenal,DEF,36,West Ham,False,2026-05-10T15:30:00Z,360,0,0,0,0,0,0,0,0,0,0,0,0,0,0,0.00,0.00,0.00,0.00,51,121899,0,0
725,Hincapie,Arsenal,DEF,37,Burnley,True,2026-05-18T19:00:00Z,361,18,0,0,0,0,0,0,0,0,0,1,0,0,5,0.00,0.00,0.00,0.00,51,115314,1,1
725,Hincapie,Arsenal,DEF,38,Crystal Palace,False,2026-05-24T15:00:00Z,373,90,0,0,0,0,0,0,0,0,0,5,1,0,13,0.03,0.02,0.05,0.98,51,116550,2,2
759,Salmon,Arsenal,DEF,15,Aston Villa,False,2025-12-06T12:30:00Z,141,0,0,0,0,0,0,0,0,0,0,0,0,0,0,0.00,0.00,0.00,0.00,40,0,0,0
759,Salmon,Arsenal,DEF,16,Wolves,True,2025-12-13T20:00:00Z,151,0,0,0,0,0,0,0,0,0,0,0,0,0,0,0.00,0.00,0.00,0.00,40,515,0,0
759,Salmon,Arsenal,DEF,17,Everton,False,2025-12-20T20:00:00Z,164,0,0,0,0,0,0,0,0,0,0,0,0,0,0,0.00,0.00,0.00,0.00,40,898,0,0
759,Salmon,Arsenal,DEF,18,Brighton,True,2025-12-27T15:00:00Z,171,0,0,0,0,0,0,0,0,0,0,0,0,0,0,0.00,0.00,0.00,0.00,40,1124,0,0
759,Salmon,Arsenal,DEF,19,Aston Villa,True,2025-12-30T20:15:00Z,181,0,0,0,0,0,0,0,0,0,0,0,0,0,0,0.00,0.00,0.00,0.00,40,1281,0,0
759,Salmon,Arsenal,DEF,20,Bournemouth,False,2026-01-03T17:30:00Z,192,0,0,0,0,0,0,0,0,0,0,0,0,0,0,0.00,0.00,0.00,0.00,40,1316,0,0
759,Salmon,Arsenal,DEF,21,Liverpool,True,2026-01-08T20:00:00Z,201,0,0,0,0,0,0,0,0,0,0,0,0,0,0,0.00,0.00,0.00,0.00,40,1417,0,0
759,Salmon,Arsenal,DEF,22,Nott'm Forest,False,2026-01-17T17:30:00Z,217,0,0,0,0,0,0,0,0,0,0,0,0,0,0,0.00,0.00,0.00,0.00,40,1571,0,0
759,Salmon,Arsenal,DEF,23,Man Utd,True,2026-01-25T16:30:00Z,221,0,0,0,0,0,0,0,0,0,0,0,0,0,0,0.00,0.00,0.00,0.00,40,1690,0,0
759,Salmon,Arsenal,DEF,24,Leeds,False,2026-01-31T15:00:00Z,234,0,0,0,0,0,0,0,0,0,0,0,0,0,0,0.00,0.00,0.00,0.00,40,1826,0,0
759,Salmon,Arsenal,DEF,25,Sunderland,True,2026-02-07T15:00:00Z,241,0,0,0,0,0,0,0,0,0,0,0,0,0,0,0.00,0.00,0.00,0.00,40,1953,0,0
759,Salmon,Arsenal,DEF,26,Brentford,False,2026-02-12T20:00:00Z,252,0,0,0,0,0,0,0,0,0,0,0,0,0,0,0.00,0.00,0.00,0.00,40,2071,0,0
759,Salmon,Arsenal,DEF,26,Wolves,False,2026-02-18T20:00:00Z,310,0,0,0,0,0,0,0,0,0,0,0,0,0,0,0.00,0.00,0.00,0.00,40,2071,0,0
759,Salmon,Arsenal,DEF,27,Spurs,False,2026-02-22T16:30:00Z,269,0,0,0,0,0,0,0,0,0,0,0,0,0,0,0.00,0.00,0.00,0.00,40,2247,0,0
759,Salmon,Arsenal,DEF,28,Chelsea,True,2026-03-01T16:30:00Z,271,0,0,0,0,0,0,0,0,0,0,0,0,0,0,0.00,0.00,0.00,0.00,40,2348,0,0
759,Salmon,Arsenal,DEF,29,Brighton,False,2026-03-04T19:30:00Z,283,0,0,0,0,0,0,0,0,0,0,0,0,0,0,0.00,0.00,0.00,0.00,40,2389,0,0
759,Salmon,Arsenal,DEF,30,Everton,True,2026-03-14T17:30:00Z,291,0,0,0,0,0,0,0,0,0,0,0,0,0,0,0.00,0.00,0.00,0.00,40,2561,0,0
759,Salmon,Arsenal,DEF,32,Bournemouth,True,2026-04-11T11:30:00Z,311,0,0,0,0,0,0,0,0,0,0,0,0,0,0,0.00,0.00,0.00,0.00,40,2792,0,0
759,Salmon,Arsenal,DEF,33,Man City,False,2026-04-19T15:30:00Z,327,0,0,0,0,0,0,0,0,0,0,0,0,0,0,0.00,0.00,0.00,0.00,40,2904,0,0
759,Salmon,Arsenal,DEF,34,Newcastle,True,2026-04-25T16:30:00Z,331,0,0,0,0,0,0,0,0,0,0,0,0,0,0,0.00,0.00,0.00,0.00,40,2999,0,0
759,Salmon,Arsenal,DEF,35,Fulham,True,2026-05-02T16:30:00Z,341,0,0,0,0,0,0,0,0,0,0,0,0,0,0,0.00,0.00,0.00,0.00,40,2963,0,0
759,Salmon,Arsenal,DEF,36,West Ham,False,2026-05-10T15:30:00Z,360,0,0,0,0,0,0,0,0,0,0,0,0,0,0,0.00,0.00,0.00,0.00,40,3053,0,0
759,Salmon,Arsenal,DEF,37,Burnley,True,2026-05-18T19:00:00Z,361,0,0,0,0,0,0,0,0,0,0,0,0,0,0,0.00,0.00,0.00,0.00,40,3121,0,0
759,Salmon,Arsenal,DEF,38,Crystal Palace,False,2026-05-24T15:00:00Z,373,0,0,0,0,0,0,0,0,0,0,0,0,0,0,0.00,0.00,0.00,0.00,40,3535,0,0
32,Martinez,Aston Villa,GK,1,Newcastle,True,2025-08-16T11:30:00Z,2,0,0,0,0,0,0,0,0,0,0,0,0,0,0,0.00,0.00,0.00,0.00,50,45391,0,0
32,Martinez,Aston Villa,GK,2,Brentford,False,2025-08-23T14:00:00Z,13,90,0,0,0,0,0,0,1,0,0,0,1,0,15,0.00,0.01,0.01,1.21,50,128543,2,2
32,Martinez,Aston Villa,GK,3,Crystal Palace,True,2025-08-31T18:00:00Z,21,0,0,0,0,0,0,0,0,0,0,0,0,0,0,0.00,0.00,0.00,0.00,50,190197,0,0
32,Martinez,Aston Villa,GK,4,Everton,False,2025-09-13T14:00:00Z,36,90,0,0,0,0,0,1,2,0,0,0,0,0,27,0.00,0.00,0.00,2.08,50,204568,6,6
32,Martinez,Aston Villa,GK,5,Sunderland,False,2025-09-21T13:00:00Z,48,90,0,0,0,0,0,0,3,0,0,0,1,0,12,0.00,0.00,0.00,1.05,50,263473,3,3
32,Martinez,Aston Villa,GK,6,Fulham,True,2025-09-28T13:00:00Z,51,90,0,0,0,0,0,0,3,0,0,0,1,0,13,0.00,0.02,0.02,0.92,50,252175,3,3
32,Martinez,Aston Villa,GK,7,Burnley,True,2025-10-05T13:00:00Z,62,90,0,0,1,0,0,0,1,0,0,0,1,0,9,0.00,0.00,0.00,0.42,50,267044,1,1
32,Martinez,Aston Villa,GK,8,Spurs,False,2025-10-19T13:00:00Z,79,90,0,0,0,0,0,0,2,0,0,0,1,0,10,0.00,0.00,0.00,0.75,50,248221,2,2
32,Martinez,Aston Villa,GK,9,Man City,True,2025-10-26T14:00:00Z,82,90,0,0,0,0,0,1,3,0,0,0,0,1,32,0.00,0.00,0.00,1.18,50,245733,8,8
32,Martinez,Aston Villa,GK,10,Liverpool,False,2025-11-01T20:00:00Z,95,90,0,0,0,0,0,0,2,0,0,0,2,0,4,0.00,0.00,0.00,1.19,50,250155,1,1
32,Martinez,Aston Villa,GK,11,Bournemouth,True,2025-11-09T14:00:00Z,101,90,0,0,0,0,0,1,3,1,0,0,0,2,36,0.00,0.00,0.00,1.61,50,255666,14,14
32,Martinez,Aston Villa,GK,12,Leeds,False,2025-11-23T14:00:00Z,116,90,0,0,0,0,0,0,3,0,0,0,1,0,15,0.00,0.00,0.00,1.79,50,385006,3,3
32,Martinez,Aston Villa,GK,13,Wolves,True,2025-11-30T14:05:00Z,121,90,0,0,0,0,0,1,4,0,0,0,0,0,30,0.00,0.00,0.00,0.49,50,687113,7,7
32,Martinez,Aston Villa,GK,14,Brighton,False,2025-12-03T19:30:00Z,133,0,0,0,0,0,0,0,0,0,0,0,0,0,0,0.00,0.00,0.00,0.00,51,460265,0,0
32,Martinez,Aston Villa,GK,15,Arsenal,True,2025-12-06T12:30:00Z,141,90,0,0,0,0,0,0,7,0,0,0,1,0,21,0.00,0.00,0.00,1.92,51,399977,4,4
32,Martinez,Aston Villa,GK,16,West Ham,False,2025-12-14T14:00:00Z,160,0,0,0,0,0,0,0,0,0,0,0,0,0,0,0.00,0.00,0.00,0.00,51,471489,0,0
32,Martinez,Aston Villa,GK,17,Man Utd,True,2025-12-21T16:30:00Z,161,90,0,0,0,0,0,0,5,0,0,0,1,0,18,0.00,0.00,0.00,1.33,51,399503,3,3
32,Martinez,Aston Villa,GK,18,Chelsea,False,2025-12-27T17:30:00Z,174,90,0,0,0,0,0,0,2,0,0,0,1,0,10,0.00,0.00,0.00,2.14,50,394257,2,2
32,Martinez,Aston Villa,GK,19,Arsenal,False,2025-12-30T20:15:00Z,181,90,0,0,0,0,0,0,3,0,0,0,4,0,-2,0.00,0.00,0.00,3.04,50,397364,1,1
32,Martinez,Aston Villa,GK,20,Nott'm Forest,True,2026-01-03T12:30:00Z,191,90,0,0,0,0,0,0,4,0,0,0,1,0,19,0.00,0.00,0.00,0.89,50,455011,3,3
32,Martinez,Aston Villa,GK,21,Crystal Palace,False,2026-01-07T19:30:00Z,205,45,0,0,0,0,0,0,1,0,0,0,0,0,13,0.00,0.00,0.00,0.31,50,455135,1,1
32,Martinez,Aston Villa,GK,22,Everton,True,2026-01-18T16:30:00Z,211,90,0,0,0,0,0,0,2,0,0,0,1,0,9,0.00,0.00,0.00,0.51,50,417918,2,2
32,Martinez,Aston Villa,GK,23,Newcastle,False,2026-01-25T14:00:00Z,229,90,0,0,0,0,0,1,4,0,0,0,0,3,38,0.00,0.01,0.01,2.18,50,398288,10,10
32,Martinez,Aston Villa,GK,24,Brentford,True,2026-02-01T14:00:00Z,231,90,0,0,0,0,0,0,0,0,0,0,1,0,6,0.00,0.00,0.00,0.38,50,429394,2,2
32,Martinez,Aston Villa,GK,25,Bournemouth,False,2026-02-07T15:00:00Z,242,90,0,0,0,0,0,0,7,0,0,0,1,2,26,0.00,0.00,0.00,2.06,50,443925,6,6
32,Martinez,Aston Villa,GK,26,Brighton,True,2026-02-11T19:30:00Z,251,90,0,0,1,0,0,1,3,0,0,0,0,2,29,0.00,0.01,0.01,0.50,50,478657,8,8
32,Martinez,Aston Villa,GK,27,Leeds,True,2026-02-21T15:00:00Z,261,90,0,0,0,0,0,0,3,0,0,0,1,0,13,0.00,0.00,0.00,1.35,50,601401,3,3
32,Martinez,Aston Villa,GK,28,Wolves,False,2026-02-27T20:00:00Z,280,90,0,0,0,0,0,0,0,0,0,0,2,0,6,0.00,0.00,0.00,0.86,51,631376,1,1
32,Martinez,Aston Villa,GK,29,Chelsea,True,2026-03-04T19:30:00Z,281,90,0,0,0,0,0,0,4,0,0,0,4,0,13,0.00,0.01,0.01,3.60,51,584993,1,1
32,Martinez,Aston Villa,GK,30,Man Utd,False,2026-03-15T14:00:00Z,297,90,0,0,0,0,0,0,3,0,0,0,3,0,5,0.00,0.00,0.00,1.10,51,564191,2,2
32,Martinez,Aston Villa,GK,31,West Ham,True,2026-03-22T14:15:00Z,301,90,0,0,0,0,0,1,1,0,0,0,0,0,26,0.00,0.00,0.00,0.94,51,853208,6,6
32,Martinez,Aston Villa,GK,32,Nott'm Forest,False,2026-04-12T13:00:00Z,318,0,0,0,0,0,0,0,0,0,0,0,0,0,0,0.00,0.00,0.00,0.00,51,625249,0,0
32,Martinez,Aston Villa,GK,33,Sunderland,True,2026-04-19T13:00:00Z,321,90,0,0,0,0,0,0,4,0,0,0,3,0,9,0.00,0.01,0.01,1.73,51,564123,2,2
32,Martinez,Aston Villa,GK,34,Fulham,False,2026-04-25T11:30:00Z,335,90,0,0,0,0,0,0,5,0,0,0,1,0,24,0.00,0.00,0.00,1.18,51,643457,3,3
32,Martinez,Aston Villa,GK,35,Spurs,True,2026-05-03T18:00:00Z,342,90,0,0,0,0,0,0,3,0,0,0,2,0,10,0.00,0.00,0.00,0.99,51,618990,2,2
32,Martinez,Aston Villa,GK,36,Burnley,False,2026-05-10T13:00:00Z,352,90,0,1,0,0,0,0,4,0,0,0,2,1,27,0.00,0.00,0.00,1.79,51,626083,6,6
32,Martinez,Aston Villa,GK,37,Liverpool,True,2026-05-15T19:00:00Z,362,90,0,0,0,0,0,0,3,0,0,0,2,0,7,0.00,0.01,0.01,1.43,51,596288,2,2
32,Martinez,Aston Villa,GK,38,Man City,False,2026-05-24T15:00:00Z,376,0,0,0,0,0,0,0,0,0,0,0,0,0,0,0.00,0.00,0.00,0.00,50,572706,0,0
33,M.Bizot,Aston Villa,GK,1,Newcastle,True,2025-08-16T11:30:00Z,2,90,0,0,0,0,0,1,3,0,0,0,0,0,29,0.00,0.00,0.00,1.43,45,33426,7,7
33,M.Bizot,Aston Villa,GK,2,Brentford,False,2025-08-23T14:00:00Z,13,0,0,0,0,0,0,0,0,0,0,0,0,0,0,0.00,0.00,0.00,0.00,45,105709,0,0
33,M.Bizot,Aston Villa,GK,3,Crystal Palace,True,2025-08-31T18:00:00Z,21,90,0,0,1,0,0,0,1,0,0,0,3,0,-7,0.00,0.00,0.00,2.67,45,90739,0,0
33,M.Bizot,Aston Villa,GK,4,Everton,False,2025-09-13T14:00:00Z,36,0,0,0,0,0,0,0,0,0,0,0,0,0,0,0.00,0.00,0.00,0.00,45,89126,0,0
33,M.Bizot,Aston Villa,GK,5,Sunderland,False,2025-09-21T13:00:00Z,48,0,0,0,0,0,0,0,0,0,0,0,0,0,0,0.00,0.00,0.00,0.00,45,80334,0,0
33,M.Bizot,Aston Villa,GK,6,Fulham,True,2025-09-28T13:00:00Z,51,0,0,0,0,0,0,0,0,0,0,0,0,0,0,0.00,0.00,0.00,0.00,45,73003,0,0
33,M.Bizot,Aston Villa,GK,7,Burnley,True,2025-10-05T13:00:00Z,62,0,0,0,0,0,0,0,0,0,0,0,0,0,0,0.00,0.00,0.00,0.00,44,70101,0,0
33,M.Bizot,Aston Villa,GK,8,Spurs,False,2025-10-19T13:00:00Z,79,0,0,0,0,0,0,0,0,0,0,0,0,0,0,0.00,0.00,0.00,0.00,44,65788,0,0
33,M.Bizot,Aston Villa,GK,9,Man City,True,2025-10-26T14:00:00Z,82,0,0,0,0,0,0,0,0,0,0,0,0,0,0,0.00,0.00,0.00,0.00,44,63178,0,0
33,M.Bizot,Aston Villa,GK,10,Liverpool,False,2025-11-01T20:00:00Z,95,0,0,0,0,0,0,0,0,0,0,0,0,0,0,0.00,0.00,0.00,0.00,43,60582,0,0
33,M.Bizot,Aston Villa,GK,11,Bournemouth,True,2025-11-09T14:00:00Z,101,0,0,0,0,0,0,0,0,0,0,0,0,0,0,0.00,0.00,0.00,0.00,43,59040,0,0
33,M.Bizot,Aston Villa,GK,12,Leeds,False,2025-11-23T14:00:00Z,116,0,0,0,0,0,0,0,0,0,0,0,0,0,0,0.00,0.00,0.00,0.00,43,57503,0,0
33,M.Bizot,Aston Villa,GK,13,Wolves,True,2025-11-30T14:05:00Z,121,0,0,0,0,0,0,0,0,0,0,0,0,0,0,0.00,0.00,0.00,0.00,43,56538,0,0
33,M.Bizot,Aston Villa,GK,14,Brighton,False,2025-12-03T19:30:00Z,133,90,0,0,1,0,0,0,4,0,0,0,3,0,5,0.00,0.00,0.00,2.21,43,55675,1,1
33,M.Bizot,Aston Villa,GK,15,Arsenal,True,2025-12-06T12:30:00Z,141,0,0,0,0,0,0,0,0,0,0,0,0,0,0,0.00,0.00,0.00,0.00,43,56305,0,0
33,M.Bizot,Aston Villa,GK,16,West Ham,False,2025-12-14T14:00:00Z,160,90,0,0,0,0,0,0,1,0,0,0,2,0,7,0.00,0.00,0.00,1.03,42,54650,1,1
33,M.Bizot,Aston Villa,GK,17,Man Utd,True,2025-12-21T16:30:00Z,161,0,0,0,0,0,0,0,0,0,0,0,0,0,0,0.00,0.00,0.00,0.00,42,53969,0,0
33,M.Bizot,Aston Villa,GK,18,Chelsea,False,2025-12-27T17:30:00Z,174,0,0,0,0,0,0,0,0,0,0,0,0,0,0,0.00,0.00,0.00,0.00,42,52949,0,0
33,M.Bizot,Aston Villa,GK,19,Arsenal,False,2025-12-30T20:15:00Z,181,0,0,0,0,0,0,0,0,0,0,0,0,0,0,0.00,0.00,0.00,0.00,42,52117,0,0
33,M.Bizot,Aston Villa,GK,20,Nott'm Forest,True,2026-01-03T12:30:00Z,191,0,0,0,0,0,0,0,0,0,0,0,0,0,0,0.00,0.00,0.00,0.00,42,51695,0,0
33,M.Bizot,Aston Villa,GK,21,Crystal Palace,False,2026-01-07T19:30:00Z,205,45,0,0,0,0,0,0,4,0,0,0,0,0,17,0.00,0.00,0.00,1.19,42,51088,2,2
33,M.Bizot,Aston Villa,GK,22,Everton,True,2026-01-18T16:30:00Z,211,0,0,0,0,0,0,0,0,0,0,0,0,0,0,0.00,0.00,0.00,0.00,42,51592,0,0
33,M.Bizot,Aston Villa,GK,23,Newcastle,False,2026-01-25T14:00:00Z,229,0,0,0,0,0,0,0,0,0,0,0,0,0,0,0.00,0.00,0.00,0.00,42,51102,0,0
33,M.Bizot,Aston Villa,GK,24,Brentford,True,2026-02-01T14:00:00Z,231,0,0,0,0,0,0,0,0,0,0,0,0,0,0,0.00,0.00,0.00,0.00,42,50699,0,0
33,M.Bizot,Aston Villa,GK,25,Bournemouth,False,2026-02-07T15:00:00Z,242,0,0,0,0,0,0,0,0,0,0,0,0,0,0,0.00,0.00,0.00,0.00,42,50408,0,0
33,M.Bizot,Aston Villa,GK,26,Brighton,True,2026-02-11T19:30:00Z,251,0,0,0,0,0,0,0,0,0,0,0,0,0,0,0.00,0.00,0.00,0.00,42,50080,0,0
33,M.Bizot,Aston Villa,GK,27,Leeds,True,2026-02-21T15:00:00Z,261,0,0,0,0,0,0,0,0,0,0,0,0,0,0,0.00,0.00,0.00,0.00,42,49159,0,0
33,M.Bizot,Aston Villa,GK,28,Wolves,False,2026-02-27T20:00:00Z,280,0,0,0,0,0,0,0,0,0,0,0,0,0,0,0.00,0.00,0.00,0.00,42,48887,0,0
33,M.Bizot,Aston Villa,GK,29,Chelsea,True,2026-03-04T19:30:00Z,281,0,0,0,0,0,0,0,0,0,0,0,0,0,0,0.00,0.00,0.00,0.00,42,48729,0,0
33,M.Bizot,Aston Villa,GK,30,Man Utd,False,2026-03-15T14:00:00Z,297,0,0,0,0,0,0,0,0,0,0,0,0,0,0,0.00,0.00,0.00,0.00,42,48544,0,0
33,M.Bizot,Aston Villa,GK,31,West Ham,True,2026-03-22T14:15:00Z,301,0,0,0,0,0,0,0,0,0,0,0,0,0,0,0.00,0.00,0.00,0.00,42,48708,0,0
33,M.Bizot,Aston Villa,GK,32,Nott'm Forest,False,2026-04-12T13:00:00Z,318,90,0,0,0,0,0,0,4,0,0,0,1,0,14,0.00,0.00,0.00,1.15,42,48274,3,3
33,M.Bizot,Aston Villa,GK,33,Sunderland,True,2026-04-19T13:00:00Z,321,0,0,0,0,0,0,0,0,0,0,0,0,0,0,0.00,0.00,0.00,0.00,42,48620,0,0
33,M.Bizot,Aston Villa,GK,34,Fulham,False,2026-04-25T11:30:00Z,335,0,0,0,0,0,0,0,0,0,0,0,0,0,0,0.00,0.00,0.00,0.00,42,50313,0,0
33,M.Bizot,Aston Villa,GK,35,Spurs,True,2026-05-03T18:00:00Z,342,0,0,0,0,0,0,0,0,0,0,0,0,0,0,0.00,0.00,0.00,0.00,42,48651,0,0
33,M.Bizot,Aston Villa,GK,36,Burnley,False,2026-05-10T13:00:00Z,352,0,0,0,0,0,0,0,0,0,0,0,0,0,0,0.00,0.00,0.00,0.00,42,48617,0,0
33,M.Bizot,Aston Villa,GK,37,Liverpool,True,2026-05-15T19:00:00Z,362,0,0,0,0,0,0,0,0,0,0,0,0,0,0,0.00,0.00,0.00,0.00,42,48454,0,0
33,M.Bizot,Aston Villa,GK,38,Man City,False,2026-05-24T15:00:00Z,376,90,0,0,0,0,0,0,2,0,0,0,1,0,10,0.00,0.00,0.00,1.34,42,48467,2,2
34,Gauci,Aston Villa,GK,1,Newcastle,True,2025-08-16T11:30:00Z,2,0,0,0,0,0,0,0,0,0,0,0,0,0,0,0.00,0.00,0.00,0.00,40,28905,0,0
34,Gauci,Aston Villa,GK,2,Brentford,False,2025-08-23T14:00:00Z,13,0,0,0,0,0,0,0,0,0,0,0,0,0,0,0.00,0.00,0.00,0.00,40,24736,0,0
34,Gauci,Aston Villa,GK,3,Crystal Palace,True,2025-08-31T18:00:00Z,21,0,0,0,0,0,0,0,0,0,0,0,0,0,0,0.00,0.00,0.00,0.00,40,21879,0,0
34,Gauci,Aston Villa,GK,4,Everton,False,2025-09-13T14:00:00Z,36,0,0,0,0,0,0,0,0,0,0,0,0,0,0,0.00,0.00,0.00,0.00,40,20208,0,0
34,Gauci,Aston Villa,GK,5,Sunderland,False,2025-09-21T13:00:00Z,48,0,0,0,0,0,0,0,0,0,0,0,0,0,0,0.00,0.00,0.00,0.00,40,19127,0,0
34,Gauci,Aston Villa,GK,6,Fulham,True,2025-09-28T13:00:00Z,51,0,0,0,0,0,0,0,0,0,0,0,0,0,0,0.00,0.00,0.00,0.00,40,18030,0,0
34,Gauci,Aston Villa,GK,7,Burnley,True,2025-10-05T13:00:00Z,62,0,0,0,0,0,0,0,0,0,0,0,0,0,0,0.00,0.00,0.00,0.00,40,17159,0,0
34,Gauci,Aston Villa,GK,8,Spurs,False,2025-10-19T13:00:00Z,79,0,0,0,0,0,0,0,0,0,0,0,0,0,0,0.00,0.00,0.00,0.00,40,16365,0,0
34,Gauci,Aston Villa,GK,9,Man City,True,2025-10-26T14:00:00Z,82,0,0,0,0,0,0,0,0,0,0,0,0,0,0,0.00,0.00,0.00,0.00,40,15916,0,0
34,Gauci,Aston Villa,GK,10,Liverpool,False,2025-11-01T20:00:00Z,95,0,0,0,0,0,0,0,0,0,0,0,0,0,0,0.00,0.00,0.00,0.00,40,15495,0,0
34,Gauci,Aston Villa,GK,11,Bournemouth,True,2025-11-09T14:00:00Z,101,0,0,0,0,0,0,0,0,0,0,0,0,0,0,0.00,0.00,0.00,0.00,40,15158,0,0
34,Gauci,Aston Villa,GK,12,Leeds,False,2025-11-23T14:00:00Z,116,0,0,0,0,0,0,0,0,0,0,0,0,0,0,0.00,0.00,0.00,0.00,40,14818,0,0
34,Gauci,Aston Villa,GK,13,Wolves,True,2025-11-30T14:05:00Z,121,0,0,0,0,0,0,0,0,0,0,0,0,0,0,0.00,0.00,0.00,0.00,40,14539,0,0
34,Gauci,Aston Villa,GK,14,Brighton,False,2025-12-03T19:30:00Z,133,0,0,0,0,0,0,0,0,0,0,0,0,0,0,0.00,0.00,0.00,0.00,40,14390,0,0
34,Gauci,Aston Villa,GK,15,Arsenal,True,2025-12-06T12:30:00Z,141,0,0,0,0,0,0,0,0,0,0,0,0,0,0,0.00,0.00,0.00,0.00,40,14154,0,0
34,Gauci,Aston Villa,GK,16,West Ham,False,2025-12-14T14:00:00Z,160,0,0,0,0,0,0,0,0,0,0,0,0,0,0,0.00,0.00,0.00,0.00,40,13557,0,0
34,Gauci,Aston Villa,GK,17,Man Utd,True,2025-12-21T16:30:00Z,161,0,0,0,0,0,0,0,0,0,0,0,0,0,0,0.00,0.00,0.00,0.00,40,13260,0,0
34,Gauci,Aston Villa,GK,18,Chelsea,False,2025-12-27T17:30:00Z,174,0,0,0,0,0,0,0,0,0,0,0,0,0,0,0.00,0.00,0.00,0.00,40,12973,0,0
34,Gauci,Aston Villa,GK,19,Arsenal,False,2025-12-30T20:15:00Z,181,0,0,0,0,0,0,0,0,0,0,0,0,0,0,0.00,0.00,0.00,0.00,40,12759,0,0
34,Gauci,Aston Villa,GK,20,Nott'm Forest,True,2026-01-03T12:30:00Z,191,0,0,0,0,0,0,0,0,0,0,0,0,0,0,0.00,0.00,0.00,0.00,40,12657,0,0
34,Gauci,Aston Villa,GK,21,Crystal Palace,False,2026-01-07T19:30:00Z,205,0,0,0,0,0,0,0,0,0,0,0,0,0,0,0.00,0.00,0.00,0.00,40,12502,0,0
34,Gauci,Aston Villa,GK,22,Everton,True,2026-01-18T16:30:00Z,211,0,0,0,0,0,0,0,0,0,0,0,0,0,0,0.00,0.00,0.00,0.00,40,12298,0,0
34,Gauci,Aston Villa,GK,23,Newcastle,False,2026-01-25T14:00:00Z,229,0,0,0,0,0,0,0,0,0,0,0,0,0,0,0.00,0.00,0.00,0.00,40,12224,0,0
34,Gauci,Aston Villa,GK,24,Brentford,True,2026-02-01T14:00:00Z,231,0,0,0,0,0,0,0,0,0,0,0,0,0,0,0.00,0.00,0.00,0.00,40,12097,0,0
34,Gauci,Aston Villa,GK,25,Bournemouth,False,2026-02-07T15:00:00Z,242,0,0,0,0,0,0,0,0,0,0,0,0,0,0,0.00,0.00,0.00,0.00,40,12002,0,0
34,Gauci,Aston Villa,GK,26,Brighton,True,2026-02-11T19:30:00Z,251,0,0,0,0,0,0,0,0,0,0,0,0,0,0,0.00,0.00,0.00,0.00,40,11911,0,0
34,Gauci,Aston Villa,GK,27,Leeds,True,2026-02-21T15:00:00Z,261,0,0,0,0,0,0,0,0,0,0,0,0,0,0,0.00,0.00,0.00,0.00,40,11835,0,0
34,Gauci,Aston Villa,GK,28,Wolves,False,2026-02-27T20:00:00Z,280,0,0,0,0,0,0,0,0,0,0,0,0,0,0,0.00,0.00,0.00,0.00,40,11780,0,0
34,Gauci,Aston Villa,GK,29,Chelsea,True,2026-03-04T19:30:00Z,281,0,0,0,0,0,0,0,0,0,0,0,0,0,0,0.00,0.00,0.00,0.00,40,11716,0,0
34,Gauci,Aston Villa,GK,30,Man Utd,False,2026-03-15T14:00:00Z,297,0,0,0,0,0,0,0,0,0,0,0,0,0,0,0.00,0.00,0.00,0.00,40,11634,0,0
34,Gauci,Aston Villa,GK,31,West Ham,True,2026-03-22T14:15:00Z,301,0,0,0,0,0,0,0,0,0,0,0,0,0,0,0.00,0.00,0.00,0.00,40,11483,0,0
34,Gauci,Aston Villa,GK,32,Nott'm Forest,False,2026-04-12T13:00:00Z,318,0,0,0,0,0,0,0,0,0,0,0,0,0,0,0.00,0.00,0.00,0.00,40,11472,0,0
34,Gauci,Aston Villa,GK,33,Sunderland,True,2026-04-19T13:00:00Z,321,0,0,0,0,0,0,0,0,0,0,0,0,0,0,0.00,0.00,0.00,0.00,40,11402,0,0
34,Gauci,Aston Villa,GK,34,Fulham,False,2026-04-25T11:30:00Z,335,0,0,0,0,0,0,0,0,0,0,0,0,0,0,0.00,0.00,0.00,0.00,40,11334,0,0
34,Gauci,Aston Villa,GK,35,Spurs,True,2026-05-03T18:00:00Z,342,0,0,0,0,0,0,0,0,0,0,0,0,0,0,0.00,0.00,0.00,0.00,40,11314,0,0
34,Gauci,Aston Villa,GK,36,Burnley,False,2026-05-10T13:00:00Z,352,0,0,0,0,0,0,0,0,0,0,0,0,0,0,0.00,0.00,0.00,0.00,40,11264,0,0
34,Gauci,Aston Villa,GK,37,Liverpool,True,2026-05-15T19:00:00Z,362,0,0,0,0,0,0,0,0,0,0,0,0,0,0,0.00,0.00,0.00,0.00,40,11219,0,0
34,Gauci,Aston Villa,GK,38,Man City,False,2026-05-24T15:00:00Z,376,0,0,0,0,0,0,0,0,0,0,0,0,0,0,0.00,0.00,0.00,0.00,40,11150,0,0
35,Marschall,Aston Villa,GK,1,Newcastle,True,2025-08-16T11:30:00Z,2,0,0,0,0,0,0,0,0,0,0,0,0,0,0,0.00,0.00,0.00,0.00,40,2325,0,0
35,Marschall,Aston Villa,GK,2,Brentford,False,2025-08-23T14:00:00Z,13,0,0,0,0,0,0,0,0,0,0,0,0,0,0,0.00,0.00,0.00,0.00,40,1979,0,0
35,Marschall,Aston Villa,GK,3,Crystal Palace,True,2025-08-31T18:00:00Z,21,0,0,0,0,0,0,0,0,0,0,0,0,0,0,0.00,0.00,0.00,0.00,40,1757,0,0
35,Marschall,Aston Villa,GK,4,Everton,False,2025-09-13T14:00:00Z,36,0,0,0,0,0,0,0,0,0,0,0,0,0,0,0.00,0.00,0.00,0.00,40,1645,0,0
35,Marschall,Aston Villa,GK,5,Sunderland,False,2025-09-21T13:00:00Z,48,0,0,0,0,0,0,0,0,0,0,0,0,0,0,0.00,0.00,0.00,0.00,40,1582,0,0
35,Marschall,Aston Villa,GK,6,Fulham,True,2025-09-28T13:00:00Z,51,0,0,0,0,0,0,0,0,0,0,0,0,0,0,0.00,0.00,0.00,0.00,40,1513,0,0
35,Marschall,Aston Villa,GK,7,Burnley,True,2025-10-05T13:00:00Z,62,0,0,0,0,0,0,0,0,0,0,0,0,0,0,0.00,0.00,0.00,0.00,40,1445,0,0
35,Marschall,Aston Villa,GK,8,Spurs,False,2025-10-19T13:00:00Z,79,0,0,0,0,0,0,0,0,0,0,0,0,0,0,0.00,0.00,0.00,0.00,40,1392,0,0
35,Marschall,Aston Villa,GK,9,Man City,True,2025-10-26T14:00:00Z,82,0,0,0,0,0,0,0,0,0,0,0,0,0,0,0.00,0.00,0.00,0.00,40,1362,0,0
35,Marschall,Aston Villa,GK,10,Liverpool,False,2025-11-01T20:00:00Z,95,0,0,0,0,0,0,0,0,0,0,0,0,0,0,0.00,0.00,0.00,0.00,40,1337,0,0
35,Marschall,Aston Villa,GK,11,Bournemouth,True,2025-11-09T14:00:00Z,101,0,0,0,0,0,0,0,0,0,0,0,0,0,0,0.00,0.00,0.00,0.00,40,1311,0,0
35,Marschall,Aston Villa,GK,12,Leeds,False,2025-11-23T14:00:00Z,116,0,0,0,0,0,0,0,0,0,0,0,0,0,0,0.00,0.00,0.00,0.00,40,1292,0,0
35,Marschall,Aston Villa,GK,13,Wolves,True,2025-11-30T14:05:00Z,121,0,0,0,0,0,0,0,0,0,0,0,0,0,0,0.00,0.00,0.00,0.00,40,1271,0,0
35,Marschall,Aston Villa,GK,14,Brighton,False,2025-12-03T19:30:00Z,133,0,0,0,0,0,0,0,0,0,0,0,0,0,0,0.00,0.00,0.00,0.00,40,1258,0,0
35,Marschall,Aston Villa,GK,15,Arsenal,True,2025-12-06T12:30:00Z,141,0,0,0,0,0,0,0,0,0,0,0,0,0,0,0.00,0.00,0.00,0.00,40,1240,0,0
35,Marschall,Aston Villa,GK,16,West Ham,False,2025-12-14T14:00:00Z,160,0,0,0,0,0,0,0,0,0,0,0,0,0,0,0.00,0.00,0.00,0.00,40,1213,0,0
35,Marschall,Aston Villa,GK,17,Man Utd,True,2025-12-21T16:30:00Z,161,0,0,0,0,0,0,0,0,0,0,0,0,0,0,0.00,0.00,0.00,0.00,40,1188,0,0
35,Marschall,Aston Villa,GK,18,Chelsea,False,2025-12-27T17:30:00Z,174,0,0,0,0,0,0,0,0,0,0,0,0,0,0,0.00,0.00,0.00,0.00,40,1169,0,0
35,Marschall,Aston Villa,GK,19,Arsenal,False,2025-12-30T20:15:00Z,181,0,0,0,0,0,0,0,0,0,0,0,0,0,0,0.00,0.00,0.00,0.00,40,1156,0,0
35,Marschall,Aston Villa,GK,20,Nott'm Forest,True,2026-01-03T12:30:00Z,191,0,0,0,0,0,0,0,0,0,0,0,0,0,0,0.00,0.00,0.00,0.00,40,1151,0,0
35,Marschall,Aston Villa,GK,21,Crystal Palace,False,2026-01-07T19:30:00Z,205,0,0,0,0,0,0,0,0,0,0,0,0,0,0,0.00,0.00,0.00,0.00,40,1136,0,0
35,Marschall,Aston Villa,GK,22,Everton,True,2026-01-18T16:30:00Z,211,0,0,0,0,0,0,0,0,0,0,0,0,0,0,0.00,0.00,0.00,0.00,40,1117,0,0
35,Marschall,Aston Villa,GK,23,Newcastle,False,2026-01-25T14:00:00Z,229,0,0,0,0,0,0,0,0,0,0,0,0,0,0,0.00,0.00,0.00,0.00,40,1111,0,0
35,Marschall,Aston Villa,GK,24,Brentford,True,2026-02-01T14:00:00Z,231,0,0,0,0,0,0,0,0,0,0,0,0,0,0,0.00,0.00,0.00,0.00,40,1104,0,0
35,Marschall,Aston Villa,GK,25,Bournemouth,False,2026-02-07T15:00:00Z,242,0,0,0,0,0,0,0,0,0,0,0,0,0,0,0.00,0.00,0.00,0.00,40,1096,0,0
35,Marschall,Aston Villa,GK,26,Brighton,True,2026-02-11T19:30:00Z,251,0,0,0,0,0,0,0,0,0,0,0,0,0,0,0.00,0.00,0.00,0.00,40,1092,0,0
35,Marschall,Aston Villa,GK,27,Leeds,True,2026-02-21T15:00:00Z,261,0,0,0,0,0,0,0,0,0,0,0,0,0,0,0.00,0.00,0.00,0.00,40,1086,0,0
35,Marschall,Aston Villa,GK,28,Wolves,False,2026-02-27T20:00:00Z,280,0,0,0,0,0,0,0,0,0,0,0,0,0,0,0.00,0.00,0.00,0.00,40,1080,0,0
35,Marschall,Aston Villa,GK,29,Chelsea,True,2026-03-04T19:30:00Z,281,0,0,0,0,0,0,0,0,0,0,0,0,0,0,0.00,0.00,0.00,0.00,40,1074,0,0
35,Marschall,Aston Villa,GK,30,Man Utd,False,2026-03-15T14:00:00Z,297,0,0,0,0,0,0,0,0,0,0,0,0,0,0,0.00,0.00,0.00,0.00,40,1072,0,0
35,Marschall,Aston Villa,GK,31,West Ham,True,2026-03-22T14:15:00Z,301,0,0,0,0,0,0,0,0,0,0,0,0,0,0,0.00,0.00,0.00,0.00,40,1060,0,0
35,Marschall,Aston Villa,GK,32,Nott'm Forest,False,2026-04-12T13:00:00Z,318,0,0,0,0,0,0,0,0,0,0,0,0,0,0,0.00,0.00,0.00,0.00,40,1057,0,0
35,Marschall,Aston Villa,GK,33,Sunderland,True,2026-04-19T13:00:00Z,321,0,0,0,0,0,0,0,0,0,0,0,0,0,0,0.00,0.00,0.00,0.00,40,1054,0,0
35,Marschall,Aston Villa,GK,34,Fulham,False,2026-04-25T11:30:00Z,335,0,0,0,0,0,0,0,0,0,0,0,0,0,0,0.00,0.00,0.00,0.00,40,1049,0,0
35,Marschall,Aston Villa,GK,35,Spurs,True,2026-05-03T18:00:00Z,342,0,0,0,0,0,0,0,0,0,0,0,0,0,0,0.00,0.00,0.00,0.00,40,1044,0,0
35,Marschall,Aston Villa,GK,36,Burnley,False,2026-05-10T13:00:00Z,352,0,0,0,0,0,0,0,0,0,0,0,0,0,0,0.00,0.00,0.00,0.00,40,1042,0,0
35,Marschall,Aston Villa,GK,37,Liverpool,True,2026-05-15T19:00:00Z,362,0,0,0,0,0,0,0,0,0,0,0,0,0,0,0.00,0.00,0.00,0.00,40,1040,0,0
35,Marschall,Aston Villa,GK,38,Man City,False,2026-05-24T15:00:00Z,376,0,0,0,0,0,0,0,0,0,0,0,0,0,0,0.00,0.00,0.00,0.00,40,1037,0,0
36,Cash,Aston Villa,DEF,1,Newcastle,True,2025-08-16T11:30:00Z,2,90,0,0,0,0,0,1,0,0,0,11,0,0,25,0.00,0.00,0.00,1.43,45,176115,8,8
36,Cash,Aston Villa,DEF,2,Brentford,False,2025-08-23T14:00:00Z,13,90,0,0,0,0,0,0,0,0,0,6,1,0,18,0.00,0.23,0.23,1.21,45,545718,2,2
36,Cash,Aston Villa,DEF,3,Crystal Palace,True,2025-08-31T18:00:00Z,21,73,0,0,1,0,0,0,0,0,0,3,2,0,-1,0.01,0.11,0.12,1.77,45,594931,0,0
36,Cash,Aston Villa,DEF,4,Everton,False,2025-09-13T14:00:00Z,36,90,0,0,1,0,0,1,0,0,0,4,0,0,13,0.00,0.14,0.14,2.08,45,563357,5,5
36,Cash,Aston Villa,DEF,5,Sunderland,False,2025-09-21T13:00:00Z,48,90,1,0,0,0,0,0,0,0,0,5,1,2,29,0.05,0.05,0.10,1.05,45,590688,10,10
36,Cash,Aston Villa,DEF,6,Fulham,True,2025-09-28T13:00:00Z,51,90,0,0,0,0,0,0,0,0,0,9,1,0,8,0.01,0.01,0.02,0.92,46,637026,2,2
36,Cash,Aston Villa,DEF,7,Burnley,True,2025-10-05T13:00:00Z,62,83,0,0,0,0,0,0,0,0,0,3,1,0,9,0.01,0.03,0.04,0.39,46,673353,2,2
36,Cash,Aston Villa,DEF,8,Spurs,False,2025-10-19T13:00:00Z,79,90,0,0,0,0,0,0,0,0,0,5,1,0,13,0.04,0.02,0.06,0.75,46,631587,2,2
36,Cash,Aston Villa,DEF,9,Man City,True,2025-10-26T14:00:00Z,82,90,1,0,0,0,0,1,0,0,0,7,0,3,44,0.06,0.07,0.13,1.18,46,592594,15,15
36,Cash,Aston Villa,DEF,10,Liverpool,False,2025-11-01T20:00:00Z,95,90,0,0,1,0,0,0,0,0,0,7,2,0,0,0.03,0.04,0.07,1.19,46,635682,0,0
36,Cash,Aston Villa,DEF,11,Bournemouth,True,2025-11-09T14:00:00Z,101,90,0,0,0,0,0,1,0,0,0,5,0,0,21,0.01,0.01,0.02,1.61,46,661296,6,6
36,Cash,Aston Villa,DEF,12,Leeds,False,2025-11-23T14:00:00Z,116,90,0,0,0,0,0,0,0,0,0,5,1,0,10,0.09,0.26,0.35,1.79,46,709503,2,2
36,Cash,Aston Villa,DEF,13,Wolves,True,2025-11-30T14:05:00Z,121,90,0,0,0,0,0,1,0,0,0,5,0,0,28,0.03,0.03,0.06,0.49,46,1131281,6,6
36,Cash,Aston Villa,DEF,14,Brighton,False,2025-12-03T19:30:00Z,133,90,0,1,0,0,0,0,0,0,0,8,3,0,15,0.00,0.34,0.34,2.21,47,839228,4,4
36,Cash,Aston Villa,DEF,15,Arsenal,True,2025-12-06T12:30:00Z,141,86,1,0,0,0,0,0,0,0,0,6,1,1,24,0.25,0.05,0.30,1.87,47,835590,9,9
36,Cash,Aston Villa,DEF,16,West Ham,False,2025-12-14T14:00:00Z,160,90,0,0,1,0,0,0,0,0,0,6,2,0,7,0.00,0.01,0.01,1.03,49,1785756,0,0
36,Cash,Aston Villa,DEF,17,Man Utd,True,2025-12-21T16:30:00Z,161,90,0,0,0,0,0,0,0,0,0,4,1,0,1,0.07,0.01,0.08,1.33,49,1682375,2,2
36,Cash,Aston Villa,DEF,18,Chelsea,False,2025-12-27T17:30:00Z,174,90,0,0,1,0,0,0,0,0,0,5,1,0,2,0.00,0.00,0.00,2.14,49,1581086,1,1
36,Cash,Aston Villa,DEF,19,Arsenal,False,2025-12-30T20:15:00Z,181,0,0,0,0,0,0,0,0,0,0,0,0,0,0,0.00,0.00,0.00,0.00,49,1147444,0,0
36,Cash,Aston Villa,DEF,20,Nott'm Forest,True,2026-01-03T12:30:00Z,191,89,0,1,0,0,0,0,0,0,0,3,1,0,21,0.00,0.16,0.16,0.80,48,1279346,5,5
36,Cash,Aston Villa,DEF,21,Crystal Palace,False,2026-01-07T19:30:00Z,205,90,0,0,0,0,0,1,0,0,0,8,0,0,29,0.04,0.19,0.23,1.50,48,1326799,6,6
36,Cash,Aston Villa,DEF,22,Everton,True,2026-01-18T16:30:00Z,211,90,0,0,0,0,0,0,0,0,0,4,1,0,12,0.00,0.15,0.15,0.51,48,1446485,2,2
36,Cash,Aston Villa,DEF,23,Newcastle,False,2026-01-25T14:00:00Z,229,90,0,0,0,0,0,1,0,0,0,4,0,0,18,0.05,0.01,0.06,2.18,48,1416555,6,6
36,Cash,Aston Villa,DEF,24,Brentford,True,2026-02-01T14:00:00Z,231,90,0,0,0,0,0,0,0,0,0,8,1,0,16,0.23,0.33,0.56,0.38,48,1499457,2,2
36,Cash,Aston Villa,DEF,25,Bournemouth,False,2026-02-07T15:00:00Z,242,90,0,0,0,0,0,0,0,0,0,4,1,0,5,0.04,0.00,0.04,2.06,48,1513523,2,2
36,Cash,Aston Villa,DEF,26,Brighton,True,2026-02-11T19:30:00Z,251,0,0,0,0,0,0,0,0,0,0,0,0,0,0,0.00,0.00,0.00,0.00,49,1495779,0,0
36,Cash,Aston Villa,DEF,27,Leeds,True,2026-02-21T15:00:00Z,261,86,0,0,0,0,0,0,0,0,0,7,1,0,13,0.02,0.12,0.14,1.35,49,1423877,2,2
36,Cash,Aston Villa,DEF,28,Wolves,False,2026-02-27T20:00:00Z,280,90,0,0,1,0,0,0,0,0,0,7,2,0,11,0.00,0.07,0.07,0.86,49,1437246,0,0
36,Cash,Aston Villa,DEF,29,Chelsea,True,2026-03-04T19:30:00Z,281,45,0,0,1,0,0,0,0,0,0,1,2,0,-12,0.00,0.00,0.00,2.17,48,1308920,-1,0
36,Cash,Aston Villa,DEF,30,Man Utd,False,2026-03-15T14:00:00Z,297,0,0,0,0,0,0,0,0,0,0,0,0,0,0,0.00,0.00,0.00,0.00,48,1130186,0,0
36,Cash,Aston Villa,DEF,31,West Ham,True,2026-03-22T14:15:00Z,301,90,0,0,0,0,0,1,0,0,0,4,0,0,24,0.05,0.24,0.29,0.94,47,1124827,6,6
36,Cash,Aston Villa,DEF,32,Nott'm Forest,False,2026-04-12T13:00:00Z,318,90,0,0,1,0,0,0,0,0,0,4,1,0,5,0.03,0.02,0.05,1.15,47,1099357,1,1
36,Cash,Aston Villa,DEF,33,Sunderland,True,2026-04-19T13:00:00Z,321,90,0,0,0,0,0,0,0,0,0,4,3,0,-4,0.01,0.02,0.03,1.73,47,1017795,1,1
36,Cash,Aston Villa,DEF,34,Fulham,False,2026-04-25T11:30:00Z,335,90,0,0,0,0,0,0,0,0,0,7,1,0,13,0.00,0.03,0.03,1.18,47,1106018,2,2
36,Cash,Aston Villa,DEF,35,Spurs,True,2026-05-03T18:00:00Z,342,90,0,1,0,0,0,0,0,0,0,9,2,1,25,0.00,0.07,0.07,0.99,47,1070100,5,5
36,Cash,Aston Villa,DEF,36,Burnley,False,2026-05-10T13:00:00Z,352,79,0,0,0,0,0,0,0,0,0,0,2,0,1,0.00,0.10,0.10,1.63,47,1065989,1,1
36,Cash,Aston Villa,DEF,37,Liverpool,True,2026-05-15T19:00:00Z,362,90,0,0,1,0,0,0,0,0,0,7,2,0,3,0.01,0.01,0.02,1.43,47,1010711,0,0
36,Cash,Aston Villa,DEF,38,Man City,False,2026-05-24T15:00:00Z,376,45,0,0,0,0,0,0,0,0,0,1,0,0,4,0.00,0.01,0.01,0.15,46,959217,1,1
37,Digne,Aston Villa,DEF,1,Newcastle,True,2025-08-16T11:30:00Z,2,90,0,0,0,0,0,1,0,0,0,7,0,0,22,0.00,0.01,0.01,1.43,45,173557,6,6
37,Digne,Aston Villa,DEF,2,Brentford,False,2025-08-23T14:00:00Z,13,63,0,0,0,0,0,0,0,0,0,2,1,0,8,0.00,0.16,0.16,1.11,45,256592,2,2
37,Digne,Aston Villa,DEF,3,Crystal Palace,True,2025-08-31T18:00:00Z,21,7,0,0,0,0,0,0,0,0,0,0,0,0,3,0.00,0.00,0.00,0.38,45,254048,1,1
37,Digne,Aston Villa,DEF,4,Everton,False,2025-09-13T14:00:00Z,36,90,0,0,1,0,0,1,0,0,0,4,0,0,18,0.08,0.01,0.09,2.08,45,235676,5,5
37,Digne,Aston Villa,DEF,5,Sunderland,False,2025-09-21T13:00:00Z,48,57,0,0,0,0,0,0,0,0,0,0,0,0,6,0.00,0.04,0.04,0.37,45,240016,1,1
37,Digne,Aston Villa,DEF,6,Fulham,True,2025-09-28T13:00:00Z,51,90,0,1,0,0,0,0,0,0,0,3,1,0,21,0.05,0.33,0.38,0.92,45,226658,5,5
37,Digne,Aston Villa,DEF,7,Burnley,True,2025-10-05T13:00:00Z,62,90,0,0,1,0,0,0,0,0,0,6,1,0,20,0.08,0.58,0.66,0.42,45,234410,1,1
37,Digne,Aston Villa,DEF,8,Spurs,False,2025-10-19T13:00:00Z,79,81,0,1,0,0,0,0,0,0,0,5,1,0,12,0.00,0.01,0.01,0.55,45,220573,5,5
37,Digne,Aston Villa,DEF,9,Man City,True,2025-10-26T14:00:00Z,82,85,0,0,0,0,0,1,0,0,0,4,0,0,28,0.06,0.06,0.12,0.98,45,202176,6,6
37,Digne,Aston Villa,DEF,10,Liverpool,False,2025-11-01T20:00:00Z,95,74,0,0,0,0,0,0,0,0,0,7,2,0,3,0.00,0.01,0.01,1.12,45,196038,1,1
37,Digne,Aston Villa,DEF,11,Bournemouth,True,2025-11-09T14:00:00Z,101,90,0,1,0,0,0,1,0,0,0,4,0,0,29,0.00,0.12,0.12,1.61,45,195052,9,9
37,Digne,Aston Villa,DEF,12,Leeds,False,2025-11-23T14:00:00Z,116,45,0,0,0,0,0,0,0,0,0,2,1,0,1,0.00,0.06,0.06,1.23,45,251192,1,1
37,Digne,Aston Villa,DEF,13,Wolves,True,2025-11-30T14:05:00Z,121,90,0,0,0,0,0,1,0,0,0,4,0,1,31,0.08,0.09,0.17,0.49,45,278393,7,7
37,Digne,Aston Villa,DEF,14,Brighton,False,2025-12-03T19:30:00Z,133,20,0,0,0,0,0,0,0,0,0,2,1,0,-1,0.00,0.00,0.00,0.79,45,262880,1,1
37,Digne,Aston Villa,DEF,15,Arsenal,True,2025-12-06T12:30:00Z,141,0,0,0,0,0,0,0,0,0,0,0,0,0,0,0.00,0.00,0.00,0.00,45,251429,0,0
37,Digne,Aston Villa,DEF,16,West Ham,False,2025-12-14T14:00:00Z,160,15,0,0,0,0,0,0,0,0,0,1,0,0,8,0.01,0.00,0.01,0.04,45,234790,1,1
37,Digne,Aston Villa,DEF,17,Man Utd,True,2025-12-21T16:30:00Z,161,15,0,0,0,0,0,0,0,0,0,2,0,0,4,0.00,0.00,0.00,0.13,45,223417,1,1
37,Digne,Aston Villa,DEF,18,Chelsea,False,2025-12-27T17:30:00Z,174,7,0,0,0,0,0,0,0,0,0,0,0,0,5,0.10,0.00,0.10,0.03,45,210621,1,1
37,Digne,Aston Villa,DEF,19,Arsenal,False,2025-12-30T20:15:00Z,181,90,0,0,0,0,0,0,0,0,0,6,4,0,-4,0.00,0.12,0.12,3.04,45,203164,0,0
37,Digne,Aston Villa,DEF,20,Nott'm Forest,True,2026-01-03T12:30:00Z,191,21,0,0,0,0,0,0,0,0,0,1,0,0,3,0.00,0.00,0.00,0.19,45,210012,1,1
37,Digne,Aston Villa,DEF,21,Crystal Palace,False,2026-01-07T19:30:00Z,205,72,0,0,0,0,0,1,0,0,0,6,0,3,33,0.03,0.15,0.18,1.50,45,200668,9,9
37,Digne,Aston Villa,DEF,22,Everton,True,2026-01-18T16:30:00Z,211,17,0,0,0,0,0,0,0,0,0,1,0,0,5,0.05,0.00,0.05,0.00,45,208082,1,1
37,Digne,Aston Villa,DEF,23,Newcastle,False,2026-01-25T14:00:00Z,229,15,0,1,1,0,0,0,0,0,0,0,0,0,13,0.00,0.44,0.44,0.13,45,202764,3,3
37,Digne,Aston Villa,DEF,24,Brentford,True,2026-02-01T14:00:00Z,231,0,0,0,0,0,0,0,0,0,0,0,0,0,0,0.00,0.00,0.00,0.00,45,203240,0,0
37,Digne,Aston Villa,DEF,25,Bournemouth,False,2026-02-07T15:00:00Z,242,85,0,0,0,0,0,0,0,0,0,11,1,0,14,0.00,0.02,0.02,1.71,45,200369,4,4
37,Digne,Aston Villa,DEF,26,Brighton,True,2026-02-11T19:30:00Z,251,0,0,0,0,0,0,0,0,0,0,0,0,0,0,0.00,0.00,0.00,0.00,45,201659,0,0
37,Digne,Aston Villa,DEF,27,Leeds,True,2026-02-21T15:00:00Z,261,0,0,0,0,0,0,0,0,0,0,0,0,0,0,0.00,0.00,0.00,0.00,45,203345,0,0
37,Digne,Aston Villa,DEF,28,Wolves,False,2026-02-27T20:00:00Z,280,69,0,0,0,0,0,0,0,0,0,1,1,0,7,0.00,0.09,0.09,0.39,45,198934,2,2
37,Digne,Aston Villa,DEF,29,Chelsea,True,2026-03-04T19:30:00Z,281,0,0,0,0,0,0,0,0,0,0,0,0,0,0,0.00,0.00,0.00,0.00,45,194155,0,0
37,Digne,Aston Villa,DEF,30,Man Utd,False,2026-03-15T14:00:00Z,297,81,0,1,0,0,0,0,0,0,0,7,3,0,15,0.00,0.22,0.22,0.83,45,190261,4,4
37,Digne,Aston Villa,DEF,31,West Ham,True,2026-03-22T14:15:00Z,301,90,0,0,0,0,0,1,0,0,0,7,0,1,30,0.07,0.21,0.28,0.94,45,225866,7,7
37,Digne,Aston Villa,DEF,32,Nott'm Forest,False,2026-04-12T13:00:00Z,318,77,0,0,0,0,0,0,0,0,0,8,1,0,16,0.00,0.07,0.07,1.15,45,204600,2,2
37,Digne,Aston Villa,DEF,33,Sunderland,True,2026-04-19T13:00:00Z,321,20,0,1,0,0,0,0,0,0,0,1,2,0,10,0.00,0.29,0.29,1.45,45,202288,3,4
37,Digne,Aston Villa,DEF,34,Fulham,False,2026-04-25T11:30:00Z,335,90,0,0,0,0,0,0,0,0,0,3,1,0,2,0.02,0.01,0.03,1.18,45,218954,2,2
37,Digne,Aston Villa,DEF,35,Spurs,True,2026-05-03T18:00:00Z,342,0,0,0,0,0,0,0,0,0,0,0,0,0,0,0.00,0.00,0.00,0.00,45,211509,0,0
37,Digne,Aston Villa,DEF,36,Burnley,False,2026-05-10T13:00:00Z,352,16,0,0,0,0,0,0,0,0,0,2,0,0,10,0.00,0.12,0.12,0.17,45,208475,1,1
37,Digne,Aston Villa,DEF,37,Liverpool,True,2026-05-15T19:00:00Z,362,90,0,1,0,0,0,0,0,0,0,6,2,0,9,0.04,0.06,0.10,1.43,45,202706,4,4
37,Digne,Aston Villa,DEF,38,Man City,False,2026-05-24T15:00:00Z,376,0,0,0,0,0,0,0,0,0,0,0,0,0,0,0.00,0.00,0.00,0.00,45,199269,0,0
38,Konsa,Aston Villa,DEF,1,Newcastle,True,2025-08-16T11:30:00Z,2,65,0,0,0,1,0,1,0,0,0,3,0,0,15,0.00,0.01,0.01,1.11,45,2210503,3,3
38,Konsa,Aston Villa,DEF,2,Brentford,False,2025-08-23T14:00:00Z,13,0,0,0,0,0,0,0,0,0,0,0,0,0,0,0.00,0.00,0.00,0.00,45,1707950,0,0
38,Konsa,Aston Villa,DEF,3,Crystal Palace,True,2025-08-31T18:00:00Z,21,90,0,0,0,0,0,0,0,0,0,5,3,0,3,0.00,0.03,0.03,2.67,45,1624989,1,1
38,Konsa,Aston Villa,DEF,4,Everton,False,2025-09-13T14:00:00Z,36,90,0,0,0,0,0,1,0,0,0,4,0,0,28,0.00,0.01,0.01,2.08,45,1486987,6,6
38,Konsa,Aston Villa,DEF,5,Sunderland,False,2025-09-21T13:00:00Z,48,90,0,0,0,0,0,0,0,0,0,6,1,0,10,0.00,0.02,0.02,1.05,45,1507276,2,2
38,Konsa,Aston Villa,DEF,6,Fulham,True,2025-09-28T13:00:00Z,51,90,0,0,0,0,0,0,0,0,0,5,1,0,21,0.00,0.00,0.00,0.92,45,1372449,2,2
38,Konsa,Aston Villa,DEF,7,Burnley,True,2025-10-05T13:00:00Z,62,90,0,0,0,0,0,0,0,0,0,3,1,0,15,0.04,0.01,0.05,0.42,45,1313722,2,2
38,Konsa,Aston Villa,DEF,8,Spurs,False,2025-10-19T13:00:00Z,79,90,0,0,0,0,0,0,0,0,0,6,1,0,9,0.00,0.01,0.01,0.75,45,1196340,2,2
38,Konsa,Aston Villa,DEF,9,Man City,True,2025-10-26T14:00:00Z,82,90,0,0,0,0,0,1,0,0,0,12,0,0,31,0.00,0.00,0.00,1.18,45,1108186,8,8
38,Konsa,Aston Villa,DEF,10,Liverpool,False,2025-11-01T20:00:00Z,95,90,0,0,0,0,0,0,0,0,0,8,2,0,11,0.00,0.01,0.01,1.19,44,1061518,1,1
38,Konsa,Aston Villa,DEF,11,Bournemouth,True,2025-11-09T14:00:00Z,101,90,0,0,0,0,0,1,0,0,0,4,0,0,25,0.00,0.05,0.05,1.61,44,1035574,6,6
38,Konsa,Aston Villa,DEF,12,Leeds,False,2025-11-23T14:00:00Z,116,90,0,0,0,0,0,0,0,0,0,6,1,0,19,0.00,0.00,0.00,1.79,44,980637,2,2
38,Konsa,Aston Villa,DEF,13,Wolves,True,2025-11-30T14:05:00Z,121,90,0,0,0,0,0,1,0,0,0,9,0,2,32,0.00,0.03,0.03,0.49,44,998811,8,8
38,Konsa,Aston Villa,DEF,14,Brighton,False,2025-12-03T19:30:00Z,133,90,0,0,0,0,0,0,0,0,0,5,3,0,6,0.27,0.01,0.28,2.21,44,994191,1,1
38,Konsa,Aston Villa,DEF,15,Arsenal,True,2025-12-06T12:30:00Z,141,90,0,0,0,0,0,0,0,0,0,5,1,0,11,0.00,0.01,0.01,1.92,44,969478,2,2
38,Konsa,Aston Villa,DEF,16,West Ham,False,2025-12-14T14:00:00Z,160,90,0,0,0,0,0,0,0,0,0,2,2,0,2,0.00,0.02,0.02,1.03,44,994810,1,1
38,Konsa,Aston Villa,DEF,17,Man Utd,True,2025-12-21T16:30:00Z,161,90,0,0,0,0,0,0,0,0,0,6,1,0,8,0.00,0.00,0.00,1.33,44,968405,2,2
38,Konsa,Aston Villa,DEF,18,Chelsea,False,2025-12-27T17:30:00Z,174,90,0,0,0,0,0,0,0,0,0,10,1,0,14,0.00,0.01,0.01,2.14,44,937515,4,4
38,Konsa,Aston Villa,DEF,19,Arsenal,False,2025-12-30T20:15:00Z,181,90,0,0,0,0,0,0,0,0,0,7,4,0,8,0.00,0.11,0.11,3.04,44,923717,0,0
38,Konsa,Aston Villa,DEF,20,Nott'm Forest,True,2026-01-03T12:30:00Z,191,90,0,0,0,0,0,0,0,0,0,3,1,0,15,0.00,0.03,0.03,0.89,44,962251,2,2
38,Konsa,Aston Villa,DEF,21,Crystal Palace,False,2026-01-07T19:30:00Z,205,90,0,0,0,0,0,1,0,0,0,8,0,1,30,0.05,0.01,0.06,1.50,44,946722,7,7
38,Konsa,Aston Villa,DEF,22,Everton,True,2026-01-18T16:30:00Z,211,90,0,0,0,0,0,0,0,0,0,7,1,0,13,0.02,0.02,0.04,0.51,44,959214,2,2
38,Konsa,Aston Villa,DEF,23,Newcastle,False,2026-01-25T14:00:00Z,229,90,0,0,0,0,0,1,0,0,0,6,0,0,26,0.00,0.01,0.01,2.18,44,944365,6,6
38,Konsa,Aston Villa,DEF,24,Brentford,True,2026-02-01T14:00:00Z,231,90,0,0,0,0,0,0,0,0,0,4,1,0,11,0.35,0.08,0.43,0.38,44,968354,2,2
38,Konsa,Aston Villa,DEF,25,Bournemouth,False,2026-02-07T15:00:00Z,242,90,0,0,0,0,0,0,0,0,0,6,1,0,14,0.00,0.00,0.00,2.06,44,978225,2,2
38,Konsa,Aston Villa,DEF,26,Brighton,True,2026-02-11T19:30:00Z,251,90,0,0,0,0,0,1,0,0,0,4,0,0,25,0.15,0.02,0.17,0.50,44,975941,6,6
38,Konsa,Aston Villa,DEF,27,Leeds,True,2026-02-21T15:00:00Z,261,90,0,1,0,0,0,0,0,0,0,10,1,0,23,0.13,0.01,0.14,1.35,44,1038871,7,7
38,Konsa,Aston Villa,DEF,28,Wolves,False,2026-02-27T20:00:00Z,280,90,0,0,0,0,0,0,0,0,0,8,2,0,11,0.00,0.01,0.01,0.86,44,1074597,1,1
38,Konsa,Aston Villa,DEF,29,Chelsea,True,2026-03-04T19:30:00Z,281,90,0,0,0,0,0,0,0,0,0,5,4,0,-3,0.00,0.00,0.00,3.60,44,1043800,0,0
38,Konsa,Aston Villa,DEF,30,Man Utd,False,2026-03-15T14:00:00Z,297,90,0,0,0,0,0,0,0,0,0,7,3,0,4,0.00,0.02,0.02,1.10,44,1026673,1,1
38,Konsa,Aston Villa,DEF,31,West Ham,True,2026-03-22T14:15:00Z,301,90,0,0,0,0,0,1,0,0,0,3,0,0,24,0.26,0.01,0.27,0.94,44,1124818,6,6
38,Konsa,Aston Villa,DEF,32,Nott'm Forest,False,2026-04-12T13:00:00Z,318,0,0,0,0,0,0,0,0,0,0,0,0,0,0,0.00,0.00,0.00,0.00,44,1048946,0,0
38,Konsa,Aston Villa,DEF,33,Sunderland,True,2026-04-19T13:00:00Z,321,90,0,0,0,0,0,0,0,0,0,4,3,0,4,0.00,0.00,0.00,1.73,44,980231,1,1
38,Konsa,Aston Villa,DEF,34,Fulham,False,2026-04-25T11:30:00Z,335,90,0,0,0,0,0,0,0,0,0,5,1,0,11,0.00,0.01,0.01,1.18,44,1010648,2,2
38,Konsa,Aston Villa,DEF,35,Spurs,True,2026-05-03T18:00:00Z,342,0,0,0,0,0,0,0,0,0,0,0,0,0,0,0.00,0.00,0.00,0.00,44,1002607,0,0
38,Konsa,Aston Villa,DEF,36,Burnley,False,2026-05-10T13:00:00Z,352,90,0,0,0,0,0,0,0,0,0,4,2,0,12,0.00,0.01,0.01,1.79,44,980790,1,1
38,Konsa,Aston Villa,DEF,37,Liverpool,True,2026-05-15T19:00:00Z,362,90,0,0,0,0,0,0,0,0,0,6,2,0,9,0.00,0.01,0.01,1.43,44,947196,1,1
38,Konsa,Aston Villa,DEF,38,Man City,False,2026-05-24T15:00:00Z,376,0,0,0,0,0,0,0,0,0,0,0,0,0,0,0.00,0.00,0.00,0.00,44,914726,0,0
39,Maatsen,Aston Villa,DEF,1,Newcastle,True,2025-08-16T11:30:00Z,2,0,0,0,0,0,0,0,0,0,0,0,0,0,0,0.00,0.00,0.00,0.00,45,86154,0,0
39,Maatsen,Aston Villa,DEF,2,Brentford,False,2025-08-23T14:00:00Z,13,26,0,0,0,0,0,0,0,0,0,4,0,0,10,0.02,0.06,0.08,0.11,45,83168,1,1
39,Maatsen,Aston Villa,DEF,3,Crystal Palace,True,2025-08-31T18:00:00Z,21,83,0,0,0,0,0,0,0,0,0,6,3,0,6,0.09,0.12,0.21,2.29,44,76151,1,1
39,Maatsen,Aston Villa,DEF,4,Everton,False,2025-09-13T14:00:00Z,36,0,0,0,0,0,0,0,0,0,0,0,0,0,0,0.00,0.00,0.00,0.00,44,73052,0,0
39,Maatsen,Aston Villa,DEF,5,Sunderland,False,2025-09-21T13:00:00Z,48,32,0,0,1,0,0,0,0,0,0,2,1,0,-2,0.00,0.02,0.02,0.68,44,68341,0,0
39,Maatsen,Aston Villa,DEF,6,Fulham,True,2025-09-28T13:00:00Z,51,0,0,0,0,0,0,0,0,0,0,0,0,0,0,0.00,0.00,0.00,0.00,44,64226,0,0
39,Maatsen,Aston Villa,DEF,7,Burnley,True,2025-10-05T13:00:00Z,62,1,0,0,0,0,0,0,0,0,0,1,0,0,6,0.00,0.00,0.00,0.00,43,61839,1,1
39,Maatsen,Aston Villa,DEF,8,Spurs,False,2025-10-19T13:00:00Z,79,8,0,0,0,0,0,0,0,0,0,4,0,0,8,0.04,0.00,0.04,0.20,43,59364,1,1
39,Maatsen,Aston Villa,DEF,9,Man City,True,2025-10-26T14:00:00Z,82,4,0,0,0,0,0,0,0,0,0,0,0,0,3,0.00,0.00,0.00,0.20,43,57526,1,1
39,Maatsen,Aston Villa,DEF,10,Liverpool,False,2025-11-01T20:00:00Z,95,15,0,0,0,0,0,0,0,0,0,1,0,0,2,0.00,0.01,0.01,0.06,43,55837,1,1
39,Maatsen,Aston Villa,DEF,11,Bournemouth,True,2025-11-09T14:00:00Z,101,0,0,0,0,0,0,0,0,0,0,0,0,0,0,0.00,0.00,0.00,0.00,43,54750,0,0
39,Maatsen,Aston Villa,DEF,12,Leeds,False,2025-11-23T14:00:00Z,116,45,0,0,0,0,0,0,0,0,0,4,0,0,5,0.10,0.00,0.10,0.56,42,54317,1,1
39,Maatsen,Aston Villa,DEF,13,Wolves,True,2025-11-30T14:05:00Z,121,0,0,0,0,0,0,0,0,0,0,0,0,0,0,0.00,0.00,0.00,0.00,42,53901,0,0
39,Maatsen,Aston Villa,DEF,14,Brighton,False,2025-12-03T19:30:00Z,133,69,0,0,0,0,0,0,0,0,0,8,2,0,14,0.06,0.50,0.56,1.42,42,53404,1,1
39,Maatsen,Aston Villa,DEF,15,Arsenal,True,2025-12-06T12:30:00Z,141,90,0,0,0,0,0,0,0,0,0,4,1,0,7,0.05,0.03,0.08,1.92,42,52913,2,2
39,Maatsen,Aston Villa,DEF,16,West Ham,False,2025-12-14T14:00:00Z,160,74,0,0,0,0,0,0,0,0,0,5,2,0,9,0.00,0.02,0.02,0.98,42,58191,1,1
39,Maatsen,Aston Villa,DEF,17,Man Utd,True,2025-12-21T16:30:00Z,161,74,0,0,0,0,0,0,0,0,0,8,1,0,15,0.03,0.01,0.04,1.20,42,59733,2,2
39,Maatsen,Aston Villa,DEF,18,Chelsea,False,2025-12-27T17:30:00Z,174,82,0,0,0,0,0,0,0,0,0,4,1,0,0,0.12,0.00,0.12,2.12,42,62298,2,2
39,Maatsen,Aston Villa,DEF,19,Arsenal,False,2025-12-30T20:15:00Z,181,0,0,0,0,0,0,0,0,0,0,0,0,0,0,0.00,0.00,0.00,0.00,42,63919,0,0
39,Maatsen,Aston Villa,DEF,20,Nott'm Forest,True,2026-01-03T12:30:00Z,191,68,0,0,0,0,0,0,0,0,0,5,1,0,10,0.11,0.02,0.13,0.70,42,64899,2,2
39,Maatsen,Aston Villa,DEF,21,Crystal Palace,False,2026-01-07T19:30:00Z,205,17,0,0,0,0,0,0,0,0,0,4,0,0,5,0.04,0.00,0.04,0.00,42,65039,1,1
39,Maatsen,Aston Villa,DEF,22,Everton,True,2026-01-18T16:30:00Z,211,72,0,0,0,0,0,0,0,0,0,2,1,0,17,0.02,0.31,0.33,0.51,42,64910,2,2
39,Maatsen,Aston Villa,DEF,23,Newcastle,False,2026-01-25T14:00:00Z,229,90,0,0,1,0,0,1,0,0,0,5,0,0,23,0.00,0.14,0.14,2.18,42,64774,5,5
39,Maatsen,Aston Villa,DEF,24,Brentford,True,2026-02-01T14:00:00Z,231,90,0,0,0,0,0,0,0,0,0,8,1,0,23,0.15,0.39,0.54,0.38,42,68790,2,2
39,Maatsen,Aston Villa,DEF,25,Bournemouth,False,2026-02-07T15:00:00Z,242,13,0,0,0,0,0,0,0,0,0,0,0,0,2,0.00,0.01,0.01,0.43,42,71287,1,1
39,Maatsen,Aston Villa,DEF,26,Brighton,True,2026-02-11T19:30:00Z,251,90,0,0,0,0,0,1,0,0,0,11,0,0,24,0.02,0.08,0.10,0.50,42,72364,8,8
39,Maatsen,Aston Villa,DEF,27,Leeds,True,2026-02-21T15:00:00Z,261,90,0,0,0,0,0,0,0,0,0,4,1,0,8,0.00,0.02,0.02,1.35,42,83129,2,2
39,Maatsen,Aston Villa,DEF,28,Wolves,False,2026-02-27T20:00:00Z,280,20,0,0,0,0,0,0,0,0,0,2,1,0,3,0.20,0.08,0.28,0.47,42,84259,1,1
39,Maatsen,Aston Villa,DEF,29,Chelsea,True,2026-03-04T19:30:00Z,281,90,0,0,0,0,0,0,0,0,0,9,4,0,1,0.00,0.02,0.02,3.60,42,81337,0,0
39,Maatsen,Aston Villa,DEF,30,Man Utd,False,2026-03-15T14:00:00Z,297,8,0,0,0,0,0,0,0,0,0,0,0,0,3,0.00,0.01,0.01,0.27,42,79616,1,1
39,Maatsen,Aston Villa,DEF,31,West Ham,True,2026-03-22T14:15:00Z,301,0,0,0,0,0,0,0,0,0,0,0,0,0,0,0.00,0.00,0.00,0.00,42,77297,0,0
39,Maatsen,Aston Villa,DEF,32,Nott'm Forest,False,2026-04-12T13:00:00Z,318,12,0,0,0,0,0,0,0,0,0,0,0,0,6,0.15,0.00,0.15,0.00,42,76580,1,1
39,Maatsen,Aston Villa,DEF,33,Sunderland,True,2026-04-19T13:00:00Z,321,69,0,1,0,0,0,0,0,0,0,2,1,0,16,0.00,0.39,0.39,0.28,42,72610,5,5
39,Maatsen,Aston Villa,DEF,34,Fulham,False,2026-04-25T11:30:00Z,335,0,0,0,0,0,0,0,0,0,0,0,0,0,0,0.00,0.00,0.00,0.00,42,79431,0,0
39,Maatsen,Aston Villa,DEF,35,Spurs,True,2026-05-03T18:00:00Z,342,90,0,0,0,0,0,0,0,0,0,3,2,0,-6,0.00,0.00,0.00,0.99,42,74636,1,1
39,Maatsen,Aston Villa,DEF,36,Burnley,False,2026-05-10T13:00:00Z,352,73,0,0,0,0,0,0,0,0,0,8,2,0,2,0.04,0.01,0.05,1.63,42,73599,1,1
39,Maatsen,Aston Villa,DEF,37,Liverpool,True,2026-05-15T19:00:00Z,362,5,0,0,0,0,0,0,0,0,0,0,1,0,-1,0.00,0.00,0.00,0.27,42,72159,1,1
39,Maatsen,Aston Villa,DEF,38,Man City,False,2026-05-24T15:00:00Z,376,90,0,0,0,0,0,0,0,0,0,14,1,1,23,0.02,0.14,0.16,1.34,42,70635,5,5
40,Mings,Aston Villa,DEF,1,Newcastle,True,2025-08-16T11:30:00Z,2,90,0,0,0,0,0,1,0,0,0,5,0,0,25,0.00,0.00,0.00,1.43,45,70548,6,6
40,Mings,Aston Villa,DEF,2,Brentford,False,2025-08-23T14:00:00Z,13,90,0,0,0,0,0,0,0,0,0,5,1,0,12,0.11,0.03,0.14,1.21,45,149359,2,2
40,Mings,Aston Villa,DEF,3,Crystal Palace,True,2025-08-31T18:00:00Z,21,90,0,0,0,0,0,0,0,0,0,4,3,0,1,0.00,0.02,0.02,2.67,45,152031,1,1
40,Mings,Aston Villa,DEF,4,Everton,False,2025-09-13T14:00:00Z,36,90,0,0,0,0,0,1,0,0,0,13,0,1,30,0.22,0.01,0.23,2.08,45,148348,9,9
40,Mings,Aston Villa,DEF,5,Sunderland,False,2025-09-21T13:00:00Z,48,90,0,0,0,0,0,0,0,0,0,12,1,0,16,0.00,0.03,0.03,1.05,45,186379,4,4
40,Mings,Aston Villa,DEF,6,Fulham,True,2025-09-28T13:00:00Z,51,31,0,0,0,0,0,0,0,0,0,1,1,0,-1,0.00,0.00,0.00,0.28,45,190331,1,1
40,Mings,Aston Villa,DEF,7,Burnley,True,2025-10-05T13:00:00Z,62,0,0,0,0,0,0,0,0,0,0,0,0,0,0,0.00,0.00,0.00,0.00,45,158097,0,0
40,Mings,Aston Villa,DEF,8,Spurs,False,2025-10-19T13:00:00Z,79,0,0,0,0,0,0,0,0,0,0,0,0,0,0,0.00,0.00,0.00,0.00,45,127332,0,0
40,Mings,Aston Villa,DEF,9,Man City,True,2025-10-26T14:00:00Z,82,0,0,0,0,0,0,0,0,0,0,0,0,0,0,0.00,0.00,0.00,0.00,45,118198,0,0
40,Mings,Aston Villa,DEF,10,Liverpool,False,2025-11-01T20:00:00Z,95,16,0,0,0,0,0,0,0,0,0,1,0,0,4,0.00,0.00,0.00,0.06,44,113569,1,1
40,Mings,Aston Villa,DEF,11,Bournemouth,True,2025-11-09T14:00:00Z,101,0,0,0,0,0,0,0,0,0,0,0,0,0,0,0.00,0.00,0.00,0.00,44,102218,0,0
40,Mings,Aston Villa,DEF,12,Leeds,False,2025-11-23T14:00:00Z,116,0,0,0,0,0,0,0,0,0,0,0,0,0,0,0.00,0.00,0.00,0.00,44,92931,0,0
40,Mings,Aston Villa,DEF,13,Wolves,True,2025-11-30T14:05:00Z,121,0,0,0,0,0,0,0,0,0,0,0,0,0,0,0.00,0.00,0.00,0.00,44,87886,0,0
40,Mings,Aston Villa,DEF,14,Brighton,False,2025-12-03T19:30:00Z,133,0,0,0,0,0,0,0,0,0,0,0,0,0,0,0.00,0.00,0.00,0.00,43,85291,0,0
40,Mings,Aston Villa,DEF,15,Arsenal,True,2025-12-06T12:30:00Z,141,0,0,0,0,0,0,0,0,0,0,0,0,0,0,0.00,0.00,0.00,0.00,43,81916,0,0
40,Mings,Aston Villa,DEF,16,West Ham,False,2025-12-14T14:00:00Z,160,0,0,0,0,0,0,0,0,0,0,0,0,0,0,0.00,0.00,0.00,0.00,43,76231,0,0
40,Mings,Aston Villa,DEF,17,Man Utd,True,2025-12-21T16:30:00Z,161,0,0,0,0,0,0,0,0,0,0,0,0,0,0,0.00,0.00,0.00,0.00,43,73902,0,0
40,Mings,Aston Villa,DEF,18,Chelsea,False,2025-12-27T17:30:00Z,174,0,0,0,0,0,0,0,0,0,0,0,0,0,0,0.00,0.00,0.00,0.00,43,72136,0,0
40,Mings,Aston Villa,DEF,19,Arsenal,False,2025-12-30T20:15:00Z,181,0,0,0,0,0,0,0,0,0,0,0,0,0,0,0.00,0.00,0.00,0.00,43,71029,0,0
40,Mings,Aston Villa,DEF,20,Nott'm Forest,True,2026-01-03T12:30:00Z,191,0,0,0,0,0,0,0,0,0,0,0,0,0,0,0.00,0.00,0.00,0.00,43,70366,0,0
40,Mings,Aston Villa,DEF,21,Crystal Palace,False,2026-01-07T19:30:00Z,205,0,0,0,0,0,0,0,0,0,0,0,0,0,0,0.00,0.00,0.00,0.00,43,69745,0,0
40,Mings,Aston Villa,DEF,22,Everton,True,2026-01-18T16:30:00Z,211,0,0,0,0,0,0,0,0,0,0,0,0,0,0,0.00,0.00,0.00,0.00,43,69716,0,0
40,Mings,Aston Villa,DEF,23,Newcastle,False,2026-01-25T14:00:00Z,229,15,0,0,0,0,0,0,0,0,0,3,0,0,4,0.00,0.00,0.00,0.13,43,70081,1,1
40,Mings,Aston Villa,DEF,24,Brentford,True,2026-02-01T14:00:00Z,231,0,0,0,0,0,0,0,0,0,0,0,0,0,0,0.00,0.00,0.00,0.00,43,71293,0,0
40,Mings,Aston Villa,DEF,25,Bournemouth,False,2026-02-07T15:00:00Z,242,90,0,0,0,0,0,0,0,0,0,8,1,0,12,0.09,0.01,0.10,2.06,43,72007,2,2
40,Mings,Aston Villa,DEF,26,Brighton,True,2026-02-11T19:30:00Z,251,90,0,1,0,0,0,1,0,0,0,5,0,3,33,0.14,0.00,0.14,0.50,43,73379,12,12
40,Mings,Aston Villa,DEF,27,Leeds,True,2026-02-21T15:00:00Z,261,90,0,0,0,0,0,0,0,0,0,8,1,0,12,0.09,0.24,0.33,1.35,43,90614,2,2
40,Mings,Aston Villa,DEF,28,Wolves,False,2026-02-27T20:00:00Z,280,0,0,0,0,0,0,0,0,0,0,0,0,0,0,0.00,0.00,0.00,0.00,43,91068,0,0
40,Mings,Aston Villa,DEF,29,Chelsea,True,2026-03-04T19:30:00Z,281,90,0,0,0,0,0,0,0,0,0,4,4,0,0,0.00,0.02,0.02,3.60,43,88313,0,0
40,Mings,Aston Villa,DEF,30,Man Utd,False,2026-03-15T14:00:00Z,297,90,0,0,0,0,0,0,0,0,0,11,3,0,0,0.36,0.01,0.37,1.10,43,87401,3,3
40,Mings,Aston Villa,DEF,31,West Ham,True,2026-03-22T14:15:00Z,301,0,0,0,0,0,0,0,0,0,0,0,0,0,0,0.00,0.00,0.00,0.00,43,92605,0,0
40,Mings,Aston Villa,DEF,32,Nott'm Forest,False,2026-04-12T13:00:00Z,318,0,0,0,0,0,0,0,0,0,0,0,0,0,0,0.00,0.00,0.00,0.00,43,88503,0,0
40,Mings,Aston Villa,DEF,33,Sunderland,True,2026-04-19T13:00:00Z,321,90,0,0,0,0,0,0,0,0,0,6,3,0,4,0.07,0.02,0.09,1.73,43,83757,1,1
40,Mings,Aston Villa,DEF,34,Fulham,False,2026-04-25T11:30:00Z,335,0,0,0,0,0,0,0,0,0,0,0,0,0,0,0.00,0.00,0.00,0.00,43,85990,0,0
40,Mings,Aston Villa,DEF,35,Spurs,True,2026-05-03T18:00:00Z,342,90,0,0,0,0,0,0,0,0,0,2,2,0,3,0.22,0.01,0.23,0.99,43,84183,1,1
40,Mings,Aston Villa,DEF,36,Burnley,False,2026-05-10T13:00:00Z,352,90,0,0,1,0,0,0,0,0,0,8,2,0,1,0.00,0.02,0.02,1.79,43,83930,0,0
40,Mings,Aston Villa,DEF,37,Liverpool,True,2026-05-15T19:00:00Z,362,0,0,0,0,0,0,0,0,0,0,0,0,0,0,0.00,0.00,0.00,0.00,43,83032,0,0
40,Mings,Aston Villa,DEF,38,Man City,False,2026-05-24T15:00:00Z,376,90,0,0,0,0,0,0,0,0,0,11,1,0,13,0.00,0.00,0.00,1.34,43,82071,4,4
41,Pau,Aston Villa,DEF,1,Newcastle,True,2025-08-16T11:30:00Z,2,0,0,0,0,0,0,0,0,0,0,0,0,0,0,0.00,0.00,0.00,0.00,45,46913,0,0
41,Pau,Aston Villa,DEF,2,Brentford,False,2025-08-23T14:00:00Z,13,90,0,0,0,0,0,0,0,0,0,3,1,0,8,0.07,0.13,0.20,1.21,45,51168,2,2
41,Pau,Aston Villa,DEF,3,Crystal Palace,True,2025-08-31T18:00:00Z,21,16,0,0,0,0,0,0,0,0,0,1,1,0,-1,0.00,0.00,0.00,0.90,45,49822,1,1
41,Pau,Aston Villa,DEF,4,Everton,False,2025-09-13T14:00:00Z,36,0,0,0,0,0,0,0,0,0,0,0,0,0,0,0.00,0.00,0.00,0.00,44,46686,0,0
41,Pau,Aston Villa,DEF,5,Sunderland,False,2025-09-21T13:00:00Z,48,0,0,0,0,0,0,0,0,0,0,0,0,0,0,0.00,0.00,0.00,0.00,44,44116,0,0
41,Pau,Aston Villa,DEF,6,Fulham,True,2025-09-28T13:00:00Z,51,58,0,0,0,0,0,0,0,0,0,7,0,0,13,0.00,0.01,0.01,0.64,44,41548,1,1
41,Pau,Aston Villa,DEF,7,Burnley,True,2025-10-05T13:00:00Z,62,90,0,0,0,0,0,0,0,0,0,13,1,0,20,0.03,0.01,0.04,0.42,44,41476,4,4
41,Pau,Aston Villa,DEF,8,Spurs,False,2025-10-19T13:00:00Z,79,90,0,0,0,0,0,0,0,0,0,4,1,0,10,0.00,0.01,0.01,0.75,44,40891,2,2
41,Pau,Aston Villa,DEF,9,Man City,True,2025-10-26T14:00:00Z,82,90,0,0,0,0,0,1,0,0,0,6,0,2,35,0.00,0.01,0.01,1.18,43,40631,8,8
41,Pau,Aston Villa,DEF,10,Liverpool,False,2025-11-01T20:00:00Z,95,73,0,0,0,0,0,0,0,0,0,8,2,0,8,0.00,0.00,0.00,1.12,43,42597,1,1
41,Pau,Aston Villa,DEF,11,Bournemouth,True,2025-11-09T14:00:00Z,101,90,0,0,0,0,0,1,0,0,0,2,0,0,25,0.00,0.00,0.00,1.61,43,43463,6,6
41,Pau,Aston Villa,DEF,12,Leeds,False,2025-11-23T14:00:00Z,116,90,0,0,0,0,0,0,0,0,0,11,1,0,17,0.00,0.00,0.00,1.79,43,55985,4,4
41,Pau,Aston Villa,DEF,13,Wolves,True,2025-11-30T14:05:00Z,121,90,0,0,0,0,0,1,0,0,0,5,0,0,24,0.12,0.02,0.14,0.49,43,66011,6,6
41,Pau,Aston Villa,DEF,14,Brighton,False,2025-12-03T19:30:00Z,133,90,0,0,0,0,1,0,0,0,0,8,3,0,0,0.00,0.01,0.01,2.21,43,64761,-1,-1
41,Pau,Aston Villa,DEF,15,Arsenal,True,2025-12-06T12:30:00Z,141,85,0,1,0,0,0,0,0,0,0,5,1,0,17,0.00,0.02,0.02,1.87,43,62993,5,5
41,Pau,Aston Villa,DEF,16,West Ham,False,2025-12-14T14:00:00Z,160,0,0,0,0,0,0,0,0,0,0,0,0,0,0,0.00,0.00,0.00,0.00,43,68387,0,0
41,Pau,Aston Villa,DEF,17,Man Utd,True,2025-12-21T16:30:00Z,161,0,0,0,0,0,0,0,0,0,0,0,0,0,0,0.00,0.00,0.00,0.00,43,53998,0,0
41,Pau,Aston Villa,DEF,18,Chelsea,False,2025-12-27T17:30:00Z,174,0,0,0,0,0,0,0,0,0,0,0,0,0,0,0.00,0.00,0.00,0.00,43,45867,0,0
41,Pau,Aston Villa,DEF,19,Arsenal,False,2025-12-30T20:15:00Z,181,0,0,0,0,0,0,0,0,0,0,0,0,0,0,0.00,0.00,0.00,0.00,43,41376,0,0
41,Pau,Aston Villa,DEF,20,Nott'm Forest,True,2026-01-03T12:30:00Z,191,0,0,0,0,0,0,0,0,0,0,0,0,0,0,0.00,0.00,0.00,0.00,43,39463,0,0
41,Pau,Aston Villa,DEF,21,Crystal Palace,False,2026-01-07T19:30:00Z,205,0,0,0,0,0,0,0,0,0,0,0,0,0,0,0.00,0.00,0.00,0.00,43,37334,0,0
41,Pau,Aston Villa,DEF,22,Everton,True,2026-01-18T16:30:00Z,211,90,0,0,0,0,0,0,0,0,0,5,1,0,7,0.00,0.04,0.04,0.51,43,37365,2,2
41,Pau,Aston Villa,DEF,23,Newcastle,False,2026-01-25T14:00:00Z,229,74,0,0,0,0,0,1,0,0,0,6,0,0,18,0.21,0.01,0.22,2.04,43,37457,6,6
41,Pau,Aston Villa,DEF,24,Brentford,True,2026-02-01T14:00:00Z,231,90,0,0,0,0,0,0,0,0,0,3,1,0,15,0.16,0.06,0.22,0.38,43,39985,2,2
41,Pau,Aston Villa,DEF,25,Bournemouth,False,2026-02-07T15:00:00Z,242,0,0,0,0,0,0,0,0,0,0,0,0,0,0,0.00,0.00,0.00,0.00,43,41440,0,0
41,Pau,Aston Villa,DEF,26,Brighton,True,2026-02-11T19:30:00Z,251,0,0,0,0,0,0,0,0,0,0,0,0,0,0,0.00,0.00,0.00,0.00,43,41268,0,0
41,Pau,Aston Villa,DEF,27,Leeds,True,2026-02-21T15:00:00Z,261,0,0,0,0,0,0,0,0,0,0,0,0,0,0,0.00,0.00,0.00,0.00,43,40964,0,0
41,Pau,Aston Villa,DEF,28,Wolves,False,2026-02-27T20:00:00Z,280,90,0,0,0,0,0,0,0,0,0,7,2,0,9,0.04,0.01,0.05,0.86,43,40066,1,1
41,Pau,Aston Villa,DEF,29,Chelsea,True,2026-03-04T19:30:00Z,281,0,0,0,0,0,0,0,0,0,0,0,0,0,0,0.00,0.00,0.00,0.00,43,39539,0,0
41,Pau,Aston Villa,DEF,30,Man Utd,False,2026-03-15T14:00:00Z,297,0,0,0,0,0,0,0,0,0,0,0,0,0,0,0.00,0.00,0.00,0.00,43,39067,0,0
41,Pau,Aston Villa,DEF,31,West Ham,True,2026-03-22T14:15:00Z,301,90,0,0,0,0,0,1,0,0,0,5,0,0,28,0.00,0.02,0.02,0.94,43,38892,6,6
41,Pau,Aston Villa,DEF,32,Nott'm Forest,False,2026-04-12T13:00:00Z,318,90,0,0,0,0,0,0,0,0,0,2,1,0,8,0.00,0.01,0.01,1.15,43,39404,2,2
41,Pau,Aston Villa,DEF,33,Sunderland,True,2026-04-19T13:00:00Z,321,0,0,0,0,0,0,0,0,0,0,0,0,0,0,0.00,0.00,0.00,0.00,43,39791,0,0
41,Pau,Aston Villa,DEF,34,Fulham,False,2026-04-25T11:30:00Z,335,90,0,0,1,0,0,0,0,0,0,4,1,0,6,0.00,0.02,0.02,1.18,43,40473,1,1
41,Pau,Aston Villa,DEF,35,Spurs,True,2026-05-03T18:00:00Z,342,0,0,0,0,0,0,0,0,0,0,0,0,0,0,0.00,0.00,0.00,0.00,43,39894,0,0
41,Pau,Aston Villa,DEF,36,Burnley,False,2026-05-10T13:00:00Z,352,0,0,0,0,0,0,0,0,0,0,0,0,0,0,0.00,0.00,0.00,0.00,43,39839,0,0
41,Pau,Aston Villa,DEF,37,Liverpool,True,2026-05-15T19:00:00Z,362,90,0,1,0,0,0,0,0,0,0,4,2,0,13,0.55,0.00,0.55,1.43,43,39335,4,4
41,Pau,Aston Villa,DEF,38,Man City,False,2026-05-24T15:00:00Z,376,17,0,0,0,0,0,0,0,0,0,3,0,0,0,0.15,0.00,0.15,0.13,43,39282,1,1
42,A.García,Aston Villa,DEF,1,Newcastle,True,2025-08-16T11:30:00Z,2,0,0,0,0,0,0,0,0,0,0,0,0,0,0,0.00,0.00,0.00,0.00,40,31266,0,0
42,A.García,Aston Villa,DEF,2,Brentford,False,2025-08-23T14:00:00Z,13,0,0,0,0,0,0,0,0,0,0,0,0,0,0,0.00,0.00,0.00,0.00,40,27305,0,0
42,A.García,Aston Villa,DEF,3,Crystal Palace,True,2025-08-31T18:00:00Z,21,0,0,0,0,0,0,0,0,0,0,0,0,0,0,0.00,0.00,0.00,0.00,40,23768,0,0
42,A.García,Aston Villa,DEF,4,Everton,False,2025-09-13T14:00:00Z,36,0,0,0,0,0,0,0,0,0,0,0,0,0,0,0.00,0.00,0.00,0.00,39,29802,0,0
42,A.García,Aston Villa,DEF,5,Sunderland,False,2025-09-21T13:00:00Z,48,0,0,0,0,0,0,0,0,0,0,0,0,0,0,0.00,0.00,0.00,0.00,39,24563,0,0
42,A.García,Aston Villa,DEF,6,Fulham,True,2025-09-28T13:00:00Z,51,0,0,0,0,0,0,0,0,0,0,0,0,0,0,0.00,0.00,0.00,0.00,39,27427,0,0
42,A.García,Aston Villa,DEF,7,Burnley,True,2025-10-05T13:00:00Z,62,0,0,0,0,0,0,0,0,0,0,0,0,0,0,0.00,0.00,0.00,0.00,39,32930,0,0
42,A.García,Aston Villa,DEF,8,Spurs,False,2025-10-19T13:00:00Z,79,0,0,0,0,0,0,0,0,0,0,0,0,0,0,0.00,0.00,0.00,0.00,39,36448,0,0
42,A.García,Aston Villa,DEF,9,Man City,True,2025-10-26T14:00:00Z,82,0,0,0,0,0,0,0,0,0,0,0,0,0,0,0.00,0.00,0.00,0.00,39,35621,0,0
42,A.García,Aston Villa,DEF,10,Liverpool,False,2025-11-01T20:00:00Z,95,0,0,0,0,0,0,0,0,0,0,0,0,0,0,0.00,0.00,0.00,0.00,39,33927,0,0
42,A.García,Aston Villa,DEF,11,Bournemouth,True,2025-11-09T14:00:00Z,101,0,0,0,0,0,0,0,0,0,0,0,0,0,0,0.00,0.00,0.00,0.00,39,31155,0,0
42,A.García,Aston Villa,DEF,12,Leeds,False,2025-11-23T14:00:00Z,116,0,0,0,0,0,0,0,0,0,0,0,0,0,0,0.00,0.00,0.00,0.00,39,29685,0,0
42,A.García,Aston Villa,DEF,13,Wolves,True,2025-11-30T14:05:00Z,121,0,0,0,0,0,0,0,0,0,0,0,0,0,0,0.00,0.00,0.00,0.00,39,28880,0,0
42,A.García,Aston Villa,DEF,14,Brighton,False,2025-12-03T19:30:00Z,133,0,0,0,0,0,0,0,0,0,0,0,0,0,0,0.00,0.00,0.00,0.00,39,29232,0,0
42,A.García,Aston Villa,DEF,15,Arsenal,True,2025-12-06T12:30:00Z,141,0,0,0,0,0,0,0,0,0,0,0,0,0,0,0.00,0.00,0.00,0.00,39,29493,0,0
42,A.García,Aston Villa,DEF,16,West Ham,False,2025-12-14T14:00:00Z,160,0,0,0,0,0,0,0,0,0,0,0,0,0,0,0.00,0.00,0.00,0.00,39,28567,0,0
42,A.García,Aston Villa,DEF,17,Man Utd,True,2025-12-21T16:30:00Z,161,0,0,0,0,0,0,0,0,0,0,0,0,0,0,0.00,0.00,0.00,0.00,39,28661,0,0
42,A.García,Aston Villa,DEF,18,Chelsea,False,2025-12-27T17:30:00Z,174,0,0,0,0,0,0,0,0,0,0,0,0,0,0,0.00,0.00,0.00,0.00,39,28712,0,0
42,A.García,Aston Villa,DEF,19,Arsenal,False,2025-12-30T20:15:00Z,181,29,0,0,0,0,0,0,0,0,0,0,2,0,-6,0.00,0.01,0.01,1.43,39,28456,0,1
42,A.García,Aston Villa,DEF,20,Nott'm Forest,True,2026-01-03T12:30:00Z,191,1,0,0,0,0,0,0,0,0,0,0,0,0,3,0.00,0.00,0.00,0.09,39,28157,1,1
42,A.García,Aston Villa,DEF,21,Crystal Palace,False,2026-01-07T19:30:00Z,205,0,0,0,0,0,0,0,0,0,0,0,0,0,0,0.00,0.00,0.00,0.00,39,28010,0,0
42,A.García,Aston Villa,DEF,22,Everton,True,2026-01-18T16:30:00Z,211,0,0,0,0,0,0,0,0,0,0,0,0,0,0,0.00,0.00,0.00,0.00,39,27954,0,0
42,A.García,Aston Villa,DEF,23,Newcastle,False,2026-01-25T14:00:00Z,229,0,0,0,0,0,0,0,0,0,0,0,0,0,0,0.00,0.00,0.00,0.00,39,28002,0,0
42,A.García,Aston Villa,DEF,24,Brentford,True,2026-02-01T14:00:00Z,231,0,0,0,0,0,0,0,0,0,0,0,0,0,0,0.00,0.00,0.00,0.00,39,27398,0,0
42,A.García,Aston Villa,DEF,25,Bournemouth,False,2026-02-07T15:00:00Z,242,0,0,0,0,0,0,0,0,0,0,0,0,0,0,0.00,0.00,0.00,0.00,39,26526,0,0
42,A.García,Aston Villa,DEF,26,Brighton,True,2026-02-11T19:30:00Z,251,0,0,0,0,0,0,0,0,0,0,0,0,0,0,0.00,0.00,0.00,0.00,39,25862,0,0
42,A.García,Aston Villa,DEF,27,Leeds,True,2026-02-21T15:00:00Z,261,3,0,0,0,0,0,0,0,0,0,0,0,0,3,0.00,0.00,0.00,0.00,39,25783,1,1
42,A.García,Aston Villa,DEF,28,Wolves,False,2026-02-27T20:00:00Z,280,0,0,0,0,0,0,0,0,0,0,0,0,0,0,0.00,0.00,0.00,0.00,39,26052,0,0
42,A.García,Aston Villa,DEF,29,Chelsea,True,2026-03-04T19:30:00Z,281,0,0,0,0,0,0,0,0,0,0,0,0,0,0,0.00,0.00,0.00,0.00,39,26198,0,0
42,A.García,Aston Villa,DEF,30,Man Utd,False,2026-03-15T14:00:00Z,297,4,0,0,0,0,0,0,0,0,0,1,0,0,4,0.00,0.00,0.00,0.03,39,26371,1,1
42,A.García,Aston Villa,DEF,31,West Ham,True,2026-03-22T14:15:00Z,301,0,0,0,0,0,0,0,0,0,0,0,0,0,0,0.00,0.00,0.00,0.00,39,26379,0,0
42,A.García,Aston Villa,DEF,32,Nott'm Forest,False,2026-04-12T13:00:00Z,318,1,0,0,0,0,0,0,0,0,0,0,0,0,3,0.00,0.00,0.00,0.00,39,26597,1,1
42,A.García,Aston Villa,DEF,33,Sunderland,True,2026-04-19T13:00:00Z,321,0,0,0,0,0,0,0,0,0,0,0,0,0,0,0.00,0.00,0.00,0.00,39,26510,0,0
42,A.García,Aston Villa,DEF,34,Fulham,False,2026-04-25T11:30:00Z,335,0,0,0,0,0,0,0,0,0,0,0,0,0,0,0.00,0.00,0.00,0.00,39,27764,0,0
42,A.García,Aston Villa,DEF,35,Spurs,True,2026-05-03T18:00:00Z,342,0,0,0,0,0,0,0,0,0,0,0,0,0,0,0.00,0.00,0.00,0.00,39,26609,0,0
42,A.García,Aston Villa,DEF,36,Burnley,False,2026-05-10T13:00:00Z,352,0,0,0,0,0,0,0,0,0,0,0,0,0,0,0.00,0.00,0.00,0.00,39,26628,0,0
42,A.García,Aston Villa,DEF,37,Liverpool,True,2026-05-15T19:00:00Z,362,0,0,0,0,0,0,0,0,0,0,0,0,0,0,0.00,0.00,0.00,0.00,39,26616,0,0
42,A.García,Aston Villa,DEF,38,Man City,False,2026-05-24T15:00:00Z,376,45,0,0,0,0,0,0,0,0,0,9,1,0,5,0.00,0.00,0.00,1.19,39,26631,1,1
43,Alex Moreno,Aston Villa,DEF,1,Newcastle,True,2025-08-16T11:30:00Z,2,0,0,0,0,0,0,0,0,0,0,0,0,0,0,0.00,0.00,0.00,0.00,40,974310,0,0
43,Alex Moreno,Aston Villa,DEF,2,Brentford,False,2025-08-23T14:00:00Z,13,0,0,0,0,0,0,0,0,0,0,0,0,0,0,0.00,0.00,0.00,0.00,40,978343,0,0
43,Alex Moreno,Aston Villa,DEF,3,Crystal Palace,True,2025-08-31T18:00:00Z,21,0,0,0,0,0,0,0,0,0,0,0,0,0,0,0.00,0.00,0.00,0.00,40,747920,0,0
43,Alex Moreno,Aston Villa,DEF,4,Everton,False,2025-09-13T14:00:00Z,36,0,0,0,0,0,0,0,0,0,0,0,0,0,0,0.00,0.00,0.00,0.00,40,567204,0,0
43,Alex Moreno,Aston Villa,DEF,5,Sunderland,False,2025-09-21T13:00:00Z,48,0,0,0,0,0,0,0,0,0,0,0,0,0,0,0.00,0.00,0.00,0.00,40,487442,0,0
43,Alex Moreno,Aston Villa,DEF,6,Fulham,True,2025-09-28T13:00:00Z,51,0,0,0,0,0,0,0,0,0,0,0,0,0,0,0.00,0.00,0.00,0.00,40,418323,0,0
43,Alex Moreno,Aston Villa,DEF,7,Burnley,True,2025-10-05T13:00:00Z,62,0,0,0,0,0,0,0,0,0,0,0,0,0,0,0.00,0.00,0.00,0.00,40,377781,0,0
43,Alex Moreno,Aston Villa,DEF,8,Spurs,False,2025-10-19T13:00:00Z,79,0,0,0,0,0,0,0,0,0,0,0,0,0,0,0.00,0.00,0.00,0.00,40,342389,0,0
43,Alex Moreno,Aston Villa,DEF,9,Man City,True,2025-10-26T14:00:00Z,82,0,0,0,0,0,0,0,0,0,0,0,0,0,0,0.00,0.00,0.00,0.00,40,321116,0,0
43,Alex Moreno,Aston Villa,DEF,10,Liverpool,False,2025-11-01T20:00:00Z,95,0,0,0,0,0,0,0,0,0,0,0,0,0,0,0.00,0.00,0.00,0.00,40,301876,0,0
43,Alex Moreno,Aston Villa,DEF,11,Bournemouth,True,2025-11-09T14:00:00Z,101,0,0,0,0,0,0,0,0,0,0,0,0,0,0,0.00,0.00,0.00,0.00,40,289507,0,0
43,Alex Moreno,Aston Villa,DEF,12,Leeds,False,2025-11-23T14:00:00Z,116,0,0,0,0,0,0,0,0,0,0,0,0,0,0,0.00,0.00,0.00,0.00,40,276371,0,0
43,Alex Moreno,Aston Villa,DEF,13,Wolves,True,2025-11-30T14:05:00Z,121,0,0,0,0,0,0,0,0,0,0,0,0,0,0,0.00,0.00,0.00,0.00,40,267528,0,0
43,Alex Moreno,Aston Villa,DEF,14,Brighton,False,2025-12-03T19:30:00Z,133,0,0,0,0,0,0,0,0,0,0,0,0,0,0,0.00,0.00,0.00,0.00,40,263476,0,0
43,Alex Moreno,Aston Villa,DEF,15,Arsenal,True,2025-12-06T12:30:00Z,141,0,0,0,0,0,0,0,0,0,0,0,0,0,0,0.00,0.00,0.00,0.00,40,256517,0,0
43,Alex Moreno,Aston Villa,DEF,16,West Ham,False,2025-12-14T14:00:00Z,160,0,0,0,0,0,0,0,0,0,0,0,0,0,0,0.00,0.00,0.00,0.00,40,241601,0,0
43,Alex Moreno,Aston Villa,DEF,17,Man Utd,True,2025-12-21T16:30:00Z,161,0,0,0,0,0,0,0,0,0,0,0,0,0,0,0.00,0.00,0.00,0.00,40,234211,0,0
43,Alex Moreno,Aston Villa,DEF,18,Chelsea,False,2025-12-27T17:30:00Z,174,0,0,0,0,0,0,0,0,0,0,0,0,0,0,0.00,0.00,0.00,0.00,40,227432,0,0
43,Alex Moreno,Aston Villa,DEF,19,Arsenal,False,2025-12-30T20:15:00Z,181,0,0,0,0,0,0,0,0,0,0,0,0,0,0,0.00,0.00,0.00,0.00,40,223125,0,0
43,Alex Moreno,Aston Villa,DEF,20,Nott'm Forest,True,2026-01-03T12:30:00Z,191,0,0,0,0,0,0,0,0,0,0,0,0,0,0,0.00,0.00,0.00,0.00,40,221443,0,0
43,Alex Moreno,Aston Villa,DEF,21,Crystal Palace,False,2026-01-07T19:30:00Z,205,0,0,0,0,0,0,0,0,0,0,0,0,0,0,0.00,0.00,0.00,0.00,40,219229,0,0
43,Alex Moreno,Aston Villa,DEF,22,Everton,True,2026-01-18T16:30:00Z,211,0,0,0,0,0,0,0,0,0,0,0,0,0,0,0.00,0.00,0.00,0.00,40,216433,0,0
43,Alex Moreno,Aston Villa,DEF,23,Newcastle,False,2026-01-25T14:00:00Z,229,0,0,0,0,0,0,0,0,0,0,0,0,0,0,0.00,0.00,0.00,0.00,40,215000,0,0
43,Alex Moreno,Aston Villa,DEF,24,Brentford,True,2026-02-01T14:00:00Z,231,0,0,0,0,0,0,0,0,0,0,0,0,0,0,0.00,0.00,0.00,0.00,40,213055,0,0
43,Alex Moreno,Aston Villa,DEF,25,Bournemouth,False,2026-02-07T15:00:00Z,242,0,0,0,0,0,0,0,0,0,0,0,0,0,0,0.00,0.00,0.00,0.00,40,211511,0,0
43,Alex Moreno,Aston Villa,DEF,26,Brighton,True,2026-02-11T19:30:00Z,251,0,0,0,0,0,0,0,0,0,0,0,0,0,0,0.00,0.00,0.00,0.00,40,210005,0,0
43,Alex Moreno,Aston Villa,DEF,27,Leeds,True,2026-02-21T15:00:00Z,261,0,0,0,0,0,0,0,0,0,0,0,0,0,0,0.00,0.00,0.00,0.00,40,208730,0,0
43,Alex Moreno,Aston Villa,DEF,28,Wolves,False,2026-02-27T20:00:00Z,280,0,0,0,0,0,0,0,0,0,0,0,0,0,0,0.00,0.00,0.00,0.00,40,207992,0,0
43,Alex Moreno,Aston Villa,DEF,29,Chelsea,True,2026-03-04T19:30:00Z,281,0,0,0,0,0,0,0,0,0,0,0,0,0,0,0.00,0.00,0.00,0.00,40,207186,0,0
43,Alex Moreno,Aston Villa,DEF,30,Man Utd,False,2026-03-15T14:00:00Z,297,0,0,0,0,0,0,0,0,0,0,0,0,0,0,0.00,0.00,0.00,0.00,40,206256,0,0
43,Alex Moreno,Aston Villa,DEF,31,West Ham,True,2026-03-22T14:15:00Z,301,0,0,0,0,0,0,0,0,0,0,0,0,0,0,0.00,0.00,0.00,0.00,40,205050,0,0
43,Alex Moreno,Aston Villa,DEF,32,Nott'm Forest,False,2026-04-12T13:00:00Z,318,0,0,0,0,0,0,0,0,0,0,0,0,0,0,0.00,0.00,0.00,0.00,40,204961,0,0
43,Alex Moreno,Aston Villa,DEF,33,Sunderland,True,2026-04-19T13:00:00Z,321,0,0,0,0,0,0,0,0,0,0,0,0,0,0,0.00,0.00,0.00,0.00,40,204074,0,0
43,Alex Moreno,Aston Villa,DEF,34,Fulham,False,2026-04-25T11:30:00Z,335,0,0,0,0,0,0,0,0,0,0,0,0,0,0,0.00,0.00,0.00,0.00,40,203244,0,0
43,Alex Moreno,Aston Villa,DEF,35,Spurs,True,2026-05-03T18:00:00Z,342,0,0,0,0,0,0,0,0,0,0,0,0,0,0,0.00,0.00,0.00,0.00,40,202987,0,0
43,Alex Moreno,Aston Villa,DEF,36,Burnley,False,2026-05-10T13:00:00Z,352,0,0,0,0,0,0,0,0,0,0,0,0,0,0,0.00,0.00,0.00,0.00,40,202367,0,0
43,Alex Moreno,Aston Villa,DEF,37,Liverpool,True,2026-05-15T19:00:00Z,362,0,0,0,0,0,0,0,0,0,0,0,0,0,0,0.00,0.00,0.00,0.00,40,201905,0,0
43,Alex Moreno,Aston Villa,DEF,38,Man City,False,2026-05-24T15:00:00Z,376,0,0,0,0,0,0,0,0,0,0,0,0,0,0,0.00,0.00,0.00,0.00,40,201180,0,0
44,Bogarde,Aston Villa,DEF,1,Newcastle,True,2025-08-16T11:30:00Z,2,0,0,0,0,0,0,0,0,0,0,0,0,0,0,0.00,0.00,0.00,0.00,40,29819,0,0
44,Bogarde,Aston Villa,DEF,2,Brentford,False,2025-08-23T14:00:00Z,13,16,0,0,1,0,0,0,0,0,0,0,0,0,-3,0.00,0.03,0.03,0.11,40,34439,0,0
44,Bogarde,Aston Villa,DEF,3,Crystal Palace,True,2025-08-31T18:00:00Z,21,6,0,0,0,0,0,0,0,0,0,0,0,0,3,0.00,0.00,0.00,0.38,40,36989,1,1
44,Bogarde,Aston Villa,DEF,4,Everton,False,2025-09-13T14:00:00Z,36,82,0,0,0,0,0,1,0,0,0,7,0,3,35,0.00,0.02,0.02,1.60,40,40681,9,9
44,Bogarde,Aston Villa,DEF,5,Sunderland,False,2025-09-21T13:00:00Z,48,8,0,0,0,0,0,0,0,0,0,0,0,0,2,0.00,0.00,0.00,0.00,40,63562,1,1
44,Bogarde,Aston Villa,DEF,6,Fulham,True,2025-09-28T13:00:00Z,51,81,0,0,0,0,0,0,0,0,0,1,1,0,2,0.00,0.02,0.02,0.80,40,78701,2,2
44,Bogarde,Aston Villa,DEF,7,Burnley,True,2025-10-05T13:00:00Z,62,89,0,0,0,0,0,0,0,0,0,0,1,0,8,0.00,0.01,0.01,0.39,40,86197,2,2
44,Bogarde,Aston Villa,DEF,8,Spurs,False,2025-10-19T13:00:00Z,79,0,0,0,0,0,0,0,0,0,0,0,0,0,0,0.00,0.00,0.00,0.00,40,88629,0,0
44,Bogarde,Aston Villa,DEF,9,Man City,True,2025-10-26T14:00:00Z,82,0,0,0,0,0,0,0,0,0,0,0,0,0,0,0.00,0.00,0.00,0.00,40,85115,0,0
44,Bogarde,Aston Villa,DEF,10,Liverpool,False,2025-11-01T20:00:00Z,95,0,0,0,0,0,0,0,0,0,0,0,0,0,0,0.00,0.00,0.00,0.00,40,81918,0,0
44,Bogarde,Aston Villa,DEF,11,Bournemouth,True,2025-11-09T14:00:00Z,101,9,0,0,0,0,0,0,0,0,0,3,0,0,5,0.00,0.01,0.01,0.09,40,79023,1,1
44,Bogarde,Aston Villa,DEF,12,Leeds,False,2025-11-23T14:00:00Z,116,6,0,0,0,0,0,0,0,0,0,1,0,0,2,0.00,0.00,0.00,0.20,40,75051,1,1
44,Bogarde,Aston Villa,DEF,13,Wolves,True,2025-11-30T14:05:00Z,121,2,0,0,0,0,0,0,0,0,0,1,0,0,3,0.00,0.00,0.00,0.20,40,73224,1,1
44,Bogarde,Aston Villa,DEF,14,Brighton,False,2025-12-03T19:30:00Z,133,4,0,0,0,0,0,0,0,0,0,1,0,0,4,0.00,0.00,0.00,0.66,40,73325,1,1
44,Bogarde,Aston Villa,DEF,15,Arsenal,True,2025-12-06T12:30:00Z,141,15,0,0,0,0,0,0,0,0,0,1,0,0,3,0.00,0.01,0.01,0.05,40,72577,1,1
44,Bogarde,Aston Villa,DEF,16,West Ham,False,2025-12-14T14:00:00Z,160,0,0,0,0,0,0,0,0,0,0,0,0,0,0,0.00,0.00,0.00,0.00,40,70680,0,0
44,Bogarde,Aston Villa,DEF,17,Man Utd,True,2025-12-21T16:30:00Z,161,2,0,0,1,0,0,0,0,0,0,1,0,0,1,0.00,0.00,0.00,0.06,40,70654,0,0
44,Bogarde,Aston Villa,DEF,18,Chelsea,False,2025-12-27T17:30:00Z,174,7,0,0,0,0,0,0,0,0,0,1,0,0,2,0.00,0.00,0.00,0.03,40,70191,1,1
44,Bogarde,Aston Villa,DEF,19,Arsenal,False,2025-12-30T20:15:00Z,181,90,0,0,1,0,0,0,0,0,0,5,4,0,-9,0.00,0.01,0.01,3.04,40,70180,-1,-1
44,Bogarde,Aston Villa,DEF,20,Nott'm Forest,True,2026-01-03T12:30:00Z,191,7,0,0,1,0,0,0,0,0,0,0,0,0,1,0.00,0.00,0.00,0.09,40,69267,0,0
44,Bogarde,Aston Villa,DEF,21,Crystal Palace,False,2026-01-07T19:30:00Z,205,8,0,0,0,0,0,0,0,0,0,1,0,0,3,0.00,0.01,0.01,0.00,40,68361,1,1
44,Bogarde,Aston Villa,DEF,22,Everton,True,2026-01-18T16:30:00Z,211,72,0,0,1,0,0,0,0,0,0,5,1,0,9,0.00,0.02,0.02,0.51,40,68080,1,1
44,Bogarde,Aston Villa,DEF,23,Newcastle,False,2026-01-25T14:00:00Z,229,16,0,0,0,0,0,0,0,0,0,1,0,0,3,0.00,0.00,0.00,0.13,40,67976,1,1
44,Bogarde,Aston Villa,DEF,24,Brentford,True,2026-02-01T14:00:00Z,231,45,0,0,0,0,0,0,0,0,0,2,1,0,0,0.00,0.00,0.00,0.27,40,68077,1,1
44,Bogarde,Aston Villa,DEF,25,Bournemouth,False,2026-02-07T15:00:00Z,242,4,0,0,0,0,0,0,0,0,0,1,0,0,5,0.00,0.01,0.01,0.35,40,68468,1,1
44,Bogarde,Aston Villa,DEF,26,Brighton,True,2026-02-11T19:30:00Z,251,90,0,0,0,0,0,1,0,0,0,7,0,1,28,0.00,0.01,0.01,0.50,40,69604,7,7
44,Bogarde,Aston Villa,DEF,27,Leeds,True,2026-02-21T15:00:00Z,261,3,0,0,0,0,0,0,0,0,0,0,0,0,3,0.00,0.00,0.00,0.00,40,71341,1,1
44,Bogarde,Aston Villa,DEF,28,Wolves,False,2026-02-27T20:00:00Z,280,0,0,0,0,0,0,0,0,0,0,0,0,0,0,0.00,0.00,0.00,0.00,40,71718,0,0
44,Bogarde,Aston Villa,DEF,29,Chelsea,True,2026-03-04T19:30:00Z,281,45,0,0,0,0,0,0,0,0,0,1,2,0,-5,0.00,0.00,0.00,1.43,40,71220,0,1
44,Bogarde,Aston Villa,DEF,30,Man Utd,False,2026-03-15T14:00:00Z,297,90,0,0,0,0,0,0,0,0,0,8,3,0,2,0.00,0.03,0.03,1.10,40,71131,1,1
44,Bogarde,Aston Villa,DEF,31,West Ham,True,2026-03-22T14:15:00Z,301,0,0,0,0,0,0,0,0,0,0,0,0,0,0,0.00,0.00,0.00,0.00,40,71335,0,0
44,Bogarde,Aston Villa,DEF,32,Nott'm Forest,False,2026-04-12T13:00:00Z,318,0,0,0,0,0,0,0,0,0,0,0,0,0,0,0.00,0.00,0.00,0.00,40,71023,0,0
44,Bogarde,Aston Villa,DEF,33,Sunderland,True,2026-04-19T13:00:00Z,321,0,0,0,0,0,0,0,0,0,0,0,0,0,0,0.00,0.00,0.00,0.00,40,70044,0,0
44,Bogarde,Aston Villa,DEF,34,Fulham,False,2026-04-25T11:30:00Z,335,73,0,0,0,0,0,0,0,0,0,2,1,0,0,0.00,0.01,0.01,1.01,40,71902,2,2
44,Bogarde,Aston Villa,DEF,35,Spurs,True,2026-05-03T18:00:00Z,342,90,0,0,0,0,0,0,0,0,0,5,2,0,4,0.00,0.00,0.00,0.99,40,69989,1,1
44,Bogarde,Aston Villa,DEF,36,Burnley,False,2026-05-10T13:00:00Z,352,10,0,0,0,0,0,0,0,0,0,2,0,0,5,0.00,0.00,0.00,0.17,40,70313,1,1
44,Bogarde,Aston Villa,DEF,37,Liverpool,True,2026-05-15T19:00:00Z,362,0,0,0,0,0,0,0,0,0,0,0,0,0,0,0.00,0.00,0.00,0.00,40,70012,0,0
44,Bogarde,Aston Villa,DEF,38,Man City,False,2026-05-24T15:00:00Z,376,72,0,0,0,0,0,0,0,0,0,3,1,0,5,0.00,0.00,0.00,1.22,40,69830,2,2
45,Sousa,Aston Villa,DEF,1,Newcastle,True,2025-08-16T11:30:00Z,2,0,0,0,0,0,0,0,0,0,0,0,0,0,0,0.00,0.00,0.00,0.00,40,31163,0,0
45,Sousa,Aston Villa,DEF,2,Brentford,False,2025-08-23T14:00:00Z,13,0,0,0,0,0,0,0,0,0,0,0,0,0,0,0.00,0.00,0.00,0.00,40,37773,0,0
45,Sousa,Aston Villa,DEF,3,Crystal Palace,True,2025-08-31T18:00:00Z,21,0,0,0,0,0,0,0,0,0,0,0,0,0,0,0.00,0.00,0.00,0.00,40,38677,0,0
45,Sousa,Aston Villa,DEF,4,Everton,False,2025-09-13T14:00:00Z,36,0,0,0,0,0,0,0,0,0,0,0,0,0,0,0.00,0.00,0.00,0.00,40,39585,0,0
45,Sousa,Aston Villa,DEF,5,Sunderland,False,2025-09-21T13:00:00Z,48,0,0,0,0,0,0,0,0,0,0,0,0,0,0,0.00,0.00,0.00,0.00,40,39283,0,0
45,Sousa,Aston Villa,DEF,6,Fulham,True,2025-09-28T13:00:00Z,51,0,0,0,0,0,0,0,0,0,0,0,0,0,0,0.00,0.00,0.00,0.00,40,39296,0,0
45,Sousa,Aston Villa,DEF,7,Burnley,True,2025-10-05T13:00:00Z,62,0,0,0,0,0,0,0,0,0,0,0,0,0,0,0.00,0.00,0.00,0.00,40,38955,0,0
45,Sousa,Aston Villa,DEF,8,Spurs,False,2025-10-19T13:00:00Z,79,0,0,0,0,0,0,0,0,0,0,0,0,0,0,0.00,0.00,0.00,0.00,40,38920,0,0
45,Sousa,Aston Villa,DEF,9,Man City,True,2025-10-26T14:00:00Z,82,0,0,0,0,0,0,0,0,0,0,0,0,0,0,0.00,0.00,0.00,0.00,40,38423,0,0
45,Sousa,Aston Villa,DEF,10,Liverpool,False,2025-11-01T20:00:00Z,95,0,0,0,0,0,0,0,0,0,0,0,0,0,0,0.00,0.00,0.00,0.00,40,38288,0,0
45,Sousa,Aston Villa,DEF,11,Bournemouth,True,2025-11-09T14:00:00Z,101,0,0,0,0,0,0,0,0,0,0,0,0,0,0,0.00,0.00,0.00,0.00,39,38281,0,0
45,Sousa,Aston Villa,DEF,12,Leeds,False,2025-11-23T14:00:00Z,116,0,0,0,0,0,0,0,0,0,0,0,0,0,0,0.00,0.00,0.00,0.00,39,39038,0,0
45,Sousa,Aston Villa,DEF,13,Wolves,True,2025-11-30T14:05:00Z,121,0,0,0,0,0,0,0,0,0,0,0,0,0,0,0.00,0.00,0.00,0.00,39,37779,0,0
45,Sousa,Aston Villa,DEF,14,Brighton,False,2025-12-03T19:30:00Z,133,0,0,0,0,0,0,0,0,0,0,0,0,0,0,0.00,0.00,0.00,0.00,39,37655,0,0
45,Sousa,Aston Villa,DEF,15,Arsenal,True,2025-12-06T12:30:00Z,141,0,0,0,0,0,0,0,0,0,0,0,0,0,0,0.00,0.00,0.00,0.00,39,37552,0,0
45,Sousa,Aston Villa,DEF,16,West Ham,False,2025-12-14T14:00:00Z,160,0,0,0,0,0,0,0,0,0,0,0,0,0,0,0.00,0.00,0.00,0.00,39,36572,0,0
45,Sousa,Aston Villa,DEF,17,Man Utd,True,2025-12-21T16:30:00Z,161,0,0,0,0,0,0,0,0,0,0,0,0,0,0,0.00,0.00,0.00,0.00,39,36509,0,0
45,Sousa,Aston Villa,DEF,18,Chelsea,False,2025-12-27T17:30:00Z,174,0,0,0,0,0,0,0,0,0,0,0,0,0,0,0.00,0.00,0.00,0.00,39,36337,0,0
45,Sousa,Aston Villa,DEF,19,Arsenal,False,2025-12-30T20:15:00Z,181,0,0,0,0,0,0,0,0,0,0,0,0,0,0,0.00,0.00,0.00,0.00,39,36128,0,0
45,Sousa,Aston Villa,DEF,20,Nott'm Forest,True,2026-01-03T12:30:00Z,191,0,0,0,0,0,0,0,0,0,0,0,0,0,0,0.00,0.00,0.00,0.00,39,35990,0,0
45,Sousa,Aston Villa,DEF,21,Crystal Palace,False,2026-01-07T19:30:00Z,205,0,0,0,0,0,0,0,0,0,0,0,0,0,0,0.00,0.00,0.00,0.00,39,35776,0,0
45,Sousa,Aston Villa,DEF,22,Everton,True,2026-01-18T16:30:00Z,211,0,0,0,0,0,0,0,0,0,0,0,0,0,0,0.00,0.00,0.00,0.00,39,35673,0,0
45,Sousa,Aston Villa,DEF,23,Newcastle,False,2026-01-25T14:00:00Z,229,0,0,0,0,0,0,0,0,0,0,0,0,0,0,0.00,0.00,0.00,0.00,38,36876,0,0
45,Sousa,Aston Villa,DEF,24,Brentford,True,2026-02-01T14:00:00Z,231,0,0,0,0,0,0,0,0,0,0,0,0,0,0,0.00,0.00,0.00,0.00,38,37825,0,0
45,Sousa,Aston Villa,DEF,25,Bournemouth,False,2026-02-07T15:00:00Z,242,0,0,0,0,0,0,0,0,0,0,0,0,0,0,0.00,0.00,0.00,0.00,38,39506,0,0
45,Sousa,Aston Villa,DEF,26,Brighton,True,2026-02-11T19:30:00Z,251,0,0,0,0,0,0,0,0,0,0,0,0,0,0,0.00,0.00,0.00,0.00,38,36967,0,0
45,Sousa,Aston Villa,DEF,27,Leeds,True,2026-02-21T15:00:00Z,261,0,0,0,0,0,0,0,0,0,0,0,0,0,0,0.00,0.00,0.00,0.00,38,35858,0,0
45,Sousa,Aston Villa,DEF,28,Wolves,False,2026-02-27T20:00:00Z,280,0,0,0,0,0,0,0,0,0,0,0,0,0,0,0.00,0.00,0.00,0.00,38,35210,0,0
45,Sousa,Aston Villa,DEF,29,Chelsea,True,2026-03-04T19:30:00Z,281,0,0,0,0,0,0,0,0,0,0,0,0,0,0,0.00,0.00,0.00,0.00,38,34605,0,0
45,Sousa,Aston Villa,DEF,30,Man Utd,False,2026-03-15T14:00:00Z,297,0,0,0,0,0,0,0,0,0,0,0,0,0,0,0.00,0.00,0.00,0.00,38,34021,0,0
45,Sousa,Aston Villa,DEF,31,West Ham,True,2026-03-22T14:15:00Z,301,0,0,0,0,0,0,0,0,0,0,0,0,0,0,0.00,0.00,0.00,0.00,38,33342,0,0
45,Sousa,Aston Villa,DEF,32,Nott'm Forest,False,2026-04-12T13:00:00Z,318,0,0,0,0,0,0,0,0,0,0,0,0,0,0,0.00,0.00,0.00,0.00,38,33275,0,0
45,Sousa,Aston Villa,DEF,33,Sunderland,True,2026-04-19T13:00:00Z,321,0,0,0,0,0,0,0,0,0,0,0,0,0,0,0.00,0.00,0.00,0.00,38,32878,0,0
45,Sousa,Aston Villa,DEF,34,Fulham,False,2026-04-25T11:30:00Z,335,0,0,0,0,0,0,0,0,0,0,0,0,0,0,0.00,0.00,0.00,0.00,38,32600,0,0
45,Sousa,Aston Villa,DEF,35,Spurs,True,2026-05-03T18:00:00Z,342,0,0,0,0,0,0,0,0,0,0,0,0,0,0,0.00,0.00,0.00,0.00,38,32449,0,0
45,Sousa,Aston Villa,DEF,36,Burnley,False,2026-05-10T13:00:00Z,352,0,0,0,0,0,0,0,0,0,0,0,0,0,0,0.00,0.00,0.00,0.00,38,32195,0,0
45,Sousa,Aston Villa,DEF,37,Liverpool,True,2026-05-15T19:00:00Z,362,0,0,0,0,0,0,0,0,0,0,0,0,0,0,0.00,0.00,0.00,0.00,38,32032,0,0
45,Sousa,Aston Villa,DEF,38,Man City,False,2026-05-24T15:00:00Z,376,0,0,0,0,0,0,0,0,0,0,0,0,0,0,0.00,0.00,0.00,0.00,38,31805,0,0
